sample_id,scene_id,image,question,answer,task,difficulty,split,ood_type,metadata,prediction,normalized_ground_truth,normalized_prediction,correct,latency_seconds,error_type
test_000000_q01,test_000000,images/test/test_000000.png,Do the red rectangle and the yellow triangle overlap? Answer yes or no.,no,overlap,2,test,,"{'objects': ['obj_2', 'obj_3'], 'relation': 'overlap'}",no,no,no,True,0.9346426800000245,
test_000000_q02,test_000000,images/test/test_000000.png,Which object is immediately right of the red rectangle?,yellow rectangle,left_right,2,test,,"{'anchor': 'obj_2', 'target': 'obj_5', 'relation': 'right'}",yellow triangle,yellow rectangle,yellow triangle,False,0.23091673099997934,spatial_inversion
test_000000_q03,test_000000,images/test/test_000000.png,Which object is between the blue circle and the yellow rectangle?,green triangle,between,3,test,,"{'objects': ['obj_4', 'obj_5'], 'target': 'obj_1', 'relation': 'between'}",green triangle,green triangle,green triangle,True,0.22668552300001465,
test_000000_q04,test_000000,images/test/test_000000.png,Which object is farthest from the blue circle?,yellow triangle,nearest_farthest,2,test,,"{'anchor': 'obj_4', 'target': 'obj_3', 'relation': 'farthest'}",red rectangle,yellow triangle,red rectangle,False,0.22593179999989843,distance_reasoning_error
test_000001_q01,test_000001,images/test/test_000001.png,Is the blue circle completely inside the green triangle? Answer yes or no.,no,inside_outside,2,test,,"{'objects': ['obj_1', 'obj_3'], 'relation': 'inside'}",no,no,no,True,0.17271780199985187,
test_000001_q02,test_000001,images/test/test_000001.png,"Which object is smaller, the blue circle or the blue rectangle?",blue circle,relative_size,2,test,,"{'objects': ['obj_1', 'obj_4'], 'target': 'obj_1', 'relation': 'smaller'}",blue circle,blue circle,blue circle,True,0.22370600299996113,
test_000001_q03,test_000001,images/test/test_000001.png,Which object is between the green triangle and the blue circle?,blue rectangle,between,3,test,,"{'objects': ['obj_3', 'obj_1'], 'target': 'obj_4', 'relation': 'between'}",blue rectangle,blue rectangle,blue rectangle,True,0.22266675700007,
test_000001_q04,test_000001,images/test/test_000001.png,Which object is farthest from the blue rectangle?,green triangle,nearest_farthest,2,test,,"{'anchor': 'obj_4', 'target': 'obj_3', 'relation': 'farthest'}",green triangle,green triangle,green triangle,True,0.22288724000009097,
test_000002_q01,test_000002,images/test/test_000002.png,Which object is immediately below the yellow triangle?,blue triangle,above_below,2,test,,"{'anchor': 'obj_4', 'target': 'obj_2', 'relation': 'below'}",The object immediately below the yellow triangle is a blue circle.,blue triangle,object immediately below yellow triangle is blue circle,False,0.7363974269999289,spatial_inversion
test_000002_q02,test_000002,images/test/test_000002.png,Which object is both left of the blue circle and above the blue triangle?,yellow triangle,multi_hop,4,test,,"{'anchors': ['obj_1', 'obj_2'], 'target': 'obj_4', 'relations': ['left of', 'above']}",yellow triangle,yellow triangle,yellow triangle,True,0.22694410600001902,
test_000002_q03,test_000002,images/test/test_000002.png,How many objects are above the red triangle?,4,counting,2,test,,"{'anchor': 'obj_5', 'relation': 'above'}",3,4,3,False,0.17357679099995948,counting_error
test_000002_q04,test_000002,images/test/test_000002.png,Which object is nearest from the red triangle?,yellow triangle,nearest_farthest,2,test,,"{'anchor': 'obj_5', 'target': 'obj_4', 'relation': 'nearest'}","The red triangle is on the right side of the image, and the blue circle is on the left side. The red triangle is the farthest from the blue circle. The blue triangle is on the left, and the red triangle is on",yellow triangle,red triangle is on right side of image and blue circle is on left side red triangle is farthest from blue circle blue triangle is on left and red triangle is on,False,2.554814632999978,distance_reasoning_error
test_000003_q01,test_000003,images/test/test_000003.png,Which object is immediately above the red circle?,red rectangle,above_below,2,test,,"{'anchor': 'obj_4', 'target': 'obj_3', 'relation': 'above'}",The object immediately above the red circle is a blue circle.,red rectangle,object immediately above red circle is blue circle,False,0.7381016659999204,spatial_inversion
test_000003_q02,test_000003,images/test/test_000003.png,Which object is farthest from the red rectangle?,blue circle,nearest_farthest,2,test,,"{'anchor': 'obj_3', 'target': 'obj_1', 'relation': 'farthest'}",blue circle,blue circle,blue circle,True,0.2239490649999425,
test_000003_q03,test_000003,images/test/test_000003.png,Is the red circle completely inside the red rectangle? Answer yes or no.,no,inside_outside,2,test,,"{'objects': ['obj_4', 'obj_3'], 'relation': 'inside'}",no,no,no,True,0.17224614399992788,
test_000003_q04,test_000003,images/test/test_000003.png,"Which object is closer to the center of the image, the blue rectangle or the red rectangle?",blue rectangle,center_proximity,2,test,,"{'objects': ['obj_2', 'obj_3'], 'target': 'obj_2', 'relation': 'center_proximity'}",blue rectangle,blue rectangle,blue rectangle,True,0.22403434700004254,
test_000004_q01,test_000004,images/test/test_000004.png,Which object is both right of the yellow triangle and below the yellow rectangle?,blue circle,multi_hop,4,test,,"{'anchors': ['obj_2', 'obj_1'], 'target': 'obj_4', 'relations': ['right of', 'below']}",blue circle,blue circle,blue circle,True,0.2243551070000649,
test_000004_q02,test_000004,images/test/test_000004.png,Is the blue circle completely inside the green triangle? Answer yes or no.,no,inside_outside,2,test,,"{'objects': ['obj_4', 'obj_5'], 'relation': 'inside'}",no,no,no,True,0.17128303100002995,
test_000004_q03,test_000004,images/test/test_000004.png,Which object is immediately left of the green rectangle?,yellow triangle,left_right,2,test,,"{'anchor': 'obj_3', 'target': 'obj_2', 'relation': 'left'}",yellow triangle,yellow triangle,yellow triangle,True,0.22284330200000113,
test_000004_q04,test_000004,images/test/test_000004.png,How many objects are left of the yellow triangle?,0,counting,2,test,,"{'anchor': 'obj_2', 'relation': 'left'}",3,0,3,False,0.17235230799997225,counting_error
test_000005_q01,test_000005,images/test/test_000005.png,Which object is both left of the green rectangle and below the yellow rectangle?,blue triangle,multi_hop,4,test,,"{'anchors': ['obj_4', 'obj_5'], 'target': 'obj_3', 'relations': ['left of', 'below']}",blue triangle,blue triangle,blue triangle,True,0.2231339190000199,
test_000005_q02,test_000005,images/test/test_000005.png,Which object is immediately above the yellow rectangle?,green rectangle,above_below,2,test,,"{'anchor': 'obj_5', 'target': 'obj_4', 'relation': 'above'}",The green rectangle is immediately above the yellow rectangle.,green rectangle,green rectangle is immediately above yellow rectangle,False,0.6350440569999591,spatial_inversion
test_000005_q03,test_000005,images/test/test_000005.png,How many triangle objects are in the image?,3,counting,1,test,,{'filter': {'shape': 'triangle'}},2,3,2,False,0.17405096500010586,counting_error
test_000005_q04,test_000005,images/test/test_000005.png,Which object is between the yellow triangle and the blue triangle?,yellow rectangle,between,3,test,,"{'objects': ['obj_1', 'obj_3'], 'target': 'obj_5', 'relation': 'between'}",green rectangle,yellow rectangle,green rectangle,False,0.2249105180001152,object_confusion
test_000006_q01,test_000006,images/test/test_000006.png,Which object is nearest from the blue rectangle?,green rectangle,nearest_farthest,2,test,,"{'anchor': 'obj_2', 'target': 'obj_1', 'relation': 'nearest'}",The red object is nearest from the blue rectangle.,green rectangle,red object is nearest from blue rectangle,False,0.6333994749998055,distance_reasoning_error
test_000006_q02,test_000006,images/test/test_000006.png,"Which object is smaller, the green rectangle or the blue rectangle?",green rectangle,relative_size,2,test,,"{'objects': ['obj_1', 'obj_2'], 'target': 'obj_1', 'relation': 'smaller'}",The green rectangle is smaller.,green rectangle,green rectangle is smaller,False,0.42989522399989255,object_confusion
test_000006_q03,test_000006,images/test/test_000006.png,Which object is the leftmost in the image?,green rectangle,relative_ordering,2,test,,"{'target': 'obj_1', 'relation': 'leftmost'}",The leftmost object in the image is a green rectangle.,green rectangle,leftmost object in image is green rectangle,False,0.7395208479999837,spatial_inversion
test_000006_q04,test_000006,images/test/test_000006.png,Is the green rectangle completely inside the red circle? Answer yes or no.,no,inside_outside,2,test,,"{'objects': ['obj_1', 'obj_3'], 'relation': 'inside'}",no,no,no,True,0.1732005889998618,
test_000007_q01,test_000007,images/test/test_000007.png,"Which object is closer to the center of the image, the green rectangle or the blue rectangle?",blue rectangle,center_proximity,2,test,,"{'objects': ['obj_1', 'obj_3'], 'target': 'obj_3', 'relation': 'center_proximity'}",blue rectangle,blue rectangle,blue rectangle,True,0.22894012200004,
test_000007_q02,test_000007,images/test/test_000007.png,How many red objects are in the image?,1,counting,1,test,,{'filter': {'color': 'red'}},1,1,1,True,0.175691205000021,
test_000007_q03,test_000007,images/test/test_000007.png,Which object is the bottommost in the image?,green rectangle,relative_ordering,2,test,,"{'target': 'obj_1', 'relation': 'bottommost'}",The bottommost object in the image is a green square.,green rectangle,bottommost object in image is green square,False,0.7433936140000696,spatial_inversion
test_000007_q04,test_000007,images/test/test_000007.png,Which object is immediately above the red triangle?,green circle,above_below,2,test,,"{'anchor': 'obj_4', 'target': 'obj_2', 'relation': 'above'}",blue rectangle,green circle,blue rectangle,False,0.22498479600017163,spatial_inversion
test_000008_q01,test_000008,images/test/test_000008.png,How many blue objects are in the image?,1,counting,1,test,,{'filter': {'color': 'blue'}},1,1,1,True,0.17299385499995878,
test_000008_q02,test_000008,images/test/test_000008.png,"Which object is smaller, the yellow circle or the yellow rectangle?",yellow rectangle,relative_size,2,test,,"{'objects': ['obj_2', 'obj_1'], 'target': 'obj_1', 'relation': 'smaller'}",yellow circle,yellow rectangle,yellow circle,False,0.22569276900003388,object_confusion
test_000008_q03,test_000008,images/test/test_000008.png,Do the yellow triangle and the yellow rectangle overlap? Answer yes or no.,no,overlap,2,test,,"{'objects': ['obj_5', 'obj_1'], 'relation': 'overlap'}",no,no,no,True,0.17345359000000826,
test_000008_q04,test_000008,images/test/test_000008.png,Which object is nearest from the red triangle?,yellow circle,nearest_farthest,2,test,,"{'anchor': 'obj_3', 'target': 'obj_2', 'relation': 'nearest'}","The red triangle is at the top, and the yellow circle is to the right of the red triangle. The blue triangle is at the bottom left, and the yellow triangle is at the bottom right. The red triangle is the one at the",yellow circle,red triangle is at top and yellow circle is to right of red triangle blue triangle is at bottom left and yellow triangle is at bottom right red triangle is one at,False,2.576460639000061,distance_reasoning_error
test_000009_q01,test_000009,images/test/test_000009.png,Do the blue circle and the blue triangle overlap? Answer yes or no.,no,overlap,2,test,,"{'objects': ['obj_3', 'obj_2'], 'relation': 'overlap'}",no,no,no,True,0.17561524100005954,
test_000009_q02,test_000009,images/test/test_000009.png,Which object is immediately right of the yellow triangle?,yellow circle,left_right,2,test,,"{'anchor': 'obj_5', 'target': 'obj_1', 'relation': 'right'}",blue circle,yellow circle,blue circle,False,0.22846478599990405,spatial_inversion
test_000009_q03,test_000009,images/test/test_000009.png,Which object is both left of the red rectangle and above the blue triangle?,yellow triangle,multi_hop,4,test,,"{'anchors': ['obj_4', 'obj_2'], 'target': 'obj_5', 'relations': ['left of', 'above']}",yellow triangle,yellow triangle,yellow triangle,True,0.2284106030001567,
test_000009_q04,test_000009,images/test/test_000009.png,Which object is the bottommost in the image?,yellow circle,relative_ordering,2,test,,"{'target': 'obj_1', 'relation': 'bottommost'}",red rectangle,yellow circle,red rectangle,False,0.2241408950001187,spatial_inversion
test_000010_q01,test_000010,images/test/test_000010.png,Is the blue rectangle completely inside the blue circle? Answer yes or no.,no,inside_outside,2,test,,"{'objects': ['obj_1', 'obj_3'], 'relation': 'inside'}",no,no,no,True,0.17139358500003254,
test_000010_q02,test_000010,images/test/test_000010.png,"Which object is smaller, the blue rectangle or the green triangle?",blue rectangle,relative_size,2,test,,"{'objects': ['obj_1', 'obj_4'], 'target': 'obj_1', 'relation': 'smaller'}",blue rectangle,blue rectangle,blue rectangle,True,0.22500810199994703,
test_000010_q03,test_000010,images/test/test_000010.png,Which object is farthest from the green triangle?,blue rectangle,nearest_farthest,2,test,,"{'anchor': 'obj_4', 'target': 'obj_1', 'relation': 'farthest'}",red circle,blue rectangle,red circle,False,0.22368247800000063,distance_reasoning_error
test_000010_q04,test_000010,images/test/test_000010.png,Which object is the leftmost in the image?,green triangle,relative_ordering,2,test,,"{'target': 'obj_4', 'relation': 'leftmost'}",The leftmost object in the image is a green triangle.,green triangle,leftmost object in image is green triangle,False,0.7425907800000004,spatial_inversion
test_000011_q01,test_000011,images/test/test_000011.png,Which object is both right of the blue rectangle and below the red rectangle?,blue triangle,multi_hop,4,test,,"{'anchors': ['obj_1', 'obj_3'], 'target': 'obj_4', 'relations': ['right of', 'below']}",blue triangle,blue triangle,blue triangle,True,0.2241979089999404,
test_000011_q02,test_000011,images/test/test_000011.png,How many objects are left of the red rectangle?,2,counting,2,test,,"{'anchor': 'obj_3', 'relation': 'left'}",3,2,3,False,0.17204763100016862,counting_error
test_000011_q03,test_000011,images/test/test_000011.png,Which object is nearest from the red rectangle?,blue rectangle,nearest_farthest,2,test,,"{'anchor': 'obj_3', 'target': 'obj_1', 'relation': 'nearest'}",blue triangle,blue rectangle,blue triangle,False,0.22338336799998615,distance_reasoning_error
test_000011_q04,test_000011,images/test/test_000011.png,Which object is immediately left of the blue triangle?,red rectangle,left_right,2,test,,"{'anchor': 'obj_4', 'target': 'obj_3', 'relation': 'left'}",blue rectangle,red rectangle,blue rectangle,False,0.22383935400011978,spatial_inversion
test_000012_q01,test_000012,images/test/test_000012.png,Which object is immediately below the green triangle?,blue circle,above_below,2,test,,"{'anchor': 'obj_3', 'target': 'obj_1', 'relation': 'below'}",blue circle,blue circle,blue circle,True,0.22414253099987036,
test_000012_q02,test_000012,images/test/test_000012.png,Which object is immediately left of the blue circle?,green triangle,left_right,2,test,,"{'anchor': 'obj_1', 'target': 'obj_3', 'relation': 'left'}",green triangle,green triangle,green triangle,True,0.22500349999995706,
test_000012_q03,test_000012,images/test/test_000012.png,Which object is farthest from the yellow triangle?,green triangle,nearest_farthest,2,test,,"{'anchor': 'obj_2', 'target': 'obj_3', 'relation': 'farthest'}",blue circle,green triangle,blue circle,False,0.2234027970000625,distance_reasoning_error
test_000012_q04,test_000012,images/test/test_000012.png,Is the yellow triangle completely inside the green triangle? Answer yes or no.,no,inside_outside,2,test,,"{'objects': ['obj_2', 'obj_3'], 'relation': 'inside'}",no,no,no,True,0.1722631069999352,
test_000013_q01,test_000013,images/test/test_000013.png,Which object is both above the yellow rectangle and left of the green rectangle?,red triangle,multi_hop,4,test,,"{'anchors': ['obj_4', 'obj_5'], 'target': 'obj_2', 'relations': ['above', 'left of']}",red triangle,red triangle,red triangle,True,0.22417461200006983,
test_000013_q02,test_000013,images/test/test_000013.png,Is the green rectangle completely inside the yellow rectangle? Answer yes or no.,no,inside_outside,2,test,,"{'objects': ['obj_5', 'obj_4'], 'relation': 'inside'}",no,no,no,True,0.17285567699991589,
test_000013_q03,test_000013,images/test/test_000013.png,Which object is immediately right of the red triangle?,green rectangle,left_right,2,test,,"{'anchor': 'obj_2', 'target': 'obj_5', 'relation': 'right'}",blue rectangle,green rectangle,blue rectangle,False,0.22403542600000037,spatial_inversion
test_000013_q04,test_000013,images/test/test_000013.png,How many objects are above the yellow rectangle?,4,counting,2,test,,"{'anchor': 'obj_4', 'relation': 'above'}",3,4,3,False,0.17190577299993492,counting_error
test_000014_q01,test_000014,images/test/test_000014.png,Which object is immediately right of the red circle?,red rectangle,left_right,2,test,,"{'anchor': 'obj_2', 'target': 'obj_1', 'relation': 'right'}",blue rectangle,red rectangle,blue rectangle,False,0.2232387839999319,spatial_inversion
test_000014_q02,test_000014,images/test/test_000014.png,Which object is both above the blue rectangle and right of the yellow triangle?,red circle,multi_hop,4,test,,"{'anchors': ['obj_4', 'obj_3'], 'target': 'obj_2', 'relations': ['above', 'right of']}",red circle,red circle,red circle,True,0.22339608600009342,
test_000014_q03,test_000014,images/test/test_000014.png,Which object is immediately below the red circle?,blue rectangle,above_below,2,test,,"{'anchor': 'obj_2', 'target': 'obj_4', 'relation': 'below'}",blue rectangle,blue rectangle,blue rectangle,True,0.22395008500006952,
test_000014_q04,test_000014,images/test/test_000014.png,How many red objects are in the image?,2,counting,1,test,,{'filter': {'color': 'red'}},2,2,2,True,0.17172588600010386,
test_000015_q01,test_000015,images/test/test_000015.png,Which object is nearest from the blue circle?,blue rectangle,nearest_farthest,2,test,,"{'anchor': 'obj_3', 'target': 'obj_4', 'relation': 'nearest'}",The yellow triangle is nearest from the blue circle.,blue rectangle,yellow triangle is nearest from blue circle,False,0.6356368790000033,distance_reasoning_error
test_000015_q02,test_000015,images/test/test_000015.png,"Which object is smaller, the yellow triangle or the blue rectangle?",blue rectangle,relative_size,2,test,,"{'objects': ['obj_2', 'obj_4'], 'target': 'obj_4', 'relation': 'smaller'}",yellow triangle,blue rectangle,yellow triangle,False,0.2250153349998527,object_confusion
test_000015_q03,test_000015,images/test/test_000015.png,Which object is the leftmost in the image?,yellow circle,relative_ordering,2,test,,"{'target': 'obj_1', 'relation': 'leftmost'}",The leftmost object in the image is the yellow circle.,yellow circle,leftmost object in image is yellow circle,False,0.7434080600000925,spatial_inversion
test_000015_q04,test_000015,images/test/test_000015.png,Which object is between the blue circle and the yellow circle?,blue rectangle,between,3,test,,"{'objects': ['obj_3', 'obj_1'], 'target': 'obj_4', 'relation': 'between'}",The object between the blue circle and the yellow circle is the blue circle.,blue rectangle,object between blue circle and yellow circle is blue circle,False,0.8907231840000804,object_confusion
test_000016_q01,test_000016,images/test/test_000016.png,"Which object is closer to the center of the image, the blue rectangle or the green triangle?",blue rectangle,center_proximity,2,test,,"{'objects': ['obj_1', 'obj_3'], 'target': 'obj_1', 'relation': 'center_proximity'}",blue rectangle,blue rectangle,blue rectangle,True,0.221038937000003,
test_000016_q02,test_000016,images/test/test_000016.png,How many objects are above the blue rectangle?,0,counting,2,test,,"{'anchor': 'obj_1', 'relation': 'above'}",3,0,3,False,0.17092705899995053,counting_error
test_000016_q03,test_000016,images/test/test_000016.png,Which object is the bottommost in the image?,yellow triangle,relative_ordering,2,test,,"{'target': 'obj_4', 'relation': 'bottommost'}",The bottommost object in the image is the blue circle.,yellow triangle,bottommost object in image is blue circle,False,0.743220564000012,spatial_inversion
test_000016_q04,test_000016,images/test/test_000016.png,Which object is immediately above the yellow triangle?,blue circle,above_below,2,test,,"{'anchor': 'obj_4', 'target': 'obj_2', 'relation': 'above'}",blue rectangle,blue circle,blue rectangle,False,0.22535169999991922,spatial_inversion
test_000017_q01,test_000017,images/test/test_000017.png,How many green objects are in the image?,2,counting,1,test,,{'filter': {'color': 'green'}},2,2,2,True,0.168524275999971,
test_000017_q02,test_000017,images/test/test_000017.png,"Which object is smaller, the green rectangle or the yellow triangle?",green rectangle,relative_size,2,test,,"{'objects': ['obj_2', 'obj_1'], 'target': 'obj_2', 'relation': 'smaller'}",green rectangle,green rectangle,green rectangle,True,0.23024114299983012,
test_000017_q03,test_000017,images/test/test_000017.png,Do the red triangle and the yellow triangle overlap? Answer yes or no.,no,overlap,2,test,,"{'objects': ['obj_5', 'obj_1'], 'relation': 'overlap'}",no,no,no,True,0.17038074900005995,
test_000017_q04,test_000017,images/test/test_000017.png,Which object is nearest from the blue rectangle?,red triangle,nearest_farthest,2,test,,"{'anchor': 'obj_3', 'target': 'obj_5', 'relation': 'nearest'}",red triangle,red triangle,red triangle,True,0.22306788899982166,
test_000018_q01,test_000018,images/test/test_000018.png,Do the blue rectangle and the red circle overlap? Answer yes or no.,no,overlap,2,test,,"{'objects': ['obj_3', 'obj_2'], 'relation': 'overlap'}",no,no,no,True,0.17105587500009278,
test_000018_q02,test_000018,images/test/test_000018.png,Which object is immediately right of the green circle?,blue triangle,left_right,2,test,,"{'anchor': 'obj_5', 'target': 'obj_4', 'relation': 'right'}",red circle,blue triangle,red circle,False,0.2244009640000968,spatial_inversion
test_000018_q03,test_000018,images/test/test_000018.png,Which object is both right of the green circle and above the blue rectangle?,blue triangle,multi_hop,4,test,,"{'anchors': ['obj_5', 'obj_3'], 'target': 'obj_4', 'relations': ['right of', 'above']}",red circle,blue triangle,red circle,False,0.22624936399984108,relation_chain_failure
test_000018_q04,test_000018,images/test/test_000018.png,Which object is the bottommost in the image?,red circle,relative_ordering,2,test,,"{'target': 'obj_2', 'relation': 'bottommost'}",The bottommost object in the image is the red circle.,red circle,bottommost object in image is red circle,False,0.7459989429999041,spatial_inversion
test_000019_q01,test_000019,images/test/test_000019.png,Which object is between the red rectangle and the red triangle?,blue rectangle,between,3,test,,"{'objects': ['obj_3', 'obj_2'], 'target': 'obj_4', 'relation': 'between'}",blue circle,blue rectangle,blue circle,False,0.22584363600003599,object_confusion
test_000019_q02,test_000019,images/test/test_000019.png,Is the red triangle completely inside the blue circle? Answer yes or no.,no,inside_outside,2,test,,"{'objects': ['obj_2', 'obj_1'], 'relation': 'inside'}",no,no,no,True,0.17394156999989718,
test_000019_q03,test_000019,images/test/test_000019.png,Which object is farthest from the red triangle?,red rectangle,nearest_farthest,2,test,,"{'anchor': 'obj_2', 'target': 'obj_3', 'relation': 'farthest'}",blue circle,red rectangle,blue circle,False,0.22803107800018552,distance_reasoning_error
test_000019_q04,test_000019,images/test/test_000019.png,Which object is both above the blue rectangle and right of the blue circle?,red rectangle,multi_hop,4,test,,"{'anchors': ['obj_4', 'obj_1'], 'target': 'obj_3', 'relations': ['above', 'right of']}",red rectangle,red rectangle,red rectangle,True,0.22699474699993516,
test_000020_q01,test_000020,images/test/test_000020.png,Which object is immediately below the blue circle?,yellow circle,above_below,2,test,,"{'anchor': 'obj_3', 'target': 'obj_2', 'relation': 'below'}",The object immediately below the blue circle is a blue rectangle.,yellow circle,object immediately below blue circle is blue rectangle,False,0.7346676799998022,spatial_inversion
test_000020_q02,test_000020,images/test/test_000020.png,Which object is both below the blue circle and above the blue rectangle?,yellow circle,multi_hop,4,test,,"{'anchors': ['obj_3', 'obj_1'], 'target': 'obj_2', 'relations': ['below', 'above']}",yellow circle,yellow circle,yellow circle,True,0.22389996399988377,
test_000020_q03,test_000020,images/test/test_000020.png,How many blue objects are in the image?,2,counting,1,test,,{'filter': {'color': 'blue'}},2,2,2,True,0.1707137529999727,
test_000020_q04,test_000020,images/test/test_000020.png,Which object is nearest from the blue rectangle?,yellow circle,nearest_farthest,2,test,,"{'anchor': 'obj_1', 'target': 'obj_2', 'relation': 'nearest'}",blue circle,yellow circle,blue circle,False,0.22343071000000236,distance_reasoning_error
test_000021_q01,test_000021,images/test/test_000021.png,Which object is farthest from the blue triangle?,yellow circle,nearest_farthest,2,test,,"{'anchor': 'obj_3', 'target': 'obj_4', 'relation': 'farthest'}",green circle,yellow circle,green circle,False,0.22376718200007417,distance_reasoning_error
test_000021_q02,test_000021,images/test/test_000021.png,Is the yellow circle completely inside the blue triangle? Answer yes or no.,no,inside_outside,2,test,,"{'objects': ['obj_4', 'obj_3'], 'relation': 'inside'}",no,no,no,True,0.17141119000007166,
test_000021_q03,test_000021,images/test/test_000021.png,"Which object is closer to the center of the image, the red circle or the blue triangle?",red circle,center_proximity,2,test,,"{'objects': ['obj_2', 'obj_3'], 'target': 'obj_2', 'relation': 'center_proximity'}",red circle,red circle,red circle,True,0.22341415699997924,
test_000021_q04,test_000021,images/test/test_000021.png,Do the yellow circle and the green circle overlap? Answer yes or no.,no,overlap,2,test,,"{'objects': ['obj_4', 'obj_1'], 'relation': 'overlap'}",no,no,no,True,0.17099700499989012,
test_000022_q01,test_000022,images/test/test_000022.png,Which object is both below the yellow rectangle and right of the blue circle?,green triangle,multi_hop,4,test,,"{'anchors': ['obj_2', 'obj_1'], 'target': 'obj_3', 'relations': ['below', 'right of']}",green triangle,green triangle,green triangle,True,0.22268902700011495,
test_000022_q02,test_000022,images/test/test_000022.png,Is the blue circle completely inside the yellow rectangle? Answer yes or no.,no,inside_outside,2,test,,"{'objects': ['obj_1', 'obj_2'], 'relation': 'inside'}",no,no,no,True,0.17149449099997582,
test_000022_q03,test_000022,images/test/test_000022.png,How many rectangle objects are in the image?,1,counting,1,test,,{'filter': {'shape': 'rectangle'}},1,1,1,True,0.17215105800005404,
test_000022_q04,test_000022,images/test/test_000022.png,"Which object is closer to the center of the image, the green triangle or the yellow rectangle?",green triangle,center_proximity,2,test,,"{'objects': ['obj_3', 'obj_2'], 'target': 'obj_3', 'relation': 'center_proximity'}",yellow rectangle,green triangle,yellow rectangle,False,0.22274526100000003,distance_reasoning_error
test_000023_q01,test_000023,images/test/test_000023.png,Which object is immediately right of the yellow rectangle?,blue rectangle,left_right,2,test,,"{'anchor': 'obj_1', 'target': 'obj_2', 'relation': 'right'}",blue rectangle,blue rectangle,blue rectangle,True,0.2234306860000288,
test_000023_q02,test_000023,images/test/test_000023.png,Which object is both below the yellow rectangle and right of the blue rectangle?,red rectangle,multi_hop,4,test,,"{'anchors': ['obj_1', 'obj_2'], 'target': 'obj_3', 'relations': ['below', 'right of']}",red rectangle,red rectangle,red rectangle,True,0.22276906799993412,
test_000023_q03,test_000023,images/test/test_000023.png,How many rectangle objects are in the image?,3,counting,1,test,,{'filter': {'shape': 'rectangle'}},3,3,3,True,0.17123076899997614,
test_000023_q04,test_000023,images/test/test_000023.png,Which object is between the red rectangle and the yellow rectangle?,blue rectangle,between,3,test,,"{'objects': ['obj_3', 'obj_1'], 'target': 'obj_2', 'relation': 'between'}",blue rectangle,blue rectangle,blue rectangle,True,0.22245211099993867,
test_000024_q01,test_000024,images/test/test_000024.png,Which object is nearest from the blue circle?,green triangle,nearest_farthest,2,test,,"{'anchor': 'obj_2', 'target': 'obj_1', 'relation': 'nearest'}",triangle,green triangle,triangle,False,0.17087046000006012,distance_reasoning_error
test_000024_q02,test_000024,images/test/test_000024.png,"Which object is smaller, the green triangle or the blue circle?",blue circle,relative_size,2,test,,"{'objects': ['obj_1', 'obj_2'], 'target': 'obj_2', 'relation': 'smaller'}",green triangle,blue circle,green triangle,False,0.223853002000169,object_confusion
test_000024_q03,test_000024,images/test/test_000024.png,Which object is the leftmost in the image?,blue triangle,relative_ordering,2,test,,"{'target': 'obj_3', 'relation': 'leftmost'}",The leftmost object in the image is a blue triangle.,blue triangle,leftmost object in image is blue triangle,False,0.7378734490000625,spatial_inversion
test_000024_q04,test_000024,images/test/test_000024.png,Is the green triangle completely inside the blue triangle? Answer yes or no.,no,inside_outside,2,test,,"{'objects': ['obj_1', 'obj_3'], 'relation': 'inside'}",no,no,no,True,0.17201216600005864,
test_000025_q01,test_000025,images/test/test_000025.png,"Which object is closer to the center of the image, the yellow circle or the green circle?",yellow circle,center_proximity,2,test,,"{'objects': ['obj_1', 'obj_2'], 'target': 'obj_1', 'relation': 'center_proximity'}",yellow circle,yellow circle,yellow circle,True,0.22279871499995352,
test_000025_q02,test_000025,images/test/test_000025.png,How many yellow objects are in the image?,1,counting,1,test,,{'filter': {'color': 'yellow'}},1,1,1,True,0.17043929000010394,
test_000025_q03,test_000025,images/test/test_000025.png,Which object is the bottommost in the image?,green circle,relative_ordering,2,test,,"{'target': 'obj_2', 'relation': 'bottommost'}",The bottommost object in the image is the green circle on the right.,green circle,bottommost object in image is green circle on right,False,0.8891585839999152,spatial_inversion
test_000025_q04,test_000025,images/test/test_000025.png,Which object is between the green rectangle and the green circle?,yellow circle,between,3,test,,"{'objects': ['obj_3', 'obj_2'], 'target': 'obj_1', 'relation': 'between'}",yellow circle,yellow circle,yellow circle,True,0.2232381720000376,
test_000026_q01,test_000026,images/test/test_000026.png,How many blue objects are in the image?,1,counting,1,test,,{'filter': {'color': 'blue'}},1,1,1,True,0.1716479149999941,
test_000026_q02,test_000026,images/test/test_000026.png,"Which object is smaller, the blue circle or the yellow triangle?",blue circle,relative_size,2,test,,"{'objects': ['obj_1', 'obj_3'], 'target': 'obj_1', 'relation': 'smaller'}",blue circle,blue circle,blue circle,True,0.22229313599996203,
test_000026_q03,test_000026,images/test/test_000026.png,Do the yellow triangle and the blue circle overlap? Answer yes or no.,no,overlap,2,test,,"{'objects': ['obj_3', 'obj_1'], 'relation': 'overlap'}",no,no,no,True,0.1718511149999813,
test_000026_q04,test_000026,images/test/test_000026.png,Which object is nearest from the yellow circle?,blue circle,nearest_farthest,2,test,,"{'anchor': 'obj_2', 'target': 'obj_1', 'relation': 'nearest'}",The blue circle,blue circle,blue circle,True,0.2739952899999025,
test_000027_q01,test_000027,images/test/test_000027.png,Do the green triangle and the yellow rectangle overlap? Answer yes or no.,no,overlap,2,test,,"{'objects': ['obj_3', 'obj_2'], 'relation': 'overlap'}",no,no,no,True,0.1717000270000426,
test_000027_q02,test_000027,images/test/test_000027.png,Which object is immediately right of the red triangle?,yellow rectangle,left_right,2,test,,"{'anchor': 'obj_5', 'target': 'obj_2', 'relation': 'right'}",yellow rectangle,yellow rectangle,yellow rectangle,True,0.22274048300005234,
test_000027_q03,test_000027,images/test/test_000027.png,Which object is both below the green triangle and above the green rectangle?,red triangle,multi_hop,4,test,,"{'anchors': ['obj_3', 'obj_4'], 'target': 'obj_5', 'relations': ['below', 'above']}",red triangle,red triangle,red triangle,True,0.22316405099991243,
test_000027_q04,test_000027,images/test/test_000027.png,Which object is the rightmost in the image?,yellow rectangle,relative_ordering,2,test,,"{'target': 'obj_2', 'relation': 'rightmost'}",The rightmost object in the image is a red triangle.,yellow rectangle,rightmost object in image is red triangle,False,0.7364049450000039,spatial_inversion
test_000028_q01,test_000028,images/test/test_000028.png,Is the green circle completely inside the green triangle? Answer yes or no.,no,inside_outside,2,test,,"{'objects': ['obj_3', 'obj_1'], 'relation': 'inside'}",no,no,no,True,0.17329541499998413,
test_000028_q02,test_000028,images/test/test_000028.png,Which object is farthest from the green circle?,green triangle,nearest_farthest,2,test,,"{'anchor': 'obj_3', 'target': 'obj_1', 'relation': 'farthest'}",blue circle,green triangle,blue circle,False,0.22631071199998587,distance_reasoning_error
test_000028_q03,test_000028,images/test/test_000028.png,Which object is both left of the green triangle and above the green circle?,blue circle,multi_hop,4,test,,"{'anchors': ['obj_1', 'obj_3'], 'target': 'obj_2', 'relations': ['left of', 'above']}",blue circle,blue circle,blue circle,True,0.22313458200005698,
test_000028_q04,test_000028,images/test/test_000028.png,How many objects are above the green triangle?,2,counting,2,test,,"{'anchor': 'obj_1', 'relation': 'above'}",2,2,2,True,0.17121293099989998,
test_000029_q01,test_000029,images/test/test_000029.png,Which object is nearest from the red circle?,green circle,nearest_farthest,2,test,,"{'anchor': 'obj_1', 'target': 'obj_4', 'relation': 'nearest'}",triangle,green circle,triangle,False,0.17076686199993674,distance_reasoning_error
test_000029_q02,test_000029,images/test/test_000029.png,"Which object is closer to the center of the image, the red circle or the red triangle?",red circle,center_proximity,2,test,,"{'objects': ['obj_1', 'obj_2'], 'target': 'obj_1', 'relation': 'center_proximity'}",red circle,red circle,red circle,True,0.22978856099985023,
test_000029_q03,test_000029,images/test/test_000029.png,Is the red circle completely inside the green circle? Answer yes or no.,no,inside_outside,2,test,,"{'objects': ['obj_1', 'obj_4'], 'relation': 'inside'}",no,no,no,True,0.17370533300004354,
test_000029_q04,test_000029,images/test/test_000029.png,How many triangle objects are in the image?,2,counting,1,test,,{'filter': {'shape': 'triangle'}},2,2,2,True,0.17376546700006656,
test_000030_q01,test_000030,images/test/test_000030.png,Which object is immediately above the yellow circle?,blue circle,above_below,2,test,,"{'anchor': 'obj_4', 'target': 'obj_1', 'relation': 'above'}",blue triangle,blue circle,blue triangle,False,0.22548576899998807,spatial_inversion
test_000030_q02,test_000030,images/test/test_000030.png,Which object is immediately right of the blue circle?,red circle,left_right,2,test,,"{'anchor': 'obj_1', 'target': 'obj_3', 'relation': 'right'}",The object immediately right of the blue circle is the yellow circle.,red circle,object immediately right of blue circle is yellow circle,False,0.8021767299999283,spatial_inversion
test_000030_q03,test_000030,images/test/test_000030.png,Which object is farthest from the red circle?,blue triangle,nearest_farthest,2,test,,"{'anchor': 'obj_3', 'target': 'obj_2', 'relation': 'farthest'}",blue triangle,blue triangle,blue triangle,True,0.2294493459999103,
test_000030_q04,test_000030,images/test/test_000030.png,Is the yellow circle completely inside the red circle? Answer yes or no.,no,inside_outside,2,test,,"{'objects': ['obj_4', 'obj_3'], 'relation': 'inside'}",no,no,no,True,0.17217150900000888,
test_000031_q01,test_000031,images/test/test_000031.png,Which object is both left of the yellow rectangle and below the red rectangle?,blue rectangle,multi_hop,4,test,,"{'anchors': ['obj_4', 'obj_3'], 'target': 'obj_1', 'relations': ['left of', 'below']}",blue rectangle,blue rectangle,blue rectangle,True,0.2237992950001626,
test_000031_q02,test_000031,images/test/test_000031.png,Is the green triangle completely inside the blue rectangle? Answer yes or no.,no,inside_outside,2,test,,"{'objects': ['obj_2', 'obj_1'], 'relation': 'inside'}",no,no,no,True,0.1731567179999729,
test_000031_q03,test_000031,images/test/test_000031.png,How many rectangle objects are in the image?,3,counting,1,test,,{'filter': {'shape': 'rectangle'}},3,3,3,True,0.17183953099993232,
test_000031_q04,test_000031,images/test/test_000031.png,"Which object is closer to the center of the image, the red rectangle or the yellow rectangle?",yellow rectangle,center_proximity,2,test,,"{'objects': ['obj_3', 'obj_4'], 'target': 'obj_4', 'relation': 'center_proximity'}",yellow rectangle,yellow rectangle,yellow rectangle,True,0.22391712900002858,
test_000032_q01,test_000032,images/test/test_000032.png,Which object is both right of the green circle and below the green triangle?,red triangle,multi_hop,4,test,,"{'anchors': ['obj_4', 'obj_1'], 'target': 'obj_2', 'relations': ['right of', 'below']}",red triangle,red triangle,red triangle,True,0.22372789199994259,
test_000032_q02,test_000032,images/test/test_000032.png,Which object is immediately above the red triangle?,green triangle,above_below,2,test,,"{'anchor': 'obj_2', 'target': 'obj_1', 'relation': 'above'}",The green triangle is immediately above the red triangle.,green triangle,green triangle is immediately above red triangle,False,0.641357792000008,spatial_inversion
test_000032_q03,test_000032,images/test/test_000032.png,How many objects are left of the red triangle?,3,counting,2,test,,"{'anchor': 'obj_2', 'relation': 'left'}",3,3,3,True,0.1721953249998478,
test_000032_q04,test_000032,images/test/test_000032.png,Which object is farthest from the red triangle?,green triangle,nearest_farthest,2,test,,"{'anchor': 'obj_2', 'target': 'obj_1', 'relation': 'farthest'}",The green triangle,green triangle,green triangle,True,0.2764801710000029,
test_000033_q01,test_000033,images/test/test_000033.png,Which object is nearest from the blue circle?,green rectangle,nearest_farthest,2,test,,"{'anchor': 'obj_3', 'target': 'obj_4', 'relation': 'nearest'}","The blue circle is on the left, the green square is in the middle, the yellow square is on the right, and the blue triangle is on the far right. The blue circle is on the left, the green square is in the",green rectangle,blue circle is on left green square is in middle yellow square is on right and blue triangle is on far right blue circle is on left green square is in,False,2.550766373999977,distance_reasoning_error
test_000033_q02,test_000033,images/test/test_000033.png,"Which object is smaller, the yellow rectangle or the green rectangle?",green rectangle,relative_size,2,test,,"{'objects': ['obj_2', 'obj_4'], 'target': 'obj_4', 'relation': 'smaller'}",yellow rectangle,green rectangle,yellow rectangle,False,0.22392871200008813,object_confusion
test_000033_q03,test_000033,images/test/test_000033.png,Which object is the leftmost in the image?,blue circle,relative_ordering,2,test,,"{'target': 'obj_3', 'relation': 'leftmost'}",blue circle,blue circle,blue circle,True,0.22398989900011657,
test_000033_q04,test_000033,images/test/test_000033.png,Which object is between the green rectangle and the blue triangle?,yellow rectangle,between,3,test,,"{'objects': ['obj_4', 'obj_1'], 'target': 'obj_2', 'relation': 'between'}",yellow rectangle,yellow rectangle,yellow rectangle,True,0.2228344460002063,
test_000034_q01,test_000034,images/test/test_000034.png,"Which object is closer to the center of the image, the blue triangle or the green circle?",green circle,center_proximity,2,test,,"{'objects': ['obj_1', 'obj_3'], 'target': 'obj_3', 'relation': 'center_proximity'}",blue triangle,green circle,blue triangle,False,0.2240532499999972,distance_reasoning_error
test_000034_q02,test_000034,images/test/test_000034.png,How many red objects are in the image?,2,counting,1,test,,{'filter': {'color': 'red'}},2,2,2,True,0.17268614299996443,
test_000034_q03,test_000034,images/test/test_000034.png,Which object is the bottommost in the image?,green rectangle,relative_ordering,2,test,,"{'target': 'obj_5', 'relation': 'bottommost'}",The bottommost object in the image is the green rectangle.,green rectangle,bottommost object in image is green rectangle,False,0.7381320520000827,spatial_inversion
test_000034_q04,test_000034,images/test/test_000034.png,Which object is between the blue triangle and the green circle?,red rectangle,between,3,test,,"{'objects': ['obj_1', 'obj_3'], 'target': 'obj_2', 'relation': 'between'}",red circle,red rectangle,red circle,False,0.22522770099999434,object_confusion
test_000035_q01,test_000035,images/test/test_000035.png,How many green objects are in the image?,2,counting,1,test,,{'filter': {'color': 'green'}},1,2,1,False,0.17284019400017314,counting_error
test_000035_q02,test_000035,images/test/test_000035.png,"Which object is smaller, the blue rectangle or the red circle?",red circle,relative_size,2,test,,"{'objects': ['obj_2', 'obj_1'], 'target': 'obj_1', 'relation': 'smaller'}",blue rectangle,red circle,blue rectangle,False,0.22424363400000402,object_confusion
test_000035_q03,test_000035,images/test/test_000035.png,Do the green triangle and the red circle overlap? Answer yes or no.,no,overlap,2,test,,"{'objects': ['obj_5', 'obj_1'], 'relation': 'overlap'}",no,no,no,True,0.1716543840000213,
test_000035_q04,test_000035,images/test/test_000035.png,Which object is nearest from the yellow triangle?,red circle,nearest_farthest,2,test,,"{'anchor': 'obj_3', 'target': 'obj_1', 'relation': 'nearest'}","The yellow triangle is at the top right, and the red circle is at the top left. The blue rectangle is in the center, and the green triangle is at the bottom left. The yellow triangle is the farthest from the red circle",red circle,yellow triangle is at top right and red circle is at top left blue rectangle is in center and green triangle is at bottom left yellow triangle is farthest from red circle,False,2.5465532030000304,distance_reasoning_error
test_000036_q01,test_000036,images/test/test_000036.png,Do the yellow circle and the red circle overlap? Answer yes or no.,no,overlap,2,test,,"{'objects': ['obj_3', 'obj_1'], 'relation': 'overlap'}",no,no,no,True,0.172095722999984,
test_000036_q02,test_000036,images/test/test_000036.png,Which object is immediately right of the green triangle?,red circle,left_right,2,test,,"{'anchor': 'obj_4', 'target': 'obj_1', 'relation': 'right'}",red circle,red circle,red circle,True,0.22532668000008016,
test_000036_q03,test_000036,images/test/test_000036.png,Which object is both right of the green triangle and below the red triangle?,red circle,multi_hop,4,test,,"{'anchors': ['obj_4', 'obj_2'], 'target': 'obj_1', 'relations': ['right of', 'below']}",red circle,red circle,red circle,True,0.2235774369999035,
test_000036_q04,test_000036,images/test/test_000036.png,Which object is the leftmost in the image?,yellow circle,relative_ordering,2,test,,"{'target': 'obj_3', 'relation': 'leftmost'}",The leftmost object in the image is a yellow circle.,yellow circle,leftmost object in image is yellow circle,False,0.7466251490000104,spatial_inversion
test_000037_q01,test_000037,images/test/test_000037.png,Which object is between the blue rectangle and the green triangle?,red triangle,between,3,test,,"{'objects': ['obj_4', 'obj_1'], 'target': 'obj_2', 'relation': 'between'}",red triangle,red triangle,red triangle,True,0.23018070100010846,
test_000037_q02,test_000037,images/test/test_000037.png,Is the blue circle completely inside the green triangle? Answer yes or no.,no,inside_outside,2,test,,"{'objects': ['obj_3', 'obj_1'], 'relation': 'inside'}",no,no,no,True,0.17435717700004716,
test_000037_q03,test_000037,images/test/test_000037.png,Which object is nearest from the blue circle?,green triangle,nearest_farthest,2,test,,"{'anchor': 'obj_3', 'target': 'obj_1', 'relation': 'nearest'}",red triangle,green triangle,red triangle,False,0.22393148299988752,distance_reasoning_error
test_000037_q04,test_000037,images/test/test_000037.png,Which object is both above the blue circle and left of the blue rectangle?,green triangle,multi_hop,4,test,,"{'anchors': ['obj_3', 'obj_4'], 'target': 'obj_1', 'relations': ['above', 'left of']}",green triangle,green triangle,green triangle,True,0.22285382699988077,
test_000038_q01,test_000038,images/test/test_000038.png,Which object is nearest from the blue rectangle?,blue circle,nearest_farthest,2,test,,"{'anchor': 'obj_1', 'target': 'obj_2', 'relation': 'nearest'}",blue rectangle,blue circle,blue rectangle,False,0.22247907499991015,distance_reasoning_error
test_000038_q02,test_000038,images/test/test_000038.png,"Which object is closer to the center of the image, the blue rectangle or the blue circle?",blue circle,center_proximity,2,test,,"{'objects': ['obj_1', 'obj_2'], 'target': 'obj_2', 'relation': 'center_proximity'}",blue circle,blue circle,blue circle,True,0.22357435499998246,
test_000038_q03,test_000038,images/test/test_000038.png,Is the blue rectangle completely inside the green triangle? Answer yes or no.,no,inside_outside,2,test,,"{'objects': ['obj_1', 'obj_4'], 'relation': 'inside'}",no,no,no,True,0.17244077000009383,
test_000038_q04,test_000038,images/test/test_000038.png,How many triangle objects are in the image?,2,counting,1,test,,{'filter': {'shape': 'triangle'}},1,2,1,False,0.17210603600005925,counting_error
test_000039_q01,test_000039,images/test/test_000039.png,Which object is between the yellow triangle and the yellow rectangle?,green circle,between,3,test,,"{'objects': ['obj_1', 'obj_2'], 'target': 'obj_3', 'relation': 'between'}",blue rectangle,green circle,blue rectangle,False,0.22226795999995375,object_confusion
test_000039_q02,test_000039,images/test/test_000039.png,Is the yellow triangle completely inside the yellow rectangle? Answer yes or no.,no,inside_outside,2,test,,"{'objects': ['obj_1', 'obj_2'], 'relation': 'inside'}",no,no,no,True,0.17110585900013575,
test_000039_q03,test_000039,images/test/test_000039.png,Which object is both below the yellow rectangle and right of the blue rectangle?,green circle,multi_hop,4,test,,"{'anchors': ['obj_2', 'obj_4'], 'target': 'obj_3', 'relations': ['below', 'right of']}",The green object is both below the yellow rectangle and right of the blue rectangle.,green circle,green object is both below yellow rectangle and right of blue rectangle,False,0.9418134669999745,relation_chain_failure
test_000039_q04,test_000039,images/test/test_000039.png,Which object is immediately below the yellow rectangle?,blue rectangle,above_below,2,test,,"{'anchor': 'obj_2', 'target': 'obj_4', 'relation': 'below'}",The object immediately below the yellow rectangle is a blue rectangle.,blue rectangle,object immediately below yellow rectangle is blue rectangle,False,0.7390956640001605,spatial_inversion
test_000040_q01,test_000040,images/test/test_000040.png,Which object is both right of the yellow circle and below the green circle?,blue circle,multi_hop,4,test,,"{'anchors': ['obj_1', 'obj_3'], 'target': 'obj_2', 'relations': ['right of', 'below']}",blue circle,blue circle,blue circle,True,0.22198649400002068,
test_000040_q02,test_000040,images/test/test_000040.png,Is the blue circle completely inside the green circle? Answer yes or no.,no,inside_outside,2,test,,"{'objects': ['obj_2', 'obj_3'], 'relation': 'inside'}",no,no,no,True,0.1809922310001184,
test_000040_q03,test_000040,images/test/test_000040.png,Which object is immediately left of the blue circle?,green circle,left_right,2,test,,"{'anchor': 'obj_2', 'target': 'obj_3', 'relation': 'left'}",yellow circle,green circle,yellow circle,False,0.22319162999997388,spatial_inversion
test_000040_q04,test_000040,images/test/test_000040.png,How many objects are left of the yellow circle?,0,counting,2,test,,"{'anchor': 'obj_1', 'relation': 'left'}",2,0,2,False,0.17216618099996595,counting_error
test_000041_q01,test_000041,images/test/test_000041.png,Which object is both above the yellow triangle and below the green rectangle?,blue circle,multi_hop,4,test,,"{'anchors': ['obj_3', 'obj_2'], 'target': 'obj_1', 'relations': ['above', 'below']}",blue circle,blue circle,blue circle,True,0.22338742300007652,
test_000041_q02,test_000041,images/test/test_000041.png,How many circle objects are in the image?,1,counting,1,test,,{'filter': {'shape': 'circle'}},2,1,2,False,0.17079688400008308,counting_error
test_000041_q03,test_000041,images/test/test_000041.png,Which object is farthest from the blue circle?,green rectangle,nearest_farthest,2,test,,"{'anchor': 'obj_1', 'target': 'obj_2', 'relation': 'farthest'}",The green square is farthest from the blue circle.,green rectangle,green square is farthest from blue circle,False,0.6933315270000548,distance_reasoning_error
test_000041_q04,test_000041,images/test/test_000041.png,Which object is the topmost in the image?,green rectangle,relative_ordering,2,test,,"{'target': 'obj_2', 'relation': 'topmost'}",The topmost object in the image is the green square.,green rectangle,topmost object in image is green square,False,0.7388083700000152,spatial_inversion
test_000042_q01,test_000042,images/test/test_000042.png,Which object is nearest from the green triangle?,green rectangle,nearest_farthest,2,test,,"{'anchor': 'obj_3', 'target': 'obj_2', 'relation': 'nearest'}",The green triangle is the nearest object to the green triangle.,green rectangle,green triangle is nearest object to green triangle,False,0.7399486379999871,distance_reasoning_error
test_000042_q02,test_000042,images/test/test_000042.png,"Which object is smaller, the green rectangle or the yellow rectangle?",yellow rectangle,relative_size,2,test,,"{'objects': ['obj_2', 'obj_4'], 'target': 'obj_4', 'relation': 'smaller'}",green rectangle,yellow rectangle,green rectangle,False,0.22230537700011155,object_confusion
test_000042_q03,test_000042,images/test/test_000042.png,Which object is the leftmost in the image?,yellow triangle,relative_ordering,2,test,,"{'target': 'obj_1', 'relation': 'leftmost'}",The leftmost object in the image is a yellow square.,yellow triangle,leftmost object in image is yellow square,False,0.7352618390000316,spatial_inversion
test_000042_q04,test_000042,images/test/test_000042.png,Which object is between the yellow rectangle and the green triangle?,green rectangle,between,3,test,,"{'objects': ['obj_4', 'obj_3'], 'target': 'obj_2', 'relation': 'between'}","The yellow rectangle is above the green triangle, and the green triangle is to the right of the yellow rectangle. The yellow rectangle is to the left of the green triangle. The green triangle is to the right of the yellow rectangle. The yellow",green rectangle,yellow rectangle is above green triangle and green triangle is to right of yellow rectangle yellow rectangle is to left of green triangle green triangle is to right of yellow rectangle yellow,False,2.5559845279999536,object_confusion
test_000043_q01,test_000043,images/test/test_000043.png,"Which object is closer to the center of the image, the green rectangle or the yellow rectangle?",yellow rectangle,center_proximity,2,test,,"{'objects': ['obj_1', 'obj_3'], 'target': 'obj_3', 'relation': 'center_proximity'}",yellow rectangle,yellow rectangle,yellow rectangle,True,0.22322753000003104,
test_000043_q02,test_000043,images/test/test_000043.png,How many objects are above the green rectangle?,0,counting,2,test,,"{'anchor': 'obj_1', 'relation': 'above'}",3,0,3,False,0.17202965700016648,counting_error
test_000043_q03,test_000043,images/test/test_000043.png,Which object is the bottommost in the image?,yellow rectangle,relative_ordering,2,test,,"{'target': 'obj_3', 'relation': 'bottommost'}",yellow rectangle,yellow rectangle,yellow rectangle,True,0.22242707400005202,
test_000043_q04,test_000043,images/test/test_000043.png,Which object is immediately above the blue rectangle?,red triangle,above_below,2,test,,"{'anchor': 'obj_4', 'target': 'obj_2', 'relation': 'above'}",green rectangle,red triangle,green rectangle,False,0.22598064499993598,spatial_inversion
test_000044_q01,test_000044,images/test/test_000044.png,How many blue objects are in the image?,1,counting,1,test,,{'filter': {'color': 'blue'}},1,1,1,True,0.1782664190000105,
test_000044_q02,test_000044,images/test/test_000044.png,"Which object is smaller, the red triangle or the blue circle?",red triangle,relative_size,2,test,,"{'objects': ['obj_1', 'obj_3'], 'target': 'obj_1', 'relation': 'smaller'}",red triangle,red triangle,red triangle,True,0.23002291700004207,
test_000044_q03,test_000044,images/test/test_000044.png,Do the blue circle and the red triangle overlap? Answer yes or no.,no,overlap,2,test,,"{'objects': ['obj_3', 'obj_1'], 'relation': 'overlap'}",no,no,no,True,0.17671921700002713,
test_000044_q04,test_000044,images/test/test_000044.png,Which object is nearest from the green triangle?,red triangle,nearest_farthest,2,test,,"{'anchor': 'obj_2', 'target': 'obj_1', 'relation': 'nearest'}","The green triangle is at the top, the red triangle is on the left, and the blue circle is on the right. The green triangle is at the top, the red triangle is on the left, and the blue circle is on the",red triangle,green triangle is at top red triangle is on left and blue circle is on right green triangle is at top red triangle is on left and blue circle is on,False,2.545395009999993,distance_reasoning_error
test_000045_q01,test_000045,images/test/test_000045.png,Do the blue triangle and the green triangle overlap? Answer yes or no.,no,overlap,2,test,,"{'objects': ['obj_3', 'obj_2'], 'relation': 'overlap'}",no,no,no,True,0.1729003760001433,
test_000045_q02,test_000045,images/test/test_000045.png,Which object is immediately right of the blue rectangle?,red circle,left_right,2,test,,"{'anchor': 'obj_5', 'target': 'obj_4', 'relation': 'right'}",red circle,red circle,red circle,True,0.2232739120001952,
test_000045_q03,test_000045,images/test/test_000045.png,Which object is both above the green triangle and right of the blue triangle?,blue rectangle,multi_hop,4,test,,"{'anchors': ['obj_2', 'obj_3'], 'target': 'obj_5', 'relations': ['above', 'right of']}",red circle,blue rectangle,red circle,False,0.22446291000005658,relation_chain_failure
test_000045_q04,test_000045,images/test/test_000045.png,Which object is the bottommost in the image?,blue triangle,relative_ordering,2,test,,"{'target': 'obj_3', 'relation': 'bottommost'}",The bottommost object in the image is a blue triangle.,blue triangle,bottommost object in image is blue triangle,False,0.7412490500000786,spatial_inversion
test_000046_q01,test_000046,images/test/test_000046.png,Which object is between the blue circle and the blue rectangle?,green circle,between,3,test,,"{'objects': ['obj_1', 'obj_5'], 'target': 'obj_2', 'relation': 'between'}",green circle,green circle,green circle,True,0.22608915699993304,
test_000046_q02,test_000046,images/test/test_000046.png,Is the yellow circle completely inside the green circle? Answer yes or no.,no,inside_outside,2,test,,"{'objects': ['obj_3', 'obj_2'], 'relation': 'inside'}",no,no,no,True,0.17393507900010263,
test_000046_q03,test_000046,images/test/test_000046.png,Which object is nearest from the yellow circle?,green circle,nearest_farthest,2,test,,"{'anchor': 'obj_3', 'target': 'obj_2', 'relation': 'nearest'}",green circle,green circle,green circle,True,0.22377930500010734,
test_000046_q04,test_000046,images/test/test_000046.png,Which object is both left of the green circle and below the yellow circle?,blue rectangle,multi_hop,4,test,,"{'anchors': ['obj_2', 'obj_3'], 'target': 'obj_5', 'relations': ['left of', 'below']}",blue rectangle,blue rectangle,blue rectangle,True,0.2267177169999286,
test_000047_q01,test_000047,images/test/test_000047.png,Which object is nearest from the red circle?,green circle,nearest_farthest,2,test,,"{'anchor': 'obj_1', 'target': 'obj_4', 'relation': 'nearest'}",blue triangle,green circle,blue triangle,False,0.22234785299997384,distance_reasoning_error
test_000047_q02,test_000047,images/test/test_000047.png,"Which object is closer to the center of the image, the red circle or the green circle?",red circle,center_proximity,2,test,,"{'objects': ['obj_1', 'obj_4'], 'target': 'obj_1', 'relation': 'center_proximity'}",red circle,red circle,red circle,True,0.22316860600017208,
test_000047_q03,test_000047,images/test/test_000047.png,Is the red circle completely inside the blue triangle? Answer yes or no.,no,inside_outside,2,test,,"{'objects': ['obj_1', 'obj_2'], 'relation': 'inside'}",no,no,no,True,0.17128499499995087,
test_000047_q04,test_000047,images/test/test_000047.png,How many triangle objects are in the image?,2,counting,1,test,,{'filter': {'shape': 'triangle'}},2,2,2,True,0.17167687899996054,
test_000048_q01,test_000048,images/test/test_000048.png,Which object is immediately right of the green rectangle?,blue rectangle,left_right,2,test,,"{'anchor': 'obj_1', 'target': 'obj_3', 'relation': 'right'}",triangle,blue rectangle,triangle,False,0.17186974800006283,spatial_inversion
test_000048_q02,test_000048,images/test/test_000048.png,Is the green rectangle completely inside the blue rectangle? Answer yes or no.,no,inside_outside,2,test,,"{'objects': ['obj_1', 'obj_3'], 'relation': 'inside'}",no,no,no,True,0.17287212399992313,
test_000048_q03,test_000048,images/test/test_000048.png,Which object is both right of the green rectangle and below the blue rectangle?,blue triangle,multi_hop,4,test,,"{'anchors': ['obj_1', 'obj_3'], 'target': 'obj_2', 'relations': ['right of', 'below']}",triangle,blue triangle,triangle,False,0.1725850079999418,relation_chain_failure
test_000048_q04,test_000048,images/test/test_000048.png,Do the blue triangle and the blue rectangle overlap? Answer yes or no.,no,overlap,2,test,,"{'objects': ['obj_2', 'obj_3'], 'relation': 'overlap'}",no,no,no,True,0.17189451900003405,
test_000049_q01,test_000049,images/test/test_000049.png,"Which object is larger, the red rectangle or the blue circle?",blue circle,relative_size,2,test,,"{'objects': ['obj_5', 'obj_1'], 'target': 'obj_1', 'relation': 'larger'}",The red rectangle is larger.,blue circle,red rectangle is larger,False,0.42916705099992214,object_confusion
test_000049_q02,test_000049,images/test/test_000049.png,Which object is between the green circle and the red rectangle?,blue circle,between,3,test,,"{'objects': ['obj_2', 'obj_5'], 'target': 'obj_1', 'relation': 'between'}",blue triangle,blue circle,blue triangle,False,0.224876328000164,object_confusion
test_000049_q03,test_000049,images/test/test_000049.png,Which object is both right of the blue circle and left of the blue rectangle?,red rectangle,multi_hop,4,test,,"{'anchors': ['obj_1', 'obj_4'], 'target': 'obj_5', 'relations': ['right of', 'left of']}",red rectangle,red rectangle,red rectangle,True,0.223274862000153,
test_000049_q04,test_000049,images/test/test_000049.png,"Which object is closer to the center of the image, the blue rectangle or the red rectangle?",blue rectangle,center_proximity,2,test,,"{'objects': ['obj_4', 'obj_5'], 'target': 'obj_4', 'relation': 'center_proximity'}",blue rectangle,blue rectangle,blue rectangle,True,0.22430395899982614,
test_000050_q01,test_000050,images/test/test_000050.png,Which object is immediately right of the red circle?,green triangle,left_right,2,test,,"{'anchor': 'obj_2', 'target': 'obj_4', 'relation': 'right'}",green square,green triangle,green square,False,0.22468581699990864,spatial_inversion
test_000050_q02,test_000050,images/test/test_000050.png,Which object is both left of the green triangle and below the yellow triangle?,red circle,multi_hop,4,test,,"{'anchors': ['obj_4', 'obj_5'], 'target': 'obj_2', 'relations': ['left of', 'below']}",red circle,red circle,red circle,True,0.22421137799983626,
test_000050_q03,test_000050,images/test/test_000050.png,Which object is immediately above the yellow triangle?,green circle,above_below,2,test,,"{'anchor': 'obj_5', 'target': 'obj_3', 'relation': 'above'}",green circle,green circle,green circle,True,0.22275500599994302,
test_000050_q04,test_000050,images/test/test_000050.png,How many rectangle objects are in the image?,1,counting,1,test,,{'filter': {'shape': 'rectangle'}},1,1,1,True,0.17087706600000274,
test_000051_q01,test_000051,images/test/test_000051.png,Which object is nearest from the yellow triangle?,blue circle,nearest_farthest,2,test,,"{'anchor': 'obj_3', 'target': 'obj_2', 'relation': 'nearest'}","The yellow triangle is on the right side of the image, and the blue circle is on the left side. The red circle is on the left, and the green triangle is on the right. The yellow triangle is on the right, the",blue circle,yellow triangle is on right side of image and blue circle is on left side red circle is on left and green triangle is on right yellow triangle is on right,False,2.561851474999912,distance_reasoning_error
test_000051_q02,test_000051,images/test/test_000051.png,"Which object is smaller, the blue circle or the green triangle?",blue circle,relative_size,2,test,,"{'objects': ['obj_2', 'obj_4'], 'target': 'obj_2', 'relation': 'smaller'}",blue circle,blue circle,blue circle,True,0.2282343500000934,
test_000051_q03,test_000051,images/test/test_000051.png,Which object is the leftmost in the image?,red circle,relative_ordering,2,test,,"{'target': 'obj_1', 'relation': 'leftmost'}",red circle,red circle,red circle,True,0.2278271489999497,
test_000051_q04,test_000051,images/test/test_000051.png,Which object is between the green triangle and the red circle?,blue circle,between,3,test,,"{'objects': ['obj_4', 'obj_1'], 'target': 'obj_2', 'relation': 'between'}",blue circle,blue circle,blue circle,True,0.22967185199991036,
test_000052_q01,test_000052,images/test/test_000052.png,"Which object is closer to the center of the image, the yellow rectangle or the green triangle?",yellow rectangle,center_proximity,2,test,,"{'objects': ['obj_1', 'obj_3'], 'target': 'obj_1', 'relation': 'center_proximity'}",yellow rectangle,yellow rectangle,yellow rectangle,True,0.2308754109999427,
test_000052_q02,test_000052,images/test/test_000052.png,How many yellow objects are in the image?,1,counting,1,test,,{'filter': {'color': 'yellow'}},1,1,1,True,0.17561627200007024,
test_000052_q03,test_000052,images/test/test_000052.png,Which object is the bottommost in the image?,green triangle,relative_ordering,2,test,,"{'target': 'obj_3', 'relation': 'bottommost'}",The bottommost object in the image is the green triangle.,green triangle,bottommost object in image is green triangle,False,0.7404430629999297,spatial_inversion
test_000052_q04,test_000052,images/test/test_000052.png,Which object is immediately above the green circle?,blue triangle,above_below,2,test,,"{'anchor': 'obj_5', 'target': 'obj_2', 'relation': 'above'}",triangle,blue triangle,triangle,False,0.17369325499998922,spatial_inversion
test_000053_q01,test_000053,images/test/test_000053.png,How many blue objects are in the image?,2,counting,1,test,,{'filter': {'color': 'blue'}},1,2,1,False,0.17789592600001924,counting_error
test_000053_q02,test_000053,images/test/test_000053.png,"Which object is smaller, the yellow rectangle or the red circle?",red circle,relative_size,2,test,,"{'objects': ['obj_2', 'obj_1'], 'target': 'obj_1', 'relation': 'smaller'}",yellow rectangle,red circle,yellow rectangle,False,0.2246061670000472,object_confusion
test_000053_q03,test_000053,images/test/test_000053.png,Do the red circle and the yellow rectangle overlap? Answer yes or no.,no,overlap,2,test,,"{'objects': ['obj_1', 'obj_2'], 'relation': 'overlap'}",no,no,no,True,0.17274606500018308,
test_000053_q04,test_000053,images/test/test_000053.png,Which object is farthest from the yellow rectangle?,red circle,nearest_farthest,2,test,,"{'anchor': 'obj_2', 'target': 'obj_1', 'relation': 'farthest'}",blue circle,red circle,blue circle,False,0.2256434679998165,distance_reasoning_error
test_000054_q01,test_000054,images/test/test_000054.png,Do the red circle and the yellow triangle overlap? Answer yes or no.,no,overlap,2,test,,"{'objects': ['obj_3', 'obj_2'], 'relation': 'overlap'}",no,no,no,True,0.17274384300003476,
test_000054_q02,test_000054,images/test/test_000054.png,Which object is both below the yellow triangle and above the yellow circle?,red rectangle,multi_hop,4,test,,"{'anchors': ['obj_2', 'obj_5'], 'target': 'obj_4', 'relations': ['below', 'above']}",red circle,red rectangle,red circle,False,0.2347872489999645,relation_chain_failure
test_000054_q03,test_000054,images/test/test_000054.png,Which object is the topmost in the image?,green circle,relative_ordering,2,test,,"{'target': 'obj_1', 'relation': 'topmost'}",triangle,green circle,triangle,False,0.1720571169998948,spatial_inversion
test_000054_q04,test_000054,images/test/test_000054.png,Which object is farthest from the red rectangle?,green circle,nearest_farthest,2,test,,"{'anchor': 'obj_4', 'target': 'obj_1', 'relation': 'farthest'}",The green circle is farthest from the red rectangle.,green circle,green circle is farthest from red rectangle,False,0.6894347110001036,distance_reasoning_error
test_000055_q01,test_000055,images/test/test_000055.png,Which object is between the blue rectangle and the red rectangle?,red circle,between,3,test,,"{'objects': ['obj_1', 'obj_2'], 'target': 'obj_3', 'relation': 'between'}",green rectangle,red circle,green rectangle,False,0.22465632500006905,object_confusion
test_000055_q02,test_000055,images/test/test_000055.png,Is the red circle completely inside the blue rectangle? Answer yes or no.,no,inside_outside,2,test,,"{'objects': ['obj_3', 'obj_1'], 'relation': 'inside'}",no,no,no,True,0.1724847680000039,
test_000055_q03,test_000055,images/test/test_000055.png,Which object is farthest from the green rectangle?,blue rectangle,nearest_farthest,2,test,,"{'anchor': 'obj_4', 'target': 'obj_1', 'relation': 'farthest'}",blue rectangle,blue rectangle,blue rectangle,True,0.22376299600000493,
test_000055_q04,test_000055,images/test/test_000055.png,Which object is both above the red circle and left of the green rectangle?,red rectangle,multi_hop,4,test,,"{'anchors': ['obj_3', 'obj_4'], 'target': 'obj_2', 'relations': ['above', 'left of']}",blue rectangle,red rectangle,blue rectangle,False,0.22442442099986692,relation_chain_failure
test_000056_q01,test_000056,images/test/test_000056.png,Which object is nearest from the green rectangle?,red circle,nearest_farthest,2,test,,"{'anchor': 'obj_1', 'target': 'obj_4', 'relation': 'nearest'}",The red circle is nearest from the green rectangle.,red circle,red circle is nearest from green rectangle,False,0.6346250779999991,distance_reasoning_error
test_000056_q02,test_000056,images/test/test_000056.png,"Which object is closer to the center of the image, the green rectangle or the red circle?",green rectangle,center_proximity,2,test,,"{'objects': ['obj_1', 'obj_4'], 'target': 'obj_1', 'relation': 'center_proximity'}",red circle,green rectangle,red circle,False,0.2257463569999345,distance_reasoning_error
test_000056_q03,test_000056,images/test/test_000056.png,Is the green rectangle completely inside the green triangle? Answer yes or no.,no,inside_outside,2,test,,"{'objects': ['obj_1', 'obj_2'], 'relation': 'inside'}",no,no,no,True,0.17213563500013151,
test_000056_q04,test_000056,images/test/test_000056.png,How many triangle objects are in the image?,2,counting,1,test,,{'filter': {'shape': 'triangle'}},1,2,1,False,0.17239887599998838,counting_error
test_000057_q01,test_000057,images/test/test_000057.png,Which object is between the red circle and the yellow triangle?,red rectangle,between,3,test,,"{'objects': ['obj_4', 'obj_1'], 'target': 'obj_2', 'relation': 'between'}",red square,red rectangle,red square,False,0.22412258800000018,other
test_000057_q02,test_000057,images/test/test_000057.png,Is the green rectangle completely inside the yellow triangle? Answer yes or no.,no,inside_outside,2,test,,"{'objects': ['obj_5', 'obj_1'], 'relation': 'inside'}",no,no,no,True,0.1736430860000837,
test_000057_q03,test_000057,images/test/test_000057.png,Which object is both below the green rectangle and above the red triangle?,yellow triangle,multi_hop,4,test,,"{'anchors': ['obj_5', 'obj_3'], 'target': 'obj_1', 'relations': ['below', 'above']}",red rectangle,yellow triangle,red rectangle,False,0.22489668599996548,relation_chain_failure
test_000057_q04,test_000057,images/test/test_000057.png,Which object is immediately below the yellow triangle?,red triangle,above_below,2,test,,"{'anchor': 'obj_1', 'target': 'obj_3', 'relation': 'below'}",red rectangle,red triangle,red rectangle,False,0.2235535820000223,spatial_inversion
test_000058_q01,test_000058,images/test/test_000058.png,"Which object is larger, the yellow circle or the red circle?",red circle,relative_size,2,test,,"{'objects': ['obj_5', 'obj_1'], 'target': 'obj_1', 'relation': 'larger'}",yellow circle,red circle,yellow circle,False,0.2246355909999238,object_confusion
test_000058_q02,test_000058,images/test/test_000058.png,Which object is between the red circle and the yellow rectangle?,yellow circle,between,3,test,,"{'objects': ['obj_1', 'obj_2'], 'target': 'obj_5', 'relation': 'between'}",green triangle,yellow circle,green triangle,False,0.22668916799989347,object_confusion
test_000058_q03,test_000058,images/test/test_000058.png,Which object is both right of the green triangle and above the red circle?,yellow circle,multi_hop,4,test,,"{'anchors': ['obj_3', 'obj_1'], 'target': 'obj_5', 'relations': ['right of', 'above']}",yellow circle,yellow circle,yellow circle,True,0.22402188799992473,
test_000058_q04,test_000058,images/test/test_000058.png,"Which object is closer to the center of the image, the yellow circle or the green rectangle?",green rectangle,center_proximity,2,test,,"{'objects': ['obj_5', 'obj_4'], 'target': 'obj_4', 'relation': 'center_proximity'}",yellow circle,green rectangle,yellow circle,False,0.22507614500000273,distance_reasoning_error
test_000059_q01,test_000059,images/test/test_000059.png,Do the blue rectangle and the yellow circle overlap? Answer yes or no.,no,overlap,2,test,,"{'objects': ['obj_3', 'obj_2'], 'relation': 'overlap'}",no,no,no,True,0.17138991500019074,
test_000059_q02,test_000059,images/test/test_000059.png,"Which object is closer to the center of the image, the blue rectangle or the yellow circle?",yellow circle,center_proximity,2,test,,"{'objects': ['obj_3', 'obj_2'], 'target': 'obj_2', 'relation': 'center_proximity'}",yellow circle,yellow circle,yellow circle,True,0.22668943799999397,
test_000059_q03,test_000059,images/test/test_000059.png,Is the blue rectangle completely inside the red circle? Answer yes or no.,no,inside_outside,2,test,,"{'objects': ['obj_3', 'obj_1'], 'relation': 'inside'}",no,no,no,True,0.1716963090000263,
test_000059_q04,test_000059,images/test/test_000059.png,How many circle objects are in the image?,2,counting,1,test,,{'filter': {'shape': 'circle'}},2,2,2,True,0.17116740400001618,
test_000060_q01,test_000060,images/test/test_000060.png,Which object is nearest from the green rectangle?,yellow rectangle,nearest_farthest,2,test,,"{'anchor': 'obj_2', 'target': 'obj_3', 'relation': 'nearest'}","The green rectangle is on the left, and the yellow circle is on the right, so the green rectangle is closer to the yellow circle. The green rectangle is on the left, the yellow circle is on the right, so the green rectangle",yellow rectangle,green rectangle is on left and yellow circle is on right so green rectangle is closer to yellow circle green rectangle is on left yellow circle is on right so green rectangle,False,2.55943382800001,distance_reasoning_error
test_000060_q02,test_000060,images/test/test_000060.png,"Which object is smaller, the yellow circle or the green rectangle?",yellow circle,relative_size,2,test,,"{'objects': ['obj_1', 'obj_2'], 'target': 'obj_1', 'relation': 'smaller'}",yellow circle,yellow circle,yellow circle,True,0.23038714399990567,
test_000060_q03,test_000060,images/test/test_000060.png,Which object is the leftmost in the image?,yellow rectangle,relative_ordering,2,test,,"{'target': 'obj_3', 'relation': 'leftmost'}",The leftmost object in the image is a green rectangle.,yellow rectangle,leftmost object in image is green rectangle,False,0.7469326000000365,spatial_inversion
test_000060_q04,test_000060,images/test/test_000060.png,Is the yellow circle completely inside the yellow rectangle? Answer yes or no.,no,inside_outside,2,test,,"{'objects': ['obj_1', 'obj_3'], 'relation': 'inside'}",no,no,no,True,0.17558377000000291,
test_000061_q01,test_000061,images/test/test_000061.png,"Which object is closer to the center of the image, the blue circle or the blue rectangle?",blue circle,center_proximity,2,test,,"{'objects': ['obj_1', 'obj_2'], 'target': 'obj_1', 'relation': 'center_proximity'}",blue circle,blue circle,blue circle,True,0.22585371599984683,
test_000061_q02,test_000061,images/test/test_000061.png,How many red objects are in the image?,1,counting,1,test,,{'filter': {'color': 'red'}},1,1,1,True,0.17179323100003785,
test_000061_q03,test_000061,images/test/test_000061.png,Which object is the bottommost in the image?,blue circle,relative_ordering,2,test,,"{'target': 'obj_1', 'relation': 'bottommost'}",blue circle,blue circle,blue circle,True,0.22060411899997234,
test_000061_q04,test_000061,images/test/test_000061.png,Which object is immediately above the red circle?,blue rectangle,above_below,2,test,,"{'anchor': 'obj_3', 'target': 'obj_2', 'relation': 'above'}",blue rectangle,blue rectangle,blue rectangle,True,0.2188058069998533,
test_000062_q01,test_000062,images/test/test_000062.png,How many blue objects are in the image?,1,counting,1,test,,{'filter': {'color': 'blue'}},1,1,1,True,0.17424872999981744,
test_000062_q02,test_000062,images/test/test_000062.png,"Which object is smaller, the blue rectangle or the green circle?",green circle,relative_size,2,test,,"{'objects': ['obj_1', 'obj_3'], 'target': 'obj_3', 'relation': 'smaller'}",blue rectangle,green circle,blue rectangle,False,0.2203699230001348,object_confusion
test_000062_q03,test_000062,images/test/test_000062.png,Do the green circle and the blue rectangle overlap? Answer yes or no.,no,overlap,2,test,,"{'objects': ['obj_3', 'obj_1'], 'relation': 'overlap'}",no,no,no,True,0.17021409099993434,
test_000062_q04,test_000062,images/test/test_000062.png,Which object is nearest from the yellow circle?,blue rectangle,nearest_farthest,2,test,,"{'anchor': 'obj_2', 'target': 'obj_1', 'relation': 'nearest'}",blue rectangle,blue rectangle,blue rectangle,True,0.2228623820001303,
test_000063_q01,test_000063,images/test/test_000063.png,Do the green rectangle and the green triangle overlap? Answer yes or no.,no,overlap,2,test,,"{'objects': ['obj_3', 'obj_1'], 'relation': 'overlap'}",no,no,no,True,0.1718203379998613,
test_000063_q02,test_000063,images/test/test_000063.png,Which object is immediately right of the blue circle?,green rectangle,left_right,2,test,,"{'anchor': 'obj_4', 'target': 'obj_3', 'relation': 'right'}",green rectangle,green rectangle,green rectangle,True,0.2247875309999472,
test_000063_q03,test_000063,images/test/test_000063.png,Which object is both left of the green rectangle and above the red circle?,blue circle,multi_hop,4,test,,"{'anchors': ['obj_3', 'obj_2'], 'target': 'obj_4', 'relations': ['left of', 'above']}",blue circle,blue circle,blue circle,True,0.22381826600008026,
test_000063_q04,test_000063,images/test/test_000063.png,Which object is the rightmost in the image?,green triangle,relative_ordering,2,test,,"{'target': 'obj_1', 'relation': 'rightmost'}",triangle,green triangle,triangle,False,0.17370092800001657,spatial_inversion
test_000064_q01,test_000064,images/test/test_000064.png,Which object is between the red circle and the red rectangle?,blue rectangle,between,3,test,,"{'objects': ['obj_4', 'obj_5'], 'target': 'obj_2', 'relation': 'between'}",blue circle,blue rectangle,blue circle,False,0.22337590699999055,object_confusion
test_000064_q02,test_000064,images/test/test_000064.png,Is the green triangle completely inside the blue rectangle? Answer yes or no.,no,inside_outside,2,test,,"{'objects': ['obj_3', 'obj_2'], 'relation': 'inside'}",no,no,no,True,0.17196900399994774,
test_000064_q03,test_000064,images/test/test_000064.png,Which object is nearest from the green triangle?,red circle,nearest_farthest,2,test,,"{'anchor': 'obj_3', 'target': 'obj_4', 'relation': 'nearest'}","The green triangle is on the left side of the red circle, and the red circle is on the left side of the blue square. The green triangle is on the left side of the red circle, and the red circle is on the left",red circle,green triangle is on left side of red circle and red circle is on left side of blue square green triangle is on left side of red circle and red circle is on left,False,2.550939812000024,distance_reasoning_error
test_000064_q04,test_000064,images/test/test_000064.png,Which object is both right of the red circle and above the red rectangle?,blue rectangle,multi_hop,4,test,,"{'anchors': ['obj_4', 'obj_5'], 'target': 'obj_2', 'relations': ['right of', 'above']}",blue circle,blue rectangle,blue circle,False,0.2233496420001302,relation_chain_failure
test_000065_q01,test_000065,images/test/test_000065.png,Which object is nearest from the blue triangle?,red rectangle,nearest_farthest,2,test,,"{'anchor': 'obj_1', 'target': 'obj_3', 'relation': 'nearest'}",blue triangle,red rectangle,blue triangle,False,0.2226186880000114,distance_reasoning_error
test_000065_q02,test_000065,images/test/test_000065.png,"Which object is closer to the center of the image, the blue triangle or the red rectangle?",red rectangle,center_proximity,2,test,,"{'objects': ['obj_1', 'obj_3'], 'target': 'obj_3', 'relation': 'center_proximity'}",blue triangle,red rectangle,blue triangle,False,0.2234336940000503,distance_reasoning_error
test_000065_q03,test_000065,images/test/test_000065.png,Is the blue triangle completely inside the yellow circle? Answer yes or no.,no,inside_outside,2,test,,"{'objects': ['obj_1', 'obj_2'], 'relation': 'inside'}",no,no,no,True,0.17221274299981815,
test_000065_q04,test_000065,images/test/test_000065.png,How many triangle objects are in the image?,1,counting,1,test,,{'filter': {'shape': 'triangle'}},1,1,1,True,0.17342914500000006,
test_000066_q01,test_000066,images/test/test_000066.png,Which object is immediately right of the yellow circle?,yellow rectangle,left_right,2,test,,"{'anchor': 'obj_1', 'target': 'obj_3', 'relation': 'right'}",The green rectangle is immediately right of the yellow circle.,yellow rectangle,green rectangle is immediately right of yellow circle,False,0.6847962219999317,spatial_inversion
test_000066_q02,test_000066,images/test/test_000066.png,Is the yellow circle completely inside the yellow rectangle? Answer yes or no.,no,inside_outside,2,test,,"{'objects': ['obj_1', 'obj_3'], 'relation': 'inside'}",yes,no,yes,False,0.1720884470000783,relation_error
test_000066_q03,test_000066,images/test/test_000066.png,Which object is both right of the yellow circle and below the yellow rectangle?,green rectangle,multi_hop,4,test,,"{'anchors': ['obj_1', 'obj_3'], 'target': 'obj_2', 'relations': ['right of', 'below']}",green rectangle,green rectangle,green rectangle,True,0.22518440999988343,
test_000066_q04,test_000066,images/test/test_000066.png,Which object is immediately below the yellow circle?,green rectangle,above_below,2,test,,"{'anchor': 'obj_1', 'target': 'obj_2', 'relation': 'below'}",The green rectangle is immediately below the yellow circle.,green rectangle,green rectangle is immediately below yellow circle,False,0.6364562049998312,spatial_inversion
test_000067_q01,test_000067,images/test/test_000067.png,"Which object is larger, the yellow triangle or the red circle?",red circle,relative_size,2,test,,"{'objects': ['obj_1', 'obj_4'], 'target': 'obj_4', 'relation': 'larger'}",red circle,red circle,red circle,True,0.22512726200011457,
test_000067_q02,test_000067,images/test/test_000067.png,Which object is between the green rectangle and the yellow circle?,yellow triangle,between,3,test,,"{'objects': ['obj_2', 'obj_3'], 'target': 'obj_1', 'relation': 'between'}",triangle,yellow triangle,triangle,False,0.17253909300006853,object_confusion
test_000067_q03,test_000067,images/test/test_000067.png,Which object is both left of the green rectangle and above the yellow circle?,red circle,multi_hop,4,test,,"{'anchors': ['obj_2', 'obj_3'], 'target': 'obj_4', 'relations': ['left of', 'above']}",red circle,red circle,red circle,True,0.2228736999998091,
test_000067_q04,test_000067,images/test/test_000067.png,"Which object is closer to the center of the image, the red circle or the yellow triangle?",yellow triangle,center_proximity,2,test,,"{'objects': ['obj_4', 'obj_1'], 'target': 'obj_1', 'relation': 'center_proximity'}",red circle,yellow triangle,red circle,False,0.22379779600009897,distance_reasoning_error
test_000068_q01,test_000068,images/test/test_000068.png,Do the blue circle and the green triangle overlap? Answer yes or no.,no,overlap,2,test,,"{'objects': ['obj_4', 'obj_3'], 'relation': 'overlap'}",no,no,no,True,0.17237720600019202,
test_000068_q02,test_000068,images/test/test_000068.png,"Which object is closer to the center of the image, the red rectangle or the yellow circle?",yellow circle,center_proximity,2,test,,"{'objects': ['obj_2', 'obj_5'], 'target': 'obj_5', 'relation': 'center_proximity'}",yellow circle,yellow circle,yellow circle,True,0.22600217600006545,
test_000068_q03,test_000068,images/test/test_000068.png,Is the yellow rectangle completely inside the yellow circle? Answer yes or no.,no,inside_outside,2,test,,"{'objects': ['obj_1', 'obj_5'], 'relation': 'inside'}",no,no,no,True,0.17279429699988214,
test_000068_q04,test_000068,images/test/test_000068.png,How many rectangle objects are in the image?,2,counting,1,test,,{'filter': {'shape': 'rectangle'}},1,2,1,False,0.1728487979999045,counting_error
test_000069_q01,test_000069,images/test/test_000069.png,"Which object is smaller, the yellow circle or the green rectangle?",green rectangle,relative_size,2,test,,"{'objects': ['obj_3', 'obj_2'], 'target': 'obj_2', 'relation': 'smaller'}",yellow circle,green rectangle,yellow circle,False,0.2238098089999312,object_confusion
test_000069_q02,test_000069,images/test/test_000069.png,Which object is both left of the green rectangle and above the yellow circle?,green circle,multi_hop,4,test,,"{'anchors': ['obj_2', 'obj_3'], 'target': 'obj_1', 'relations': ['left of', 'above']}",green circle,green circle,green circle,True,0.22443205500007934,
test_000069_q03,test_000069,images/test/test_000069.png,How many objects are left of the green circle?,0,counting,2,test,,"{'anchor': 'obj_1', 'relation': 'left'}",2,0,2,False,0.1792625319999388,counting_error
test_000069_q04,test_000069,images/test/test_000069.png,Is the green rectangle completely inside the yellow circle? Answer yes or no.,no,inside_outside,2,test,,"{'objects': ['obj_2', 'obj_3'], 'relation': 'inside'}",no,no,no,True,0.17631324500007395,
test_000070_q01,test_000070,images/test/test_000070.png,"Which object is closer to the center of the image, the red rectangle or the green circle?",green circle,center_proximity,2,test,,"{'objects': ['obj_1', 'obj_2'], 'target': 'obj_2', 'relation': 'center_proximity'}",green circle,green circle,green circle,True,0.22522807500013187,
test_000070_q02,test_000070,images/test/test_000070.png,How many red objects are in the image?,1,counting,1,test,,{'filter': {'color': 'red'}},1,1,1,True,0.17347249299996292,
test_000070_q03,test_000070,images/test/test_000070.png,Which object is the bottommost in the image?,green circle,relative_ordering,2,test,,"{'target': 'obj_2', 'relation': 'bottommost'}",green circle,green circle,green circle,True,0.2224078819999704,
test_000070_q04,test_000070,images/test/test_000070.png,Which object is immediately below the blue triangle?,red rectangle,above_below,2,test,,"{'anchor': 'obj_3', 'target': 'obj_1', 'relation': 'below'}",green circle,red rectangle,green circle,False,0.2255404150000686,spatial_inversion
test_000071_q01,test_000071,images/test/test_000071.png,How many blue objects are in the image?,1,counting,1,test,,{'filter': {'color': 'blue'}},1,1,1,True,0.1712742999998227,
test_000071_q02,test_000071,images/test/test_000071.png,"Which object is smaller, the green rectangle or the red triangle?",green rectangle,relative_size,2,test,,"{'objects': ['obj_1', 'obj_3'], 'target': 'obj_1', 'relation': 'smaller'}",red triangle,green rectangle,red triangle,False,0.22942504600018765,object_confusion
test_000071_q03,test_000071,images/test/test_000071.png,Do the red triangle and the green rectangle overlap? Answer yes or no.,no,overlap,2,test,,"{'objects': ['obj_3', 'obj_1'], 'relation': 'overlap'}",no,no,no,True,0.17474210599993967,
test_000071_q04,test_000071,images/test/test_000071.png,Which object is nearest from the blue circle?,green rectangle,nearest_farthest,2,test,,"{'anchor': 'obj_2', 'target': 'obj_1', 'relation': 'nearest'}",triangle,green rectangle,triangle,False,0.1756132030000117,distance_reasoning_error
test_000072_q01,test_000072,images/test/test_000072.png,Do the green rectangle and the red triangle overlap? Answer yes or no.,no,overlap,2,test,,"{'objects': ['obj_3', 'obj_1'], 'relation': 'overlap'}",no,no,no,True,0.1717839880000156,
test_000072_q02,test_000072,images/test/test_000072.png,Which object is immediately right of the yellow rectangle?,blue circle,left_right,2,test,,"{'anchor': 'obj_4', 'target': 'obj_2', 'relation': 'right'}",red triangle,blue circle,red triangle,False,0.22247035999998843,spatial_inversion
test_000072_q03,test_000072,images/test/test_000072.png,Which object is both right of the yellow rectangle and below the blue circle?,green rectangle,multi_hop,4,test,,"{'anchors': ['obj_4', 'obj_2'], 'target': 'obj_3', 'relations': ['right of', 'below']}",green rectangle,green rectangle,green rectangle,True,0.2282057260001693,
test_000072_q04,test_000072,images/test/test_000072.png,Which object is the leftmost in the image?,yellow rectangle,relative_ordering,2,test,,"{'target': 'obj_4', 'relation': 'leftmost'}",The leftmost object in the image is a blue circle.,yellow rectangle,leftmost object in image is blue circle,False,0.739213528999926,spatial_inversion
test_000073_q01,test_000073,images/test/test_000073.png,Which object is between the red triangle and the yellow circle?,blue circle,between,3,test,,"{'objects': ['obj_4', 'obj_1'], 'target': 'obj_3', 'relation': 'between'}",blue circle,blue circle,blue circle,True,0.22259926700007782,
test_000073_q02,test_000073,images/test/test_000073.png,Is the blue circle completely inside the yellow circle? Answer yes or no.,no,inside_outside,2,test,,"{'objects': ['obj_3', 'obj_1'], 'relation': 'inside'}",no,no,no,True,0.1718103279999923,
test_000073_q03,test_000073,images/test/test_000073.png,Which object is farthest from the red triangle?,blue rectangle,nearest_farthest,2,test,,"{'anchor': 'obj_4', 'target': 'obj_5', 'relation': 'farthest'}",blue square,blue rectangle,blue square,False,0.2229033679998338,distance_reasoning_error
test_000073_q04,test_000073,images/test/test_000073.png,Which object is both above the red triangle and right of the yellow rectangle?,yellow circle,multi_hop,4,test,,"{'anchors': ['obj_4', 'obj_2'], 'target': 'obj_1', 'relations': ['above', 'right of']}",blue square,yellow circle,blue square,False,0.22555405599996448,relation_chain_failure
test_000074_q01,test_000074,images/test/test_000074.png,Which object is nearest from the green rectangle?,yellow circle,nearest_farthest,2,test,,"{'anchor': 'obj_1', 'target': 'obj_4', 'relation': 'nearest'}","The green rectangle is on the right side of the image, and the green triangle is on the left side. The green triangle is the nearest to the green rectangle. The green triangle is the nearest to the green rectangle. The green triangle is",yellow circle,green rectangle is on right side of image and green triangle is on left side green triangle is nearest to green rectangle green triangle is nearest to green rectangle green triangle is,False,2.55049056200005,distance_reasoning_error
test_000074_q02,test_000074,images/test/test_000074.png,"Which object is closer to the center of the image, the green rectangle or the green triangle?",green rectangle,center_proximity,2,test,,"{'objects': ['obj_1', 'obj_2'], 'target': 'obj_1', 'relation': 'center_proximity'}",green triangle,green rectangle,green triangle,False,0.22255750599993007,distance_reasoning_error
test_000074_q03,test_000074,images/test/test_000074.png,Is the green rectangle completely inside the yellow circle? Answer yes or no.,no,inside_outside,2,test,,"{'objects': ['obj_1', 'obj_4'], 'relation': 'inside'}",no,no,no,True,0.17240796100008993,
test_000074_q04,test_000074,images/test/test_000074.png,How many triangle objects are in the image?,2,counting,1,test,,{'filter': {'shape': 'triangle'}},1,2,1,False,0.1719144349999624,counting_error
test_000075_q01,test_000075,images/test/test_000075.png,Which object is immediately right of the red circle?,green rectangle,left_right,2,test,,"{'anchor': 'obj_1', 'target': 'obj_3', 'relation': 'right'}",triangle,green rectangle,triangle,False,0.1706658900000093,spatial_inversion
test_000075_q02,test_000075,images/test/test_000075.png,Is the red triangle completely inside the green circle? Answer yes or no.,no,inside_outside,2,test,,"{'objects': ['obj_4', 'obj_2'], 'relation': 'inside'}",no,no,no,True,0.17112375800002155,
test_000075_q03,test_000075,images/test/test_000075.png,Which object is both below the green circle and left of the green rectangle?,red circle,multi_hop,4,test,,"{'anchors': ['obj_2', 'obj_3'], 'target': 'obj_1', 'relations': ['below', 'left of']}",red triangle,red circle,red triangle,False,0.2227111109998532,relation_chain_failure
test_000075_q04,test_000075,images/test/test_000075.png,Which object is immediately above the red triangle?,green circle,above_below,2,test,,"{'anchor': 'obj_4', 'target': 'obj_2', 'relation': 'above'}",green circle,green circle,green circle,True,0.22358333200008929,
test_000076_q01,test_000076,images/test/test_000076.png,"Which object is larger, the red triangle or the red rectangle?",red triangle,relative_size,2,test,,"{'objects': ['obj_5', 'obj_1'], 'target': 'obj_5', 'relation': 'larger'}",The red rectangle is larger than the red triangle.,red triangle,red rectangle is larger than red triangle,False,0.6321510279999529,object_confusion
test_000076_q02,test_000076,images/test/test_000076.png,Which object is between the red rectangle and the yellow rectangle?,yellow circle,between,3,test,,"{'objects': ['obj_1', 'obj_3'], 'target': 'obj_2', 'relation': 'between'}",The object between the red rectangle and the yellow rectangle is the green triangle.,yellow circle,object between red rectangle and yellow rectangle is green triangle,False,0.896075337999946,object_confusion
test_000076_q03,test_000076,images/test/test_000076.png,Which object is both above the red triangle and left of the green triangle?,red rectangle,multi_hop,4,test,,"{'anchors': ['obj_5', 'obj_4'], 'target': 'obj_1', 'relations': ['above', 'left of']}",yellow circle,red rectangle,yellow circle,False,0.2239801149999039,relation_chain_failure
test_000076_q04,test_000076,images/test/test_000076.png,"Which object is closer to the center of the image, the red rectangle or the red triangle?",red rectangle,center_proximity,2,test,,"{'objects': ['obj_1', 'obj_5'], 'target': 'obj_1', 'relation': 'center_proximity'}",red triangle,red rectangle,red triangle,False,0.2239563430000544,distance_reasoning_error
test_000077_q01,test_000077,images/test/test_000077.png,Do the blue circle and the green triangle overlap? Answer yes or no.,no,overlap,2,test,,"{'objects': ['obj_4', 'obj_3'], 'relation': 'overlap'}",no,no,no,True,0.1726942099999178,
test_000077_q02,test_000077,images/test/test_000077.png,"Which object is closer to the center of the image, the green triangle or the blue circle?",green triangle,center_proximity,2,test,,"{'objects': ['obj_3', 'obj_4'], 'target': 'obj_3', 'relation': 'center_proximity'}",blue circle,green triangle,blue circle,False,0.2234560379999948,distance_reasoning_error
test_000077_q03,test_000077,images/test/test_000077.png,Is the yellow circle completely inside the blue rectangle? Answer yes or no.,no,inside_outside,2,test,,"{'objects': ['obj_2', 'obj_1'], 'relation': 'inside'}",no,no,no,True,0.17083875299999818,
test_000077_q04,test_000077,images/test/test_000077.png,How many blue objects are in the image?,2,counting,1,test,,{'filter': {'color': 'blue'}},1,2,1,False,0.17197580200013363,counting_error
test_000078_q01,test_000078,images/test/test_000078.png,"Which object is smaller, the green circle or the blue rectangle?",blue rectangle,relative_size,2,test,,"{'objects': ['obj_4', 'obj_3'], 'target': 'obj_3', 'relation': 'smaller'}",green circle,blue rectangle,green circle,False,0.2260884840000017,object_confusion
test_000078_q02,test_000078,images/test/test_000078.png,Which object is both left of the blue rectangle and above the green triangle?,yellow circle,multi_hop,4,test,,"{'anchors': ['obj_3', 'obj_2'], 'target': 'obj_1', 'relations': ['left of', 'above']}",The yellow object is both left of the blue rectangle and above the green triangle.,yellow circle,yellow object is both left of blue rectangle and above green triangle,False,0.9591662589998577,relation_chain_failure
test_000078_q03,test_000078,images/test/test_000078.png,How many objects are left of the green triangle?,1,counting,2,test,,"{'anchor': 'obj_2', 'relation': 'left'}",2,1,2,False,0.17568483199988805,counting_error
test_000078_q04,test_000078,images/test/test_000078.png,Is the blue rectangle completely inside the green triangle? Answer yes or no.,no,inside_outside,2,test,,"{'objects': ['obj_3', 'obj_2'], 'relation': 'inside'}",no,no,no,True,0.1744897730000048,
test_000079_q01,test_000079,images/test/test_000079.png,Do the red circle and the blue circle overlap? Answer yes or no.,no,overlap,2,test,,"{'objects': ['obj_1', 'obj_3'], 'relation': 'overlap'}",no,no,no,True,0.1737571249998382,
test_000079_q02,test_000079,images/test/test_000079.png,How many blue objects are in the image?,1,counting,1,test,,{'filter': {'color': 'blue'}},1,1,1,True,0.17172004600001856,
test_000079_q03,test_000079,images/test/test_000079.png,Which object is the leftmost in the image?,blue circle,relative_ordering,2,test,,"{'target': 'obj_3', 'relation': 'leftmost'}",The leftmost object in the image is the blue circle.,blue circle,leftmost object in image is blue circle,False,0.7575246779999816,spatial_inversion
test_000079_q04,test_000079,images/test/test_000079.png,"Which object is larger, the red circle or the green circle?",red circle,relative_size,2,test,,"{'objects': ['obj_1', 'obj_2'], 'target': 'obj_1', 'relation': 'larger'}",The red circle is larger than the green circle.,red circle,red circle is larger than green circle,False,0.6421125839999604,object_confusion
test_000080_q01,test_000080,images/test/test_000080.png,How many green objects are in the image?,2,counting,1,test,,{'filter': {'color': 'green'}},2,2,2,True,0.17251450199978535,
test_000080_q02,test_000080,images/test/test_000080.png,"Which object is smaller, the green triangle or the blue triangle?",blue triangle,relative_size,2,test,,"{'objects': ['obj_2', 'obj_1'], 'target': 'obj_1', 'relation': 'smaller'}",The green triangle is smaller.,blue triangle,green triangle is smaller,False,0.43042558299998745,object_confusion
test_000080_q03,test_000080,images/test/test_000080.png,Do the yellow triangle and the blue triangle overlap? Answer yes or no.,no,overlap,2,test,,"{'objects': ['obj_5', 'obj_1'], 'relation': 'overlap'}",no,no,no,True,0.17155400100000406,
test_000080_q04,test_000080,images/test/test_000080.png,Which object is nearest from the red circle?,yellow triangle,nearest_farthest,2,test,,"{'anchor': 'obj_3', 'target': 'obj_5', 'relation': 'nearest'}","The red circle is at the center of the image, and the green triangle is on the left. The green triangle is the farthest from the red circle. The blue triangle is on the right. The green circle is on the right.",yellow triangle,red circle is at center of image and green triangle is on left green triangle is farthest from red circle blue triangle is on right green circle is on right,False,2.5542214959998546,distance_reasoning_error
test_000081_q01,test_000081,images/test/test_000081.png,Do the red rectangle and the red triangle overlap? Answer yes or no.,no,overlap,2,test,,"{'objects': ['obj_3', 'obj_2'], 'relation': 'overlap'}",no,no,no,True,0.17171801799986497,
test_000081_q02,test_000081,images/test/test_000081.png,Which object is both left of the yellow circle and right of the red rectangle?,yellow triangle,multi_hop,4,test,,"{'anchors': ['obj_4', 'obj_3'], 'target': 'obj_1', 'relations': ['left of', 'right of']}",green rectangle,yellow triangle,green rectangle,False,0.22368817799997487,relation_chain_failure
test_000081_q03,test_000081,images/test/test_000081.png,Which object is the rightmost in the image?,green rectangle,relative_ordering,2,test,,"{'target': 'obj_5', 'relation': 'rightmost'}",green rectangle,green rectangle,green rectangle,True,0.22483823300012773,
test_000081_q04,test_000081,images/test/test_000081.png,Which object is farthest from the red triangle?,red rectangle,nearest_farthest,2,test,,"{'anchor': 'obj_2', 'target': 'obj_3', 'relation': 'farthest'}",The green square is farthest from the red triangle.,red rectangle,green square is farthest from red triangle,False,0.6936051930001668,distance_reasoning_error
test_000082_q01,test_000082,images/test/test_000082.png,Is the red circle completely inside the yellow rectangle? Answer yes or no.,no,inside_outside,2,test,,"{'objects': ['obj_3', 'obj_1'], 'relation': 'inside'}",no,no,no,True,0.1722291859998677,
test_000082_q02,test_000082,images/test/test_000082.png,Which object is farthest from the red circle?,blue triangle,nearest_farthest,2,test,,"{'anchor': 'obj_3', 'target': 'obj_2', 'relation': 'farthest'}",blue triangle,blue triangle,blue triangle,True,0.22486293900010423,
test_000082_q03,test_000082,images/test/test_000082.png,Which object is both right of the blue triangle and above the yellow rectangle?,red circle,multi_hop,4,test,,"{'anchors': ['obj_2', 'obj_1'], 'target': 'obj_3', 'relations': ['right of', 'above']}",red circle,red circle,red circle,True,0.22518951500001094,
test_000082_q04,test_000082,images/test/test_000082.png,How many triangle objects are in the image?,1,counting,1,test,,{'filter': {'shape': 'triangle'}},1,1,1,True,0.17161654899996392,
test_000083_q01,test_000083,images/test/test_000083.png,Which object is nearest from the yellow triangle?,red circle,nearest_farthest,2,test,,"{'anchor': 'obj_1', 'target': 'obj_3', 'relation': 'nearest'}",red circle,red circle,red circle,True,0.22590991099991697,
test_000083_q02,test_000083,images/test/test_000083.png,"Which object is closer to the center of the image, the yellow triangle or the red circle?",yellow triangle,center_proximity,2,test,,"{'objects': ['obj_1', 'obj_3'], 'target': 'obj_1', 'relation': 'center_proximity'}",red circle,yellow triangle,red circle,False,0.2240998459999446,distance_reasoning_error
test_000083_q03,test_000083,images/test/test_000083.png,Is the yellow triangle completely inside the green triangle? Answer yes or no.,no,inside_outside,2,test,,"{'objects': ['obj_1', 'obj_2'], 'relation': 'inside'}",no,no,no,True,0.1720893399999568,
test_000083_q04,test_000083,images/test/test_000083.png,How many triangle objects are in the image?,2,counting,1,test,,{'filter': {'shape': 'triangle'}},2,2,2,True,0.17235864000008405,
test_000084_q01,test_000084,images/test/test_000084.png,Which object is immediately right of the yellow circle?,red rectangle,left_right,2,test,,"{'anchor': 'obj_1', 'target': 'obj_4', 'relation': 'right'}",square,red rectangle,square,False,0.17190226200000325,spatial_inversion
test_000084_q02,test_000084,images/test/test_000084.png,Is the red rectangle completely inside the red triangle? Answer yes or no.,no,inside_outside,2,test,,"{'objects': ['obj_4', 'obj_2'], 'relation': 'inside'}",no,no,no,True,0.1717122609998114,
test_000084_q03,test_000084,images/test/test_000084.png,Which object is both right of the red triangle and left of the yellow rectangle?,red rectangle,multi_hop,4,test,,"{'anchors': ['obj_2', 'obj_3'], 'target': 'obj_4', 'relations': ['right of', 'left of']}",yellow rectangle,red rectangle,yellow rectangle,False,0.22304813200003082,relation_chain_failure
test_000084_q04,test_000084,images/test/test_000084.png,Which object is immediately above the red triangle?,red rectangle,above_below,2,test,,"{'anchor': 'obj_2', 'target': 'obj_4', 'relation': 'above'}",yellow rectangle,red rectangle,yellow rectangle,False,0.22350578600003246,spatial_inversion
test_000085_q01,test_000085,images/test/test_000085.png,"Which object is larger, the yellow circle or the red triangle?",red triangle,relative_size,2,test,,"{'objects': ['obj_5', 'obj_1'], 'target': 'obj_1', 'relation': 'larger'}",yellow circle,red triangle,yellow circle,False,0.22531544100002066,object_confusion
test_000085_q02,test_000085,images/test/test_000085.png,Which object is between the green rectangle and the green triangle?,red triangle,between,3,test,,"{'objects': ['obj_2', 'obj_4'], 'target': 'obj_1', 'relation': 'between'}",red triangle,red triangle,red triangle,True,0.22306733700020231,
test_000085_q03,test_000085,images/test/test_000085.png,Which object is both right of the red triangle and left of the green triangle?,yellow rectangle,multi_hop,4,test,,"{'anchors': ['obj_1', 'obj_4'], 'target': 'obj_3', 'relations': ['right of', 'left of']}",yellow circle,yellow rectangle,yellow circle,False,0.22264112499988187,relation_chain_failure
test_000085_q04,test_000085,images/test/test_000085.png,"Which object is closer to the center of the image, the green triangle or the yellow circle?",yellow circle,center_proximity,2,test,,"{'objects': ['obj_4', 'obj_5'], 'target': 'obj_5', 'relation': 'center_proximity'}",yellow circle,yellow circle,yellow circle,True,0.22245539699997607,
test_000086_q01,test_000086,images/test/test_000086.png,Do the blue triangle and the yellow rectangle overlap? Answer yes or no.,no,overlap,2,test,,"{'objects': ['obj_4', 'obj_3'], 'relation': 'overlap'}",no,no,no,True,0.1716994410001007,
test_000086_q02,test_000086,images/test/test_000086.png,"Which object is closer to the center of the image, the red circle or the yellow circle?",yellow circle,center_proximity,2,test,,"{'objects': ['obj_2', 'obj_5'], 'target': 'obj_5', 'relation': 'center_proximity'}",red circle,yellow circle,red circle,False,0.22658284099998127,distance_reasoning_error
test_000086_q03,test_000086,images/test/test_000086.png,Is the green rectangle completely inside the yellow circle? Answer yes or no.,no,inside_outside,2,test,,"{'objects': ['obj_1', 'obj_5'], 'relation': 'inside'}",no,no,no,True,0.17199301400000877,
test_000086_q04,test_000086,images/test/test_000086.png,How many rectangle objects are in the image?,2,counting,1,test,,{'filter': {'shape': 'rectangle'}},2,2,2,True,0.17116546400006882,
test_000087_q01,test_000087,images/test/test_000087.png,"Which object is smaller, the blue triangle or the green rectangle?",green rectangle,relative_size,2,test,,"{'objects': ['obj_3', 'obj_2'], 'target': 'obj_2', 'relation': 'smaller'}",blue triangle,green rectangle,blue triangle,False,0.2224871409998741,object_confusion
test_000087_q02,test_000087,images/test/test_000087.png,Which object is both left of the blue rectangle and right of the blue triangle?,green rectangle,multi_hop,4,test,,"{'anchors': ['obj_1', 'obj_3'], 'target': 'obj_2', 'relations': ['left of', 'right of']}",green rectangle,green rectangle,green rectangle,True,0.22431876299992837,
test_000087_q03,test_000087,images/test/test_000087.png,How many objects are left of the blue rectangle?,2,counting,2,test,,"{'anchor': 'obj_1', 'relation': 'left'}",2,2,2,True,0.1750085589999344,
test_000087_q04,test_000087,images/test/test_000087.png,Is the blue rectangle completely inside the green rectangle? Answer yes or no.,no,inside_outside,2,test,,"{'objects': ['obj_1', 'obj_2'], 'relation': 'inside'}",no,no,no,True,0.18064884199998232,
test_000088_q01,test_000088,images/test/test_000088.png,Do the green rectangle and the yellow circle overlap? Answer yes or no.,no,overlap,2,test,,"{'objects': ['obj_1', 'obj_3'], 'relation': 'overlap'}",no,no,no,True,0.17869964499982416,
test_000088_q02,test_000088,images/test/test_000088.png,Which object is immediately below the red circle?,yellow circle,above_below,2,test,,"{'anchor': 'obj_2', 'target': 'obj_3', 'relation': 'below'}",yellow circle,yellow circle,yellow circle,True,0.2244914160000917,
test_000088_q03,test_000088,images/test/test_000088.png,How many green objects are in the image?,1,counting,1,test,,{'filter': {'color': 'green'}},1,1,1,True,0.17574365699988448,
test_000088_q04,test_000088,images/test/test_000088.png,Which object is the leftmost in the image?,red circle,relative_ordering,2,test,,"{'target': 'obj_2', 'relation': 'leftmost'}",The leftmost object in the image is the red circle.,red circle,leftmost object in image is red circle,False,0.777743325000074,spatial_inversion
test_000089_q01,test_000089,images/test/test_000089.png,Which object is immediately below the green triangle?,yellow circle,above_below,2,test,,"{'anchor': 'obj_3', 'target': 'obj_1', 'relation': 'below'}","The green triangle is at the top, and the yellow object is directly below it. The yellow object is the one that is immediately below the green triangle. The green triangle is at the top, and the yellow object is directly below it.",yellow circle,green triangle is at top and yellow object is directly below it yellow object is one that is immediately below green triangle green triangle is at top and yellow object is directly below it,False,2.5654653359999884,spatial_inversion
test_000089_q02,test_000089,images/test/test_000089.png,Which object is farthest from the green rectangle?,red triangle,nearest_farthest,2,test,,"{'anchor': 'obj_5', 'target': 'obj_2', 'relation': 'farthest'}",red triangle,red triangle,red triangle,True,0.2235547029999907,
test_000089_q03,test_000089,images/test/test_000089.png,Which object is immediately left of the yellow circle?,green rectangle,left_right,2,test,,"{'anchor': 'obj_1', 'target': 'obj_5', 'relation': 'left'}",green circle,green rectangle,green circle,False,0.2226049470000362,spatial_inversion
test_000089_q04,test_000089,images/test/test_000089.png,Which object is both below the green circle and above the yellow circle?,green triangle,multi_hop,4,test,,"{'anchors': ['obj_4', 'obj_1'], 'target': 'obj_3', 'relations': ['below', 'above']}",red triangle,green triangle,red triangle,False,0.2233777750000172,relation_chain_failure
test_000090_q01,test_000090,images/test/test_000090.png,Do the yellow circle and the red triangle overlap? Answer yes or no.,no,overlap,2,test,,"{'objects': ['obj_3', 'obj_1'], 'relation': 'overlap'}",no,no,no,True,0.17127510699992854,
test_000090_q02,test_000090,images/test/test_000090.png,Which object is immediately right of the green triangle?,green rectangle,left_right,2,test,,"{'anchor': 'obj_4', 'target': 'obj_2', 'relation': 'right'}",The object immediately right of the green triangle is a green rectangle.,green rectangle,object immediately right of green triangle is green rectangle,False,0.794770779999908,spatial_inversion
test_000090_q03,test_000090,images/test/test_000090.png,Which object is both right of the green triangle and below the green rectangle?,red triangle,multi_hop,4,test,,"{'anchors': ['obj_4', 'obj_2'], 'target': 'obj_1', 'relations': ['right of', 'below']}",yellow circle,red triangle,yellow circle,False,0.22264599799996176,relation_chain_failure
test_000090_q04,test_000090,images/test/test_000090.png,Which object is the leftmost in the image?,green triangle,relative_ordering,2,test,,"{'target': 'obj_4', 'relation': 'leftmost'}",The leftmost object in the image is a green triangle.,green triangle,leftmost object in image is green triangle,False,0.7441893269999582,spatial_inversion
test_000091_q01,test_000091,images/test/test_000091.png,Is the blue triangle completely inside the blue rectangle? Answer yes or no.,no,inside_outside,2,test,,"{'objects': ['obj_2', 'obj_1'], 'relation': 'inside'}",no,no,no,True,0.17110486800015678,
test_000091_q02,test_000091,images/test/test_000091.png,Which object is farthest from the blue triangle?,red circle,nearest_farthest,2,test,,"{'anchor': 'obj_2', 'target': 'obj_4', 'relation': 'farthest'}",red circle,red circle,red circle,True,0.22267751399999725,
test_000091_q03,test_000091,images/test/test_000091.png,Which object is both right of the blue rectangle and below the blue triangle?,red circle,multi_hop,4,test,,"{'anchors': ['obj_1', 'obj_2'], 'target': 'obj_4', 'relations': ['right of', 'below']}",red circle,red circle,red circle,True,0.22479136700007984,
test_000091_q04,test_000091,images/test/test_000091.png,How many red objects are in the image?,2,counting,1,test,,{'filter': {'color': 'red'}},1,2,1,False,0.171618664999869,counting_error
test_000092_q01,test_000092,images/test/test_000092.png,Which object is nearest from the green rectangle?,green triangle,nearest_farthest,2,test,,"{'anchor': 'obj_1', 'target': 'obj_3', 'relation': 'nearest'}","The green rectangle is on the right side of the image, and the green triangle is on the left side. The green triangle is closer to the green rectangle. The green triangle is on the left, and the green rectangle is on the right",green triangle,green rectangle is on right side of image and green triangle is on left side green triangle is closer to green rectangle green triangle is on left and green rectangle is on right,False,2.5385906300000443,distance_reasoning_error
test_000092_q02,test_000092,images/test/test_000092.png,"Which object is closer to the center of the image, the green rectangle or the green triangle?",green triangle,center_proximity,2,test,,"{'objects': ['obj_1', 'obj_3'], 'target': 'obj_3', 'relation': 'center_proximity'}",green triangle,green triangle,green triangle,True,0.22492530399995303,
test_000092_q03,test_000092,images/test/test_000092.png,Is the green rectangle completely inside the yellow circle? Answer yes or no.,no,inside_outside,2,test,,"{'objects': ['obj_1', 'obj_2'], 'relation': 'inside'}",no,no,no,True,0.17267027899993082,
test_000092_q04,test_000092,images/test/test_000092.png,How many triangle objects are in the image?,1,counting,1,test,,{'filter': {'shape': 'triangle'}},1,1,1,True,0.1845625639998616,
test_000093_q01,test_000093,images/test/test_000093.png,Which object is immediately right of the red circle?,blue triangle,left_right,2,test,,"{'anchor': 'obj_1', 'target': 'obj_2', 'relation': 'right'}",green rectangle,blue triangle,green rectangle,False,0.22814410900014082,spatial_inversion
test_000093_q02,test_000093,images/test/test_000093.png,Is the red circle completely inside the green rectangle? Answer yes or no.,no,inside_outside,2,test,,"{'objects': ['obj_1', 'obj_3'], 'relation': 'inside'}",no,no,no,True,0.17182015700018383,
test_000093_q03,test_000093,images/test/test_000093.png,Which object is both above the green rectangle and right of the red circle?,blue triangle,multi_hop,4,test,,"{'anchors': ['obj_3', 'obj_1'], 'target': 'obj_2', 'relations': ['above', 'right of']}",blue triangle,blue triangle,blue triangle,True,0.22650515800000903,
test_000093_q04,test_000093,images/test/test_000093.png,Which object is immediately below the green rectangle?,red circle,above_below,2,test,,"{'anchor': 'obj_3', 'target': 'obj_1', 'relation': 'below'}",red circle,red circle,red circle,True,0.2247388690000207,
test_000094_q01,test_000094,images/test/test_000094.png,"Which object is larger, the green triangle or the green circle?",green circle,relative_size,2,test,,"{'objects': ['obj_1', 'obj_4'], 'target': 'obj_4', 'relation': 'larger'}",The green circle is larger than the green triangle.,green circle,green circle is larger than green triangle,False,0.6516830040000059,object_confusion
test_000094_q02,test_000094,images/test/test_000094.png,Which object is between the yellow triangle and the green circle?,yellow rectangle,between,3,test,,"{'objects': ['obj_3', 'obj_4'], 'target': 'obj_2', 'relation': 'between'}",yellow rectangle,yellow rectangle,yellow rectangle,True,0.22786264100000153,
test_000094_q03,test_000094,images/test/test_000094.png,Which object is both below the green triangle and right of the yellow rectangle?,yellow triangle,multi_hop,4,test,,"{'anchors': ['obj_1', 'obj_2'], 'target': 'obj_3', 'relations': ['below', 'right of']}",yellow triangle,yellow triangle,yellow triangle,True,0.22588175700002466,
test_000094_q04,test_000094,images/test/test_000094.png,"Which object is closer to the center of the image, the yellow triangle or the green triangle?",yellow triangle,center_proximity,2,test,,"{'objects': ['obj_3', 'obj_1'], 'target': 'obj_3', 'relation': 'center_proximity'}",yellow triangle,yellow triangle,yellow triangle,True,0.2263587429999916,
test_000095_q01,test_000095,images/test/test_000095.png,Do the green circle and the blue triangle overlap? Answer yes or no.,no,overlap,2,test,,"{'objects': ['obj_4', 'obj_3'], 'relation': 'overlap'}",no,no,no,True,0.17684150199988835,
test_000095_q02,test_000095,images/test/test_000095.png,"Which object is closer to the center of the image, the blue triangle or the green circle?",green circle,center_proximity,2,test,,"{'objects': ['obj_3', 'obj_4'], 'target': 'obj_4', 'relation': 'center_proximity'}",blue triangle,green circle,blue triangle,False,0.22919854699989628,distance_reasoning_error
test_000095_q03,test_000095,images/test/test_000095.png,Is the green triangle completely inside the yellow circle? Answer yes or no.,no,inside_outside,2,test,,"{'objects': ['obj_2', 'obj_1'], 'relation': 'inside'}",no,no,no,True,0.1768902869998783,
test_000095_q04,test_000095,images/test/test_000095.png,How many blue objects are in the image?,1,counting,1,test,,{'filter': {'color': 'blue'}},1,1,1,True,0.18203892499991525,
test_000096_q01,test_000096,images/test/test_000096.png,"Which object is smaller, the red triangle or the red rectangle?",red triangle,relative_size,2,test,,"{'objects': ['obj_4', 'obj_5'], 'target': 'obj_4', 'relation': 'smaller'}",red triangle,red triangle,red triangle,True,0.2220396800000799,
test_000096_q02,test_000096,images/test/test_000096.png,Which object is both above the red triangle and below the blue rectangle?,yellow circle,multi_hop,4,test,,"{'anchors': ['obj_4', 'obj_1'], 'target': 'obj_2', 'relations': ['above', 'below']}",green triangle,yellow circle,green triangle,False,0.22156262499993318,relation_chain_failure
test_000096_q03,test_000096,images/test/test_000096.png,How many rectangle objects are in the image?,2,counting,1,test,,{'filter': {'shape': 'rectangle'}},2,2,2,True,0.1699150770000415,
test_000096_q04,test_000096,images/test/test_000096.png,Is the green triangle completely inside the yellow circle? Answer yes or no.,no,inside_outside,2,test,,"{'objects': ['obj_3', 'obj_2'], 'relation': 'inside'}",no,no,no,True,0.17129041799989864,
test_000097_q01,test_000097,images/test/test_000097.png,Do the red triangle and the green triangle overlap? Answer yes or no.,no,overlap,2,test,,"{'objects': ['obj_2', 'obj_1'], 'relation': 'overlap'}",no,no,no,True,0.16982540300000437,
test_000097_q02,test_000097,images/test/test_000097.png,How many blue objects are in the image?,1,counting,1,test,,{'filter': {'color': 'blue'}},1,1,1,True,0.1712048550000418,
test_000097_q03,test_000097,images/test/test_000097.png,Which object is the leftmost in the image?,blue triangle,relative_ordering,2,test,,"{'target': 'obj_4', 'relation': 'leftmost'}",The leftmost object in the image is a green triangle.,blue triangle,leftmost object in image is green triangle,False,0.7276345090001541,spatial_inversion
test_000097_q04,test_000097,images/test/test_000097.png,"Which object is larger, the green triangle or the blue triangle?",green triangle,relative_size,2,test,,"{'objects': ['obj_1', 'obj_4'], 'target': 'obj_1', 'relation': 'larger'}",The green triangle is larger than the blue triangle.,green triangle,green triangle is larger than blue triangle,False,0.6300632579998364,object_confusion
test_000098_q01,test_000098,images/test/test_000098.png,Which object is farthest from the yellow circle?,blue triangle,nearest_farthest,2,test,,"{'anchor': 'obj_3', 'target': 'obj_2', 'relation': 'farthest'}",blue triangle,blue triangle,blue triangle,True,0.22297254799991606,
test_000098_q02,test_000098,images/test/test_000098.png,Which object is both left of the blue triangle and below the yellow circle?,blue circle,multi_hop,4,test,,"{'anchors': ['obj_2', 'obj_3'], 'target': 'obj_1', 'relations': ['left of', 'below']}",blue circle,blue circle,blue circle,True,0.22172743199985234,
test_000098_q03,test_000098,images/test/test_000098.png,"Which object is closer to the center of the image, the blue triangle or the yellow circle?",blue triangle,center_proximity,2,test,,"{'objects': ['obj_2', 'obj_3'], 'target': 'obj_2', 'relation': 'center_proximity'}",blue triangle,blue triangle,blue triangle,True,0.22224501599998803,
test_000098_q04,test_000098,images/test/test_000098.png,Which object is the leftmost in the image?,blue circle,relative_ordering,2,test,,"{'target': 'obj_1', 'relation': 'leftmost'}",The leftmost object in the image is a blue triangle.,blue circle,leftmost object in image is blue triangle,False,0.7299210549999771,spatial_inversion
test_000099_q01,test_000099,images/test/test_000099.png,Which object is immediately below the red circle?,blue triangle,above_below,2,test,,"{'anchor': 'obj_4', 'target': 'obj_3', 'relation': 'below'}",green square,blue triangle,green square,False,0.22306314200000088,spatial_inversion
test_000099_q02,test_000099,images/test/test_000099.png,"Which object is closer to the center of the image, the green rectangle or the blue triangle?",blue triangle,center_proximity,2,test,,"{'objects': ['obj_2', 'obj_3'], 'target': 'obj_3', 'relation': 'center_proximity'}",green rectangle,blue triangle,green rectangle,False,0.22493822499995986,distance_reasoning_error
test_000099_q03,test_000099,images/test/test_000099.png,Do the blue triangle and the red circle overlap? Answer yes or no.,no,overlap,2,test,,"{'objects': ['obj_3', 'obj_4'], 'relation': 'overlap'}",no,no,no,True,0.17230750699991404,
test_000099_q04,test_000099,images/test/test_000099.png,Which object is between the blue triangle and the green rectangle?,red triangle,between,3,test,,"{'objects': ['obj_3', 'obj_2'], 'target': 'obj_1', 'relation': 'between'}",red triangle,red triangle,red triangle,True,0.225228012000116,
ood_shape_000000_q01,ood_shape_000000,images/ood_shape/ood_shape_000000.png,How many objects are above the blue hexagon?,1,counting,2,ood_shape,shape,"{'anchor': 'obj_1', 'relation': 'above'}",3,1,3,False,0.17246912100017653,ood_failure
ood_shape_000000_q02,ood_shape_000000,images/ood_shape/ood_shape_000000.png,"Which object is smaller, the blue star or the blue hexagon?",blue star,relative_size,2,ood_shape,shape,"{'objects': ['obj_2', 'obj_1'], 'target': 'obj_2', 'relation': 'smaller'}",The blue star is smaller than the blue hexagon.,blue star,blue star is smaller than blue hexagon,False,0.7033750230000351,ood_failure
ood_shape_000000_q03,ood_shape_000000,images/ood_shape/ood_shape_000000.png,Is the blue hexagon completely inside the green diamond? Answer yes or no.,no,inside_outside,2,ood_shape,shape,"{'objects': ['obj_1', 'obj_4'], 'relation': 'inside'}",no,no,no,True,0.17247914900008254,
ood_shape_000000_q04,ood_shape_000000,images/ood_shape/ood_shape_000000.png,Which object is immediately below the blue hexagon?,yellow diamond,above_below,2,ood_shape,shape,"{'anchor': 'obj_1', 'target': 'obj_3', 'relation': 'below'}",The object immediately below the blue hexagon is a yellow triangle.,yellow diamond,object immediately below blue hexagon is yellow triangle,False,0.7891918010000154,ood_failure
ood_shape_000001_q01,ood_shape_000001,images/ood_shape/ood_shape_000001.png,How many objects are above the yellow diamond?,1,counting,2,ood_shape,shape,"{'anchor': 'obj_5', 'relation': 'above'}",3,1,3,False,0.17227166400016358,ood_failure
ood_shape_000001_q02,ood_shape_000001,images/ood_shape/ood_shape_000001.png,Which object is both right of the blue star and above the red hexagon?,green hexagon,multi_hop,4,ood_shape,shape,"{'anchors': ['obj_4', 'obj_1'], 'target': 'obj_3', 'relations': ['right of', 'above']}",green triangle,green hexagon,green triangle,False,0.22394219599982534,ood_failure
ood_shape_000001_q03,ood_shape_000001,images/ood_shape/ood_shape_000001.png,Do the yellow diamond and the red hexagon overlap? Answer yes or no.,no,overlap,2,ood_shape,shape,"{'objects': ['obj_5', 'obj_1'], 'relation': 'overlap'}",no,no,no,True,0.17281513700004325,
ood_shape_000001_q04,ood_shape_000001,images/ood_shape/ood_shape_000001.png,Which object is farthest from the red hexagon?,green hexagon,nearest_farthest,2,ood_shape,shape,"{'anchor': 'obj_1', 'target': 'obj_3', 'relation': 'farthest'}",green triangle,green hexagon,green triangle,False,0.22458975599988662,ood_failure
ood_shape_000002_q01,ood_shape_000002,images/ood_shape/ood_shape_000002.png,Is the red hexagon completely inside the red star? Answer yes or no.,no,inside_outside,2,ood_shape,shape,"{'objects': ['obj_3', 'obj_1'], 'relation': 'inside'}",no,no,no,True,0.1732777189999979,
ood_shape_000002_q02,ood_shape_000002,images/ood_shape/ood_shape_000002.png,Which object is both above the red star and below the red hexagon?,blue hexagon,multi_hop,4,ood_shape,shape,"{'anchors': ['obj_1', 'obj_3'], 'target': 'obj_2', 'relations': ['above', 'below']}",blue hexagon,blue hexagon,blue hexagon,True,0.2796612899999218,
ood_shape_000002_q03,ood_shape_000002,images/ood_shape/ood_shape_000002.png,Do the red star and the blue hexagon overlap? Answer yes or no.,no,overlap,2,ood_shape,shape,"{'objects': ['obj_1', 'obj_2'], 'relation': 'overlap'}",no,no,no,True,0.17542874800005848,
ood_shape_000002_q04,ood_shape_000002,images/ood_shape/ood_shape_000002.png,Which object is the rightmost in the image?,red hexagon,relative_ordering,2,ood_shape,shape,"{'target': 'obj_3', 'relation': 'rightmost'}",red star,red hexagon,red star,False,0.2260411209999802,ood_failure
ood_shape_000003_q01,ood_shape_000003,images/ood_shape/ood_shape_000003.png,"Which object is smaller, the red hexagon or the red diamond?",red diamond,relative_size,2,ood_shape,shape,"{'objects': ['obj_5', 'obj_4'], 'target': 'obj_4', 'relation': 'smaller'}",red hexagon,red diamond,red hexagon,False,0.27791754999998375,ood_failure
ood_shape_000003_q02,ood_shape_000003,images/ood_shape/ood_shape_000003.png,Which object is farthest from the red hexagon?,yellow diamond,nearest_farthest,2,ood_shape,shape,"{'anchor': 'obj_5', 'target': 'obj_2', 'relation': 'farthest'}",blue star,yellow diamond,blue star,False,0.22498070699998607,ood_failure
ood_shape_000003_q03,ood_shape_000003,images/ood_shape/ood_shape_000003.png,Is the blue diamond completely inside the red hexagon? Answer yes or no.,no,inside_outside,2,ood_shape,shape,"{'objects': ['obj_3', 'obj_5'], 'relation': 'inside'}",no,no,no,True,0.17263183899990509,
ood_shape_000003_q04,ood_shape_000003,images/ood_shape/ood_shape_000003.png,Which object is immediately right of the red hexagon?,blue star,left_right,2,ood_shape,shape,"{'anchor': 'obj_5', 'target': 'obj_1', 'relation': 'right'}",blue star,blue star,blue star,True,0.22601706799991916,
ood_shape_000004_q01,ood_shape_000004,images/ood_shape/ood_shape_000004.png,"Which object is closer to the center of the image, the red hexagon or the yellow diamond?",red hexagon,center_proximity,2,ood_shape,shape,"{'objects': ['obj_1', 'obj_3'], 'target': 'obj_1', 'relation': 'center_proximity'}",red hexagon,red hexagon,red hexagon,True,0.2750020140001652,
ood_shape_000004_q02,ood_shape_000004,images/ood_shape/ood_shape_000004.png,Do the red hexagon and the yellow diamond overlap? Answer yes or no.,no,overlap,2,ood_shape,shape,"{'objects': ['obj_1', 'obj_3'], 'relation': 'overlap'}",no,no,no,True,0.17227574699995785,
ood_shape_000004_q03,ood_shape_000004,images/ood_shape/ood_shape_000004.png,Is the yellow star completely inside the red hexagon? Answer yes or no.,no,inside_outside,2,ood_shape,shape,"{'objects': ['obj_2', 'obj_1'], 'relation': 'inside'}",no,no,no,True,0.17160945900013758,
ood_shape_000004_q04,ood_shape_000004,images/ood_shape/ood_shape_000004.png,Which object is nearest from the yellow diamond?,red hexagon,nearest_farthest,2,ood_shape,shape,"{'anchor': 'obj_3', 'target': 'obj_1', 'relation': 'nearest'}",yellow diamond,red hexagon,yellow diamond,False,0.23135467799988874,ood_failure
ood_shape_000005_q01,ood_shape_000005,images/ood_shape/ood_shape_000005.png,Do the green star and the green diamond overlap? Answer yes or no.,no,overlap,2,ood_shape,shape,"{'objects': ['obj_2', 'obj_3'], 'relation': 'overlap'}",no,no,no,True,0.17363854800009904,
ood_shape_000005_q02,ood_shape_000005,images/ood_shape/ood_shape_000005.png,How many green objects are in the image?,2,counting,1,ood_shape,shape,{'filter': {'color': 'green'}},1,2,1,False,0.1754957769999237,ood_failure
ood_shape_000005_q03,ood_shape_000005,images/ood_shape/ood_shape_000005.png,Which object is farthest from the green diamond?,red diamond,nearest_farthest,2,ood_shape,shape,"{'anchor': 'obj_3', 'target': 'obj_1', 'relation': 'farthest'}",red rectangle,red diamond,red rectangle,False,0.22486015899994527,ood_failure
ood_shape_000005_q04,ood_shape_000005,images/ood_shape/ood_shape_000005.png,Which object is the rightmost in the image?,red diamond,relative_ordering,2,ood_shape,shape,"{'target': 'obj_1', 'relation': 'rightmost'}",The rightmost object in the image is a red rhombus.,red diamond,rightmost object in image is red rhombus,False,0.8570876209998914,ood_failure
ood_shape_000006_q01,ood_shape_000006,images/ood_shape/ood_shape_000006.png,Do the blue diamond and the red diamond overlap? Answer yes or no.,no,overlap,2,ood_shape,shape,"{'objects': ['obj_2', 'obj_3'], 'relation': 'overlap'}",no,no,no,True,0.17660177600009774,
ood_shape_000006_q02,ood_shape_000006,images/ood_shape/ood_shape_000006.png,Which object is both left of the blue star and below the blue diamond?,red diamond,multi_hop,4,ood_shape,shape,"{'anchors': ['obj_1', 'obj_2'], 'target': 'obj_3', 'relations': ['left of', 'below']}",red diamond,red diamond,red diamond,True,0.22385959600001115,
ood_shape_000006_q03,ood_shape_000006,images/ood_shape/ood_shape_000006.png,Is the blue star completely inside the blue diamond? Answer yes or no.,no,inside_outside,2,ood_shape,shape,"{'objects': ['obj_1', 'obj_2'], 'relation': 'inside'}",no,no,no,True,0.17211329900010242,
ood_shape_000006_q04,ood_shape_000006,images/ood_shape/ood_shape_000006.png,"Which object is larger, the red diamond or the blue star?",red diamond,relative_size,2,ood_shape,shape,"{'objects': ['obj_3', 'obj_1'], 'target': 'obj_3', 'relation': 'larger'}",The red diamond is larger than the blue star.,red diamond,red diamond is larger than blue star,False,0.6287596649999614,ood_failure
ood_shape_000007_q01,ood_shape_000007,images/ood_shape/ood_shape_000007.png,Which object is farthest from the green hexagon?,blue hexagon,nearest_farthest,2,ood_shape,shape,"{'anchor': 'obj_1', 'target': 'obj_2', 'relation': 'farthest'}",The white object is farthest from the green hexagon.,blue hexagon,white object is farthest from green hexagon,False,0.7417896699998892,ood_failure
ood_shape_000007_q02,ood_shape_000007,images/ood_shape/ood_shape_000007.png,Is the green star completely inside the green hexagon? Answer yes or no.,no,inside_outside,2,ood_shape,shape,"{'objects': ['obj_4', 'obj_1'], 'relation': 'inside'}",no,no,no,True,0.17187895400002162,
ood_shape_000007_q03,ood_shape_000007,images/ood_shape/ood_shape_000007.png,"Which object is larger, the green star or the blue hexagon?",green star,relative_size,2,ood_shape,shape,"{'objects': ['obj_4', 'obj_2'], 'target': 'obj_4', 'relation': 'larger'}",The green star is larger than the blue hexagon.,green star,green star is larger than blue hexagon,False,0.6845370450000701,ood_failure
ood_shape_000007_q04,ood_shape_000007,images/ood_shape/ood_shape_000007.png,Which object is both above the green star and below the yellow diamond?,green hexagon,multi_hop,4,ood_shape,shape,"{'anchors': ['obj_4', 'obj_3'], 'target': 'obj_1', 'relations': ['above', 'below']}",blue triangle,green hexagon,blue triangle,False,0.22298460699994394,ood_failure
ood_shape_000008_q01,ood_shape_000008,images/ood_shape/ood_shape_000008.png,"Which object is closer to the center of the image, the red hexagon or the yellow diamond?",red hexagon,center_proximity,2,ood_shape,shape,"{'objects': ['obj_4', 'obj_3'], 'target': 'obj_4', 'relation': 'center_proximity'}",red hexagon,red hexagon,red hexagon,True,0.2740210609999849,
ood_shape_000008_q02,ood_shape_000008,images/ood_shape/ood_shape_000008.png,How many blue objects are in the image?,1,counting,1,ood_shape,shape,{'filter': {'color': 'blue'}},1,1,1,True,0.1708650560001388,
ood_shape_000008_q03,ood_shape_000008,images/ood_shape/ood_shape_000008.png,Do the red hexagon and the red diamond overlap? Answer yes or no.,no,overlap,2,ood_shape,shape,"{'objects': ['obj_4', 'obj_1'], 'relation': 'overlap'}",no,no,no,True,0.17166132600004858,
ood_shape_000008_q04,ood_shape_000008,images/ood_shape/ood_shape_000008.png,Which object is the bottommost in the image?,yellow diamond,relative_ordering,2,ood_shape,shape,"{'target': 'obj_3', 'relation': 'bottommost'}",The bottommost object in the image is the yellow triangle.,yellow diamond,bottommost object in image is yellow triangle,False,0.7451840589999392,ood_failure
ood_shape_000009_q01,ood_shape_000009,images/ood_shape/ood_shape_000009.png,"Which object is closer to the center of the image, the green hexagon or the blue star?",green hexagon,center_proximity,2,ood_shape,shape,"{'objects': ['obj_2', 'obj_1'], 'target': 'obj_2', 'relation': 'center_proximity'}",green hexagon,green hexagon,green hexagon,True,0.2737764559999505,
ood_shape_000009_q02,ood_shape_000009,images/ood_shape/ood_shape_000009.png,"Which object is smaller, the green hexagon or the red diamond?",red diamond,relative_size,2,ood_shape,shape,"{'objects': ['obj_2', 'obj_3'], 'target': 'obj_3', 'relation': 'smaller'}",The green hexagon is smaller.,red diamond,green hexagon is smaller,False,0.4787131279999812,ood_failure
ood_shape_000009_q03,ood_shape_000009,images/ood_shape/ood_shape_000009.png,How many objects are above the blue star?,2,counting,2,ood_shape,shape,"{'anchor': 'obj_1', 'relation': 'above'}",3,2,3,False,0.17009798000003684,ood_failure
ood_shape_000009_q04,ood_shape_000009,images/ood_shape/ood_shape_000009.png,Which object is immediately above the green hexagon?,red diamond,above_below,2,ood_shape,shape,"{'anchor': 'obj_2', 'target': 'obj_3', 'relation': 'above'}",red triangle,red diamond,red triangle,False,0.2221147469999778,ood_failure
ood_shape_000010_q01,ood_shape_000010,images/ood_shape/ood_shape_000010.png,How many objects are above the green star?,0,counting,2,ood_shape,shape,"{'anchor': 'obj_3', 'relation': 'above'}",3,0,3,False,0.17123775999993995,ood_failure
ood_shape_000010_q02,ood_shape_000010,images/ood_shape/ood_shape_000010.png,Which object is both below the green star and left of the yellow diamond?,blue star,multi_hop,4,ood_shape,shape,"{'anchors': ['obj_3', 'obj_1'], 'target': 'obj_2', 'relations': ['below', 'left of']}",blue star,blue star,blue star,True,0.2221952610000244,
ood_shape_000010_q03,ood_shape_000010,images/ood_shape/ood_shape_000010.png,Do the red hexagon and the green star overlap? Answer yes or no.,no,overlap,2,ood_shape,shape,"{'objects': ['obj_4', 'obj_3'], 'relation': 'overlap'}",no,no,no,True,0.17408297800011496,
ood_shape_000010_q04,ood_shape_000010,images/ood_shape/ood_shape_000010.png,Which object is nearest from the blue star?,yellow diamond,nearest_farthest,2,ood_shape,shape,"{'anchor': 'obj_2', 'target': 'obj_1', 'relation': 'nearest'}","The blue star is on the left, the green star is above and to the right, the yellow shape is in the center, and the red shape is on the right. The blue star is on the left, the green star is above",yellow diamond,blue star is on left green star is above and to right yellow shape is in center and red shape is on right blue star is on left green star is above,False,2.524946355000111,ood_failure
ood_shape_000011_q01,ood_shape_000011,images/ood_shape/ood_shape_000011.png,Is the yellow star completely inside the red star? Answer yes or no.,no,inside_outside,2,ood_shape,shape,"{'objects': ['obj_1', 'obj_4'], 'relation': 'inside'}",no,no,no,True,0.17058849699992606,
ood_shape_000011_q02,ood_shape_000011,images/ood_shape/ood_shape_000011.png,Which object is both above the yellow diamond and below the yellow hexagon?,yellow star,multi_hop,4,ood_shape,shape,"{'anchors': ['obj_2', 'obj_3'], 'target': 'obj_1', 'relations': ['above', 'below']}",red star,yellow star,red star,False,0.22205033099999127,ood_failure
ood_shape_000011_q03,ood_shape_000011,images/ood_shape/ood_shape_000011.png,Do the yellow diamond and the yellow hexagon overlap? Answer yes or no.,no,overlap,2,ood_shape,shape,"{'objects': ['obj_2', 'obj_3'], 'relation': 'overlap'}",no,no,no,True,0.1705258209999556,
ood_shape_000011_q04,ood_shape_000011,images/ood_shape/ood_shape_000011.png,Which object is the topmost in the image?,red star,relative_ordering,2,ood_shape,shape,"{'target': 'obj_4', 'relation': 'topmost'}",The topmost object in the image is a red star.,red star,topmost object in image is red star,False,0.7336609159999625,ood_failure
ood_shape_000012_q01,ood_shape_000012,images/ood_shape/ood_shape_000012.png,"Which object is smaller, the yellow diamond or the green hexagon?",green hexagon,relative_size,2,ood_shape,shape,"{'objects': ['obj_4', 'obj_2'], 'target': 'obj_2', 'relation': 'smaller'}",yellow diamond,green hexagon,yellow diamond,False,0.22243007900010525,ood_failure
ood_shape_000012_q02,ood_shape_000012,images/ood_shape/ood_shape_000012.png,Which object is between the yellow diamond and the green diamond?,yellow star,between,3,ood_shape,shape,"{'objects': ['obj_4', 'obj_1'], 'target': 'obj_3', 'relation': 'between'}","The yellow diamond is on the right, the green diamond is on the left, and the yellow diamond is between the two. The yellow diamond is between the green diamond and the yellow diamond. The yellow diamond is between the green diamond and the",yellow star,yellow diamond is on right green diamond is on left and yellow diamond is between two yellow diamond is between green diamond and yellow diamond yellow diamond is between green diamond and,False,2.5619072839999717,ood_failure
ood_shape_000012_q03,ood_shape_000012,images/ood_shape/ood_shape_000012.png,Which object is farthest from the green hexagon?,green diamond,nearest_farthest,2,ood_shape,shape,"{'anchor': 'obj_2', 'target': 'obj_1', 'relation': 'farthest'}",The yellow triangle is farthest from the green hexagon.,green diamond,yellow triangle is farthest from green hexagon,False,0.7337014959998669,ood_failure
ood_shape_000012_q04,ood_shape_000012,images/ood_shape/ood_shape_000012.png,Is the green hexagon completely inside the yellow diamond? Answer yes or no.,no,inside_outside,2,ood_shape,shape,"{'objects': ['obj_2', 'obj_4'], 'relation': 'inside'}",no,no,no,True,0.17117743900007554,
ood_shape_000013_q01,ood_shape_000013,images/ood_shape/ood_shape_000013.png,Which object is immediately right of the yellow star?,yellow diamond,left_right,2,ood_shape,shape,"{'anchor': 'obj_3', 'target': 'obj_5', 'relation': 'right'}",blue star,yellow diamond,blue star,False,0.22144919499987736,ood_failure
ood_shape_000013_q02,ood_shape_000013,images/ood_shape/ood_shape_000013.png,"Which object is closer to the center of the image, the green diamond or the yellow diamond?",green diamond,center_proximity,2,ood_shape,shape,"{'objects': ['obj_1', 'obj_5'], 'target': 'obj_1', 'relation': 'center_proximity'}",green diamond,green diamond,green diamond,True,0.22267655399991781,
ood_shape_000013_q03,ood_shape_000013,images/ood_shape/ood_shape_000013.png,Do the green diamond and the blue diamond overlap? Answer yes or no.,no,overlap,2,ood_shape,shape,"{'objects': ['obj_1', 'obj_2'], 'relation': 'overlap'}",no,no,no,True,0.17078636699989147,
ood_shape_000013_q04,ood_shape_000013,images/ood_shape/ood_shape_000013.png,Is the yellow star completely inside the blue diamond? Answer yes or no.,no,inside_outside,2,ood_shape,shape,"{'objects': ['obj_3', 'obj_2'], 'relation': 'inside'}",no,no,no,True,0.17082856700017146,
ood_shape_000014_q01,ood_shape_000014,images/ood_shape/ood_shape_000014.png,Which object is immediately right of the green hexagon?,yellow diamond,left_right,2,ood_shape,shape,"{'anchor': 'obj_1', 'target': 'obj_3', 'relation': 'right'}",yellow triangle,yellow diamond,yellow triangle,False,0.22282634200018947,ood_failure
ood_shape_000014_q02,ood_shape_000014,images/ood_shape/ood_shape_000014.png,Do the yellow diamond and the yellow hexagon overlap? Answer yes or no.,no,overlap,2,ood_shape,shape,"{'objects': ['obj_3', 'obj_4'], 'relation': 'overlap'}",no,no,no,True,0.17128575600008844,
ood_shape_000014_q03,ood_shape_000014,images/ood_shape/ood_shape_000014.png,How many objects are left of the green hexagon?,0,counting,2,ood_shape,shape,"{'anchor': 'obj_1', 'relation': 'left'}",2,0,2,False,0.17072793800002728,ood_failure
ood_shape_000014_q04,ood_shape_000014,images/ood_shape/ood_shape_000014.png,Which object is farthest from the green hexagon?,yellow hexagon,nearest_farthest,2,ood_shape,shape,"{'anchor': 'obj_1', 'target': 'obj_4', 'relation': 'farthest'}",The red object is farthest from the green hexagon.,yellow hexagon,red object is farthest from green hexagon,False,0.7376488939999035,ood_failure
ood_shape_000015_q01,ood_shape_000015,images/ood_shape/ood_shape_000015.png,Do the green star and the green hexagon overlap? Answer yes or no.,no,overlap,2,ood_shape,shape,"{'objects': ['obj_4', 'obj_5'], 'relation': 'overlap'}",no,no,no,True,0.1713345670000308,
ood_shape_000015_q02,ood_shape_000015,images/ood_shape/ood_shape_000015.png,Which object is both left of the red diamond and below the green star?,yellow diamond,multi_hop,4,ood_shape,shape,"{'anchors': ['obj_1', 'obj_4'], 'target': 'obj_2', 'relations': ['left of', 'below']}",red diamond,yellow diamond,red diamond,False,0.22300047099997755,ood_failure
ood_shape_000015_q03,ood_shape_000015,images/ood_shape/ood_shape_000015.png,Is the yellow diamond completely inside the green star? Answer yes or no.,no,inside_outside,2,ood_shape,shape,"{'objects': ['obj_2', 'obj_4'], 'relation': 'inside'}",no,no,no,True,0.17129595599999448,
ood_shape_000015_q04,ood_shape_000015,images/ood_shape/ood_shape_000015.png,"Which object is larger, the green hexagon or the yellow diamond?",green hexagon,relative_size,2,ood_shape,shape,"{'objects': ['obj_5', 'obj_2'], 'target': 'obj_5', 'relation': 'larger'}",The green hexagon is larger than the yellow diamond.,green hexagon,green hexagon is larger than yellow diamond,False,0.6889937230000669,ood_failure
ood_shape_000016_q01,ood_shape_000016,images/ood_shape/ood_shape_000016.png,Which object is farthest from the red diamond?,green diamond,nearest_farthest,2,ood_shape,shape,"{'anchor': 'obj_1', 'target': 'obj_4', 'relation': 'farthest'}",The green star-shaped object is farthest from the red diamond.,green diamond,green star shaped object is farthest from red diamond,False,0.7883487369999784,ood_failure
ood_shape_000016_q02,ood_shape_000016,images/ood_shape/ood_shape_000016.png,Is the green diamond completely inside the red diamond? Answer yes or no.,no,inside_outside,2,ood_shape,shape,"{'objects': ['obj_4', 'obj_1'], 'relation': 'inside'}",no,no,no,True,0.1717204629999287,
ood_shape_000016_q03,ood_shape_000016,images/ood_shape/ood_shape_000016.png,"Which object is larger, the green diamond or the green star?",green star,relative_size,2,ood_shape,shape,"{'objects': ['obj_4', 'obj_2'], 'target': 'obj_2', 'relation': 'larger'}",The green star is larger than the green diamond.,green star,green star is larger than green diamond,False,0.6327993009999773,ood_failure
ood_shape_000016_q04,ood_shape_000016,images/ood_shape/ood_shape_000016.png,Which object is both below the green star and above the green diamond?,blue hexagon,multi_hop,4,ood_shape,shape,"{'anchors': ['obj_2', 'obj_4'], 'target': 'obj_3', 'relations': ['below', 'above']}",blue rectangle,blue hexagon,blue rectangle,False,0.22356509599990204,ood_failure
ood_shape_000017_q01,ood_shape_000017,images/ood_shape/ood_shape_000017.png,"Which object is closer to the center of the image, the blue hexagon or the red hexagon?",red hexagon,center_proximity,2,ood_shape,shape,"{'objects': ['obj_4', 'obj_3'], 'target': 'obj_3', 'relation': 'center_proximity'}",red hexagon,red hexagon,red hexagon,True,0.27805183899999975,
ood_shape_000017_q02,ood_shape_000017,images/ood_shape/ood_shape_000017.png,How many blue objects are in the image?,1,counting,1,ood_shape,shape,{'filter': {'color': 'blue'}},1,1,1,True,0.17110049100006108,
ood_shape_000017_q03,ood_shape_000017,images/ood_shape/ood_shape_000017.png,Do the blue hexagon and the yellow star overlap? Answer yes or no.,no,overlap,2,ood_shape,shape,"{'objects': ['obj_4', 'obj_1'], 'relation': 'overlap'}",no,no,no,True,0.17120104399987213,
ood_shape_000017_q04,ood_shape_000017,images/ood_shape/ood_shape_000017.png,Which object is the bottommost in the image?,yellow star,relative_ordering,2,ood_shape,shape,"{'target': 'obj_1', 'relation': 'bottommost'}",star,yellow star,star,False,0.17106466499990347,ood_failure
ood_shape_000018_q01,ood_shape_000018,images/ood_shape/ood_shape_000018.png,"Which object is closer to the center of the image, the red diamond or the red hexagon?",red hexagon,center_proximity,2,ood_shape,shape,"{'objects': ['obj_3', 'obj_2'], 'target': 'obj_2', 'relation': 'center_proximity'}",red hexagon,red hexagon,red hexagon,True,0.2740611079998416,
ood_shape_000018_q02,ood_shape_000018,images/ood_shape/ood_shape_000018.png,"Which object is smaller, the red diamond or the blue diamond?",blue diamond,relative_size,2,ood_shape,shape,"{'objects': ['obj_3', 'obj_4'], 'target': 'obj_4', 'relation': 'smaller'}",red diamond,blue diamond,red diamond,False,0.22383266700012427,ood_failure
ood_shape_000018_q03,ood_shape_000018,images/ood_shape/ood_shape_000018.png,How many objects are above the red hexagon?,1,counting,2,ood_shape,shape,"{'anchor': 'obj_2', 'relation': 'above'}",3,1,3,False,0.17066648300010456,ood_failure
ood_shape_000018_q04,ood_shape_000018,images/ood_shape/ood_shape_000018.png,Which object is farthest from the yellow star?,red hexagon,nearest_farthest,2,ood_shape,shape,"{'anchor': 'obj_5', 'target': 'obj_2', 'relation': 'farthest'}",red star,red hexagon,red star,False,0.2231813719999991,ood_failure
ood_shape_000019_q01,ood_shape_000019,images/ood_shape/ood_shape_000019.png,"Which object is closer to the center of the image, the blue star or the green diamond?",blue star,center_proximity,2,ood_shape,shape,"{'objects': ['obj_3', 'obj_1'], 'target': 'obj_3', 'relation': 'center_proximity'}",blue star,blue star,blue star,True,0.2231910840000637,
ood_shape_000019_q02,ood_shape_000019,images/ood_shape/ood_shape_000019.png,Which object is between the green star and the red hexagon?,blue star,between,3,ood_shape,shape,"{'objects': ['obj_2', 'obj_5'], 'target': 'obj_3', 'relation': 'between'}",blue star,blue star,blue star,True,0.22236796699985462,
ood_shape_000019_q03,ood_shape_000019,images/ood_shape/ood_shape_000019.png,"Which object is larger, the yellow star or the green diamond?",green diamond,relative_size,2,ood_shape,shape,"{'objects': ['obj_4', 'obj_1'], 'target': 'obj_1', 'relation': 'larger'}",The green diamond is larger than the yellow star.,green diamond,green diamond is larger than yellow star,False,0.6326143630001297,ood_failure
ood_shape_000019_q04,ood_shape_000019,images/ood_shape/ood_shape_000019.png,Do the yellow star and the red hexagon overlap? Answer yes or no.,no,overlap,2,ood_shape,shape,"{'objects': ['obj_4', 'obj_5'], 'relation': 'overlap'}",no,no,no,True,0.17142946900003153,
ood_shape_000020_q01,ood_shape_000020,images/ood_shape/ood_shape_000020.png,Is the red diamond completely inside the red star? Answer yes or no.,no,inside_outside,2,ood_shape,shape,"{'objects': ['obj_3', 'obj_1'], 'relation': 'inside'}",no,no,no,True,0.17113986100002876,
ood_shape_000020_q02,ood_shape_000020,images/ood_shape/ood_shape_000020.png,Which object is both above the red star and below the red diamond?,yellow star,multi_hop,4,ood_shape,shape,"{'anchors': ['obj_1', 'obj_3'], 'target': 'obj_2', 'relations': ['above', 'below']}",The red star is below the red diamond. The red star is above the red diamond. The red star is above the red diamond. The red star is above the red diamond. The red star is above the red diamond. The red star,yellow star,red star is below red diamond red star is above red diamond red star is above red diamond red star is above red diamond red star is above red diamond red star,False,2.570791262000057,ood_failure
ood_shape_000020_q03,ood_shape_000020,images/ood_shape/ood_shape_000020.png,Do the red star and the yellow star overlap? Answer yes or no.,no,overlap,2,ood_shape,shape,"{'objects': ['obj_1', 'obj_2'], 'relation': 'overlap'}",no,no,no,True,0.1716638469999907,
ood_shape_000020_q04,ood_shape_000020,images/ood_shape/ood_shape_000020.png,Which object is the rightmost in the image?,red star,relative_ordering,2,ood_shape,shape,"{'target': 'obj_1', 'relation': 'rightmost'}",The rightmost object in the image is a red star.,red star,rightmost object in image is red star,False,0.7428469949998089,ood_failure
ood_shape_000021_q01,ood_shape_000021,images/ood_shape/ood_shape_000021.png,"Which object is smaller, the green hexagon or the yellow star?",yellow star,relative_size,2,ood_shape,shape,"{'objects': ['obj_5', 'obj_4'], 'target': 'obj_4', 'relation': 'smaller'}",yellow star,yellow star,yellow star,True,0.22349173099996733,
ood_shape_000021_q02,ood_shape_000021,images/ood_shape/ood_shape_000021.png,Which object is farthest from the green hexagon?,red star,nearest_farthest,2,ood_shape,shape,"{'anchor': 'obj_5', 'target': 'obj_3', 'relation': 'farthest'}",yellow star,red star,yellow star,False,0.22290429500003484,ood_failure
ood_shape_000021_q03,ood_shape_000021,images/ood_shape/ood_shape_000021.png,Is the red star completely inside the green hexagon? Answer yes or no.,no,inside_outside,2,ood_shape,shape,"{'objects': ['obj_3', 'obj_5'], 'relation': 'inside'}",no,no,no,True,0.17135519999987991,
ood_shape_000021_q04,ood_shape_000021,images/ood_shape/ood_shape_000021.png,Which object is immediately right of the green hexagon?,yellow hexagon,left_right,2,ood_shape,shape,"{'anchor': 'obj_5', 'target': 'obj_2', 'relation': 'right'}",blue hexagon,yellow hexagon,blue hexagon,False,0.2742310549999729,ood_failure
ood_shape_000022_q01,ood_shape_000022,images/ood_shape/ood_shape_000022.png,"Which object is closer to the center of the image, the red hexagon or the red star?",red hexagon,center_proximity,2,ood_shape,shape,"{'objects': ['obj_1', 'obj_3'], 'target': 'obj_1', 'relation': 'center_proximity'}",red star,red hexagon,red star,False,0.2225802789998852,ood_failure
ood_shape_000022_q02,ood_shape_000022,images/ood_shape/ood_shape_000022.png,Do the red hexagon and the red star overlap? Answer yes or no.,no,overlap,2,ood_shape,shape,"{'objects': ['obj_1', 'obj_3'], 'relation': 'overlap'}",no,no,no,True,0.17141431699997156,
ood_shape_000022_q03,ood_shape_000022,images/ood_shape/ood_shape_000022.png,Is the yellow hexagon completely inside the red hexagon? Answer yes or no.,no,inside_outside,2,ood_shape,shape,"{'objects': ['obj_2', 'obj_1'], 'relation': 'inside'}",no,no,no,True,0.17438231799997084,
ood_shape_000022_q04,ood_shape_000022,images/ood_shape/ood_shape_000022.png,Which object is nearest from the red star?,red hexagon,nearest_farthest,2,ood_shape,shape,"{'anchor': 'obj_3', 'target': 'obj_1', 'relation': 'nearest'}","The red star is on the left, the red hexagon is on the left, the yellow hexagon is on the right, and the white background is in the center. The red star is on the left, the red hexagon is",red hexagon,red star is on left red hexagon is on left yellow hexagon is on right and white background is in center red star is on left red hexagon is,False,2.555320178999864,ood_failure
ood_shape_000023_q01,ood_shape_000023,images/ood_shape/ood_shape_000023.png,Which object is immediately right of the red star?,green hexagon,left_right,2,ood_shape,shape,"{'anchor': 'obj_1', 'target': 'obj_2', 'relation': 'right'}",The green hexagon is immediately right of the red star.,green hexagon,green hexagon is immediately right of red star,False,0.7368983640001261,ood_failure
ood_shape_000023_q02,ood_shape_000023,images/ood_shape/ood_shape_000023.png,Do the green hexagon and the red diamond overlap? Answer yes or no.,no,overlap,2,ood_shape,shape,"{'objects': ['obj_2', 'obj_3'], 'relation': 'overlap'}",no,no,no,True,0.17235390500013636,
ood_shape_000023_q03,ood_shape_000023,images/ood_shape/ood_shape_000023.png,How many green objects are in the image?,1,counting,1,ood_shape,shape,{'filter': {'color': 'green'}},1,1,1,True,0.1715941570000723,
ood_shape_000023_q04,ood_shape_000023,images/ood_shape/ood_shape_000023.png,Which object is farthest from the red diamond?,green hexagon,nearest_farthest,2,ood_shape,shape,"{'anchor': 'obj_3', 'target': 'obj_2', 'relation': 'farthest'}",green hexagon,green hexagon,green hexagon,True,0.275309537999874,
ood_shape_000024_q01,ood_shape_000024,images/ood_shape/ood_shape_000024.png,Do the red hexagon and the yellow diamond overlap? Answer yes or no.,no,overlap,2,ood_shape,shape,"{'objects': ['obj_4', 'obj_5'], 'relation': 'overlap'}",no,no,no,True,0.17230774699987705,
ood_shape_000024_q02,ood_shape_000024,images/ood_shape/ood_shape_000024.png,Which object is both right of the red hexagon and above the yellow diamond?,green star,multi_hop,4,ood_shape,shape,"{'anchors': ['obj_4', 'obj_5'], 'target': 'obj_2', 'relations': ['right of', 'above']}",The green star is both right of the red hexagon and above the yellow diamond.,green star,green star is both right of red hexagon and above yellow diamond,False,0.9941209579999395,ood_failure
ood_shape_000024_q03,ood_shape_000024,images/ood_shape/ood_shape_000024.png,Is the red diamond completely inside the red hexagon? Answer yes or no.,no,inside_outside,2,ood_shape,shape,"{'objects': ['obj_1', 'obj_4'], 'relation': 'inside'}",no,no,no,True,0.1724590999999691,
ood_shape_000024_q04,ood_shape_000024,images/ood_shape/ood_shape_000024.png,"Which object is larger, the blue diamond or the red hexagon?",red hexagon,relative_size,2,ood_shape,shape,"{'objects': ['obj_3', 'obj_4'], 'target': 'obj_4', 'relation': 'larger'}",The red hexagon is larger than the blue diamond.,red hexagon,red hexagon is larger than blue diamond,False,0.7091791620000549,ood_failure
ood_shape_000025_q01,ood_shape_000025,images/ood_shape/ood_shape_000025.png,Which object is farthest from the red diamond?,yellow diamond,nearest_farthest,2,ood_shape,shape,"{'anchor': 'obj_1', 'target': 'obj_2', 'relation': 'farthest'}",The white hexagon is farthest from the red diamond.,yellow diamond,white hexagon is farthest from red diamond,False,0.7381685610000659,ood_failure
ood_shape_000025_q02,ood_shape_000025,images/ood_shape/ood_shape_000025.png,Is the yellow hexagon completely inside the yellow diamond? Answer yes or no.,no,inside_outside,2,ood_shape,shape,"{'objects': ['obj_3', 'obj_2'], 'relation': 'inside'}",no,no,no,True,0.1771351689999392,
ood_shape_000025_q03,ood_shape_000025,images/ood_shape/ood_shape_000025.png,"Which object is smaller, the red diamond or the yellow diamond?",red diamond,relative_size,2,ood_shape,shape,"{'objects': ['obj_1', 'obj_2'], 'target': 'obj_1', 'relation': 'smaller'}",The red diamond is smaller.,red diamond,red diamond is smaller,False,0.4339718080000239,ood_failure
ood_shape_000025_q04,ood_shape_000025,images/ood_shape/ood_shape_000025.png,Which object is both right of the yellow diamond and below the red diamond?,yellow hexagon,multi_hop,4,ood_shape,shape,"{'anchors': ['obj_2', 'obj_1'], 'target': 'obj_3', 'relations': ['right of', 'below']}",yellow hexagon,yellow hexagon,yellow hexagon,True,0.2789447679999739,
ood_shape_000026_q01,ood_shape_000026,images/ood_shape/ood_shape_000026.png,"Which object is closer to the center of the image, the green star or the green hexagon?",green hexagon,center_proximity,2,ood_shape,shape,"{'objects': ['obj_4', 'obj_3'], 'target': 'obj_3', 'relation': 'center_proximity'}",green star,green hexagon,green star,False,0.22442348300000958,ood_failure
ood_shape_000026_q02,ood_shape_000026,images/ood_shape/ood_shape_000026.png,How many blue objects are in the image?,2,counting,1,ood_shape,shape,{'filter': {'color': 'blue'}},2,2,2,True,0.1738025499998912,
ood_shape_000026_q03,ood_shape_000026,images/ood_shape/ood_shape_000026.png,Do the green star and the blue star overlap? Answer yes or no.,no,overlap,2,ood_shape,shape,"{'objects': ['obj_4', 'obj_1'], 'relation': 'overlap'}",no,no,no,True,0.17479767900022125,
ood_shape_000026_q04,ood_shape_000026,images/ood_shape/ood_shape_000026.png,Which object is the bottommost in the image?,green star,relative_ordering,2,ood_shape,shape,"{'target': 'obj_4', 'relation': 'bottommost'}",The bottommost object in the image is the green star.,green star,bottommost object in image is green star,False,0.7500797299999249,ood_failure
ood_shape_000027_q01,ood_shape_000027,images/ood_shape/ood_shape_000027.png,"Which object is closer to the center of the image, the red star or the yellow hexagon?",yellow hexagon,center_proximity,2,ood_shape,shape,"{'objects': ['obj_3', 'obj_1'], 'target': 'obj_1', 'relation': 'center_proximity'}",red star,yellow hexagon,red star,False,0.22588507099999333,ood_failure
ood_shape_000027_q02,ood_shape_000027,images/ood_shape/ood_shape_000027.png,"Which object is smaller, the red star or the red diamond?",red star,relative_size,2,ood_shape,shape,"{'objects': ['obj_3', 'obj_2'], 'target': 'obj_3', 'relation': 'smaller'}",The red star is smaller than the red diamond.,red star,red star is smaller than red diamond,False,0.6398454969998966,ood_failure
ood_shape_000027_q03,ood_shape_000027,images/ood_shape/ood_shape_000027.png,How many objects are above the red diamond?,2,counting,2,ood_shape,shape,"{'anchor': 'obj_2', 'relation': 'above'}",3,2,3,False,0.17069345100003375,ood_failure
ood_shape_000027_q04,ood_shape_000027,images/ood_shape/ood_shape_000027.png,Which object is immediately above the green hexagon?,red star,above_below,2,ood_shape,shape,"{'anchor': 'obj_4', 'target': 'obj_3', 'relation': 'above'}",The red star is immediately above the green hexagon.,red star,red star is immediately above green hexagon,False,0.6918302730000505,ood_failure
ood_shape_000028_q01,ood_shape_000028,images/ood_shape/ood_shape_000028.png,"Which object is closer to the center of the image, the green hexagon or the green star?",green hexagon,center_proximity,2,ood_shape,shape,"{'objects': ['obj_3', 'obj_1'], 'target': 'obj_3', 'relation': 'center_proximity'}",green hexagon,green hexagon,green hexagon,True,0.2765425939999204,
ood_shape_000028_q02,ood_shape_000028,images/ood_shape/ood_shape_000028.png,Which object is between the yellow star and the blue hexagon?,green hexagon,between,3,ood_shape,shape,"{'objects': ['obj_4', 'obj_5'], 'target': 'obj_3', 'relation': 'between'}",The green hexagon is between the yellow star and the blue hexagon.,green hexagon,green hexagon is between yellow star and blue hexagon,False,0.8947975030000634,ood_failure
ood_shape_000028_q03,ood_shape_000028,images/ood_shape/ood_shape_000028.png,"Which object is larger, the yellow star or the green star?",yellow star,relative_size,2,ood_shape,shape,"{'objects': ['obj_4', 'obj_1'], 'target': 'obj_4', 'relation': 'larger'}",The yellow star is larger than the green star.,yellow star,yellow star is larger than green star,False,0.6346022249999805,ood_failure
ood_shape_000028_q04,ood_shape_000028,images/ood_shape/ood_shape_000028.png,Do the yellow star and the blue hexagon overlap? Answer yes or no.,no,overlap,2,ood_shape,shape,"{'objects': ['obj_4', 'obj_5'], 'relation': 'overlap'}",no,no,no,True,0.17386224099982428,
ood_shape_000029_q01,ood_shape_000029,images/ood_shape/ood_shape_000029.png,"Which object is smaller, the yellow hexagon or the blue diamond?",yellow hexagon,relative_size,2,ood_shape,shape,"{'objects': ['obj_1', 'obj_3'], 'target': 'obj_1', 'relation': 'smaller'}",yellow hexagon,yellow hexagon,yellow hexagon,True,0.27469737999990684,
ood_shape_000029_q02,ood_shape_000029,images/ood_shape/ood_shape_000029.png,Is the red hexagon completely inside the blue diamond? Answer yes or no.,no,inside_outside,2,ood_shape,shape,"{'objects': ['obj_2', 'obj_3'], 'relation': 'inside'}",no,no,no,True,0.1713610389999758,
ood_shape_000029_q03,ood_shape_000029,images/ood_shape/ood_shape_000029.png,Which object is nearest from the blue diamond?,yellow hexagon,nearest_farthest,2,ood_shape,shape,"{'anchor': 'obj_3', 'target': 'obj_1', 'relation': 'nearest'}","The blue diamond is at the top, the red object is at the bottom, and the yellow object is on the left. The blue diamond is the farthest from the red object, and the yellow object is the farthest from the blue",yellow hexagon,blue diamond is at top red object is at bottom and yellow object is on left blue diamond is farthest from red object and yellow object is farthest from blue,False,2.5529680799998005,ood_failure
ood_shape_000029_q04,ood_shape_000029,images/ood_shape/ood_shape_000029.png,Do the blue diamond and the red hexagon overlap? Answer yes or no.,no,overlap,2,ood_shape,shape,"{'objects': ['obj_3', 'obj_2'], 'relation': 'overlap'}",no,no,no,True,0.17244424399996205,
ood_shape_000030_q01,ood_shape_000030,images/ood_shape/ood_shape_000030.png,"Which object is smaller, the green star or the green hexagon?",green hexagon,relative_size,2,ood_shape,shape,"{'objects': ['obj_5', 'obj_4'], 'target': 'obj_4', 'relation': 'smaller'}",green star,green hexagon,green star,False,0.22225023100008912,ood_failure
ood_shape_000030_q02,ood_shape_000030,images/ood_shape/ood_shape_000030.png,Which object is between the green star and the blue hexagon?,yellow hexagon,between,3,ood_shape,shape,"{'objects': ['obj_5', 'obj_2'], 'target': 'obj_1', 'relation': 'between'}",yellow hexagon,yellow hexagon,yellow hexagon,True,0.27470521899999767,
ood_shape_000030_q03,ood_shape_000030,images/ood_shape/ood_shape_000030.png,Which object is nearest from the red diamond?,blue hexagon,nearest_farthest,2,ood_shape,shape,"{'anchor': 'obj_3', 'target': 'obj_2', 'relation': 'nearest'}","The red diamond is at the top right, and the green star is at the bottom left. The green star is the nearest to the red diamond. The red diamond is at the top right, and the green star is at the bottom left",blue hexagon,red diamond is at top right and green star is at bottom left green star is nearest to red diamond red diamond is at top right and green star is at bottom left,False,2.5513139090001005,ood_failure
ood_shape_000030_q04,ood_shape_000030,images/ood_shape/ood_shape_000030.png,Is the green hexagon completely inside the blue hexagon? Answer yes or no.,no,inside_outside,2,ood_shape,shape,"{'objects': ['obj_4', 'obj_2'], 'relation': 'inside'}",no,no,no,True,0.17524073300000964,
ood_shape_000031_q01,ood_shape_000031,images/ood_shape/ood_shape_000031.png,Which object is immediately right of the blue hexagon?,green star,left_right,2,ood_shape,shape,"{'anchor': 'obj_3', 'target': 'obj_2', 'relation': 'right'}",The object immediately right of the blue hexagon is the yellow diamond.,green star,object immediately right of blue hexagon is yellow diamond,False,0.8521901540000272,ood_failure
ood_shape_000031_q02,ood_shape_000031,images/ood_shape/ood_shape_000031.png,"Which object is closer to the center of the image, the blue star or the yellow diamond?",yellow diamond,center_proximity,2,ood_shape,shape,"{'objects': ['obj_1', 'obj_4'], 'target': 'obj_4', 'relation': 'center_proximity'}",blue star,yellow diamond,blue star,False,0.23026957999991282,ood_failure
ood_shape_000031_q03,ood_shape_000031,images/ood_shape/ood_shape_000031.png,Do the blue star and the yellow diamond overlap? Answer yes or no.,no,overlap,2,ood_shape,shape,"{'objects': ['obj_1', 'obj_4'], 'relation': 'overlap'}",no,no,no,True,0.17454560600003788,
ood_shape_000031_q04,ood_shape_000031,images/ood_shape/ood_shape_000031.png,Is the blue hexagon completely inside the blue star? Answer yes or no.,no,inside_outside,2,ood_shape,shape,"{'objects': ['obj_3', 'obj_1'], 'relation': 'inside'}",no,no,no,True,0.17255753600011303,
ood_shape_000032_q01,ood_shape_000032,images/ood_shape/ood_shape_000032.png,Which object is immediately right of the yellow diamond?,blue hexagon,left_right,2,ood_shape,shape,"{'anchor': 'obj_1', 'target': 'obj_2', 'relation': 'right'}",red star,blue hexagon,red star,False,0.22651399900018987,ood_failure
ood_shape_000032_q02,ood_shape_000032,images/ood_shape/ood_shape_000032.png,Do the yellow hexagon and the red star overlap? Answer yes or no.,no,overlap,2,ood_shape,shape,"{'objects': ['obj_3', 'obj_4'], 'relation': 'overlap'}",no,no,no,True,0.1739211350000005,
ood_shape_000032_q03,ood_shape_000032,images/ood_shape/ood_shape_000032.png,How many objects are left of the yellow diamond?,0,counting,2,ood_shape,shape,"{'anchor': 'obj_1', 'relation': 'left'}",3,0,3,False,0.17356272300003184,ood_failure
ood_shape_000032_q04,ood_shape_000032,images/ood_shape/ood_shape_000032.png,Which object is farthest from the yellow diamond?,red star,nearest_farthest,2,ood_shape,shape,"{'anchor': 'obj_1', 'target': 'obj_4', 'relation': 'farthest'}",blue hexagon,red star,blue hexagon,False,0.2749708799999553,ood_failure
ood_shape_000033_q01,ood_shape_000033,images/ood_shape/ood_shape_000033.png,Do the red star and the red hexagon overlap? Answer yes or no.,no,overlap,2,ood_shape,shape,"{'objects': ['obj_4', 'obj_5'], 'relation': 'overlap'}",no,no,no,True,0.1739875769999344,
ood_shape_000033_q02,ood_shape_000033,images/ood_shape/ood_shape_000033.png,Which object is both left of the yellow hexagon and below the red star?,red hexagon,multi_hop,4,ood_shape,shape,"{'anchors': ['obj_1', 'obj_4'], 'target': 'obj_5', 'relations': ['left of', 'below']}",red star,red hexagon,red star,False,0.22577902700004415,ood_failure
ood_shape_000033_q03,ood_shape_000033,images/ood_shape/ood_shape_000033.png,Is the yellow star completely inside the red star? Answer yes or no.,no,inside_outside,2,ood_shape,shape,"{'objects': ['obj_2', 'obj_4'], 'relation': 'inside'}",no,no,no,True,0.17261792499994044,
ood_shape_000033_q04,ood_shape_000033,images/ood_shape/ood_shape_000033.png,"Which object is larger, the red hexagon or the yellow star?",red hexagon,relative_size,2,ood_shape,shape,"{'objects': ['obj_5', 'obj_2'], 'target': 'obj_5', 'relation': 'larger'}",red hexagon,red hexagon,red hexagon,True,0.2756540469999891,
ood_shape_000034_q01,ood_shape_000034,images/ood_shape/ood_shape_000034.png,Which object is farthest from the yellow star?,green star,nearest_farthest,2,ood_shape,shape,"{'anchor': 'obj_1', 'target': 'obj_2', 'relation': 'farthest'}",blue triangle,green star,blue triangle,False,0.2223702650001087,ood_failure
ood_shape_000034_q02,ood_shape_000034,images/ood_shape/ood_shape_000034.png,Is the yellow hexagon completely inside the yellow star? Answer yes or no.,no,inside_outside,2,ood_shape,shape,"{'objects': ['obj_4', 'obj_1'], 'relation': 'inside'}",no,no,no,True,0.17168244100002994,
ood_shape_000034_q03,ood_shape_000034,images/ood_shape/ood_shape_000034.png,"Which object is larger, the yellow hexagon or the green star?",green star,relative_size,2,ood_shape,shape,"{'objects': ['obj_4', 'obj_2'], 'target': 'obj_2', 'relation': 'larger'}",yellow hexagon,green star,yellow hexagon,False,0.27593173099990054,ood_failure
ood_shape_000034_q04,ood_shape_000034,images/ood_shape/ood_shape_000034.png,Which object is both left of the green star and below the yellow hexagon?,yellow star,multi_hop,4,ood_shape,shape,"{'anchors': ['obj_2', 'obj_4'], 'target': 'obj_1', 'relations': ['left of', 'below']}",blue triangle,yellow star,blue triangle,False,0.22299036599997635,ood_failure
ood_shape_000035_q01,ood_shape_000035,images/ood_shape/ood_shape_000035.png,How many blue objects are in the image?,2,counting,1,ood_shape,shape,{'filter': {'color': 'blue'}},2,2,2,True,0.17102897999984634,
ood_shape_000035_q02,ood_shape_000035,images/ood_shape/ood_shape_000035.png,Do the blue hexagon and the yellow diamond overlap? Answer yes or no.,no,overlap,2,ood_shape,shape,"{'objects': ['obj_3', 'obj_2'], 'relation': 'overlap'}",no,no,no,True,0.17128548200003024,
ood_shape_000035_q03,ood_shape_000035,images/ood_shape/ood_shape_000035.png,Which object is the leftmost in the image?,blue hexagon,relative_ordering,2,ood_shape,shape,"{'target': 'obj_3', 'relation': 'leftmost'}",The leftmost object in the image is the blue hexagon.,blue hexagon,leftmost object in image is blue hexagon,False,0.7900685919998978,ood_failure
ood_shape_000035_q04,ood_shape_000035,images/ood_shape/ood_shape_000035.png,Which object is immediately above the yellow diamond?,blue star,above_below,2,ood_shape,shape,"{'anchor': 'obj_2', 'target': 'obj_1', 'relation': 'above'}",blue star,blue star,blue star,True,0.22301855600017007,
ood_shape_000036_q01,ood_shape_000036,images/ood_shape/ood_shape_000036.png,"Which object is closer to the center of the image, the blue diamond or the red hexagon?",red hexagon,center_proximity,2,ood_shape,shape,"{'objects': ['obj_3', 'obj_1'], 'target': 'obj_1', 'relation': 'center_proximity'}",blue diamond,red hexagon,blue diamond,False,0.2232970249999653,ood_failure
ood_shape_000036_q02,ood_shape_000036,images/ood_shape/ood_shape_000036.png,"Which object is smaller, the blue diamond or the green hexagon?",blue diamond,relative_size,2,ood_shape,shape,"{'objects': ['obj_3', 'obj_2'], 'target': 'obj_3', 'relation': 'smaller'}",blue diamond,blue diamond,blue diamond,True,0.2242232870000862,
ood_shape_000036_q03,ood_shape_000036,images/ood_shape/ood_shape_000036.png,How many objects are above the green hexagon?,2,counting,2,ood_shape,shape,"{'anchor': 'obj_2', 'relation': 'above'}",3,2,3,False,0.17412790100001985,ood_failure
ood_shape_000036_q04,ood_shape_000036,images/ood_shape/ood_shape_000036.png,Which object is nearest from the blue diamond?,green hexagon,nearest_farthest,2,ood_shape,shape,"{'anchor': 'obj_3', 'target': 'obj_2', 'relation': 'nearest'}","The blue diamond is at the bottom left, and the red hexagon is at the top right. The green hexagon is in the middle, and the blue diamond is at the bottom left. The blue diamond is the closest to the blue",green hexagon,blue diamond is at bottom left and red hexagon is at top right green hexagon is in middle and blue diamond is at bottom left blue diamond is closest to blue,False,2.541561085000012,ood_failure
ood_shape_000037_q01,ood_shape_000037,images/ood_shape/ood_shape_000037.png,"Which object is closer to the center of the image, the green star or the yellow diamond?",yellow diamond,center_proximity,2,ood_shape,shape,"{'objects': ['obj_3', 'obj_1'], 'target': 'obj_1', 'relation': 'center_proximity'}",yellow diamond,yellow diamond,yellow diamond,True,0.22383464200015624,
ood_shape_000037_q02,ood_shape_000037,images/ood_shape/ood_shape_000037.png,Which object is between the blue star and the yellow hexagon?,yellow diamond,between,3,ood_shape,shape,"{'objects': ['obj_4', 'obj_2'], 'target': 'obj_1', 'relation': 'between'}",The yellow hexagon is between the blue star and the red star.,yellow diamond,yellow hexagon is between blue star and red star,False,0.8408290789998318,ood_failure
ood_shape_000037_q03,ood_shape_000037,images/ood_shape/ood_shape_000037.png,"Which object is smaller, the yellow diamond or the yellow hexagon?",yellow hexagon,relative_size,2,ood_shape,shape,"{'objects': ['obj_1', 'obj_2'], 'target': 'obj_2', 'relation': 'smaller'}",yellow hexagon,yellow hexagon,yellow hexagon,True,0.2765655460000289,
ood_shape_000037_q04,ood_shape_000037,images/ood_shape/ood_shape_000037.png,Do the green star and the yellow hexagon overlap? Answer yes or no.,no,overlap,2,ood_shape,shape,"{'objects': ['obj_3', 'obj_2'], 'relation': 'overlap'}",no,no,no,True,0.1715202620000582,
ood_shape_000038_q01,ood_shape_000038,images/ood_shape/ood_shape_000038.png,"Which object is smaller, the blue star or the red star?",red star,relative_size,2,ood_shape,shape,"{'objects': ['obj_1', 'obj_3'], 'target': 'obj_3', 'relation': 'smaller'}",blue star,red star,blue star,False,0.2232397459999902,ood_failure
ood_shape_000038_q02,ood_shape_000038,images/ood_shape/ood_shape_000038.png,Is the blue hexagon completely inside the red star? Answer yes or no.,no,inside_outside,2,ood_shape,shape,"{'objects': ['obj_2', 'obj_3'], 'relation': 'inside'}",no,no,no,True,0.17200345499986724,
ood_shape_000038_q03,ood_shape_000038,images/ood_shape/ood_shape_000038.png,Which object is nearest from the red star?,blue hexagon,nearest_farthest,2,ood_shape,shape,"{'anchor': 'obj_3', 'target': 'obj_2', 'relation': 'nearest'}",blue star,blue hexagon,blue star,False,0.2229572039998402,ood_failure
ood_shape_000038_q04,ood_shape_000038,images/ood_shape/ood_shape_000038.png,Which object is immediately right of the blue hexagon?,red star,left_right,2,ood_shape,shape,"{'anchor': 'obj_2', 'target': 'obj_3', 'relation': 'right'}",red star,red star,red star,True,0.22643382199998996,
ood_shape_000039_q01,ood_shape_000039,images/ood_shape/ood_shape_000039.png,"Which object is closer to the center of the image, the blue diamond or the green star?",green star,center_proximity,2,ood_shape,shape,"{'objects': ['obj_2', 'obj_3'], 'target': 'obj_3', 'relation': 'center_proximity'}",green star,green star,green star,True,0.22368061599991051,
ood_shape_000039_q02,ood_shape_000039,images/ood_shape/ood_shape_000039.png,Which object is farthest from the blue diamond?,green hexagon,nearest_farthest,2,ood_shape,shape,"{'anchor': 'obj_2', 'target': 'obj_1', 'relation': 'farthest'}",The green star-shaped object is the one that is farthest from the blue diamond. The green star-shaped object is the one that is farthest from the blue diamond. The green star-shaped object is the one that is farthest from the,green hexagon,green star shaped object is one that is farthest from blue diamond green star shaped object is one that is farthest from blue diamond green star shaped object is one that is farthest from,False,2.593874317999962,ood_failure
ood_shape_000039_q03,ood_shape_000039,images/ood_shape/ood_shape_000039.png,Which object is both left of the blue diamond and right of the green star?,green hexagon,multi_hop,4,ood_shape,shape,"{'anchors': ['obj_2', 'obj_3'], 'target': 'obj_1', 'relations': ['left of', 'right of']}","The green star is left of the blue diamond, and the green star is left of the blue diamond. The green star is left of the blue diamond. The green star is left of the blue diamond. The green star is left of the",green hexagon,green star is left of blue diamond and green star is left of blue diamond green star is left of blue diamond green star is left of blue diamond green star is left of,False,2.5594986559999597,ood_failure
ood_shape_000039_q04,ood_shape_000039,images/ood_shape/ood_shape_000039.png,Do the blue diamond and the green star overlap? Answer yes or no.,no,overlap,2,ood_shape,shape,"{'objects': ['obj_2', 'obj_3'], 'relation': 'overlap'}",no,no,no,True,0.17277632500008622,
ood_shape_000040_q01,ood_shape_000040,images/ood_shape/ood_shape_000040.png,Which object is immediately right of the blue diamond?,blue star,left_right,2,ood_shape,shape,"{'anchor': 'obj_2', 'target': 'obj_1', 'relation': 'right'}",The red star is immediately right of the blue diamond.,blue star,red star is immediately right of blue diamond,False,0.7021331329999612,ood_failure
ood_shape_000040_q02,ood_shape_000040,images/ood_shape/ood_shape_000040.png,"Which object is closer to the center of the image, the blue star or the red star?",blue star,center_proximity,2,ood_shape,shape,"{'objects': ['obj_1', 'obj_3'], 'target': 'obj_1', 'relation': 'center_proximity'}",blue star,blue star,blue star,True,0.2232882509999854,
ood_shape_000040_q03,ood_shape_000040,images/ood_shape/ood_shape_000040.png,Do the blue star and the red star overlap? Answer yes or no.,no,overlap,2,ood_shape,shape,"{'objects': ['obj_1', 'obj_3'], 'relation': 'overlap'}",no,no,no,True,0.17467771699989498,
ood_shape_000040_q04,ood_shape_000040,images/ood_shape/ood_shape_000040.png,Is the blue diamond completely inside the blue star? Answer yes or no.,no,inside_outside,2,ood_shape,shape,"{'objects': ['obj_2', 'obj_1'], 'relation': 'inside'}",no,no,no,True,0.17056664000006094,
ood_shape_000041_q01,ood_shape_000041,images/ood_shape/ood_shape_000041.png,Which object is immediately right of the yellow star?,green diamond,left_right,2,ood_shape,shape,"{'anchor': 'obj_1', 'target': 'obj_3', 'relation': 'right'}",The green triangle is immediately right of the yellow star.,green diamond,green triangle is immediately right of yellow star,False,0.6817392660000223,ood_failure
ood_shape_000041_q02,ood_shape_000041,images/ood_shape/ood_shape_000041.png,Do the red star and the green diamond overlap? Answer yes or no.,no,overlap,2,ood_shape,shape,"{'objects': ['obj_2', 'obj_3'], 'relation': 'overlap'}",no,no,no,True,0.18299852899986035,
ood_shape_000041_q03,ood_shape_000041,images/ood_shape/ood_shape_000041.png,How many green objects are in the image?,1,counting,1,ood_shape,shape,{'filter': {'color': 'green'}},1,1,1,True,0.1704263980000178,
ood_shape_000041_q04,ood_shape_000041,images/ood_shape/ood_shape_000041.png,Which object is farthest from the green diamond?,yellow star,nearest_farthest,2,ood_shape,shape,"{'anchor': 'obj_3', 'target': 'obj_1', 'relation': 'farthest'}",The white object is farthest from the green diamond.,yellow star,white object is farthest from green diamond,False,0.6883003259999896,ood_failure
ood_shape_000042_q01,ood_shape_000042,images/ood_shape/ood_shape_000042.png,Do the green hexagon and the red diamond overlap? Answer yes or no.,no,overlap,2,ood_shape,shape,"{'objects': ['obj_2', 'obj_3'], 'relation': 'overlap'}",no,no,no,True,0.17680492099998446,
ood_shape_000042_q02,ood_shape_000042,images/ood_shape/ood_shape_000042.png,Which object is both below the yellow diamond and left of the red diamond?,green hexagon,multi_hop,4,ood_shape,shape,"{'anchors': ['obj_1', 'obj_3'], 'target': 'obj_2', 'relations': ['below', 'left of']}",green hexagon,green hexagon,green hexagon,True,0.2755633049998778,
ood_shape_000042_q03,ood_shape_000042,images/ood_shape/ood_shape_000042.png,Is the red diamond completely inside the green hexagon? Answer yes or no.,no,inside_outside,2,ood_shape,shape,"{'objects': ['obj_3', 'obj_2'], 'relation': 'inside'}",no,no,no,True,0.17018985599997905,
ood_shape_000042_q04,ood_shape_000042,images/ood_shape/ood_shape_000042.png,"Which object is larger, the red diamond or the green hexagon?",green hexagon,relative_size,2,ood_shape,shape,"{'objects': ['obj_3', 'obj_2'], 'target': 'obj_2', 'relation': 'larger'}",The green hexagon is larger than the red diamond.,green hexagon,green hexagon is larger than red diamond,False,0.6852164899999025,ood_failure
ood_shape_000043_q01,ood_shape_000043,images/ood_shape/ood_shape_000043.png,Which object is farthest from the blue diamond?,red hexagon,nearest_farthest,2,ood_shape,shape,"{'anchor': 'obj_1', 'target': 'obj_3', 'relation': 'farthest'}",The green diamond is the farthest from the blue diamond.,red hexagon,green diamond is farthest from blue diamond,False,0.7389725560001352,ood_failure
ood_shape_000043_q02,ood_shape_000043,images/ood_shape/ood_shape_000043.png,Is the red hexagon completely inside the green diamond? Answer yes or no.,no,inside_outside,2,ood_shape,shape,"{'objects': ['obj_3', 'obj_2'], 'relation': 'inside'}",no,no,no,True,0.17314908000003015,
ood_shape_000043_q03,ood_shape_000043,images/ood_shape/ood_shape_000043.png,"Which object is smaller, the blue diamond or the green diamond?",blue diamond,relative_size,2,ood_shape,shape,"{'objects': ['obj_1', 'obj_2'], 'target': 'obj_1', 'relation': 'smaller'}",blue diamond,blue diamond,blue diamond,True,0.22251107500005674,
ood_shape_000043_q04,ood_shape_000043,images/ood_shape/ood_shape_000043.png,Which object is both right of the blue diamond and below the red hexagon?,green diamond,multi_hop,4,ood_shape,shape,"{'anchors': ['obj_1', 'obj_3'], 'target': 'obj_2', 'relations': ['right of', 'below']}",green triangle,green diamond,green triangle,False,0.22276601499993376,ood_failure
ood_shape_000044_q01,ood_shape_000044,images/ood_shape/ood_shape_000044.png,How many yellow objects are in the image?,2,counting,1,ood_shape,shape,{'filter': {'color': 'yellow'}},2,2,2,True,0.1713187039999866,
ood_shape_000044_q02,ood_shape_000044,images/ood_shape/ood_shape_000044.png,Do the yellow diamond and the blue hexagon overlap? Answer yes or no.,no,overlap,2,ood_shape,shape,"{'objects': ['obj_4', 'obj_1'], 'relation': 'overlap'}",no,no,no,True,0.17093389299998307,
ood_shape_000044_q03,ood_shape_000044,images/ood_shape/ood_shape_000044.png,Which object is the bottommost in the image?,yellow hexagon,relative_ordering,2,ood_shape,shape,"{'target': 'obj_5', 'relation': 'bottommost'}",The bottommost object in the image is the green triangle.,yellow hexagon,bottommost object in image is green triangle,False,0.7440275799999654,ood_failure
ood_shape_000044_q04,ood_shape_000044,images/ood_shape/ood_shape_000044.png,Which object is immediately below the blue star?,blue hexagon,above_below,2,ood_shape,shape,"{'anchor': 'obj_2', 'target': 'obj_1', 'relation': 'below'}",The green triangle is immediately below the blue star.,blue hexagon,green triangle is immediately below blue star,False,0.6405223049998767,ood_failure
ood_shape_000045_q01,ood_shape_000045,images/ood_shape/ood_shape_000045.png,"Which object is smaller, the yellow star or the green hexagon?",yellow star,relative_size,2,ood_shape,shape,"{'objects': ['obj_3', 'obj_2'], 'target': 'obj_3', 'relation': 'smaller'}",yellow star,yellow star,yellow star,True,0.22644306600000164,
ood_shape_000045_q02,ood_shape_000045,images/ood_shape/ood_shape_000045.png,How many objects are above the green hexagon?,3,counting,2,ood_shape,shape,"{'anchor': 'obj_2', 'relation': 'above'}",3,3,3,True,0.17396222399997896,
ood_shape_000045_q03,ood_shape_000045,images/ood_shape/ood_shape_000045.png,Which object is immediately above the green star?,yellow diamond,above_below,2,ood_shape,shape,"{'anchor': 'obj_4', 'target': 'obj_1', 'relation': 'above'}",The yellow star is immediately above the green star.,yellow diamond,yellow star is immediately above green star,False,0.6455877280000095,ood_failure
ood_shape_000045_q04,ood_shape_000045,images/ood_shape/ood_shape_000045.png,Which object is nearest from the yellow star?,yellow diamond,nearest_farthest,2,ood_shape,shape,"{'anchor': 'obj_3', 'target': 'obj_1', 'relation': 'nearest'}","The yellow star is on the left, the green star is on the right, and the white object is in the center. The yellow star is on the left, the green star is on the right, and the white object is in the",yellow diamond,yellow star is on left green star is on right and white object is in center yellow star is on left green star is on right and white object is in,False,2.529558511999994,ood_failure
ood_shape_000046_q01,ood_shape_000046,images/ood_shape/ood_shape_000046.png,"Which object is closer to the center of the image, the green star or the red diamond?",red diamond,center_proximity,2,ood_shape,shape,"{'objects': ['obj_2', 'obj_1'], 'target': 'obj_1', 'relation': 'center_proximity'}",red diamond,red diamond,red diamond,True,0.22293812700013405,
ood_shape_000046_q02,ood_shape_000046,images/ood_shape/ood_shape_000046.png,"Which object is smaller, the red diamond or the green star?",red diamond,relative_size,2,ood_shape,shape,"{'objects': ['obj_1', 'obj_2'], 'target': 'obj_1', 'relation': 'smaller'}",red diamond,red diamond,red diamond,True,0.22252045599998382,
ood_shape_000046_q03,ood_shape_000046,images/ood_shape/ood_shape_000046.png,Do the red diamond and the blue diamond overlap? Answer yes or no.,no,overlap,2,ood_shape,shape,"{'objects': ['obj_1', 'obj_3'], 'relation': 'overlap'}",no,no,no,True,0.17089691899991521,
ood_shape_000046_q04,ood_shape_000046,images/ood_shape/ood_shape_000046.png,How many objects are left of the green star?,1,counting,2,ood_shape,shape,"{'anchor': 'obj_2', 'relation': 'left'}",2,1,2,False,0.17063144799999463,ood_failure
ood_shape_000047_q01,ood_shape_000047,images/ood_shape/ood_shape_000047.png,"Which object is smaller, the yellow star or the green diamond?",green diamond,relative_size,2,ood_shape,shape,"{'objects': ['obj_1', 'obj_2'], 'target': 'obj_2', 'relation': 'smaller'}",yellow star,green diamond,yellow star,False,0.22301485699995283,ood_failure
ood_shape_000047_q02,ood_shape_000047,images/ood_shape/ood_shape_000047.png,Is the yellow diamond completely inside the green star? Answer yes or no.,no,inside_outside,2,ood_shape,shape,"{'objects': ['obj_3', 'obj_5'], 'relation': 'inside'}",no,no,no,True,0.17134459299995797,
ood_shape_000047_q03,ood_shape_000047,images/ood_shape/ood_shape_000047.png,Which object is farthest from the yellow star?,green hexagon,nearest_farthest,2,ood_shape,shape,"{'anchor': 'obj_1', 'target': 'obj_4', 'relation': 'farthest'}",The green hexagon is farthest from the yellow star.,green hexagon,green hexagon is farthest from yellow star,False,0.7370324010000786,ood_failure
ood_shape_000047_q04,ood_shape_000047,images/ood_shape/ood_shape_000047.png,Which object is immediately right of the green star?,green hexagon,left_right,2,ood_shape,shape,"{'anchor': 'obj_5', 'target': 'obj_4', 'relation': 'right'}",The object immediately right of the green star is a yellow diamond.,green hexagon,object immediately right of green star is yellow diamond,False,0.7872441460001482,ood_failure
ood_shape_000048_q01,ood_shape_000048,images/ood_shape/ood_shape_000048.png,"Which object is closer to the center of the image, the green hexagon or the yellow star?",green hexagon,center_proximity,2,ood_shape,shape,"{'objects': ['obj_4', 'obj_5'], 'target': 'obj_4', 'relation': 'center_proximity'}",green hexagon,green hexagon,green hexagon,True,0.2741979429999901,
ood_shape_000048_q02,ood_shape_000048,images/ood_shape/ood_shape_000048.png,Which object is farthest from the red star?,green diamond,nearest_farthest,2,ood_shape,shape,"{'anchor': 'obj_3', 'target': 'obj_1', 'relation': 'farthest'}",The green object is farthest from the red star.,green diamond,green object is farthest from red star,False,0.6890382159999717,ood_failure
ood_shape_000048_q03,ood_shape_000048,images/ood_shape/ood_shape_000048.png,Which object is immediately below the blue hexagon?,green diamond,above_below,2,ood_shape,shape,"{'anchor': 'obj_2', 'target': 'obj_1', 'relation': 'below'}",The green hexagon is immediately below the blue hexagon.,green diamond,green hexagon is immediately below blue hexagon,False,0.7355151979998027,ood_failure
ood_shape_000048_q04,ood_shape_000048,images/ood_shape/ood_shape_000048.png,Which object is between the green diamond and the red star?,blue hexagon,between,3,ood_shape,shape,"{'objects': ['obj_1', 'obj_3'], 'target': 'obj_2', 'relation': 'between'}","The red star is on the left, the green diamond is in the center, and the yellow star is on the right. The red star is on the left, the green diamond is in the center, and the yellow star is on the",blue hexagon,red star is on left green diamond is in center and yellow star is on right red star is on left green diamond is in center and yellow star is on,False,2.535214617000065,ood_failure
ood_shape_000049_q01,ood_shape_000049,images/ood_shape/ood_shape_000049.png,"Which object is closer to the center of the image, the red diamond or the red star?",red star,center_proximity,2,ood_shape,shape,"{'objects': ['obj_2', 'obj_1'], 'target': 'obj_1', 'relation': 'center_proximity'}",red star,red star,red star,True,0.22405876400011948,
ood_shape_000049_q02,ood_shape_000049,images/ood_shape/ood_shape_000049.png,Which object is both below the red star and left of the green diamond?,green hexagon,multi_hop,4,ood_shape,shape,"{'anchors': ['obj_1', 'obj_4'], 'target': 'obj_3', 'relations': ['below', 'left of']}",The red star is above the green diamond. The green diamond is to the right of the red star. The green object is to the right of the red star. The green object is to the right of the red star. The green object,green hexagon,red star is above green diamond green diamond is to right of red star green object is to right of red star green object is to right of red star green object,False,2.570624521999889,ood_failure
ood_shape_000049_q03,ood_shape_000049,images/ood_shape/ood_shape_000049.png,Which object is farthest from the green hexagon?,red diamond,nearest_farthest,2,ood_shape,shape,"{'anchor': 'obj_3', 'target': 'obj_2', 'relation': 'farthest'}",The red star-shaped object is farthest from the green hexagon.,red diamond,red star shaped object is farthest from green hexagon,False,0.836258503000181,ood_failure
ood_shape_000049_q04,ood_shape_000049,images/ood_shape/ood_shape_000049.png,Which object is the rightmost in the image?,green diamond,relative_ordering,2,ood_shape,shape,"{'target': 'obj_4', 'relation': 'rightmost'}",The rightmost object in the image is a green triangle.,green diamond,rightmost object in image is green triangle,False,0.7377320470000086,ood_failure
ood_palette_000000_q01,ood_palette_000000,images/ood_palette/ood_palette_000000.png,Which object is immediately below the purple rectangle?,cyan rectangle,above_below,2,ood_palette,palette,"{'anchor': 'obj_1', 'target': 'obj_2', 'relation': 'below'}",The object immediately below the purple rectangle is a red triangle.,cyan rectangle,object immediately below purple rectangle is red triangle,False,0.7376753220000865,ood_failure
ood_palette_000000_q02,ood_palette_000000,images/ood_palette/ood_palette_000000.png,"Which object is larger, the purple rectangle or the pink triangle?",purple rectangle,relative_size,2,ood_palette,palette,"{'objects': ['obj_1', 'obj_3'], 'target': 'obj_1', 'relation': 'larger'}",The purple rectangle is larger than the pink triangle.,purple rectangle,purple rectangle is larger than pink triangle,False,0.6351491779998923,ood_failure
ood_palette_000000_q03,ood_palette_000000,images/ood_palette/ood_palette_000000.png,Do the purple rectangle and the cyan rectangle overlap? Answer yes or no.,no,overlap,2,ood_palette,palette,"{'objects': ['obj_1', 'obj_2'], 'relation': 'overlap'}",no,no,no,True,0.1703970539999773,
ood_palette_000000_q04,ood_palette_000000,images/ood_palette/ood_palette_000000.png,How many cyan objects are in the image?,1,counting,1,ood_palette,palette,{'filter': {'color': 'cyan'}},0,1,0,False,0.1702538800000184,ood_failure
ood_palette_000001_q01,ood_palette_000001,images/ood_palette/ood_palette_000001.png,Which object is between the pink triangle and the purple rectangle?,cyan rectangle,between,3,ood_palette,palette,"{'objects': ['obj_3', 'obj_4'], 'target': 'obj_2', 'relation': 'between'}",The object between the pink triangle and the purple rectangle is the green rectangle.,cyan rectangle,object between pink triangle and purple rectangle is green rectangle,False,0.8886747630001537,ood_failure
ood_palette_000001_q02,ood_palette_000001,images/ood_palette/ood_palette_000001.png,Which object is both right of the cyan circle and above the purple rectangle?,pink triangle,multi_hop,4,ood_palette,palette,"{'anchors': ['obj_5', 'obj_4'], 'target': 'obj_3', 'relations': ['right of', 'above']}",red triangle,pink triangle,red triangle,False,0.22493786900008672,ood_failure
ood_palette_000001_q03,ood_palette_000001,images/ood_palette/ood_palette_000001.png,Which object is the rightmost in the image?,pink triangle,relative_ordering,2,ood_palette,palette,"{'target': 'obj_3', 'relation': 'rightmost'}",The rightmost object in the image is a red triangle.,pink triangle,rightmost object in image is red triangle,False,0.7325177779998739,ood_failure
ood_palette_000001_q04,ood_palette_000001,images/ood_palette/ood_palette_000001.png,Is the pink triangle completely inside the pink rectangle? Answer yes or no.,no,inside_outside,2,ood_palette,palette,"{'objects': ['obj_3', 'obj_1'], 'relation': 'inside'}",no,no,no,True,0.1698798600000373,
ood_palette_000002_q01,ood_palette_000002,images/ood_palette/ood_palette_000002.png,Which object is between the pink circle and the cyan triangle?,pink triangle,between,3,ood_palette,palette,"{'objects': ['obj_3', 'obj_2'], 'target': 'obj_4', 'relation': 'between'}",orange rectangle,pink triangle,orange rectangle,False,0.2227645069999653,ood_failure
ood_palette_000002_q02,ood_palette_000002,images/ood_palette/ood_palette_000002.png,Which object is both below the cyan triangle and left of the pink triangle?,orange rectangle,multi_hop,4,ood_palette,palette,"{'anchors': ['obj_2', 'obj_4'], 'target': 'obj_1', 'relations': ['below', 'left of']}",orange square,orange rectangle,orange square,False,0.22181631900002685,ood_failure
ood_palette_000002_q03,ood_palette_000002,images/ood_palette/ood_palette_000002.png,"Which object is closer to the center of the image, the orange rectangle or the pink circle?",orange rectangle,center_proximity,2,ood_palette,palette,"{'objects': ['obj_1', 'obj_3'], 'target': 'obj_1', 'relation': 'center_proximity'}",pink circle,orange rectangle,pink circle,False,0.2234937710002214,ood_failure
ood_palette_000002_q04,ood_palette_000002,images/ood_palette/ood_palette_000002.png,Which object is immediately below the cyan triangle?,pink triangle,above_below,2,ood_palette,palette,"{'anchor': 'obj_2', 'target': 'obj_4', 'relation': 'below'}",The object immediately below the cyan triangle is the orange square.,pink triangle,object immediately below cyan triangle is orange square,False,0.7366537220000282,ood_failure
ood_palette_000003_q01,ood_palette_000003,images/ood_palette/ood_palette_000003.png,"Which object is closer to the center of the image, the purple circle or the purple rectangle?",purple circle,center_proximity,2,ood_palette,palette,"{'objects': ['obj_4', 'obj_5'], 'target': 'obj_4', 'relation': 'center_proximity'}",purple rectangle,purple circle,purple rectangle,False,0.22193019399992409,ood_failure
ood_palette_000003_q02,ood_palette_000003,images/ood_palette/ood_palette_000003.png,Is the orange rectangle completely inside the orange triangle? Answer yes or no.,no,inside_outside,2,ood_palette,palette,"{'objects': ['obj_2', 'obj_3'], 'relation': 'inside'}",no,no,no,True,0.1709283579998555,
ood_palette_000003_q03,ood_palette_000003,images/ood_palette/ood_palette_000003.png,Which object is between the purple rectangle and the orange triangle?,orange circle,between,3,ood_palette,palette,"{'objects': ['obj_5', 'obj_3'], 'target': 'obj_1', 'relation': 'between'}",orange rectangle,orange circle,orange rectangle,False,0.2236617880000722,ood_failure
ood_palette_000003_q04,ood_palette_000003,images/ood_palette/ood_palette_000003.png,How many objects are left of the orange rectangle?,2,counting,2,ood_palette,palette,"{'anchor': 'obj_2', 'relation': 'left'}",3,2,3,False,0.17051770299985947,ood_failure
ood_palette_000004_q01,ood_palette_000004,images/ood_palette/ood_palette_000004.png,Which object is immediately right of the purple triangle?,purple circle,left_right,2,ood_palette,palette,"{'anchor': 'obj_3', 'target': 'obj_2', 'relation': 'right'}",The purple circle,purple circle,purple circle,True,0.27263546900007896,
ood_palette_000004_q02,ood_palette_000004,images/ood_palette/ood_palette_000004.png,"Which object is smaller, the purple rectangle or the purple circle?",purple rectangle,relative_size,2,ood_palette,palette,"{'objects': ['obj_1', 'obj_2'], 'target': 'obj_1', 'relation': 'smaller'}",purple rectangle,purple rectangle,purple rectangle,True,0.22187944800020887,
ood_palette_000004_q03,ood_palette_000004,images/ood_palette/ood_palette_000004.png,Which object is both above the purple triangle and left of the purple circle?,purple rectangle,multi_hop,4,ood_palette,palette,"{'anchors': ['obj_3', 'obj_2'], 'target': 'obj_1', 'relations': ['above', 'left of']}",The purple rectangle is above the purple triangle and to the left of the purple circle.,purple rectangle,purple rectangle is above purple triangle and to left of purple circle,False,0.9977237900000091,ood_failure
ood_palette_000004_q04,ood_palette_000004,images/ood_palette/ood_palette_000004.png,Which object is the leftmost in the image?,purple rectangle,relative_ordering,2,ood_palette,palette,"{'target': 'obj_1', 'relation': 'leftmost'}",The leftmost object in the image is a rectangle.,purple rectangle,leftmost object in image is rectangle,False,0.6923033539999324,ood_failure
ood_palette_000005_q01,ood_palette_000005,images/ood_palette/ood_palette_000005.png,Which object is immediately left of the cyan circle?,pink circle,left_right,2,ood_palette,palette,"{'anchor': 'obj_1', 'target': 'obj_3', 'relation': 'left'}",The red object is immediately left of the cyan circle.,pink circle,red object is immediately left of cyan circle,False,0.6939137399999709,ood_failure
ood_palette_000005_q02,ood_palette_000005,images/ood_palette/ood_palette_000005.png,Which object is both below the orange rectangle and right of the pink circle?,cyan circle,multi_hop,4,ood_palette,palette,"{'anchors': ['obj_2', 'obj_3'], 'target': 'obj_1', 'relations': ['below', 'right of']}",teal circle,cyan circle,teal circle,False,0.2762559149998651,ood_failure
ood_palette_000005_q03,ood_palette_000005,images/ood_palette/ood_palette_000005.png,Do the pink circle and the cyan circle overlap? Answer yes or no.,no,overlap,2,ood_palette,palette,"{'objects': ['obj_3', 'obj_1'], 'relation': 'overlap'}",no,no,no,True,0.17401085400001648,
ood_palette_000005_q04,ood_palette_000005,images/ood_palette/ood_palette_000005.png,Which object is immediately above the orange rectangle?,pink circle,above_below,2,ood_palette,palette,"{'anchor': 'obj_2', 'target': 'obj_3', 'relation': 'above'}",The object immediately above the orange rectangle is a red circle.,pink circle,object immediately above orange rectangle is red circle,False,0.7472585699999854,ood_failure
ood_palette_000006_q01,ood_palette_000006,images/ood_palette/ood_palette_000006.png,"Which object is closer to the center of the image, the pink rectangle or the cyan rectangle?",pink rectangle,center_proximity,2,ood_palette,palette,"{'objects': ['obj_1', 'obj_2'], 'target': 'obj_1', 'relation': 'center_proximity'}",pink rectangle,pink rectangle,pink rectangle,True,0.221931252000104,
ood_palette_000006_q02,ood_palette_000006,images/ood_palette/ood_palette_000006.png,Which object is both left of the purple triangle and below the pink rectangle?,orange rectangle,multi_hop,4,ood_palette,palette,"{'anchors': ['obj_4', 'obj_1'], 'target': 'obj_3', 'relations': ['left of', 'below']}",orange rectangle,orange rectangle,orange rectangle,True,0.22249792799993884,
ood_palette_000006_q03,ood_palette_000006,images/ood_palette/ood_palette_000006.png,Which object is immediately below the purple triangle?,orange rectangle,above_below,2,ood_palette,palette,"{'anchor': 'obj_4', 'target': 'obj_3', 'relation': 'below'}",The object immediately below the purple triangle is the pink rectangle.,orange rectangle,object immediately below purple triangle is pink rectangle,False,0.7367424790002133,ood_failure
ood_palette_000006_q04,ood_palette_000006,images/ood_palette/ood_palette_000006.png,Which object is immediately left of the pink rectangle?,purple triangle,left_right,2,ood_palette,palette,"{'anchor': 'obj_1', 'target': 'obj_4', 'relation': 'left'}",orange rectangle,purple triangle,orange rectangle,False,0.2223802450000676,ood_failure
ood_palette_000007_q01,ood_palette_000007,images/ood_palette/ood_palette_000007.png,Which object is both left of the purple triangle and above the orange circle?,cyan circle,multi_hop,4,ood_palette,palette,"{'anchors': ['obj_3', 'obj_1'], 'target': 'obj_2', 'relations': ['left of', 'above']}",teal circle,cyan circle,teal circle,False,0.2733349999998609,ood_failure
ood_palette_000007_q02,ood_palette_000007,images/ood_palette/ood_palette_000007.png,Which object is the topmost in the image?,purple triangle,relative_ordering,2,ood_palette,palette,"{'target': 'obj_3', 'relation': 'topmost'}",triangle,purple triangle,triangle,False,0.1717534730000807,ood_failure
ood_palette_000007_q03,ood_palette_000007,images/ood_palette/ood_palette_000007.png,"Which object is smaller, the purple triangle or the cyan circle?",cyan circle,relative_size,2,ood_palette,palette,"{'objects': ['obj_3', 'obj_2'], 'target': 'obj_2', 'relation': 'smaller'}",The cyan circle is smaller.,cyan circle,cyan circle is smaller,False,0.42895414500003426,ood_failure
ood_palette_000007_q04,ood_palette_000007,images/ood_palette/ood_palette_000007.png,Which object is nearest from the purple triangle?,cyan circle,nearest_farthest,2,ood_palette,palette,"{'anchor': 'obj_3', 'target': 'obj_2', 'relation': 'nearest'}",The orange object is nearest from the purple triangle.,cyan circle,orange object is nearest from purple triangle,False,0.6346001320000596,ood_failure
ood_palette_000008_q01,ood_palette_000008,images/ood_palette/ood_palette_000008.png,Do the pink circle and the cyan rectangle overlap? Answer yes or no.,no,overlap,2,ood_palette,palette,"{'objects': ['obj_3', 'obj_2'], 'relation': 'overlap'}",no,no,no,True,0.1710322769999948,
ood_palette_000008_q02,ood_palette_000008,images/ood_palette/ood_palette_000008.png,Which object is both left of the cyan rectangle and above the orange rectangle?,pink circle,multi_hop,4,ood_palette,palette,"{'anchors': ['obj_2', 'obj_1'], 'target': 'obj_3', 'relations': ['left of', 'above']}",The object that is both left of the cyan rectangle and above the orange rectangle is the red circle.,pink circle,object that is both left of cyan rectangle and above orange rectangle is red circle,False,1.148837550000053,ood_failure
ood_palette_000008_q03,ood_palette_000008,images/ood_palette/ood_palette_000008.png,How many pink objects are in the image?,1,counting,1,ood_palette,palette,{'filter': {'color': 'pink'}},1,1,1,True,0.17070577599997705,
ood_palette_000008_q04,ood_palette_000008,images/ood_palette/ood_palette_000008.png,"Which object is closer to the center of the image, the cyan rectangle or the pink circle?",cyan rectangle,center_proximity,2,ood_palette,palette,"{'objects': ['obj_2', 'obj_3'], 'target': 'obj_2', 'relation': 'center_proximity'}",pink circle,cyan rectangle,pink circle,False,0.2232495089999702,ood_failure
ood_palette_000009_q01,ood_palette_000009,images/ood_palette/ood_palette_000009.png,Which object is the rightmost in the image?,purple rectangle,relative_ordering,2,ood_palette,palette,"{'target': 'obj_3', 'relation': 'rightmost'}",The rightmost object in the image is a purple rectangle.,purple rectangle,rightmost object in image is purple rectangle,False,0.7361127560000114,ood_failure
ood_palette_000009_q02,ood_palette_000009,images/ood_palette/ood_palette_000009.png,Is the purple triangle completely inside the purple rectangle? Answer yes or no.,no,inside_outside,2,ood_palette,palette,"{'objects': ['obj_2', 'obj_3'], 'relation': 'inside'}",no,no,no,True,0.17038699499994436,
ood_palette_000009_q03,ood_palette_000009,images/ood_palette/ood_palette_000009.png,"Which object is closer to the center of the image, the purple triangle or the purple rectangle?",purple rectangle,center_proximity,2,ood_palette,palette,"{'objects': ['obj_2', 'obj_3'], 'target': 'obj_3', 'relation': 'center_proximity'}",purple triangle,purple rectangle,purple triangle,False,0.22241365800005042,ood_failure
ood_palette_000009_q04,ood_palette_000009,images/ood_palette/ood_palette_000009.png,Do the cyan triangle and the purple triangle overlap? Answer yes or no.,no,overlap,2,ood_palette,palette,"{'objects': ['obj_1', 'obj_2'], 'relation': 'overlap'}",no,no,no,True,0.17222264299994094,
ood_palette_000010_q01,ood_palette_000010,images/ood_palette/ood_palette_000010.png,Which object is between the cyan circle and the purple triangle?,purple rectangle,between,3,ood_palette,palette,"{'objects': ['obj_2', 'obj_3'], 'target': 'obj_1', 'relation': 'between'}",The object between the cyan circle and the purple triangle is the red triangle.,purple rectangle,object between cyan circle and purple triangle is red triangle,False,0.8913580799999181,ood_failure
ood_palette_000010_q02,ood_palette_000010,images/ood_palette/ood_palette_000010.png,Which object is both left of the purple rectangle and above the pink triangle?,purple triangle,multi_hop,4,ood_palette,palette,"{'anchors': ['obj_1', 'obj_4'], 'target': 'obj_3', 'relations': ['left of', 'above']}",purple triangle,purple triangle,purple triangle,True,0.2229867099999865,
ood_palette_000010_q03,ood_palette_000010,images/ood_palette/ood_palette_000010.png,Which object is the bottommost in the image?,pink triangle,relative_ordering,2,ood_palette,palette,"{'target': 'obj_4', 'relation': 'bottommost'}",The bottommost object in the image is the teal circle.,pink triangle,bottommost object in image is teal circle,False,0.7380775269998594,ood_failure
ood_palette_000010_q04,ood_palette_000010,images/ood_palette/ood_palette_000010.png,"Which object is smaller, the cyan triangle or the cyan circle?",cyan triangle,relative_size,2,ood_palette,palette,"{'objects': ['obj_5', 'obj_2'], 'target': 'obj_5', 'relation': 'smaller'}",The cyan triangle is smaller than the cyan circle.,cyan triangle,cyan triangle is smaller than cyan circle,False,0.6367424490001667,ood_failure
ood_palette_000011_q01,ood_palette_000011,images/ood_palette/ood_palette_000011.png,Which object is between the orange rectangle and the pink circle?,purple rectangle,between,3,ood_palette,palette,"{'objects': ['obj_2', 'obj_1'], 'target': 'obj_4', 'relation': 'between'}",The orange rectangle is between the orange rectangle and the pink circle.,purple rectangle,orange rectangle is between orange rectangle and pink circle,False,0.7933946100001776,ood_failure
ood_palette_000011_q02,ood_palette_000011,images/ood_palette/ood_palette_000011.png,"Which object is closer to the center of the image, the purple rectangle or the orange rectangle?",purple rectangle,center_proximity,2,ood_palette,palette,"{'objects': ['obj_4', 'obj_2'], 'target': 'obj_4', 'relation': 'center_proximity'}",purple rectangle,purple rectangle,purple rectangle,True,0.2321394139999029,
ood_palette_000011_q03,ood_palette_000011,images/ood_palette/ood_palette_000011.png,Which object is immediately below the pink circle?,purple rectangle,above_below,2,ood_palette,palette,"{'anchor': 'obj_1', 'target': 'obj_4', 'relation': 'below'}",The object immediately below the pink circle is a purple rectangle.,purple rectangle,object immediately below pink circle is purple rectangle,False,0.7374235209999824,ood_failure
ood_palette_000011_q04,ood_palette_000011,images/ood_palette/ood_palette_000011.png,Is the orange rectangle completely inside the purple rectangle? Answer yes or no.,no,inside_outside,2,ood_palette,palette,"{'objects': ['obj_2', 'obj_4'], 'relation': 'inside'}",no,no,no,True,0.18364124699996864,
ood_palette_000012_q01,ood_palette_000012,images/ood_palette/ood_palette_000012.png,Which object is immediately above the orange circle?,pink triangle,above_below,2,ood_palette,palette,"{'anchor': 'obj_2', 'target': 'obj_1', 'relation': 'above'}",teal rectangle,pink triangle,teal rectangle,False,0.2818218679999518,ood_failure
ood_palette_000012_q02,ood_palette_000012,images/ood_palette/ood_palette_000012.png,"Which object is closer to the center of the image, the orange rectangle or the cyan rectangle?",cyan rectangle,center_proximity,2,ood_palette,palette,"{'objects': ['obj_4', 'obj_5'], 'target': 'obj_5', 'relation': 'center_proximity'}",orange rectangle,cyan rectangle,orange rectangle,False,0.2253467760001513,ood_failure
ood_palette_000012_q03,ood_palette_000012,images/ood_palette/ood_palette_000012.png,Is the orange circle completely inside the purple triangle? Answer yes or no.,no,inside_outside,2,ood_palette,palette,"{'objects': ['obj_2', 'obj_3'], 'relation': 'inside'}",no,no,no,True,0.18728239200004282,
ood_palette_000012_q04,ood_palette_000012,images/ood_palette/ood_palette_000012.png,Which object is between the pink triangle and the orange rectangle?,cyan rectangle,between,3,ood_palette,palette,"{'objects': ['obj_1', 'obj_4'], 'target': 'obj_5', 'relation': 'between'}",The object between the pink triangle and the orange rectangle is the orange circle.,cyan rectangle,object between pink triangle and orange rectangle is orange circle,False,0.9022445470000093,ood_failure
ood_palette_000013_q01,ood_palette_000013,images/ood_palette/ood_palette_000013.png,Which object is immediately left of the cyan circle?,pink rectangle,left_right,2,ood_palette,palette,"{'anchor': 'obj_3', 'target': 'obj_4', 'relation': 'left'}",The object immediately left of the cyan circle is a red square.,pink rectangle,object immediately left of cyan circle is red square,False,0.7919780180000089,ood_failure
ood_palette_000013_q02,ood_palette_000013,images/ood_palette/ood_palette_000013.png,"Which object is smaller, the pink rectangle or the cyan circle?",cyan circle,relative_size,2,ood_palette,palette,"{'objects': ['obj_4', 'obj_3'], 'target': 'obj_3', 'relation': 'smaller'}",cya,cyan circle,cya,False,0.22288531699996383,ood_failure
ood_palette_000013_q03,ood_palette_000013,images/ood_palette/ood_palette_000013.png,Which object is both below the cyan rectangle and above the cyan circle?,purple triangle,multi_hop,4,ood_palette,palette,"{'anchors': ['obj_2', 'obj_3'], 'target': 'obj_1', 'relations': ['below', 'above']}",The object that is both below the cyan rectangle and above the cyan circle is the purple triangle.,purple triangle,object that is both below cyan rectangle and above cyan circle is purple triangle,False,1.1026149620001888,ood_failure
ood_palette_000013_q04,ood_palette_000013,images/ood_palette/ood_palette_000013.png,Which object is the bottommost in the image?,pink rectangle,relative_ordering,2,ood_palette,palette,"{'target': 'obj_4', 'relation': 'bottommost'}",The bottommost object in the image is the green circle.,pink rectangle,bottommost object in image is green circle,False,0.7448801289999665,ood_failure
ood_palette_000014_q01,ood_palette_000014,images/ood_palette/ood_palette_000014.png,Which object is immediately left of the orange rectangle?,pink triangle,left_right,2,ood_palette,palette,"{'anchor': 'obj_1', 'target': 'obj_5', 'relation': 'left'}",The object immediately left of the orange rectangle is a red rectangle.,pink triangle,object immediately left of orange rectangle is red rectangle,False,0.793027703000007,ood_failure
ood_palette_000014_q02,ood_palette_000014,images/ood_palette/ood_palette_000014.png,Which object is both above the orange rectangle and right of the pink rectangle?,cyan rectangle,multi_hop,4,ood_palette,palette,"{'anchors': ['obj_1', 'obj_3'], 'target': 'obj_2', 'relations': ['above', 'right of']}",teal rectangle,cyan rectangle,teal rectangle,False,0.27757956499999636,ood_failure
ood_palette_000014_q03,ood_palette_000014,images/ood_palette/ood_palette_000014.png,Do the pink triangle and the pink rectangle overlap? Answer yes or no.,no,overlap,2,ood_palette,palette,"{'objects': ['obj_5', 'obj_3'], 'relation': 'overlap'}",no,no,no,True,0.17093840600000476,
ood_palette_000014_q04,ood_palette_000014,images/ood_palette/ood_palette_000014.png,Which object is immediately below the pink rectangle?,orange rectangle,above_below,2,ood_palette,palette,"{'anchor': 'obj_3', 'target': 'obj_1', 'relation': 'below'}",The object immediately below the pink rectangle is a blue rectangle.,orange rectangle,object immediately below pink rectangle is blue rectangle,False,0.7471339870000975,ood_failure
ood_palette_000015_q01,ood_palette_000015,images/ood_palette/ood_palette_000015.png,"Which object is closer to the center of the image, the orange rectangle or the purple rectangle?",purple rectangle,center_proximity,2,ood_palette,palette,"{'objects': ['obj_1', 'obj_3'], 'target': 'obj_3', 'relation': 'center_proximity'}",purple rectangle,purple rectangle,purple rectangle,True,0.22414195700002892,
ood_palette_000015_q02,ood_palette_000015,images/ood_palette/ood_palette_000015.png,Which object is both below the cyan rectangle and right of the purple rectangle?,orange rectangle,multi_hop,4,ood_palette,palette,"{'anchors': ['obj_5', 'obj_3'], 'target': 'obj_1', 'relations': ['below', 'right of']}",orange rectangle,orange rectangle,orange rectangle,True,0.22733210000001236,
ood_palette_000015_q03,ood_palette_000015,images/ood_palette/ood_palette_000015.png,Which object is immediately above the cyan rectangle?,purple circle,above_below,2,ood_palette,palette,"{'anchor': 'obj_5', 'target': 'obj_2', 'relation': 'above'}",The object immediately above the cyan rectangle is a purple rectangle.,purple circle,object immediately above cyan rectangle is purple rectangle,False,0.7388648000001012,ood_failure
ood_palette_000015_q04,ood_palette_000015,images/ood_palette/ood_palette_000015.png,Which object is immediately left of the pink circle?,orange rectangle,left_right,2,ood_palette,palette,"{'anchor': 'obj_4', 'target': 'obj_1', 'relation': 'left'}",The object immediately left of the pink circle is the blue rectangle.,orange rectangle,object immediately left of pink circle is blue rectangle,False,0.7975571619999755,ood_failure
ood_palette_000016_q01,ood_palette_000016,images/ood_palette/ood_palette_000016.png,Which object is between the pink rectangle and the pink circle?,orange circle,between,3,ood_palette,palette,"{'objects': ['obj_5', 'obj_3'], 'target': 'obj_1', 'relation': 'between'}",orange rectangle,orange circle,orange rectangle,False,0.22804746599990722,ood_failure
ood_palette_000016_q02,ood_palette_000016,images/ood_palette/ood_palette_000016.png,Which object is both left of the pink rectangle and below the orange circle?,pink circle,multi_hop,4,ood_palette,palette,"{'anchors': ['obj_5', 'obj_1'], 'target': 'obj_3', 'relations': ['left of', 'below']}",orange rectangle,pink circle,orange rectangle,False,0.22727249400008986,ood_failure
ood_palette_000016_q03,ood_palette_000016,images/ood_palette/ood_palette_000016.png,Which object is immediately left of the pink rectangle?,orange circle,left_right,2,ood_palette,palette,"{'anchor': 'obj_5', 'target': 'obj_1', 'relation': 'left'}",The object immediately left of the pink rectangle is a red circle.,orange circle,object immediately left of pink rectangle is red circle,False,0.7872556610000174,ood_failure
ood_palette_000016_q04,ood_palette_000016,images/ood_palette/ood_palette_000016.png,Which object is the bottommost in the image?,pink circle,relative_ordering,2,ood_palette,palette,"{'target': 'obj_3', 'relation': 'bottommost'}",The bottommost object in the image is the red circle.,pink circle,bottommost object in image is red circle,False,0.7404480809998404,ood_failure
ood_palette_000017_q01,ood_palette_000017,images/ood_palette/ood_palette_000017.png,Do the cyan triangle and the orange circle overlap? Answer yes or no.,no,overlap,2,ood_palette,palette,"{'objects': ['obj_5', 'obj_3'], 'relation': 'overlap'}",no,no,no,True,0.17013543799998843,
ood_palette_000017_q02,ood_palette_000017,images/ood_palette/ood_palette_000017.png,Which object is both below the pink triangle and above the purple rectangle?,orange circle,multi_hop,4,ood_palette,palette,"{'anchors': ['obj_2', 'obj_4'], 'target': 'obj_3', 'relations': ['below', 'above']}",The object that is both below the pink triangle and above the purple rectangle is the orange circle.,orange circle,object that is both below pink triangle and above purple rectangle is orange circle,False,1.1096016819999477,ood_failure
ood_palette_000017_q03,ood_palette_000017,images/ood_palette/ood_palette_000017.png,How many rectangle objects are in the image?,2,counting,1,ood_palette,palette,{'filter': {'shape': 'rectangle'}},2,2,2,True,0.17205766500001118,
ood_palette_000017_q04,ood_palette_000017,images/ood_palette/ood_palette_000017.png,"Which object is closer to the center of the image, the orange circle or the cyan triangle?",orange circle,center_proximity,2,ood_palette,palette,"{'objects': ['obj_3', 'obj_5'], 'target': 'obj_3', 'relation': 'center_proximity'}",orange circle,orange circle,orange circle,True,0.22829577700008485,
ood_palette_000018_q01,ood_palette_000018,images/ood_palette/ood_palette_000018.png,Which object is the rightmost in the image?,cyan circle,relative_ordering,2,ood_palette,palette,"{'target': 'obj_2', 'relation': 'rightmost'}",triangle,cyan circle,triangle,False,0.17514778700001443,ood_failure
ood_palette_000018_q02,ood_palette_000018,images/ood_palette/ood_palette_000018.png,Which object is immediately right of the orange circle?,cyan rectangle,left_right,2,ood_palette,palette,"{'anchor': 'obj_3', 'target': 'obj_1', 'relation': 'right'}",triangle,cyan rectangle,triangle,False,0.1744602890000806,ood_failure
ood_palette_000018_q03,ood_palette_000018,images/ood_palette/ood_palette_000018.png,Is the cyan triangle completely inside the cyan circle? Answer yes or no.,no,inside_outside,2,ood_palette,palette,"{'objects': ['obj_4', 'obj_2'], 'relation': 'inside'}",no,no,no,True,0.1718248390000099,
ood_palette_000018_q04,ood_palette_000018,images/ood_palette/ood_palette_000018.png,Which object is immediately below the orange circle?,cyan circle,above_below,2,ood_palette,palette,"{'anchor': 'obj_3', 'target': 'obj_2', 'relation': 'below'}",The object immediately below the orange circle is a blue rectangle.,cyan circle,object immediately below orange circle is blue rectangle,False,0.7416062930001317,ood_failure
ood_palette_000019_q01,ood_palette_000019,images/ood_palette/ood_palette_000019.png,Which object is both left of the purple rectangle and above the pink rectangle?,orange circle,multi_hop,4,ood_palette,palette,"{'anchors': ['obj_3', 'obj_2'], 'target': 'obj_4', 'relations': ['left of', 'above']}",The orange object is both left of the purple rectangle and above the pink rectangle.,orange circle,orange object is both left of purple rectangle and above pink rectangle,False,0.9471824909999214,ood_failure
ood_palette_000019_q02,ood_palette_000019,images/ood_palette/ood_palette_000019.png,Which object is nearest from the orange rectangle?,pink rectangle,nearest_farthest,2,ood_palette,palette,"{'anchor': 'obj_1', 'target': 'obj_2', 'relation': 'nearest'}","The orange rectangle is the leftmost object in the image, and it is the closest to the other objects. The orange rectangle is the leftmost and is the closest to the other objects. The orange rectangle is the leftmost and is the",pink rectangle,orange rectangle is leftmost object in image and it is closest to other objects orange rectangle is leftmost and is closest to other objects orange rectangle is leftmost and is,False,2.5547028319999754,ood_failure
ood_palette_000019_q03,ood_palette_000019,images/ood_palette/ood_palette_000019.png,Which object is between the pink rectangle and the orange circle?,purple rectangle,between,3,ood_palette,palette,"{'objects': ['obj_2', 'obj_4'], 'target': 'obj_3', 'relation': 'between'}",The object between the pink rectangle and the orange circle is the orange circle.,purple rectangle,object between pink rectangle and orange circle is orange circle,False,0.8983332469999823,ood_failure
ood_palette_000019_q04,ood_palette_000019,images/ood_palette/ood_palette_000019.png,Which object is immediately left of the pink rectangle?,purple rectangle,left_right,2,ood_palette,palette,"{'anchor': 'obj_2', 'target': 'obj_3', 'relation': 'left'}",The orange rectangle is immediately to the left of the pink rectangle.,purple rectangle,orange rectangle is immediately to left of pink rectangle,False,0.8030647190000764,ood_failure
ood_palette_000020_q01,ood_palette_000020,images/ood_palette/ood_palette_000020.png,Which object is between the pink triangle and the purple circle?,orange triangle,between,3,ood_palette,palette,"{'objects': ['obj_2', 'obj_1'], 'target': 'obj_3', 'relation': 'between'}",orange triangle,orange triangle,orange triangle,True,0.2206537249999201,
ood_palette_000020_q02,ood_palette_000020,images/ood_palette/ood_palette_000020.png,Which object is both above the pink triangle and right of the orange triangle?,purple circle,multi_hop,4,ood_palette,palette,"{'anchors': ['obj_2', 'obj_3'], 'target': 'obj_1', 'relations': ['above', 'right of']}",purple circle,purple circle,purple circle,True,0.22819520300004115,
ood_palette_000020_q03,ood_palette_000020,images/ood_palette/ood_palette_000020.png,"Which object is closer to the center of the image, the pink triangle or the orange triangle?",orange triangle,center_proximity,2,ood_palette,palette,"{'objects': ['obj_2', 'obj_3'], 'target': 'obj_3', 'relation': 'center_proximity'}",pink triangle,orange triangle,pink triangle,False,0.2234841030001462,ood_failure
ood_palette_000020_q04,ood_palette_000020,images/ood_palette/ood_palette_000020.png,Is the orange triangle completely inside the purple circle? Answer yes or no.,no,inside_outside,2,ood_palette,palette,"{'objects': ['obj_3', 'obj_1'], 'relation': 'inside'}",no,no,no,True,0.17525692100002743,
ood_palette_000021_q01,ood_palette_000021,images/ood_palette/ood_palette_000021.png,Which object is immediately above the orange circle?,pink circle,above_below,2,ood_palette,palette,"{'anchor': 'obj_2', 'target': 'obj_4', 'relation': 'above'}",The object immediately above the orange circle is the pink circle.,pink circle,object immediately above orange circle is pink circle,False,0.7470835809999699,ood_failure
ood_palette_000021_q02,ood_palette_000021,images/ood_palette/ood_palette_000021.png,"Which object is closer to the center of the image, the pink circle or the orange circle?",orange circle,center_proximity,2,ood_palette,palette,"{'objects': ['obj_4', 'obj_2'], 'target': 'obj_2', 'relation': 'center_proximity'}",orange circle,orange circle,orange circle,True,0.22369559399999162,
ood_palette_000021_q03,ood_palette_000021,images/ood_palette/ood_palette_000021.png,Is the orange circle completely inside the purple rectangle? Answer yes or no.,no,inside_outside,2,ood_palette,palette,"{'objects': ['obj_2', 'obj_3'], 'relation': 'inside'}",no,no,no,True,0.1710177309998926,
ood_palette_000021_q04,ood_palette_000021,images/ood_palette/ood_palette_000021.png,Which object is between the purple triangle and the pink circle?,orange circle,between,3,ood_palette,palette,"{'objects': ['obj_1', 'obj_4'], 'target': 'obj_2', 'relation': 'between'}",orange circle,orange circle,orange circle,True,0.22185661499997877,
ood_palette_000022_q01,ood_palette_000022,images/ood_palette/ood_palette_000022.png,"Which object is smaller, the cyan triangle or the purple rectangle?",cyan triangle,relative_size,2,ood_palette,palette,"{'objects': ['obj_1', 'obj_2'], 'target': 'obj_1', 'relation': 'smaller'}",The cyan triangle is smaller.,cyan triangle,cyan triangle is smaller,False,0.4378408309999031,ood_failure
ood_palette_000022_q02,ood_palette_000022,images/ood_palette/ood_palette_000022.png,Which object is both above the purple triangle and left of the purple rectangle?,cyan triangle,multi_hop,4,ood_palette,palette,"{'anchors': ['obj_3', 'obj_2'], 'target': 'obj_1', 'relations': ['above', 'left of']}",The green triangle is above the purple triangle and to the left of the purple rectangle.,cyan triangle,green triangle is above purple triangle and to left of purple rectangle,False,1.0000435090000792,ood_failure
ood_palette_000022_q03,ood_palette_000022,images/ood_palette/ood_palette_000022.png,Which object is the leftmost in the image?,cyan triangle,relative_ordering,2,ood_palette,palette,"{'target': 'obj_1', 'relation': 'leftmost'}",The leftmost object in the image is a triangle.,cyan triangle,leftmost object in image is triangle,False,0.6933541969999624,ood_failure
ood_palette_000022_q04,ood_palette_000022,images/ood_palette/ood_palette_000022.png,How many rectangle objects are in the image?,1,counting,1,ood_palette,palette,{'filter': {'shape': 'rectangle'}},2,1,2,False,0.17049166299989338,ood_failure
ood_palette_000023_q01,ood_palette_000023,images/ood_palette/ood_palette_000023.png,Which object is immediately left of the pink circle?,pink triangle,left_right,2,ood_palette,palette,"{'anchor': 'obj_1', 'target': 'obj_5', 'relation': 'left'}",orange rectangle,pink triangle,orange rectangle,False,0.22404356300012296,ood_failure
ood_palette_000023_q02,ood_palette_000023,images/ood_palette/ood_palette_000023.png,Which object is both above the pink circle and right of the orange rectangle?,pink triangle,multi_hop,4,ood_palette,palette,"{'anchors': ['obj_1', 'obj_3'], 'target': 'obj_5', 'relations': ['above', 'right of']}",The object that is both above the pink circle and right of the orange rectangle is the teal rectangle.,pink triangle,object that is both above pink circle and right of orange rectangle is teal rectangle,False,1.1710316389999207,ood_failure
ood_palette_000023_q03,ood_palette_000023,images/ood_palette/ood_palette_000023.png,Do the pink triangle and the orange rectangle overlap? Answer yes or no.,no,overlap,2,ood_palette,palette,"{'objects': ['obj_5', 'obj_3'], 'relation': 'overlap'}",no,no,no,True,0.17107367299990983,
ood_palette_000023_q04,ood_palette_000023,images/ood_palette/ood_palette_000023.png,Which object is immediately below the orange rectangle?,orange circle,above_below,2,ood_palette,palette,"{'anchor': 'obj_3', 'target': 'obj_2', 'relation': 'below'}","The orange rectangle is at the bottom of the image, and the object immediately below it is the orange circle.",orange circle,orange rectangle is at bottom of image and object immediately below it is orange circle,False,1.2560098199999175,ood_failure
ood_palette_000024_q01,ood_palette_000024,images/ood_palette/ood_palette_000024.png,Which object is both above the orange triangle and left of the purple circle?,purple rectangle,multi_hop,4,ood_palette,palette,"{'anchors': ['obj_1', 'obj_3'], 'target': 'obj_2', 'relations': ['above', 'left of']}",The white rectangle is above the orange triangle and to the left of the purple circle.,purple rectangle,white rectangle is above orange triangle and to left of purple circle,False,0.9972139949998109,ood_failure
ood_palette_000024_q02,ood_palette_000024,images/ood_palette/ood_palette_000024.png,Which object is immediately above the orange triangle?,purple rectangle,above_below,2,ood_palette,palette,"{'anchor': 'obj_1', 'target': 'obj_2', 'relation': 'above'}",purple rectangle,purple rectangle,purple rectangle,True,0.22634846500000094,
ood_palette_000024_q03,ood_palette_000024,images/ood_palette/ood_palette_000024.png,Is the orange triangle completely inside the purple circle? Answer yes or no.,no,inside_outside,2,ood_palette,palette,"{'objects': ['obj_1', 'obj_3'], 'relation': 'inside'}",no,no,no,True,0.1716935529998409,
ood_palette_000024_q04,ood_palette_000024,images/ood_palette/ood_palette_000024.png,Which object is the bottommost in the image?,orange triangle,relative_ordering,2,ood_palette,palette,"{'target': 'obj_1', 'relation': 'bottommost'}",triangle,orange triangle,triangle,False,0.17122191499993278,ood_failure
ood_palette_000025_q01,ood_palette_000025,images/ood_palette/ood_palette_000025.png,Which object is between the pink triangle and the pink circle?,purple circle,between,3,ood_palette,palette,"{'objects': ['obj_5', 'obj_4'], 'target': 'obj_2', 'relation': 'between'}",The object between the pink triangle and the pink circle is the purple circle.,purple circle,object between pink triangle and pink circle is purple circle,False,0.8925545360000342,ood_failure
ood_palette_000025_q02,ood_palette_000025,images/ood_palette/ood_palette_000025.png,Which object is both above the pink triangle and left of the pink circle?,cyan triangle,multi_hop,4,ood_palette,palette,"{'anchors': ['obj_5', 'obj_4'], 'target': 'obj_1', 'relations': ['above', 'left of']}",teal triangle,cyan triangle,teal triangle,False,0.27450714800011156,ood_failure
ood_palette_000025_q03,ood_palette_000025,images/ood_palette/ood_palette_000025.png,Which object is the bottommost in the image?,pink triangle,relative_ordering,2,ood_palette,palette,"{'target': 'obj_5', 'relation': 'bottommost'}",triangle,pink triangle,triangle,False,0.1712595159999637,ood_failure
ood_palette_000025_q04,ood_palette_000025,images/ood_palette/ood_palette_000025.png,"Which object is smaller, the purple circle or the cyan rectangle?",cyan rectangle,relative_size,2,ood_palette,palette,"{'objects': ['obj_2', 'obj_3'], 'target': 'obj_3', 'relation': 'smaller'}",purple circle,cyan rectangle,purple circle,False,0.2263650779998443,ood_failure
ood_palette_000026_q01,ood_palette_000026,images/ood_palette/ood_palette_000026.png,Do the orange rectangle and the orange triangle overlap? Answer yes or no.,no,overlap,2,ood_palette,palette,"{'objects': ['obj_3', 'obj_2'], 'relation': 'overlap'}",no,no,no,True,0.17300633899981221,
ood_palette_000026_q02,ood_palette_000026,images/ood_palette/ood_palette_000026.png,Which object is both right of the orange rectangle and below the orange circle?,orange triangle,multi_hop,4,ood_palette,palette,"{'anchors': ['obj_3', 'obj_1'], 'target': 'obj_2', 'relations': ['right of', 'below']}",triangle,orange triangle,triangle,False,0.1748056019998785,ood_failure
ood_palette_000026_q03,ood_palette_000026,images/ood_palette/ood_palette_000026.png,How many objects are above the orange rectangle?,2,counting,2,ood_palette,palette,"{'anchor': 'obj_3', 'relation': 'above'}",2,2,2,True,0.1715749049999431,
ood_palette_000026_q04,ood_palette_000026,images/ood_palette/ood_palette_000026.png,"Which object is closer to the center of the image, the orange circle or the orange triangle?",orange triangle,center_proximity,2,ood_palette,palette,"{'objects': ['obj_1', 'obj_2'], 'target': 'obj_2', 'relation': 'center_proximity'}",orange circle,orange triangle,orange circle,False,0.22660565099999985,ood_failure
ood_palette_000027_q01,ood_palette_000027,images/ood_palette/ood_palette_000027.png,Which object is the rightmost in the image?,cyan circle,relative_ordering,2,ood_palette,palette,"{'target': 'obj_4', 'relation': 'rightmost'}",The rightmost object in the image is a teal circle.,cyan circle,rightmost object in image is teal circle,False,0.735936201000186,ood_failure
ood_palette_000027_q02,ood_palette_000027,images/ood_palette/ood_palette_000027.png,Which object is immediately right of the cyan rectangle?,cyan circle,left_right,2,ood_palette,palette,"{'anchor': 'obj_5', 'target': 'obj_4', 'relation': 'right'}",orange triangle,cyan circle,orange triangle,False,0.22219058000018777,ood_failure
ood_palette_000027_q03,ood_palette_000027,images/ood_palette/ood_palette_000027.png,Is the purple triangle completely inside the cyan circle? Answer yes or no.,no,inside_outside,2,ood_palette,palette,"{'objects': ['obj_3', 'obj_4'], 'relation': 'inside'}",no,no,no,True,0.17118541900003947,
ood_palette_000027_q04,ood_palette_000027,images/ood_palette/ood_palette_000027.png,Which object is immediately below the purple triangle?,orange rectangle,above_below,2,ood_palette,palette,"{'anchor': 'obj_3', 'target': 'obj_2', 'relation': 'below'}",The object immediately below the purple triangle is the orange square.,orange rectangle,object immediately below purple triangle is orange square,False,0.746012655000186,ood_failure
ood_palette_000028_q01,ood_palette_000028,images/ood_palette/ood_palette_000028.png,Which object is both left of the orange rectangle and above the cyan circle?,cyan rectangle,multi_hop,4,ood_palette,palette,"{'anchors': ['obj_5', 'obj_4'], 'target': 'obj_1', 'relations': ['left of', 'above']}",The object that is both left of the orange rectangle and above the cyan circle is the cyan triangle.,cyan rectangle,object that is both left of orange rectangle and above cyan circle is cyan triangle,False,1.146542769000007,ood_failure
ood_palette_000028_q02,ood_palette_000028,images/ood_palette/ood_palette_000028.png,Which object is farthest from the cyan circle?,cyan triangle,nearest_farthest,2,ood_palette,palette,"{'anchor': 'obj_4', 'target': 'obj_2', 'relation': 'farthest'}",The object that is farthest from the cyan circle is the red square.,cyan triangle,object that is farthest from cyan circle is red square,False,0.8925968829998965,ood_failure
ood_palette_000028_q03,ood_palette_000028,images/ood_palette/ood_palette_000028.png,Which object is between the cyan triangle and the cyan rectangle?,pink rectangle,between,3,ood_palette,palette,"{'objects': ['obj_2', 'obj_1'], 'target': 'obj_3', 'relation': 'between'}",The object between the cyan triangle and the cyan rectangle is the red rectangle.,pink rectangle,object between cyan triangle and cyan rectangle is red rectangle,False,0.9041087080001944,ood_failure
ood_palette_000028_q04,ood_palette_000028,images/ood_palette/ood_palette_000028.png,Which object is immediately left of the cyan rectangle?,cyan circle,left_right,2,ood_palette,palette,"{'anchor': 'obj_1', 'target': 'obj_4', 'relation': 'left'}",The object immediately left of the cyan rectangle is a red triangle.,cyan circle,object immediately left of cyan rectangle is red triangle,False,0.8017577020000317,ood_failure
ood_palette_000029_q01,ood_palette_000029,images/ood_palette/ood_palette_000029.png,Is the purple circle completely inside the cyan rectangle? Answer yes or no.,no,inside_outside,2,ood_palette,palette,"{'objects': ['obj_2', 'obj_1'], 'relation': 'inside'}",no,no,no,True,0.17346359499993014,
ood_palette_000029_q02,ood_palette_000029,images/ood_palette/ood_palette_000029.png,Which object is both left of the cyan rectangle and right of the purple circle?,purple triangle,multi_hop,4,ood_palette,palette,"{'anchors': ['obj_1', 'obj_2'], 'target': 'obj_3', 'relations': ['left of', 'right of']}",The object that is both left of the cyan rectangle and right of the purple circle is the green rectangle.,purple triangle,object that is both left of cyan rectangle and right of purple circle is green rectangle,False,1.2084478140000101,ood_failure
ood_palette_000029_q03,ood_palette_000029,images/ood_palette/ood_palette_000029.png,Which object is the leftmost in the image?,purple circle,relative_ordering,2,ood_palette,palette,"{'target': 'obj_2', 'relation': 'leftmost'}",The leftmost object in the image is a purple circle.,purple circle,leftmost object in image is purple circle,False,0.7463435869999557,ood_failure
ood_palette_000029_q04,ood_palette_000029,images/ood_palette/ood_palette_000029.png,Do the purple triangle and the purple circle overlap? Answer yes or no.,no,overlap,2,ood_palette,palette,"{'objects': ['obj_3', 'obj_2'], 'relation': 'overlap'}",no,no,no,True,0.17147935800016967,
ood_palette_000030_q01,ood_palette_000030,images/ood_palette/ood_palette_000030.png,"Which object is closer to the center of the image, the orange rectangle or the cyan rectangle?",cyan rectangle,center_proximity,2,ood_palette,palette,"{'objects': ['obj_2', 'obj_3'], 'target': 'obj_3', 'relation': 'center_proximity'}",orange rectangle,cyan rectangle,orange rectangle,False,0.2263269360000777,ood_failure
ood_palette_000030_q02,ood_palette_000030,images/ood_palette/ood_palette_000030.png,Is the cyan circle completely inside the orange rectangle? Answer yes or no.,no,inside_outside,2,ood_palette,palette,"{'objects': ['obj_1', 'obj_2'], 'relation': 'inside'}",no,no,no,True,0.18077740500007167,
ood_palette_000030_q03,ood_palette_000030,images/ood_palette/ood_palette_000030.png,How many circle objects are in the image?,1,counting,1,ood_palette,palette,{'filter': {'shape': 'circle'}},1,1,1,True,0.17089821000013217,
ood_palette_000030_q04,ood_palette_000030,images/ood_palette/ood_palette_000030.png,Do the cyan circle and the cyan rectangle overlap? Answer yes or no.,no,overlap,2,ood_palette,palette,"{'objects': ['obj_1', 'obj_3'], 'relation': 'overlap'}",no,no,no,True,0.1715892970000823,
ood_palette_000031_q01,ood_palette_000031,images/ood_palette/ood_palette_000031.png,Which object is immediately left of the orange rectangle?,pink circle,left_right,2,ood_palette,palette,"{'anchor': 'obj_3', 'target': 'obj_2', 'relation': 'left'}",The object immediately left of the orange rectangle is a red rectangle.,pink circle,object immediately left of orange rectangle is red rectangle,False,0.7923759679999876,ood_failure
ood_palette_000031_q02,ood_palette_000031,images/ood_palette/ood_palette_000031.png,"Which object is larger, the purple triangle or the orange rectangle?",purple triangle,relative_size,2,ood_palette,palette,"{'objects': ['obj_4', 'obj_3'], 'target': 'obj_4', 'relation': 'larger'}",The orange rectangle is larger than the purple triangle.,purple triangle,orange rectangle is larger than purple triangle,False,0.64841914800013,ood_failure
ood_palette_000031_q03,ood_palette_000031,images/ood_palette/ood_palette_000031.png,Which object is both below the cyan triangle and right of the pink circle?,purple triangle,multi_hop,4,ood_palette,palette,"{'anchors': ['obj_5', 'obj_2'], 'target': 'obj_4', 'relations': ['below', 'right of']}",orange square,purple triangle,orange square,False,0.22416544099996827,ood_failure
ood_palette_000031_q04,ood_palette_000031,images/ood_palette/ood_palette_000031.png,Which object is the leftmost in the image?,pink rectangle,relative_ordering,2,ood_palette,palette,"{'target': 'obj_1', 'relation': 'leftmost'}",The leftmost object in the image is a red square.,pink rectangle,leftmost object in image is red square,False,0.7387041939998653,ood_failure
ood_palette_000032_q01,ood_palette_000032,images/ood_palette/ood_palette_000032.png,Which object is both above the purple circle and right of the orange rectangle?,cyan rectangle,multi_hop,4,ood_palette,palette,"{'anchors': ['obj_1', 'obj_3'], 'target': 'obj_2', 'relations': ['above', 'right of']}",teal rectangle,cyan rectangle,teal rectangle,False,0.27783341300005304,ood_failure
ood_palette_000032_q02,ood_palette_000032,images/ood_palette/ood_palette_000032.png,Do the pink rectangle and the orange rectangle overlap? Answer yes or no.,no,overlap,2,ood_palette,palette,"{'objects': ['obj_5', 'obj_3'], 'relation': 'overlap'}",no,no,no,True,0.1717990990000544,
ood_palette_000032_q03,ood_palette_000032,images/ood_palette/ood_palette_000032.png,"Which object is smaller, the orange rectangle or the purple circle?",purple circle,relative_size,2,ood_palette,palette,"{'objects': ['obj_3', 'obj_1'], 'target': 'obj_1', 'relation': 'smaller'}",orange rectangle,purple circle,orange rectangle,False,0.2219498829999793,ood_failure
ood_palette_000032_q04,ood_palette_000032,images/ood_palette/ood_palette_000032.png,How many rectangle objects are in the image?,3,counting,1,ood_palette,palette,{'filter': {'shape': 'rectangle'}},2,3,2,False,0.17160436499989373,ood_failure
ood_palette_000033_q01,ood_palette_000033,images/ood_palette/ood_palette_000033.png,"Which object is closer to the center of the image, the orange triangle or the pink rectangle?",orange triangle,center_proximity,2,ood_palette,palette,"{'objects': ['obj_3', 'obj_1'], 'target': 'obj_3', 'relation': 'center_proximity'}",orange triangle,orange triangle,orange triangle,True,0.22612217599998985,
ood_palette_000033_q02,ood_palette_000033,images/ood_palette/ood_palette_000033.png,Which object is both above the pink rectangle and left of the orange triangle?,cyan triangle,multi_hop,4,ood_palette,palette,"{'anchors': ['obj_1', 'obj_3'], 'target': 'obj_2', 'relations': ['above', 'left of']}",The blue triangle,cyan triangle,blue triangle,False,0.27622229200005677,ood_failure
ood_palette_000033_q03,ood_palette_000033,images/ood_palette/ood_palette_000033.png,Which object is immediately above the pink rectangle?,cyan triangle,above_below,2,ood_palette,palette,"{'anchor': 'obj_1', 'target': 'obj_2', 'relation': 'above'}",The object immediately above the pink rectangle is a blue triangle.,cyan triangle,object immediately above pink rectangle is blue triangle,False,0.7439835659999972,ood_failure
ood_palette_000033_q04,ood_palette_000033,images/ood_palette/ood_palette_000033.png,Which object is immediately right of the pink rectangle?,orange triangle,left_right,2,ood_palette,palette,"{'anchor': 'obj_1', 'target': 'obj_3', 'relation': 'right'}",triangle,orange triangle,triangle,False,0.17303199000002678,ood_failure
ood_palette_000034_q01,ood_palette_000034,images/ood_palette/ood_palette_000034.png,Which object is between the purple circle and the pink triangle?,cyan triangle,between,3,ood_palette,palette,"{'objects': ['obj_5', 'obj_4'], 'target': 'obj_2', 'relation': 'between'}",orange triangle,cyan triangle,orange triangle,False,0.2227486469998894,ood_failure
ood_palette_000034_q02,ood_palette_000034,images/ood_palette/ood_palette_000034.png,Which object is both below the cyan circle and right of the orange triangle?,cyan triangle,multi_hop,4,ood_palette,palette,"{'anchors': ['obj_1', 'obj_3'], 'target': 'obj_2', 'relations': ['below', 'right of']}",red triangle,cyan triangle,red triangle,False,0.22369483300008142,ood_failure
ood_palette_000034_q03,ood_palette_000034,images/ood_palette/ood_palette_000034.png,Which object is immediately right of the orange triangle?,cyan triangle,left_right,2,ood_palette,palette,"{'anchor': 'obj_3', 'target': 'obj_2', 'relation': 'right'}",The object immediately right of the orange triangle is the teal triangle.,cyan triangle,object immediately right of orange triangle is teal triangle,False,0.7933215819998622,ood_failure
ood_palette_000034_q04,ood_palette_000034,images/ood_palette/ood_palette_000034.png,Which object is the rightmost in the image?,cyan circle,relative_ordering,2,ood_palette,palette,"{'target': 'obj_1', 'relation': 'rightmost'}",The rightmost object in the image is a teal triangle.,cyan circle,rightmost object in image is teal triangle,False,0.7387756609998632,ood_failure
ood_palette_000035_q01,ood_palette_000035,images/ood_palette/ood_palette_000035.png,Do the orange circle and the cyan triangle overlap? Answer yes or no.,no,overlap,2,ood_palette,palette,"{'objects': ['obj_3', 'obj_2'], 'relation': 'overlap'}",no,no,no,True,0.17257096399998773,
ood_palette_000035_q02,ood_palette_000035,images/ood_palette/ood_palette_000035.png,Which object is both below the cyan rectangle and above the cyan triangle?,orange circle,multi_hop,4,ood_palette,palette,"{'anchors': ['obj_1', 'obj_2'], 'target': 'obj_3', 'relations': ['below', 'above']}",The object that is both below the cyan rectangle and above the cyan triangle is the orange circle.,orange circle,object that is both below cyan rectangle and above cyan triangle is orange circle,False,1.1288848359999974,ood_failure
ood_palette_000035_q03,ood_palette_000035,images/ood_palette/ood_palette_000035.png,How many rectangle objects are in the image?,1,counting,1,ood_palette,palette,{'filter': {'shape': 'rectangle'}},1,1,1,True,0.1714671479999197,
ood_palette_000035_q04,ood_palette_000035,images/ood_palette/ood_palette_000035.png,"Which object is closer to the center of the image, the orange circle or the cyan triangle?",cyan triangle,center_proximity,2,ood_palette,palette,"{'objects': ['obj_3', 'obj_2'], 'target': 'obj_2', 'relation': 'center_proximity'}",orange circle,cyan triangle,orange circle,False,0.22438774600004763,ood_failure
ood_palette_000036_q01,ood_palette_000036,images/ood_palette/ood_palette_000036.png,Which object is the rightmost in the image?,cyan circle,relative_ordering,2,ood_palette,palette,"{'target': 'obj_1', 'relation': 'rightmost'}",The rightmost object in the image is a purple rectangle.,cyan circle,rightmost object in image is purple rectangle,False,0.7803882370001247,ood_failure
ood_palette_000036_q02,ood_palette_000036,images/ood_palette/ood_palette_000036.png,Which object is immediately right of the purple rectangle?,cyan circle,left_right,2,ood_palette,palette,"{'anchor': 'obj_3', 'target': 'obj_1', 'relation': 'right'}",The object immediately right of the purple rectangle is a teal circle.,cyan circle,object immediately right of purple rectangle is teal circle,False,0.7915871170000628,ood_failure
ood_palette_000036_q03,ood_palette_000036,images/ood_palette/ood_palette_000036.png,Is the orange triangle completely inside the pink circle? Answer yes or no.,no,inside_outside,2,ood_palette,palette,"{'objects': ['obj_4', 'obj_2'], 'relation': 'inside'}",no,no,no,True,0.17103823799993734,
ood_palette_000036_q04,ood_palette_000036,images/ood_palette/ood_palette_000036.png,Which object is immediately below the purple rectangle?,pink circle,above_below,2,ood_palette,palette,"{'anchor': 'obj_3', 'target': 'obj_2', 'relation': 'below'}",The object immediately below the purple rectangle is a teal circle.,pink circle,object immediately below purple rectangle is teal circle,False,0.7438669590001155,ood_failure
ood_palette_000037_q01,ood_palette_000037,images/ood_palette/ood_palette_000037.png,Which object is farthest from the cyan triangle?,purple triangle,nearest_farthest,2,ood_palette,palette,"{'anchor': 'obj_1', 'target': 'obj_4', 'relation': 'farthest'}",The object that is farthest from the cyan triangle is the orange triangle.,purple triangle,object that is farthest from cyan triangle is orange triangle,False,0.894997807999971,ood_failure
ood_palette_000037_q02,ood_palette_000037,images/ood_palette/ood_palette_000037.png,Which object is between the cyan rectangle and the orange triangle?,cyan triangle,between,3,ood_palette,palette,"{'objects': ['obj_2', 'obj_5'], 'target': 'obj_1', 'relation': 'between'}",The object between the cyan rectangle and the orange triangle is the green triangle.,cyan triangle,object between cyan rectangle and orange triangle is green triangle,False,0.8934619700000894,ood_failure
ood_palette_000037_q03,ood_palette_000037,images/ood_palette/ood_palette_000037.png,Which object is immediately above the cyan triangle?,purple triangle,above_below,2,ood_palette,palette,"{'anchor': 'obj_1', 'target': 'obj_4', 'relation': 'above'}",The object immediately above the cyan triangle is a red square.,purple triangle,object immediately above cyan triangle is red square,False,0.7358086739998271,ood_failure
ood_palette_000037_q04,ood_palette_000037,images/ood_palette/ood_palette_000037.png,"Which object is smaller, the orange triangle or the pink rectangle?",pink rectangle,relative_size,2,ood_palette,palette,"{'objects': ['obj_5', 'obj_3'], 'target': 'obj_3', 'relation': 'smaller'}",orange triangle,pink rectangle,orange triangle,False,0.2231548780000594,ood_failure
ood_palette_000038_q01,ood_palette_000038,images/ood_palette/ood_palette_000038.png,Is the cyan triangle completely inside the pink triangle? Answer yes or no.,no,inside_outside,2,ood_palette,palette,"{'objects': ['obj_3', 'obj_1'], 'relation': 'inside'}",no,no,no,True,0.17230444799997713,
ood_palette_000038_q02,ood_palette_000038,images/ood_palette/ood_palette_000038.png,Which object is both above the cyan triangle and left of the pink triangle?,orange circle,multi_hop,4,ood_palette,palette,"{'anchors': ['obj_3', 'obj_1'], 'target': 'obj_2', 'relations': ['above', 'left of']}",orange circle,orange circle,orange circle,True,0.2270406439999988,
ood_palette_000038_q03,ood_palette_000038,images/ood_palette/ood_palette_000038.png,Which object is the topmost in the image?,purple triangle,relative_ordering,2,ood_palette,palette,"{'target': 'obj_4', 'relation': 'topmost'}",The topmost object in the image is a purple triangle.,purple triangle,topmost object in image is purple triangle,False,0.7446346009999161,ood_failure
ood_palette_000038_q04,ood_palette_000038,images/ood_palette/ood_palette_000038.png,Do the orange circle and the cyan triangle overlap? Answer yes or no.,no,overlap,2,ood_palette,palette,"{'objects': ['obj_2', 'obj_3'], 'relation': 'overlap'}",no,no,no,True,0.1714914270000918,
ood_palette_000039_q01,ood_palette_000039,images/ood_palette/ood_palette_000039.png,Do the purple triangle and the cyan circle overlap? Answer yes or no.,no,overlap,2,ood_palette,palette,"{'objects': ['obj_2', 'obj_3'], 'relation': 'overlap'}",no,no,no,True,0.17075459500006218,
ood_palette_000039_q02,ood_palette_000039,images/ood_palette/ood_palette_000039.png,"Which object is closer to the center of the image, the purple triangle or the cyan circle?",cyan circle,center_proximity,2,ood_palette,palette,"{'objects': ['obj_2', 'obj_3'], 'target': 'obj_3', 'relation': 'center_proximity'}",cyan circle,cyan circle,cyan circle,True,0.22622986199985462,
ood_palette_000039_q03,ood_palette_000039,images/ood_palette/ood_palette_000039.png,Which object is both below the cyan circle and right of the cyan rectangle?,purple triangle,multi_hop,4,ood_palette,palette,"{'anchors': ['obj_3', 'obj_1'], 'target': 'obj_2', 'relations': ['below', 'right of']}",The object that is both below the cyan circle and right of the cyan rectangle is the purple triangle.,purple triangle,object that is both below cyan circle and right of cyan rectangle is purple triangle,False,1.1484059590000015,ood_failure
ood_palette_000039_q04,ood_palette_000039,images/ood_palette/ood_palette_000039.png,"Which object is smaller, the purple triangle or the cyan rectangle?",cyan rectangle,relative_size,2,ood_palette,palette,"{'objects': ['obj_2', 'obj_1'], 'target': 'obj_1', 'relation': 'smaller'}",purple triangle,cyan rectangle,purple triangle,False,0.22565809399998216,ood_failure
ood_palette_000040_q01,ood_palette_000040,images/ood_palette/ood_palette_000040.png,"Which object is smaller, the purple rectangle or the cyan rectangle?",purple rectangle,relative_size,2,ood_palette,palette,"{'objects': ['obj_1', 'obj_2'], 'target': 'obj_1', 'relation': 'smaller'}",purple rectangle,purple rectangle,purple rectangle,True,0.22710485400011748,
ood_palette_000040_q02,ood_palette_000040,images/ood_palette/ood_palette_000040.png,Which object is both right of the cyan rectangle and above the purple rectangle?,orange circle,multi_hop,4,ood_palette,palette,"{'anchors': ['obj_2', 'obj_1'], 'target': 'obj_3', 'relations': ['right of', 'above']}",orange circle,orange circle,orange circle,True,0.22290703199996642,
ood_palette_000040_q03,ood_palette_000040,images/ood_palette/ood_palette_000040.png,Which object is the bottommost in the image?,purple rectangle,relative_ordering,2,ood_palette,palette,"{'target': 'obj_1', 'relation': 'bottommost'}",The bottommost object in the image is the purple rectangle.,purple rectangle,bottommost object in image is purple rectangle,False,0.7462483390002035,ood_failure
ood_palette_000040_q04,ood_palette_000040,images/ood_palette/ood_palette_000040.png,How many objects are above the orange circle?,0,counting,2,ood_palette,palette,"{'anchor': 'obj_3', 'relation': 'above'}",2,0,2,False,0.17174909400000615,ood_failure
ood_palette_000041_q01,ood_palette_000041,images/ood_palette/ood_palette_000041.png,Which object is both above the pink triangle and right of the purple rectangle?,orange triangle,multi_hop,4,ood_palette,palette,"{'anchors': ['obj_1', 'obj_2'], 'target': 'obj_4', 'relations': ['above', 'right of']}",orange triangle,orange triangle,orange triangle,True,0.22221221099994182,
ood_palette_000041_q02,ood_palette_000041,images/ood_palette/ood_palette_000041.png,Do the pink rectangle and the purple rectangle overlap? Answer yes or no.,no,overlap,2,ood_palette,palette,"{'objects': ['obj_3', 'obj_2'], 'relation': 'overlap'}",no,no,no,True,0.17353649400001814,
ood_palette_000041_q03,ood_palette_000041,images/ood_palette/ood_palette_000041.png,Which object is immediately below the orange triangle?,pink triangle,above_below,2,ood_palette,palette,"{'anchor': 'obj_4', 'target': 'obj_1', 'relation': 'below'}",The object immediately below the orange triangle is the purple rectangle.,pink triangle,object immediately below orange triangle is purple rectangle,False,0.7375339800000802,ood_failure
ood_palette_000041_q04,ood_palette_000041,images/ood_palette/ood_palette_000041.png,"Which object is larger, the pink triangle or the purple rectangle?",purple rectangle,relative_size,2,ood_palette,palette,"{'objects': ['obj_1', 'obj_2'], 'target': 'obj_2', 'relation': 'larger'}",The purple rectangle is larger than the pink triangle.,purple rectangle,purple rectangle is larger than pink triangle,False,0.6402328389999639,ood_failure
ood_palette_000042_q01,ood_palette_000042,images/ood_palette/ood_palette_000042.png,"Which object is closer to the center of the image, the orange rectangle or the purple triangle?",orange rectangle,center_proximity,2,ood_palette,palette,"{'objects': ['obj_3', 'obj_1'], 'target': 'obj_3', 'relation': 'center_proximity'}",orange rectangle,orange rectangle,orange rectangle,True,0.2222843179999927,
ood_palette_000042_q02,ood_palette_000042,images/ood_palette/ood_palette_000042.png,Which object is both above the orange rectangle and below the purple triangle?,pink rectangle,multi_hop,4,ood_palette,palette,"{'anchors': ['obj_3', 'obj_1'], 'target': 'obj_2', 'relations': ['above', 'below']}",The orange rectangle is below the purple triangle. The orange rectangle is above the purple triangle. The purple triangle is above the orange rectangle. The purple triangle is above the orange rectangle. The purple triangle is above the orange rectangle. The purple triangle,pink rectangle,orange rectangle is below purple triangle orange rectangle is above purple triangle purple triangle is above orange rectangle purple triangle is above orange rectangle purple triangle is above orange rectangle purple triangle,False,2.5626083360000393,ood_failure
ood_palette_000042_q03,ood_palette_000042,images/ood_palette/ood_palette_000042.png,Which object is immediately right of the orange rectangle?,purple triangle,left_right,2,ood_palette,palette,"{'anchor': 'obj_3', 'target': 'obj_1', 'relation': 'right'}",The object immediately right of the orange rectangle is a pink rectangle.,purple triangle,object immediately right of orange rectangle is pink rectangle,False,0.7905665089999729,ood_failure
ood_palette_000042_q04,ood_palette_000042,images/ood_palette/ood_palette_000042.png,Is the purple triangle completely inside the orange rectangle? Answer yes or no.,no,inside_outside,2,ood_palette,palette,"{'objects': ['obj_1', 'obj_3'], 'relation': 'inside'}",no,no,no,True,0.17296700800011422,
ood_palette_000043_q01,ood_palette_000043,images/ood_palette/ood_palette_000043.png,Which object is between the pink rectangle and the purple circle?,cyan triangle,between,3,ood_palette,palette,"{'objects': ['obj_1', 'obj_3'], 'target': 'obj_5', 'relation': 'between'}",The object between the pink rectangle and the purple circle is the green square.,cyan triangle,object between pink rectangle and purple circle is green square,False,0.8953131860000667,ood_failure
ood_palette_000043_q02,ood_palette_000043,images/ood_palette/ood_palette_000043.png,Which object is both left of the pink circle and below the cyan triangle?,pink rectangle,multi_hop,4,ood_palette,palette,"{'anchors': ['obj_2', 'obj_5'], 'target': 'obj_1', 'relations': ['left of', 'below']}",The object that is both left of the pink circle and below the cyan triangle is the pink rectangle.,pink rectangle,object that is both left of pink circle and below cyan triangle is pink rectangle,False,1.1559676289998606,ood_failure
ood_palette_000043_q03,ood_palette_000043,images/ood_palette/ood_palette_000043.png,Which object is immediately left of the purple circle?,cyan triangle,left_right,2,ood_palette,palette,"{'anchor': 'obj_3', 'target': 'obj_5', 'relation': 'left'}",The object immediately left of the purple circle is the red square.,cyan triangle,object immediately left of purple circle is red square,False,0.7897359409998899,ood_failure
ood_palette_000043_q04,ood_palette_000043,images/ood_palette/ood_palette_000043.png,Which object is the bottommost in the image?,pink circle,relative_ordering,2,ood_palette,palette,"{'target': 'obj_2', 'relation': 'bottommost'}",The bottommost object in the image is the red circle.,pink circle,bottommost object in image is red circle,False,0.7409445829998731,ood_failure
ood_palette_000044_q01,ood_palette_000044,images/ood_palette/ood_palette_000044.png,Do the pink triangle and the pink rectangle overlap? Answer yes or no.,no,overlap,2,ood_palette,palette,"{'objects': ['obj_5', 'obj_3'], 'relation': 'overlap'}",no,no,no,True,0.17097844099998838,
ood_palette_000044_q02,ood_palette_000044,images/ood_palette/ood_palette_000044.png,Which object is both left of the pink rectangle and above the cyan circle?,purple triangle,multi_hop,4,ood_palette,palette,"{'anchors': ['obj_3', 'obj_2'], 'target': 'obj_4', 'relations': ['left of', 'above']}",purple triangle,purple triangle,purple triangle,True,0.2260884760000863,
ood_palette_000044_q03,ood_palette_000044,images/ood_palette/ood_palette_000044.png,How many purple objects are in the image?,2,counting,1,ood_palette,palette,{'filter': {'color': 'purple'}},2,2,2,True,0.17268018499999016,
ood_palette_000044_q04,ood_palette_000044,images/ood_palette/ood_palette_000044.png,"Which object is closer to the center of the image, the pink rectangle or the purple triangle?",pink rectangle,center_proximity,2,ood_palette,palette,"{'objects': ['obj_3', 'obj_4'], 'target': 'obj_3', 'relation': 'center_proximity'}",pink rectangle,pink rectangle,pink rectangle,True,0.2258825149999666,
ood_palette_000045_q01,ood_palette_000045,images/ood_palette/ood_palette_000045.png,Which object is the rightmost in the image?,purple triangle,relative_ordering,2,ood_palette,palette,"{'target': 'obj_4', 'relation': 'rightmost'}",The rightmost object in the image is a triangle.,purple triangle,rightmost object in image is triangle,False,0.6897084590000304,ood_failure
ood_palette_000045_q02,ood_palette_000045,images/ood_palette/ood_palette_000045.png,Which object is immediately right of the cyan rectangle?,purple triangle,left_right,2,ood_palette,palette,"{'anchor': 'obj_3', 'target': 'obj_4', 'relation': 'right'}",The object immediately right of the cyan rectangle is a red triangle.,purple triangle,object immediately right of cyan rectangle is red triangle,False,0.7951468050000585,ood_failure
ood_palette_000045_q03,ood_palette_000045,images/ood_palette/ood_palette_000045.png,Is the purple triangle completely inside the purple rectangle? Answer yes or no.,no,inside_outside,2,ood_palette,palette,"{'objects': ['obj_4', 'obj_2'], 'relation': 'inside'}",no,no,no,True,0.17634187800013024,
ood_palette_000045_q04,ood_palette_000045,images/ood_palette/ood_palette_000045.png,"Which object is closer to the center of the image, the cyan rectangle or the pink triangle?",pink triangle,center_proximity,2,ood_palette,palette,"{'objects': ['obj_3', 'obj_1'], 'target': 'obj_1', 'relation': 'center_proximity'}",cyan rectangle,pink triangle,cyan rectangle,False,0.22511129899999105,ood_failure
ood_palette_000046_q01,ood_palette_000046,images/ood_palette/ood_palette_000046.png,Which object is both left of the cyan circle and below the orange triangle?,orange rectangle,multi_hop,4,ood_palette,palette,"{'anchors': ['obj_4', 'obj_2'], 'target': 'obj_3', 'relations': ['left of', 'below']}",The orange rectangle is both to the left of the cyan circle and below the orange triangle.,orange rectangle,orange rectangle is both to left of cyan circle and below orange triangle,False,1.057830791999777,ood_failure
ood_palette_000046_q02,ood_palette_000046,images/ood_palette/ood_palette_000046.png,Which object is nearest from the orange triangle?,cyan circle,nearest_farthest,2,ood_palette,palette,"{'anchor': 'obj_2', 'target': 'obj_4', 'relation': 'nearest'}",The orange triangle is the nearest object to the orange triangle.,cyan circle,orange triangle is nearest object to orange triangle,False,0.7482466300000397,ood_failure
ood_palette_000046_q03,ood_palette_000046,images/ood_palette/ood_palette_000046.png,Which object is immediately left of the orange triangle?,pink rectangle,left_right,2,ood_palette,palette,"{'anchor': 'obj_2', 'target': 'obj_1', 'relation': 'left'}",The orange triangle is on the right side of the image. The object immediately to the left of the orange triangle is the orange square.,pink rectangle,orange triangle is on right side of image object immediately to left of orange triangle is orange square,False,1.5303972449999037,ood_failure
ood_palette_000046_q04,ood_palette_000046,images/ood_palette/ood_palette_000046.png,"Which object is larger, the orange rectangle or the cyan circle?",orange rectangle,relative_size,2,ood_palette,palette,"{'objects': ['obj_3', 'obj_4'], 'target': 'obj_3', 'relation': 'larger'}",orange rectangle,orange rectangle,orange rectangle,True,0.22308775999999853,
ood_palette_000047_q01,ood_palette_000047,images/ood_palette/ood_palette_000047.png,Is the orange rectangle completely inside the purple circle? Answer yes or no.,no,inside_outside,2,ood_palette,palette,"{'objects': ['obj_2', 'obj_1'], 'relation': 'inside'}",no,no,no,True,0.172578349999867,
ood_palette_000047_q02,ood_palette_000047,images/ood_palette/ood_palette_000047.png,Which object is both left of the purple circle and above the orange rectangle?,purple triangle,multi_hop,4,ood_palette,palette,"{'anchors': ['obj_1', 'obj_2'], 'target': 'obj_3', 'relations': ['left of', 'above']}",The triangle is to the left of the purple circle and above the orange rectangle.,purple triangle,triangle is to left of purple circle and above orange rectangle,False,0.9470801449999726,ood_failure
ood_palette_000047_q03,ood_palette_000047,images/ood_palette/ood_palette_000047.png,Which object is the rightmost in the image?,purple circle,relative_ordering,2,ood_palette,palette,"{'target': 'obj_1', 'relation': 'rightmost'}",The rightmost object in the image is the orange square.,purple circle,rightmost object in image is orange square,False,0.741546820999929,ood_failure
ood_palette_000047_q04,ood_palette_000047,images/ood_palette/ood_palette_000047.png,Do the purple triangle and the orange rectangle overlap? Answer yes or no.,no,overlap,2,ood_palette,palette,"{'objects': ['obj_3', 'obj_2'], 'relation': 'overlap'}",no,no,no,True,0.17201037300014832,
ood_palette_000048_q01,ood_palette_000048,images/ood_palette/ood_palette_000048.png,Do the pink triangle and the orange circle overlap? Answer yes or no.,no,overlap,2,ood_palette,palette,"{'objects': ['obj_3', 'obj_2'], 'relation': 'overlap'}",no,no,no,True,0.17095660900008625,
ood_palette_000048_q02,ood_palette_000048,images/ood_palette/ood_palette_000048.png,Which object is both right of the purple triangle and left of the pink triangle?,pink circle,multi_hop,4,ood_palette,palette,"{'anchors': ['obj_4', 'obj_3'], 'target': 'obj_1', 'relations': ['right of', 'left of']}",orange triangle,pink circle,orange triangle,False,0.2226948509999147,ood_failure
ood_palette_000048_q03,ood_palette_000048,images/ood_palette/ood_palette_000048.png,"Which object is larger, the pink circle or the pink triangle?",pink circle,relative_size,2,ood_palette,palette,"{'objects': ['obj_1', 'obj_3'], 'target': 'obj_1', 'relation': 'larger'}",The pink circle is larger than the pink triangle.,pink circle,pink circle is larger than pink triangle,False,0.6298125519999758,ood_failure
ood_palette_000048_q04,ood_palette_000048,images/ood_palette/ood_palette_000048.png,Is the pink circle completely inside the purple triangle? Answer yes or no.,no,inside_outside,2,ood_palette,palette,"{'objects': ['obj_1', 'obj_4'], 'relation': 'inside'}",no,no,no,True,0.17126629700010199,
ood_palette_000049_q01,ood_palette_000049,images/ood_palette/ood_palette_000049.png,Which object is farthest from the pink triangle?,orange triangle,nearest_farthest,2,ood_palette,palette,"{'anchor': 'obj_2', 'target': 'obj_3', 'relation': 'farthest'}","The orange triangle is on the left, the pink triangle is on the right, and the white triangle is in the center. The white triangle is in the center, so it is the one that is farthest from the pink triangle. The",orange triangle,orange triangle is on left pink triangle is on right and white triangle is in center white triangle is in center so it is one that is farthest from pink triangle,False,2.5343847359999927,ood_failure
ood_palette_000049_q02,ood_palette_000049,images/ood_palette/ood_palette_000049.png,"Which object is closer to the center of the image, the orange triangle or the pink triangle?",pink triangle,center_proximity,2,ood_palette,palette,"{'objects': ['obj_3', 'obj_2'], 'target': 'obj_2', 'relation': 'center_proximity'}",orange triangle,pink triangle,orange triangle,False,0.22966618700002073,ood_failure
ood_palette_000049_q03,ood_palette_000049,images/ood_palette/ood_palette_000049.png,Which object is immediately below the pink rectangle?,pink triangle,above_below,2,ood_palette,palette,"{'anchor': 'obj_1', 'target': 'obj_2', 'relation': 'below'}",The object immediately below the pink rectangle is a triangle.,pink triangle,object immediately below pink rectangle is triangle,False,0.6905190079999102,ood_failure
ood_palette_000049_q04,ood_palette_000049,images/ood_palette/ood_palette_000049.png,Which object is the leftmost in the image?,orange triangle,relative_ordering,2,ood_palette,palette,"{'target': 'obj_3', 'relation': 'leftmost'}",triangle,orange triangle,triangle,False,0.17072798499998498,ood_failure
ood_count_000000_q01,ood_count_000000,images/ood_count/ood_count_000000.png,Which object is the bottommost in the image?,green triangle,relative_ordering,2,ood_count,count,"{'target': 'obj_8', 'relation': 'bottommost'}",green triangle,green triangle,green triangle,True,0.22452427400003216,
ood_count_000000_q02,ood_count_000000,images/ood_count/ood_count_000000.png,How many circle objects are in the image?,1,counting,1,ood_count,count,{'filter': {'shape': 'circle'}},1,1,1,True,0.17073874000016076,
ood_count_000000_q03,ood_count_000000,images/ood_count/ood_count_000000.png,Is the red rectangle completely inside the yellow triangle? Answer yes or no.,no,inside_outside,2,ood_count,count,"{'objects': ['obj_7', 'obj_5'], 'relation': 'inside'}",no,no,no,True,0.17087194600003386,
ood_count_000000_q04,ood_count_000000,images/ood_count/ood_count_000000.png,Which object is immediately below the green rectangle?,green triangle,above_below,2,ood_count,count,"{'anchor': 'obj_4', 'target': 'obj_8', 'relation': 'below'}",red triangle,green triangle,red triangle,False,0.22882084399998348,ood_failure
ood_count_000001_q01,ood_count_000001,images/ood_count/ood_count_000001.png,Is the green rectangle completely inside the red triangle? Answer yes or no.,no,inside_outside,2,ood_count,count,"{'objects': ['obj_2', 'obj_7'], 'relation': 'inside'}",no,no,no,True,0.17177192600001945,
ood_count_000001_q02,ood_count_000001,images/ood_count/ood_count_000001.png,"Which object is closer to the center of the image, the red circle or the blue rectangle?",red circle,center_proximity,2,ood_count,count,"{'objects': ['obj_4', 'obj_1'], 'target': 'obj_4', 'relation': 'center_proximity'}",red circle,red circle,red circle,True,0.2228786550001587,
ood_count_000001_q03,ood_count_000001,images/ood_count/ood_count_000001.png,Which object is both below the blue triangle and right of the yellow rectangle?,green rectangle,multi_hop,4,ood_count,count,"{'anchors': ['obj_3', 'obj_6'], 'target': 'obj_2', 'relations': ['below', 'right of']}",green rectangle,green rectangle,green rectangle,True,0.2249235790000057,
ood_count_000001_q04,ood_count_000001,images/ood_count/ood_count_000001.png,Which object is the rightmost in the image?,blue triangle,relative_ordering,2,ood_count,count,"{'target': 'obj_3', 'relation': 'rightmost'}",triangle,blue triangle,triangle,False,0.17104320199996437,ood_failure
ood_count_000002_q01,ood_count_000002,images/ood_count/ood_count_000002.png,Which object is immediately above the red circle?,green rectangle,above_below,2,ood_count,count,"{'anchor': 'obj_7', 'target': 'obj_4', 'relation': 'above'}",green triangle,green rectangle,green triangle,False,0.22397614000010435,ood_failure
ood_count_000002_q02,ood_count_000002,images/ood_count/ood_count_000002.png,"Which object is larger, the red circle or the green triangle?",red circle,relative_size,2,ood_count,count,"{'objects': ['obj_7', 'obj_6'], 'target': 'obj_7', 'relation': 'larger'}",red circle,red circle,red circle,True,0.2225901750000503,
ood_count_000002_q03,ood_count_000002,images/ood_count/ood_count_000002.png,How many red objects are in the image?,1,counting,1,ood_count,count,{'filter': {'color': 'red'}},1,1,1,True,0.17084260499996162,
ood_count_000002_q04,ood_count_000002,images/ood_count/ood_count_000002.png,Which object is between the yellow circle and the red circle?,yellow rectangle,between,3,ood_count,count,"{'objects': ['obj_2', 'obj_7'], 'target': 'obj_1', 'relation': 'between'}",green triangle,yellow rectangle,green triangle,False,0.23022692900008224,ood_failure
ood_count_000003_q01,ood_count_000003,images/ood_count/ood_count_000003.png,Do the yellow triangle and the green circle overlap? Answer yes or no.,no,overlap,2,ood_count,count,"{'objects': ['obj_5', 'obj_6'], 'relation': 'overlap'}",no,no,no,True,0.1728984499998205,
ood_count_000003_q02,ood_count_000003,images/ood_count/ood_count_000003.png,Which object is the leftmost in the image?,yellow circle,relative_ordering,2,ood_count,count,"{'target': 'obj_3', 'relation': 'leftmost'}",red circle,yellow circle,red circle,False,0.22682187300006262,ood_failure
ood_count_000003_q03,ood_count_000003,images/ood_count/ood_count_000003.png,Which object is between the yellow circle and the red rectangle?,yellow rectangle,between,3,ood_count,count,"{'objects': ['obj_3', 'obj_8'], 'target': 'obj_1', 'relation': 'between'}",green rectangle,yellow rectangle,green rectangle,False,0.22409799199999725,ood_failure
ood_count_000003_q04,ood_count_000003,images/ood_count/ood_count_000003.png,"Which object is larger, the red circle or the blue triangle?",red circle,relative_size,2,ood_count,count,"{'objects': ['obj_7', 'obj_9'], 'target': 'obj_7', 'relation': 'larger'}",red circle,red circle,red circle,True,0.22406790299987733,
ood_count_000004_q01,ood_count_000004,images/ood_count/ood_count_000004.png,Which object is the rightmost in the image?,blue circle,relative_ordering,2,ood_count,count,"{'target': 'obj_4', 'relation': 'rightmost'}",blue circle,blue circle,blue circle,True,0.22493562400018163,
ood_count_000004_q02,ood_count_000004,images/ood_count/ood_count_000004.png,"Which object is smaller, the yellow rectangle or the blue triangle?",yellow rectangle,relative_size,2,ood_count,count,"{'objects': ['obj_6', 'obj_3'], 'target': 'obj_6', 'relation': 'smaller'}",blue triangle,yellow rectangle,blue triangle,False,0.226723192999998,ood_failure
ood_count_000004_q03,ood_count_000004,images/ood_count/ood_count_000004.png,Which object is both right of the green triangle and above the red circle?,yellow rectangle,multi_hop,4,ood_count,count,"{'anchors': ['obj_2', 'obj_7'], 'target': 'obj_6', 'relations': ['right of', 'above']}",yellow square,yellow rectangle,yellow square,False,0.22776372600014838,ood_failure
ood_count_000004_q04,ood_count_000004,images/ood_count/ood_count_000004.png,Which object is immediately below the red circle?,blue triangle,above_below,2,ood_count,count,"{'anchor': 'obj_7', 'target': 'obj_3', 'relation': 'below'}",blue circle,blue triangle,blue circle,False,0.22419816599995102,ood_failure
ood_count_000005_q01,ood_count_000005,images/ood_count/ood_count_000005.png,Which object is both left of the red circle and right of the green rectangle?,blue rectangle,multi_hop,4,ood_count,count,"{'anchors': ['obj_3', 'obj_2'], 'target': 'obj_5', 'relations': ['left of', 'right of']}",red circle,blue rectangle,red circle,False,0.22268955599997753,ood_failure
ood_count_000005_q02,ood_count_000005,images/ood_count/ood_count_000005.png,How many yellow objects are in the image?,1,counting,1,ood_count,count,{'filter': {'color': 'yellow'}},1,1,1,True,0.17128485400007776,
ood_count_000005_q03,ood_count_000005,images/ood_count/ood_count_000005.png,Which object is the bottommost in the image?,green rectangle,relative_ordering,2,ood_count,count,"{'target': 'obj_2', 'relation': 'bottommost'}",triangle,green rectangle,triangle,False,0.17121872799998528,ood_failure
ood_count_000005_q04,ood_count_000005,images/ood_count/ood_count_000005.png,Which object is nearest from the yellow triangle?,green rectangle,nearest_farthest,2,ood_count,count,"{'anchor': 'obj_6', 'target': 'obj_2', 'relation': 'nearest'}","The yellow triangle is in the bottom right, and the green object is in the bottom left. The red circle is in the top left, the blue square is in the top center, and the green object is in the bottom left. The",green rectangle,yellow triangle is in bottom right and green object is in bottom left red circle is in top left blue square is in top center and green object is in bottom left,False,2.5374764949999644,ood_failure
ood_count_000006_q01,ood_count_000006,images/ood_count/ood_count_000006.png,Is the blue triangle completely inside the red rectangle? Answer yes or no.,no,inside_outside,2,ood_count,count,"{'objects': ['obj_6', 'obj_7'], 'relation': 'inside'}",no,no,no,True,0.1712462460000097,
ood_count_000006_q02,ood_count_000006,images/ood_count/ood_count_000006.png,Which object is the topmost in the image?,red triangle,relative_ordering,2,ood_count,count,"{'target': 'obj_5', 'relation': 'topmost'}",triangle,red triangle,triangle,False,0.17090877100008584,ood_failure
ood_count_000006_q03,ood_count_000006,images/ood_count/ood_count_000006.png,"Which object is closer to the center of the image, the blue rectangle or the yellow triangle?",yellow triangle,center_proximity,2,ood_count,count,"{'objects': ['obj_2', 'obj_3'], 'target': 'obj_3', 'relation': 'center_proximity'}",blue rectangle,yellow triangle,blue rectangle,False,0.22275409300004867,ood_failure
ood_count_000006_q04,ood_count_000006,images/ood_count/ood_count_000006.png,Do the green triangle and the green rectangle overlap? Answer yes or no.,no,overlap,2,ood_count,count,"{'objects': ['obj_4', 'obj_8'], 'relation': 'overlap'}",no,no,no,True,0.1714783460001854,
ood_count_000007_q01,ood_count_000007,images/ood_count/ood_count_000007.png,"Which object is closer to the center of the image, the green triangle or the yellow circle?",green triangle,center_proximity,2,ood_count,count,"{'objects': ['obj_4', 'obj_5'], 'target': 'obj_4', 'relation': 'center_proximity'}",green triangle,green triangle,green triangle,True,0.22146682900006454,
ood_count_000007_q02,ood_count_000007,images/ood_count/ood_count_000007.png,Which object is nearest from the blue triangle?,blue rectangle,nearest_farthest,2,ood_count,count,"{'anchor': 'obj_1', 'target': 'obj_6', 'relation': 'nearest'}","The blue triangle is the rightmost object in the image, and it is located in the center of the image, slightly to the right of the green triangle. The blue triangle is the rightmost object in the image, and it is located",blue rectangle,blue triangle is rightmost object in image and it is located in center of image slightly to right of green triangle blue triangle is rightmost object in image and it is located,False,2.5312455129999307,ood_failure
ood_count_000007_q03,ood_count_000007,images/ood_count/ood_count_000007.png,Which object is immediately left of the yellow rectangle?,red rectangle,left_right,2,ood_count,count,"{'anchor': 'obj_3', 'target': 'obj_7', 'relation': 'left'}",red rectangle,red rectangle,red rectangle,True,0.22335721100012051,
ood_count_000007_q04,ood_count_000007,images/ood_count/ood_count_000007.png,Which object is the rightmost in the image?,yellow circle,relative_ordering,2,ood_count,count,"{'target': 'obj_5', 'relation': 'rightmost'}",The rightmost object in the image is a blue triangle.,yellow circle,rightmost object in image is blue triangle,False,0.7351607680000143,ood_failure
ood_count_000008_q01,ood_count_000008,images/ood_count/ood_count_000008.png,How many objects are left of the green rectangle?,7,counting,2,ood_count,count,"{'anchor': 'obj_8', 'relation': 'left'}",3,7,3,False,0.17134256400004233,ood_failure
ood_count_000008_q02,ood_count_000008,images/ood_count/ood_count_000008.png,Which object is both below the yellow rectangle and right of the blue rectangle?,green circle,multi_hop,4,ood_count,count,"{'anchors': ['obj_1', 'obj_2'], 'target': 'obj_4', 'relations': ['below', 'right of']}",green circle,green circle,green circle,True,0.22627222800019808,
ood_count_000008_q03,ood_count_000008,images/ood_count/ood_count_000008.png,"Which object is larger, the blue triangle or the yellow rectangle?",blue triangle,relative_size,2,ood_count,count,"{'objects': ['obj_7', 'obj_1'], 'target': 'obj_7', 'relation': 'larger'}",The yellow rectangle is larger than the blue triangle.,blue triangle,yellow rectangle is larger than blue triangle,False,0.6323949760001142,ood_failure
ood_count_000008_q04,ood_count_000008,images/ood_count/ood_count_000008.png,Is the blue rectangle completely inside the blue triangle? Answer yes or no.,no,inside_outside,2,ood_count,count,"{'objects': ['obj_2', 'obj_7'], 'relation': 'inside'}",no,no,no,True,0.17207986299990807,
ood_count_000009_q01,ood_count_000009,images/ood_count/ood_count_000009.png,Which object is the bottommost in the image?,blue rectangle,relative_ordering,2,ood_count,count,"{'target': 'obj_7', 'relation': 'bottommost'}",The bottommost object in the image is the blue square.,blue rectangle,bottommost object in image is blue square,False,0.7382387560001007,ood_failure
ood_count_000009_q02,ood_count_000009,images/ood_count/ood_count_000009.png,Is the red circle completely inside the blue triangle? Answer yes or no.,no,inside_outside,2,ood_count,count,"{'objects': ['obj_1', 'obj_6'], 'relation': 'inside'}",no,no,no,True,0.17176942199989753,
ood_count_000009_q03,ood_count_000009,images/ood_count/ood_count_000009.png,How many objects are left of the red circle?,3,counting,2,ood_count,count,"{'anchor': 'obj_1', 'relation': 'left'}",3,3,3,True,0.17573246599999948,
ood_count_000009_q04,ood_count_000009,images/ood_count/ood_count_000009.png,"Which object is closer to the center of the image, the red circle or the blue circle?",red circle,center_proximity,2,ood_count,count,"{'objects': ['obj_1', 'obj_3'], 'target': 'obj_1', 'relation': 'center_proximity'}",red circle,red circle,red circle,True,0.22770143000002463,
ood_count_000010_q01,ood_count_000010,images/ood_count/ood_count_000010.png,Is the red rectangle completely inside the green triangle? Answer yes or no.,no,inside_outside,2,ood_count,count,"{'objects': ['obj_2', 'obj_7'], 'relation': 'inside'}",no,no,no,True,0.17281917100012834,
ood_count_000010_q02,ood_count_000010,images/ood_count/ood_count_000010.png,"Which object is closer to the center of the image, the blue rectangle or the yellow circle?",blue rectangle,center_proximity,2,ood_count,count,"{'objects': ['obj_4', 'obj_1'], 'target': 'obj_4', 'relation': 'center_proximity'}",blue rectangle,blue rectangle,blue rectangle,True,0.22506347900002766,
ood_count_000010_q03,ood_count_000010,images/ood_count/ood_count_000010.png,Which object is both right of the green triangle and above the yellow circle?,yellow triangle,multi_hop,4,ood_count,count,"{'anchors': ['obj_7', 'obj_1'], 'target': 'obj_6', 'relations': ['right of', 'above']}",red rectangle,yellow triangle,red rectangle,False,0.22400312199988548,ood_failure
ood_count_000010_q04,ood_count_000010,images/ood_count/ood_count_000010.png,Which object is the topmost in the image?,yellow triangle,relative_ordering,2,ood_count,count,"{'target': 'obj_6', 'relation': 'topmost'}",The topmost object in the image is the blue arrow.,yellow triangle,topmost object in image is blue arrow,False,0.7629360040000392,ood_failure
ood_count_000011_q01,ood_count_000011,images/ood_count/ood_count_000011.png,Which object is immediately above the red rectangle?,blue triangle,above_below,2,ood_count,count,"{'anchor': 'obj_2', 'target': 'obj_6', 'relation': 'above'}",blue triangle,blue triangle,blue triangle,True,0.22497212400003264,
ood_count_000011_q02,ood_count_000011,images/ood_count/ood_count_000011.png,"Which object is larger, the red rectangle or the blue triangle?",blue triangle,relative_size,2,ood_count,count,"{'objects': ['obj_2', 'obj_6'], 'target': 'obj_6', 'relation': 'larger'}",red rectangle,blue triangle,red rectangle,False,0.22487867000018014,ood_failure
ood_count_000011_q03,ood_count_000011,images/ood_count/ood_count_000011.png,How many green objects are in the image?,3,counting,1,ood_count,count,{'filter': {'color': 'green'}},1,3,1,False,0.17239872200002537,ood_failure
ood_count_000011_q04,ood_count_000011,images/ood_count/ood_count_000011.png,Which object is between the red circle and the blue rectangle?,green circle,between,3,ood_count,count,"{'objects': ['obj_4', 'obj_7'], 'target': 'obj_1', 'relation': 'between'}",green rectangle,green circle,green rectangle,False,0.22391710900001272,ood_failure
ood_count_000012_q01,ood_count_000012,images/ood_count/ood_count_000012.png,Do the blue circle and the red rectangle overlap? Answer yes or no.,no,overlap,2,ood_count,count,"{'objects': ['obj_5', 'obj_6'], 'relation': 'overlap'}",no,no,no,True,0.17244641699994645,
ood_count_000012_q02,ood_count_000012,images/ood_count/ood_count_000012.png,Which object is the leftmost in the image?,red rectangle,relative_ordering,2,ood_count,count,"{'target': 'obj_6', 'relation': 'leftmost'}",The leftmost object in the image is a red rectangle.,red rectangle,leftmost object in image is red rectangle,False,0.7394578160001402,ood_failure
ood_count_000012_q03,ood_count_000012,images/ood_count/ood_count_000012.png,Which object is between the green rectangle and the red rectangle?,red triangle,between,3,ood_count,count,"{'objects': ['obj_8', 'obj_6'], 'target': 'obj_1', 'relation': 'between'}",blue rectangle,red triangle,blue rectangle,False,0.2231830999999147,ood_failure
ood_count_000012_q04,ood_count_000012,images/ood_count/ood_count_000012.png,"Which object is larger, the yellow circle or the red circle?",red circle,relative_size,2,ood_count,count,"{'objects': ['obj_7', 'obj_9'], 'target': 'obj_9', 'relation': 'larger'}",red circle,red circle,red circle,True,0.2234590630000639,
ood_count_000013_q01,ood_count_000013,images/ood_count/ood_count_000013.png,Which object is the rightmost in the image?,blue triangle,relative_ordering,2,ood_count,count,"{'target': 'obj_2', 'relation': 'rightmost'}",triangle,blue triangle,triangle,False,0.1732336810000561,ood_failure
ood_count_000013_q02,ood_count_000013,images/ood_count/ood_count_000013.png,"Which object is smaller, the yellow rectangle or the blue circle?",yellow rectangle,relative_size,2,ood_count,count,"{'objects': ['obj_6', 'obj_3'], 'target': 'obj_6', 'relation': 'smaller'}",yellow rectangle,yellow rectangle,yellow rectangle,True,0.22496619000003193,
ood_count_000013_q03,ood_count_000013,images/ood_count/ood_count_000013.png,Which object is both above the yellow rectangle and left of the green triangle?,red circle,multi_hop,4,ood_count,count,"{'anchors': ['obj_6', 'obj_1'], 'target': 'obj_4', 'relations': ['above', 'left of']}",blue triangle,red circle,blue triangle,False,0.2517230930000096,ood_failure
ood_count_000013_q04,ood_count_000013,images/ood_count/ood_count_000013.png,Is the blue triangle completely inside the yellow rectangle? Answer yes or no.,no,inside_outside,2,ood_count,count,"{'objects': ['obj_2', 'obj_6'], 'relation': 'inside'}",no,no,no,True,0.17266068100002485,
ood_count_000014_q01,ood_count_000014,images/ood_count/ood_count_000014.png,Which object is both above the blue circle and below the blue rectangle?,red rectangle,multi_hop,4,ood_count,count,"{'anchors': ['obj_5', 'obj_6'], 'target': 'obj_3', 'relations': ['above', 'below']}",red triangle,red rectangle,red triangle,False,0.22353036200001952,ood_failure
ood_count_000014_q02,ood_count_000014,images/ood_count/ood_count_000014.png,How many circle objects are in the image?,4,counting,1,ood_count,count,{'filter': {'shape': 'circle'}},3,4,3,False,0.17642406699997082,ood_failure
ood_count_000014_q03,ood_count_000014,images/ood_count/ood_count_000014.png,Which object is the leftmost in the image?,green circle,relative_ordering,2,ood_count,count,"{'target': 'obj_8', 'relation': 'leftmost'}",The leftmost object in the image is a green circle.,green circle,leftmost object in image is green circle,False,0.7437183170000026,ood_failure
ood_count_000014_q04,ood_count_000014,images/ood_count/ood_count_000014.png,Which object is farthest from the blue circle?,green circle,nearest_farthest,2,ood_count,count,"{'anchor': 'obj_5', 'target': 'obj_8', 'relation': 'farthest'}",The red object is farthest from the blue circle.,green circle,red object is farthest from blue circle,False,0.6886662690001231,ood_failure
ood_count_000015_q01,ood_count_000015,images/ood_count/ood_count_000015.png,Is the yellow triangle completely inside the yellow rectangle? Answer yes or no.,no,inside_outside,2,ood_count,count,"{'objects': ['obj_6', 'obj_5'], 'relation': 'inside'}",no,no,no,True,0.17317701600018154,
ood_count_000015_q02,ood_count_000015,images/ood_count/ood_count_000015.png,Which object is the leftmost in the image?,blue circle,relative_ordering,2,ood_count,count,"{'target': 'obj_4', 'relation': 'leftmost'}",The leftmost object in the image is a red circle.,blue circle,leftmost object in image is red circle,False,0.7603890749999209,ood_failure
ood_count_000015_q03,ood_count_000015,images/ood_count/ood_count_000015.png,"Which object is closer to the center of the image, the yellow triangle or the blue circle?",yellow triangle,center_proximity,2,ood_count,count,"{'objects': ['obj_6', 'obj_4'], 'target': 'obj_6', 'relation': 'center_proximity'}",yellow triangle,yellow triangle,yellow triangle,True,0.22339875199986636,
ood_count_000015_q04,ood_count_000015,images/ood_count/ood_count_000015.png,Do the red circle and the blue triangle overlap? Answer yes or no.,no,overlap,2,ood_count,count,"{'objects': ['obj_7', 'obj_9'], 'relation': 'overlap'}",no,no,no,True,0.17226556500008883,
ood_count_000016_q01,ood_count_000016,images/ood_count/ood_count_000016.png,"Which object is closer to the center of the image, the yellow triangle or the red triangle?",yellow triangle,center_proximity,2,ood_count,count,"{'objects': ['obj_2', 'obj_5'], 'target': 'obj_2', 'relation': 'center_proximity'}",yellow triangle,yellow triangle,yellow triangle,True,0.22547887800010358,
ood_count_000016_q02,ood_count_000016,images/ood_count/ood_count_000016.png,Which object is nearest from the yellow rectangle?,blue rectangle,nearest_farthest,2,ood_count,count,"{'anchor': 'obj_6', 'target': 'obj_4', 'relation': 'nearest'}",blue rectangle,blue rectangle,blue rectangle,True,0.2262620449998849,
ood_count_000016_q03,ood_count_000016,images/ood_count/ood_count_000016.png,Which object is immediately left of the green triangle?,yellow rectangle,left_right,2,ood_count,count,"{'anchor': 'obj_1', 'target': 'obj_6', 'relation': 'left'}","The green triangle is in the center of the image, and the object immediately to its left is the yellow square.",yellow rectangle,green triangle is in center of image and object immediately to its left is yellow square,False,1.2977373229998648,ood_failure
ood_count_000016_q04,ood_count_000016,images/ood_count/ood_count_000016.png,Which object is the leftmost in the image?,red triangle,relative_ordering,2,ood_count,count,"{'target': 'obj_5', 'relation': 'leftmost'}",The leftmost object in the image is a red triangle.,red triangle,leftmost object in image is red triangle,False,0.7346312180000041,ood_failure
ood_count_000017_q01,ood_count_000017,images/ood_count/ood_count_000017.png,How many objects are left of the blue circle?,1,counting,2,ood_count,count,"{'anchor': 'obj_8', 'relation': 'left'}",3,1,3,False,0.17066368399991916,ood_failure
ood_count_000017_q02,ood_count_000017,images/ood_count/ood_count_000017.png,Which object is both above the green rectangle and right of the blue rectangle?,yellow triangle,multi_hop,4,ood_count,count,"{'anchors': ['obj_5', 'obj_3'], 'target': 'obj_7', 'relations': ['above', 'right of']}",yellow triangle,yellow triangle,yellow triangle,True,0.22205769300012435,
ood_count_000017_q03,ood_count_000017,images/ood_count/ood_count_000017.png,Which object is immediately right of the red rectangle?,blue triangle,left_right,2,ood_count,count,"{'anchor': 'obj_6', 'target': 'obj_1', 'relation': 'right'}",green triangle,blue triangle,green triangle,False,0.2226784909998969,ood_failure
ood_count_000017_q04,ood_count_000017,images/ood_count/ood_count_000017.png,"Which object is smaller, the yellow rectangle or the green rectangle?",yellow rectangle,relative_size,2,ood_count,count,"{'objects': ['obj_4', 'obj_5'], 'target': 'obj_4', 'relation': 'smaller'}",yellow rectangle,yellow rectangle,yellow rectangle,True,0.22313182500010953,
ood_count_000018_q01,ood_count_000018,images/ood_count/ood_count_000018.png,Which object is the bottommost in the image?,green rectangle,relative_ordering,2,ood_count,count,"{'target': 'obj_5', 'relation': 'bottommost'}",The bottommost object in the image is the green triangle.,green rectangle,bottommost object in image is green triangle,False,0.7431196539998837,ood_failure
ood_count_000018_q02,ood_count_000018,images/ood_count/ood_count_000018.png,Is the red circle completely inside the yellow circle? Answer yes or no.,no,inside_outside,2,ood_count,count,"{'objects': ['obj_1', 'obj_6'], 'relation': 'inside'}",no,no,no,True,0.1724871900000835,
ood_count_000018_q03,ood_count_000018,images/ood_count/ood_count_000018.png,How many objects are left of the red circle?,2,counting,2,ood_count,count,"{'anchor': 'obj_1', 'relation': 'left'}",3,2,3,False,0.1718692539998301,ood_failure
ood_count_000018_q04,ood_count_000018,images/ood_count/ood_count_000018.png,"Which object is closer to the center of the image, the red circle or the red triangle?",red triangle,center_proximity,2,ood_count,count,"{'objects': ['obj_1', 'obj_3'], 'target': 'obj_3', 'relation': 'center_proximity'}",red triangle,red triangle,red triangle,True,0.22449492700002338,
ood_count_000019_q01,ood_count_000019,images/ood_count/ood_count_000019.png,How many objects are above the blue rectangle?,8,counting,2,ood_count,count,"{'anchor': 'obj_9', 'relation': 'above'}",4,8,4,False,0.17148957499989592,ood_failure
ood_count_000019_q02,ood_count_000019,images/ood_count/ood_count_000019.png,Which object is immediately below the yellow triangle?,yellow rectangle,above_below,2,ood_count,count,"{'anchor': 'obj_1', 'target': 'obj_4', 'relation': 'below'}",blue rectangle,yellow rectangle,blue rectangle,False,0.22575394299997242,ood_failure
ood_count_000019_q03,ood_count_000019,images/ood_count/ood_count_000019.png,Which object is between the blue circle and the yellow circle?,red circle,between,3,ood_count,count,"{'objects': ['obj_6', 'obj_7'], 'target': 'obj_5', 'relation': 'between'}",red triangle,red circle,red triangle,False,0.22651131900011023,ood_failure
ood_count_000019_q04,ood_count_000019,images/ood_count/ood_count_000019.png,"Which object is larger, the blue triangle or the yellow rectangle?",yellow rectangle,relative_size,2,ood_count,count,"{'objects': ['obj_2', 'obj_4'], 'target': 'obj_4', 'relation': 'larger'}",yellow rectangle,yellow rectangle,yellow rectangle,True,0.22790166600020711,
ood_count_000020_q01,ood_count_000020,images/ood_count/ood_count_000020.png,Which object is immediately above the green rectangle?,red triangle,above_below,2,ood_count,count,"{'anchor': 'obj_2', 'target': 'obj_4', 'relation': 'above'}",red circle,red triangle,red circle,False,0.22405872799981807,ood_failure
ood_count_000020_q02,ood_count_000020,images/ood_count/ood_count_000020.png,"Which object is larger, the green rectangle or the red circle?",red circle,relative_size,2,ood_count,count,"{'objects': ['obj_2', 'obj_6'], 'target': 'obj_6', 'relation': 'larger'}",red circle,red circle,red circle,True,0.22349656599999435,
ood_count_000020_q03,ood_count_000020,images/ood_count/ood_count_000020.png,How many green objects are in the image?,3,counting,1,ood_count,count,{'filter': {'color': 'green'}},2,3,2,False,0.1713137810002081,ood_failure
ood_count_000020_q04,ood_count_000020,images/ood_count/ood_count_000020.png,Which object is between the yellow triangle and the red circle?,blue circle,between,3,ood_count,count,"{'objects': ['obj_9', 'obj_6'], 'target': 'obj_1', 'relation': 'between'}",green circle,blue circle,green circle,False,0.22434132399985174,ood_failure
ood_count_000021_q01,ood_count_000021,images/ood_count/ood_count_000021.png,Do the yellow circle and the green rectangle overlap? Answer yes or no.,no,overlap,2,ood_count,count,"{'objects': ['obj_5', 'obj_7'], 'relation': 'overlap'}",no,no,no,True,0.1716031710000152,
ood_count_000021_q02,ood_count_000021,images/ood_count/ood_count_000021.png,Which object is the topmost in the image?,blue triangle,relative_ordering,2,ood_count,count,"{'target': 'obj_4', 'relation': 'topmost'}",blue triangle,blue triangle,blue triangle,True,0.22292480000010073,
ood_count_000021_q03,ood_count_000021,images/ood_count/ood_count_000021.png,Which object is between the blue triangle and the blue circle?,yellow circle,between,3,ood_count,count,"{'objects': ['obj_4', 'obj_3'], 'target': 'obj_5', 'relation': 'between'}",yellow square,yellow circle,yellow square,False,0.22238833900019017,ood_failure
ood_count_000021_q04,ood_count_000021,images/ood_count/ood_count_000021.png,"Which object is smaller, the yellow rectangle or the blue rectangle?",blue rectangle,relative_size,2,ood_count,count,"{'objects': ['obj_8', 'obj_6'], 'target': 'obj_6', 'relation': 'smaller'}",yellow rectangle,blue rectangle,yellow rectangle,False,0.22323247500003163,ood_failure
ood_count_000022_q01,ood_count_000022,images/ood_count/ood_count_000022.png,Which object is the rightmost in the image?,red rectangle,relative_ordering,2,ood_count,count,"{'target': 'obj_5', 'relation': 'rightmost'}",The rightmost object in the image is a red square.,red rectangle,rightmost object in image is red square,False,0.736216585999955,ood_failure
ood_count_000022_q02,ood_count_000022,images/ood_count/ood_count_000022.png,"Which object is smaller, the blue triangle or the red triangle?",red triangle,relative_size,2,ood_count,count,"{'objects': ['obj_6', 'obj_3'], 'target': 'obj_3', 'relation': 'smaller'}",The red triangle is smaller.,red triangle,red triangle is smaller,False,0.4308963080000012,ood_failure
ood_count_000022_q03,ood_count_000022,images/ood_count/ood_count_000022.png,Which object is both below the yellow triangle and above the green rectangle?,red rectangle,multi_hop,4,ood_count,count,"{'anchors': ['obj_2', 'obj_7'], 'target': 'obj_5', 'relations': ['below', 'above']}",red rectangle,red rectangle,red rectangle,True,0.2232214410000779,
ood_count_000022_q04,ood_count_000022,images/ood_count/ood_count_000022.png,Is the red triangle completely inside the yellow circle? Answer yes or no.,no,inside_outside,2,ood_count,count,"{'objects': ['obj_3', 'obj_1'], 'relation': 'inside'}",no,no,no,True,0.17195826400006808,
ood_count_000023_q01,ood_count_000023,images/ood_count/ood_count_000023.png,Which object is both right of the green triangle and left of the green circle?,red rectangle,multi_hop,4,ood_count,count,"{'anchors': ['obj_4', 'obj_3'], 'target': 'obj_2', 'relations': ['right of', 'left of']}",red circle,red rectangle,red circle,False,0.22285647100011374,ood_failure
ood_count_000023_q02,ood_count_000023,images/ood_count/ood_count_000023.png,How many circle objects are in the image?,3,counting,1,ood_count,count,{'filter': {'shape': 'circle'}},3,3,3,True,0.17183291800006373,
ood_count_000023_q03,ood_count_000023,images/ood_count/ood_count_000023.png,Which object is the bottommost in the image?,yellow circle,relative_ordering,2,ood_count,count,"{'target': 'obj_1', 'relation': 'bottommost'}",The bottommost object in the image is the yellow circle.,yellow circle,bottommost object in image is yellow circle,False,0.7435569530000521,ood_failure
ood_count_000023_q04,ood_count_000023,images/ood_count/ood_count_000023.png,Which object is nearest from the green triangle?,yellow rectangle,nearest_farthest,2,ood_count,count,"{'anchor': 'obj_4', 'target': 'obj_5', 'relation': 'nearest'}","The green triangle is on the left side of the image, and the green circle is on the left side of the image. The green triangle is on the left, and the green circle is on the left. The green triangle is on the",yellow rectangle,green triangle is on left side of image and green circle is on left side of image green triangle is on left and green circle is on left green triangle is on,False,2.5559105810000347,ood_failure
ood_count_000024_q01,ood_count_000024,images/ood_count/ood_count_000024.png,Is the green triangle completely inside the blue circle? Answer yes or no.,no,inside_outside,2,ood_count,count,"{'objects': ['obj_6', 'obj_5'], 'relation': 'inside'}",no,no,no,True,0.1718224050000572,
ood_count_000024_q02,ood_count_000024,images/ood_count/ood_count_000024.png,Which object is the leftmost in the image?,blue circle,relative_ordering,2,ood_count,count,"{'target': 'obj_5', 'relation': 'leftmost'}",The leftmost object in the image is a red circle.,blue circle,leftmost object in image is red circle,False,0.7408158620000904,ood_failure
ood_count_000024_q03,ood_count_000024,images/ood_count/ood_count_000024.png,"Which object is closer to the center of the image, the green triangle or the red circle?",red circle,center_proximity,2,ood_count,count,"{'objects': ['obj_6', 'obj_4'], 'target': 'obj_4', 'relation': 'center_proximity'}",red circle,red circle,red circle,True,0.22391362999997,
ood_count_000024_q04,ood_count_000024,images/ood_count/ood_count_000024.png,Do the red triangle and the yellow rectangle overlap? Answer yes or no.,no,overlap,2,ood_count,count,"{'objects': ['obj_7', 'obj_9'], 'relation': 'overlap'}",no,no,no,True,0.1720611050000116,
ood_count_000025_q01,ood_count_000025,images/ood_count/ood_count_000025.png,"Which object is closer to the center of the image, the yellow circle or the blue circle?",blue circle,center_proximity,2,ood_count,count,"{'objects': ['obj_2', 'obj_5'], 'target': 'obj_5', 'relation': 'center_proximity'}",blue circle,blue circle,blue circle,True,0.2225737090000166,
ood_count_000025_q02,ood_count_000025,images/ood_count/ood_count_000025.png,Which object is nearest from the red triangle?,blue circle,nearest_farthest,2,ood_count,count,"{'anchor': 'obj_6', 'target': 'obj_5', 'relation': 'nearest'}",blue circle,blue circle,blue circle,True,0.22390718500014373,
ood_count_000025_q03,ood_count_000025,images/ood_count/ood_count_000025.png,Which object is the leftmost in the image?,green circle,relative_ordering,2,ood_count,count,"{'target': 'obj_1', 'relation': 'leftmost'}",The leftmost object in the image is a green circle.,green circle,leftmost object in image is green circle,False,0.7420698390001235,ood_failure
ood_count_000025_q04,ood_count_000025,images/ood_count/ood_count_000025.png,Which object is between the yellow circle and the green circle?,yellow rectangle,between,3,ood_count,count,"{'objects': ['obj_2', 'obj_1'], 'target': 'obj_3', 'relation': 'between'}",blue circle,yellow rectangle,blue circle,False,0.22486959200000456,ood_failure
ood_count_000026_q01,ood_count_000026,images/ood_count/ood_count_000026.png,How many objects are left of the blue rectangle?,7,counting,2,ood_count,count,"{'anchor': 'obj_8', 'relation': 'left'}",3,7,3,False,0.17264439899986428,ood_failure
ood_count_000026_q02,ood_count_000026,images/ood_count/ood_count_000026.png,Which object is both below the blue triangle and left of the red circle?,red rectangle,multi_hop,4,ood_count,count,"{'anchors': ['obj_3', 'obj_9'], 'target': 'obj_1', 'relations': ['below', 'left of']}",green rectangle,red rectangle,green rectangle,False,0.22695388300007835,ood_failure
ood_count_000026_q03,ood_count_000026,images/ood_count/ood_count_000026.png,Which object is immediately left of the red circle?,red rectangle,left_right,2,ood_count,count,"{'anchor': 'obj_9', 'target': 'obj_1', 'relation': 'left'}",green rectangle,red rectangle,green rectangle,False,0.2281525139999303,ood_failure
ood_count_000026_q04,ood_count_000026,images/ood_count/ood_count_000026.png,"Which object is larger, the green triangle or the red circle?",red circle,relative_size,2,ood_count,count,"{'objects': ['obj_6', 'obj_9'], 'target': 'obj_9', 'relation': 'larger'}",red circle,red circle,red circle,True,0.2250201179999749,
ood_count_000027_q01,ood_count_000027,images/ood_count/ood_count_000027.png,Which object is the bottommost in the image?,blue rectangle,relative_ordering,2,ood_count,count,"{'target': 'obj_5', 'relation': 'bottommost'}",blue square,blue rectangle,blue square,False,0.22246682800005146,ood_failure
ood_count_000027_q02,ood_count_000027,images/ood_count/ood_count_000027.png,Is the green rectangle completely inside the blue triangle? Answer yes or no.,no,inside_outside,2,ood_count,count,"{'objects': ['obj_1', 'obj_6'], 'relation': 'inside'}",no,no,no,True,0.17099181399998997,
ood_count_000027_q03,ood_count_000027,images/ood_count/ood_count_000027.png,How many objects are left of the green triangle?,2,counting,2,ood_count,count,"{'anchor': 'obj_2', 'relation': 'left'}",3,2,3,False,0.17092889199989258,ood_failure
ood_count_000027_q04,ood_count_000027,images/ood_count/ood_count_000027.png,"Which object is closer to the center of the image, the green triangle or the yellow circle?",green triangle,center_proximity,2,ood_count,count,"{'objects': ['obj_2', 'obj_3'], 'target': 'obj_2', 'relation': 'center_proximity'}",green triangle,green triangle,green triangle,True,0.22573890199987545,
ood_count_000028_q01,ood_count_000028,images/ood_count/ood_count_000028.png,How many objects are above the blue rectangle?,1,counting,2,ood_count,count,"{'anchor': 'obj_5', 'relation': 'above'}",3,1,3,False,0.17222297600005732,ood_failure
ood_count_000028_q02,ood_count_000028,images/ood_count/ood_count_000028.png,Which object is between the blue rectangle and the red rectangle?,yellow triangle,between,3,ood_count,count,"{'objects': ['obj_5', 'obj_6'], 'target': 'obj_3', 'relation': 'between'}",green triangle,yellow triangle,green triangle,False,0.22685842199985018,ood_failure
ood_count_000028_q03,ood_count_000028,images/ood_count/ood_count_000028.png,"Which object is larger, the blue rectangle or the green rectangle?",blue rectangle,relative_size,2,ood_count,count,"{'objects': ['obj_5', 'obj_2'], 'target': 'obj_5', 'relation': 'larger'}",blue rectangle,blue rectangle,blue rectangle,True,0.2270781199999874,
ood_count_000028_q04,ood_count_000028,images/ood_count/ood_count_000028.png,Which object is both right of the blue circle and below the blue rectangle?,red rectangle,multi_hop,4,ood_count,count,"{'anchors': ['obj_1', 'obj_5'], 'target': 'obj_6', 'relations': ['right of', 'below']}",red circle,red rectangle,red circle,False,0.2247026499999265,ood_failure
ood_count_000029_q01,ood_count_000029,images/ood_count/ood_count_000029.png,Which object is immediately right of the yellow rectangle?,yellow circle,left_right,2,ood_count,count,"{'anchor': 'obj_4', 'target': 'obj_3', 'relation': 'right'}",red rectangle,yellow circle,red rectangle,False,0.2225471510000716,ood_failure
ood_count_000029_q02,ood_count_000029,images/ood_count/ood_count_000029.png,Is the blue triangle completely inside the yellow rectangle? Answer yes or no.,no,inside_outside,2,ood_count,count,"{'objects': ['obj_6', 'obj_4'], 'relation': 'inside'}",no,no,no,True,0.17113872599998103,
ood_count_000029_q03,ood_count_000029,images/ood_count/ood_count_000029.png,"Which object is smaller, the yellow rectangle or the yellow circle?",yellow rectangle,relative_size,2,ood_count,count,"{'objects': ['obj_4', 'obj_3'], 'target': 'obj_4', 'relation': 'smaller'}",yellow circle,yellow rectangle,yellow circle,False,0.22259054500000275,ood_failure
ood_count_000029_q04,ood_count_000029,images/ood_count/ood_count_000029.png,"Which object is closer to the center of the image, the green triangle or the yellow circle?",yellow circle,center_proximity,2,ood_count,count,"{'objects': ['obj_1', 'obj_3'], 'target': 'obj_3', 'relation': 'center_proximity'}",yellow circle,yellow circle,yellow circle,True,0.22289872300007119,
ood_count_000030_q01,ood_count_000030,images/ood_count/ood_count_000030.png,Do the red rectangle and the blue triangle overlap? Answer yes or no.,no,overlap,2,ood_count,count,"{'objects': ['obj_6', 'obj_3'], 'relation': 'overlap'}",no,no,no,True,0.17569649799997933,
ood_count_000030_q02,ood_count_000030,images/ood_count/ood_count_000030.png,Which object is the topmost in the image?,blue triangle,relative_ordering,2,ood_count,count,"{'target': 'obj_3', 'relation': 'topmost'}",triangle,blue triangle,triangle,False,0.17884254499995222,ood_failure
ood_count_000030_q03,ood_count_000030,images/ood_count/ood_count_000030.png,Which object is between the green rectangle and the red circle?,yellow rectangle,between,3,ood_count,count,"{'objects': ['obj_1', 'obj_5'], 'target': 'obj_2', 'relation': 'between'}",yellow circle,yellow rectangle,yellow circle,False,0.22456880900017495,ood_failure
ood_count_000030_q04,ood_count_000030,images/ood_count/ood_count_000030.png,Which object is immediately right of the yellow circle?,green triangle,left_right,2,ood_count,count,"{'anchor': 'obj_7', 'target': 'obj_4', 'relation': 'right'}",red circle,green triangle,red circle,False,0.226404931000161,ood_failure
ood_count_000031_q01,ood_count_000031,images/ood_count/ood_count_000031.png,Which object is the rightmost in the image?,green rectangle,relative_ordering,2,ood_count,count,"{'target': 'obj_4', 'relation': 'rightmost'}",The rightmost object in the image is a green square.,green rectangle,rightmost object in image is green square,False,0.7377636910000547,ood_failure
ood_count_000031_q02,ood_count_000031,images/ood_count/ood_count_000031.png,"Which object is smaller, the blue rectangle or the blue triangle?",blue rectangle,relative_size,2,ood_count,count,"{'objects': ['obj_6', 'obj_3'], 'target': 'obj_6', 'relation': 'smaller'}",blue triangle,blue rectangle,blue triangle,False,0.22561889700000393,ood_failure
ood_count_000031_q03,ood_count_000031,images/ood_count/ood_count_000031.png,Which object is both above the red triangle and below the green rectangle?,yellow triangle,multi_hop,4,ood_count,count,"{'anchors': ['obj_2', 'obj_4'], 'target': 'obj_1', 'relations': ['above', 'below']}",blue triangle,yellow triangle,blue triangle,False,0.2268896749999385,ood_failure
ood_count_000031_q04,ood_count_000031,images/ood_count/ood_count_000031.png,Is the blue triangle completely inside the yellow triangle? Answer yes or no.,no,inside_outside,2,ood_count,count,"{'objects': ['obj_3', 'obj_1'], 'relation': 'inside'}",no,no,no,True,0.17321298199999546,
ood_count_000032_q01,ood_count_000032,images/ood_count/ood_count_000032.png,Which object is both below the green rectangle and left of the red circle?,blue rectangle,multi_hop,4,ood_count,count,"{'anchors': ['obj_5', 'obj_4'], 'target': 'obj_3', 'relations': ['below', 'left of']}",blue rectangle,blue rectangle,blue rectangle,True,0.22484151499998006,
ood_count_000032_q02,ood_count_000032,images/ood_count/ood_count_000032.png,How many red objects are in the image?,2,counting,1,ood_count,count,{'filter': {'color': 'red'}},1,2,1,False,0.17183900999998514,ood_failure
ood_count_000032_q03,ood_count_000032,images/ood_count/ood_count_000032.png,Which object is the topmost in the image?,blue circle,relative_ordering,2,ood_count,count,"{'target': 'obj_2', 'relation': 'topmost'}",blue circle,blue circle,blue circle,True,0.22232194100001834,
ood_count_000032_q04,ood_count_000032,images/ood_count/ood_count_000032.png,Which object is farthest from the green triangle?,blue circle,nearest_farthest,2,ood_count,count,"{'anchor': 'obj_7', 'target': 'obj_2', 'relation': 'farthest'}",The blue rectangle is farthest from the green triangle.,blue circle,blue rectangle is farthest from green triangle,False,0.686880968999958,ood_failure
ood_count_000033_q01,ood_count_000033,images/ood_count/ood_count_000033.png,Is the yellow rectangle completely inside the blue rectangle? Answer yes or no.,no,inside_outside,2,ood_count,count,"{'objects': ['obj_3', 'obj_6'], 'relation': 'inside'}",no,no,no,True,0.17353206799998588,
ood_count_000033_q02,ood_count_000033,images/ood_count/ood_count_000033.png,Which object is the leftmost in the image?,blue rectangle,relative_ordering,2,ood_count,count,"{'target': 'obj_6', 'relation': 'leftmost'}",blue shape,blue rectangle,blue shape,False,0.22529784299990752,ood_failure
ood_count_000033_q03,ood_count_000033,images/ood_count/ood_count_000033.png,"Which object is closer to the center of the image, the yellow rectangle or the yellow circle?",yellow rectangle,center_proximity,2,ood_count,count,"{'objects': ['obj_3', 'obj_2'], 'target': 'obj_3', 'relation': 'center_proximity'}",yellow rectangle,yellow rectangle,yellow rectangle,True,0.22397912900009942,
ood_count_000033_q04,ood_count_000033,images/ood_count/ood_count_000033.png,Do the red triangle and the blue circle overlap? Answer yes or no.,no,overlap,2,ood_count,count,"{'objects': ['obj_4', 'obj_5'], 'relation': 'overlap'}",no,no,no,True,0.17204375000005712,
ood_count_000034_q01,ood_count_000034,images/ood_count/ood_count_000034.png,"Which object is closer to the center of the image, the yellow triangle or the green circle?",green circle,center_proximity,2,ood_count,count,"{'objects': ['obj_2', 'obj_5'], 'target': 'obj_5', 'relation': 'center_proximity'}",green circle,green circle,green circle,True,0.22280456100020274,
ood_count_000034_q02,ood_count_000034,images/ood_count/ood_count_000034.png,Which object is nearest from the blue triangle?,red rectangle,nearest_farthest,2,ood_count,count,"{'anchor': 'obj_6', 'target': 'obj_3', 'relation': 'nearest'}",red rectangle,red rectangle,red rectangle,True,0.22272592400008762,
ood_count_000034_q03,ood_count_000034,images/ood_count/ood_count_000034.png,Which object is immediately left of the red triangle?,red circle,left_right,2,ood_count,count,"{'anchor': 'obj_1', 'target': 'obj_4', 'relation': 'left'}",red circle,red circle,red circle,True,0.22251401500011525,
ood_count_000034_q04,ood_count_000034,images/ood_count/ood_count_000034.png,Which object is the leftmost in the image?,green circle,relative_ordering,2,ood_count,count,"{'target': 'obj_5', 'relation': 'leftmost'}",The leftmost object in the image is a green circle.,green circle,leftmost object in image is green circle,False,0.7392477569999301,ood_failure
ood_count_000035_q01,ood_count_000035,images/ood_count/ood_count_000035.png,How many objects are left of the yellow rectangle?,0,counting,2,ood_count,count,"{'anchor': 'obj_7', 'relation': 'left'}",3,0,3,False,0.170625088999941,ood_failure
ood_count_000035_q02,ood_count_000035,images/ood_count/ood_count_000035.png,Which object is both above the yellow triangle and below the green triangle?,red rectangle,multi_hop,4,ood_count,count,"{'anchors': ['obj_4', 'obj_1'], 'target': 'obj_2', 'relations': ['above', 'below']}",red rectangle,red rectangle,red rectangle,True,0.22311234900007548,
ood_count_000035_q03,ood_count_000035,images/ood_count/ood_count_000035.png,Which object is immediately right of the red rectangle?,green triangle,left_right,2,ood_count,count,"{'anchor': 'obj_2', 'target': 'obj_1', 'relation': 'right'}",red triangle,green triangle,red triangle,False,0.2231521440000961,ood_failure
ood_count_000035_q04,ood_count_000035,images/ood_count/ood_count_000035.png,"Which object is smaller, the yellow triangle or the red triangle?",yellow triangle,relative_size,2,ood_count,count,"{'objects': ['obj_4', 'obj_5'], 'target': 'obj_4', 'relation': 'smaller'}",red triangle,yellow triangle,red triangle,False,0.2234587810000903,ood_failure
ood_count_000036_q01,ood_count_000036,images/ood_count/ood_count_000036.png,Which object is the bottommost in the image?,yellow circle,relative_ordering,2,ood_count,count,"{'target': 'obj_1', 'relation': 'bottommost'}",The bottommost object in the image is the green circle.,yellow circle,bottommost object in image is green circle,False,0.7381758020001143,ood_failure
ood_count_000036_q02,ood_count_000036,images/ood_count/ood_count_000036.png,Is the yellow circle completely inside the blue triangle? Answer yes or no.,no,inside_outside,2,ood_count,count,"{'objects': ['obj_1', 'obj_6'], 'relation': 'inside'}",no,no,no,True,0.17176243500011878,
ood_count_000036_q03,ood_count_000036,images/ood_count/ood_count_000036.png,How many objects are left of the yellow circle?,1,counting,2,ood_count,count,"{'anchor': 'obj_1', 'relation': 'left'}",3,1,3,False,0.17127197999980126,ood_failure
ood_count_000036_q04,ood_count_000036,images/ood_count/ood_count_000036.png,"Which object is closer to the center of the image, the yellow circle or the yellow triangle?",yellow triangle,center_proximity,2,ood_count,count,"{'objects': ['obj_1', 'obj_3'], 'target': 'obj_3', 'relation': 'center_proximity'}",yellow circle,yellow triangle,yellow circle,False,0.22340751000001546,ood_failure
ood_count_000037_q01,ood_count_000037,images/ood_count/ood_count_000037.png,How many objects are above the yellow triangle?,0,counting,2,ood_count,count,"{'anchor': 'obj_1', 'relation': 'above'}",3,0,3,False,0.1708186470000328,ood_failure
ood_count_000037_q02,ood_count_000037,images/ood_count/ood_count_000037.png,Which object is immediately above the red rectangle?,green rectangle,above_below,2,ood_count,count,"{'anchor': 'obj_7', 'target': 'obj_6', 'relation': 'above'}",blue triangle,green rectangle,blue triangle,False,0.22319238499994754,ood_failure
ood_count_000037_q03,ood_count_000037,images/ood_count/ood_count_000037.png,Which object is between the yellow triangle and the red rectangle?,red circle,between,3,ood_count,count,"{'objects': ['obj_1', 'obj_7'], 'target': 'obj_2', 'relation': 'between'}",blue circle,red circle,blue circle,False,0.22290693099989767,ood_failure
ood_count_000037_q04,ood_count_000037,images/ood_count/ood_count_000037.png,"Which object is larger, the yellow triangle or the yellow rectangle?",yellow rectangle,relative_size,2,ood_count,count,"{'objects': ['obj_1', 'obj_5'], 'target': 'obj_5', 'relation': 'larger'}",The yellow triangle is larger than the yellow rectangle.,yellow rectangle,yellow triangle is larger than yellow rectangle,False,0.6448073779999959,ood_failure
ood_count_000038_q01,ood_count_000038,images/ood_count/ood_count_000038.png,Which object is immediately right of the yellow triangle?,green triangle,left_right,2,ood_count,count,"{'anchor': 'obj_4', 'target': 'obj_3', 'relation': 'right'}",green triangle,green triangle,green triangle,True,0.22379637400013053,
ood_count_000038_q02,ood_count_000038,images/ood_count/ood_count_000038.png,Is the green rectangle completely inside the red triangle? Answer yes or no.,no,inside_outside,2,ood_count,count,"{'objects': ['obj_6', 'obj_7'], 'relation': 'inside'}",no,no,no,True,0.17145489800009273,
ood_count_000038_q03,ood_count_000038,images/ood_count/ood_count_000038.png,Which object is both below the green triangle and left of the red circle?,red triangle,multi_hop,4,ood_count,count,"{'anchors': ['obj_3', 'obj_5'], 'target': 'obj_7', 'relations': ['below', 'left of']}",yellow triangle,red triangle,yellow triangle,False,0.22285638399989693,ood_failure
ood_count_000038_q04,ood_count_000038,images/ood_count/ood_count_000038.png,How many objects are above the green circle?,4,counting,2,ood_count,count,"{'anchor': 'obj_1', 'relation': 'above'}",4,4,4,True,0.17200222199994641,
ood_count_000039_q01,ood_count_000039,images/ood_count/ood_count_000039.png,Which object is the rightmost in the image?,blue rectangle,relative_ordering,2,ood_count,count,"{'target': 'obj_2', 'relation': 'rightmost'}",The rightmost object in the image is a green circle.,blue rectangle,rightmost object in image is green circle,False,0.7456695079999918,ood_failure
ood_count_000039_q02,ood_count_000039,images/ood_count/ood_count_000039.png,Which object is immediately above the green triangle?,yellow circle,above_below,2,ood_count,count,"{'anchor': 'obj_6', 'target': 'obj_7', 'relation': 'above'}",blue square,yellow circle,blue square,False,0.2232991729999867,ood_failure
ood_count_000039_q03,ood_count_000039,images/ood_count/ood_count_000039.png,Do the green triangle and the yellow circle overlap? Answer yes or no.,no,overlap,2,ood_count,count,"{'objects': ['obj_6', 'obj_7'], 'relation': 'overlap'}",no,no,no,True,0.17137411999988217,
ood_count_000039_q04,ood_count_000039,images/ood_count/ood_count_000039.png,"Which object is closer to the center of the image, the red rectangle or the green triangle?",red rectangle,center_proximity,2,ood_count,count,"{'objects': ['obj_3', 'obj_6'], 'target': 'obj_3', 'relation': 'center_proximity'}",red rectangle,red rectangle,red rectangle,True,0.22280639900009191,
ood_count_000040_q01,ood_count_000040,images/ood_count/ood_count_000040.png,Which object is the rightmost in the image?,green triangle,relative_ordering,2,ood_count,count,"{'target': 'obj_1', 'relation': 'rightmost'}",triangle,green triangle,triangle,False,0.17115954799987776,ood_failure
ood_count_000040_q02,ood_count_000040,images/ood_count/ood_count_000040.png,"Which object is smaller, the yellow circle or the blue rectangle?",yellow circle,relative_size,2,ood_count,count,"{'objects': ['obj_6', 'obj_3'], 'target': 'obj_6', 'relation': 'smaller'}",yellow circle,yellow circle,yellow circle,True,0.2244661880001786,
ood_count_000040_q03,ood_count_000040,images/ood_count/ood_count_000040.png,Which object is both below the red rectangle and left of the blue rectangle?,green circle,multi_hop,4,ood_count,count,"{'anchors': ['obj_4', 'obj_3'], 'target': 'obj_2', 'relations': ['below', 'left of']}",yellow circle,green circle,yellow circle,False,0.22537000700003773,ood_failure
ood_count_000040_q04,ood_count_000040,images/ood_count/ood_count_000040.png,Which object is immediately below the green circle?,yellow circle,above_below,2,ood_count,count,"{'anchor': 'obj_2', 'target': 'obj_6', 'relation': 'below'}",yellow circle,yellow circle,yellow circle,True,0.2229188289998092,
ood_count_000041_q01,ood_count_000041,images/ood_count/ood_count_000041.png,Which object is both below the red rectangle and right of the green circle?,red circle,multi_hop,4,ood_count,count,"{'anchors': ['obj_6', 'obj_7'], 'target': 'obj_3', 'relations': ['below', 'right of']}",red circle,red circle,red circle,True,0.22417062799991072,
ood_count_000041_q02,ood_count_000041,images/ood_count/ood_count_000041.png,How many objects are left of the blue triangle?,1,counting,2,ood_count,count,"{'anchor': 'obj_2', 'relation': 'left'}",3,1,3,False,0.17226140399998258,ood_failure
ood_count_000041_q03,ood_count_000041,images/ood_count/ood_count_000041.png,Which object is the rightmost in the image?,red circle,relative_ordering,2,ood_count,count,"{'target': 'obj_3', 'relation': 'rightmost'}",red circle,red circle,red circle,True,0.22235103800016986,
ood_count_000041_q04,ood_count_000041,images/ood_count/ood_count_000041.png,Which object is nearest from the yellow circle?,green circle,nearest_farthest,2,ood_count,count,"{'anchor': 'obj_1', 'target': 'obj_7', 'relation': 'nearest'}","The yellow circle is on the left side of the green circle, and the green circle is on the left side of the red circle. The yellow circle is on the left side of the green circle, and the green circle is on the left",green circle,yellow circle is on left side of green circle and green circle is on left side of red circle yellow circle is on left side of green circle and green circle is on left,False,2.533466266000005,ood_failure
ood_count_000042_q01,ood_count_000042,images/ood_count/ood_count_000042.png,Is the blue rectangle completely inside the blue triangle? Answer yes or no.,no,inside_outside,2,ood_count,count,"{'objects': ['obj_7', 'obj_3'], 'relation': 'inside'}",no,no,no,True,0.17272011899990503,
ood_count_000042_q02,ood_count_000042,images/ood_count/ood_count_000042.png,Which object is the topmost in the image?,red triangle,relative_ordering,2,ood_count,count,"{'target': 'obj_1', 'relation': 'topmost'}",triangle,red triangle,triangle,False,0.1729729649998717,ood_failure
ood_count_000042_q03,ood_count_000042,images/ood_count/ood_count_000042.png,"Which object is closer to the center of the image, the green circle or the red circle?",red circle,center_proximity,2,ood_count,count,"{'objects': ['obj_6', 'obj_5'], 'target': 'obj_5', 'relation': 'center_proximity'}",red circle,red circle,red circle,True,0.22441967500003557,
ood_count_000042_q04,ood_count_000042,images/ood_count/ood_count_000042.png,Do the red triangle and the blue triangle overlap? Answer yes or no.,no,overlap,2,ood_count,count,"{'objects': ['obj_1', 'obj_3'], 'relation': 'overlap'}",no,no,no,True,0.17273786199984897,
ood_count_000043_q01,ood_count_000043,images/ood_count/ood_count_000043.png,"Which object is closer to the center of the image, the red rectangle or the red circle?",red rectangle,center_proximity,2,ood_count,count,"{'objects': ['obj_4', 'obj_5'], 'target': 'obj_4', 'relation': 'center_proximity'}",red circle,red rectangle,red circle,False,0.2231254739999713,ood_failure
ood_count_000043_q02,ood_count_000043,images/ood_count/ood_count_000043.png,Which object is nearest from the green circle?,green rectangle,nearest_farthest,2,ood_count,count,"{'anchor': 'obj_1', 'target': 'obj_8', 'relation': 'nearest'}",red circle,green rectangle,red circle,False,0.22395477400004893,ood_failure
ood_count_000043_q03,ood_count_000043,images/ood_count/ood_count_000043.png,Which object is immediately left of the yellow triangle?,blue rectangle,left_right,2,ood_count,count,"{'anchor': 'obj_3', 'target': 'obj_2', 'relation': 'left'}",blue rectangle,blue rectangle,blue rectangle,True,0.22369606600000225,
ood_count_000043_q04,ood_count_000043,images/ood_count/ood_count_000043.png,Which object is the rightmost in the image?,green rectangle,relative_ordering,2,ood_count,count,"{'target': 'obj_8', 'relation': 'rightmost'}",The rightmost object in the image is a green circle.,green rectangle,rightmost object in image is green circle,False,0.7375389180001548,ood_failure
ood_count_000044_q01,ood_count_000044,images/ood_count/ood_count_000044.png,How many objects are left of the blue triangle?,7,counting,2,ood_count,count,"{'anchor': 'obj_8', 'relation': 'left'}",4,7,4,False,0.17247783500010883,ood_failure
ood_count_000044_q02,ood_count_000044,images/ood_count/ood_count_000044.png,Which object is both right of the red circle and above the blue triangle?,yellow circle,multi_hop,4,ood_count,count,"{'anchors': ['obj_6', 'obj_8'], 'target': 'obj_7', 'relations': ['right of', 'above']}",yellow circle,yellow circle,yellow circle,True,0.22400057200002266,
ood_count_000044_q03,ood_count_000044,images/ood_count/ood_count_000044.png,Which object is immediately left of the yellow circle?,blue triangle,left_right,2,ood_count,count,"{'anchor': 'obj_7', 'target': 'obj_8', 'relation': 'left'}",red circle,blue triangle,red circle,False,0.22292135499992582,ood_failure
ood_count_000044_q04,ood_count_000044,images/ood_count/ood_count_000044.png,"Which object is larger, the yellow rectangle or the blue triangle?",blue triangle,relative_size,2,ood_count,count,"{'objects': ['obj_2', 'obj_8'], 'target': 'obj_8', 'relation': 'larger'}",yellow rectangle,blue triangle,yellow rectangle,False,0.22398093700007848,ood_failure
ood_count_000045_q01,ood_count_000045,images/ood_count/ood_count_000045.png,Which object is the bottommost in the image?,red circle,relative_ordering,2,ood_count,count,"{'target': 'obj_1', 'relation': 'bottommost'}",red circle,red circle,red circle,True,0.22314989300002708,
ood_count_000045_q02,ood_count_000045,images/ood_count/ood_count_000045.png,Is the red circle completely inside the yellow circle? Answer yes or no.,no,inside_outside,2,ood_count,count,"{'objects': ['obj_1', 'obj_4'], 'relation': 'inside'}",no,no,no,True,0.1727176580000105,
ood_count_000045_q03,ood_count_000045,images/ood_count/ood_count_000045.png,How many blue objects are in the image?,2,counting,1,ood_count,count,{'filter': {'color': 'blue'}},2,2,2,True,0.1716730569999072,
ood_count_000045_q04,ood_count_000045,images/ood_count/ood_count_000045.png,Do the yellow circle and the green rectangle overlap? Answer yes or no.,no,overlap,2,ood_count,count,"{'objects': ['obj_4', 'obj_5'], 'relation': 'overlap'}",no,no,no,True,0.1728143310001542,
ood_count_000046_q01,ood_count_000046,images/ood_count/ood_count_000046.png,How many objects are above the yellow rectangle?,2,counting,2,ood_count,count,"{'anchor': 'obj_1', 'relation': 'above'}",4,2,4,False,0.17204976700008956,ood_failure
ood_count_000046_q02,ood_count_000046,images/ood_count/ood_count_000046.png,Which object is immediately above the blue circle?,green triangle,above_below,2,ood_count,count,"{'anchor': 'obj_7', 'target': 'obj_2', 'relation': 'above'}",green triangle,green triangle,green triangle,True,0.2240061360000709,
ood_count_000046_q03,ood_count_000046,images/ood_count/ood_count_000046.png,"Which object is larger, the yellow triangle or the green triangle?",green triangle,relative_size,2,ood_count,count,"{'objects': ['obj_4', 'obj_2'], 'target': 'obj_2', 'relation': 'larger'}",yellow triangle,green triangle,yellow triangle,False,0.22915387400007603,ood_failure
ood_count_000046_q04,ood_count_000046,images/ood_count/ood_count_000046.png,Which object is both below the red triangle and right of the yellow rectangle?,blue triangle,multi_hop,4,ood_count,count,"{'anchors': ['obj_5', 'obj_1'], 'target': 'obj_6', 'relations': ['below', 'right of']}",blue triangle,blue triangle,blue triangle,True,0.22506794600008106,
ood_count_000047_q01,ood_count_000047,images/ood_count/ood_count_000047.png,Which object is immediately right of the red rectangle?,yellow rectangle,left_right,2,ood_count,count,"{'anchor': 'obj_4', 'target': 'obj_2', 'relation': 'right'}",yellow rectangle,yellow rectangle,yellow rectangle,True,0.22185221899985663,
ood_count_000047_q02,ood_count_000047,images/ood_count/ood_count_000047.png,Is the green rectangle completely inside the yellow triangle? Answer yes or no.,no,inside_outside,2,ood_count,count,"{'objects': ['obj_6', 'obj_7'], 'relation': 'inside'}",no,no,no,True,0.17083554700002423,
ood_count_000047_q03,ood_count_000047,images/ood_count/ood_count_000047.png,"Which object is closer to the center of the image, the yellow triangle or the green rectangle?",yellow triangle,center_proximity,2,ood_count,count,"{'objects': ['obj_7', 'obj_6'], 'target': 'obj_7', 'relation': 'center_proximity'}",yellow triangle,yellow triangle,yellow triangle,True,0.22628816799988272,
ood_count_000047_q04,ood_count_000047,images/ood_count/ood_count_000047.png,Which object is both below the yellow rectangle and above the yellow triangle?,yellow circle,multi_hop,4,ood_count,count,"{'anchors': ['obj_2', 'obj_7'], 'target': 'obj_1', 'relations': ['below', 'above']}",green rectangle,yellow circle,green rectangle,False,0.22691572700000506,ood_failure
ood_count_000048_q01,ood_count_000048,images/ood_count/ood_count_000048.png,Which object is the rightmost in the image?,blue triangle,relative_ordering,2,ood_count,count,"{'target': 'obj_5', 'relation': 'rightmost'}",triangle,blue triangle,triangle,False,0.1727931919999719,ood_failure
ood_count_000048_q02,ood_count_000048,images/ood_count/ood_count_000048.png,Which object is immediately below the green rectangle?,green triangle,above_below,2,ood_count,count,"{'anchor': 'obj_3', 'target': 'obj_8', 'relation': 'below'}",red rectangle,green triangle,red rectangle,False,0.22504873299999417,ood_failure
ood_count_000048_q03,ood_count_000048,images/ood_count/ood_count_000048.png,Do the blue circle and the green circle overlap? Answer yes or no.,no,overlap,2,ood_count,count,"{'objects': ['obj_4', 'obj_6'], 'relation': 'overlap'}",no,no,no,True,0.17271050999988802,
ood_count_000048_q04,ood_count_000048,images/ood_count/ood_count_000048.png,"Which object is closer to the center of the image, the green circle or the blue triangle?",green circle,center_proximity,2,ood_count,count,"{'objects': ['obj_6', 'obj_5'], 'target': 'obj_6', 'relation': 'center_proximity'}",blue triangle,green circle,blue triangle,False,0.22452387099997395,ood_failure
ood_count_000049_q01,ood_count_000049,images/ood_count/ood_count_000049.png,Which object is both right of the yellow rectangle and above the green triangle?,yellow triangle,multi_hop,4,ood_count,count,"{'anchors': ['obj_6', 'obj_5'], 'target': 'obj_3', 'relations': ['right of', 'above']}",blue rectangle,yellow triangle,blue rectangle,False,0.2249704200000906,ood_failure
ood_count_000049_q02,ood_count_000049,images/ood_count/ood_count_000049.png,"Which object is closer to the center of the image, the yellow circle or the red triangle?",red triangle,center_proximity,2,ood_count,count,"{'objects': ['obj_2', 'obj_1'], 'target': 'obj_1', 'relation': 'center_proximity'}",yellow circle,red triangle,yellow circle,False,0.22917484200002036,ood_failure
ood_count_000049_q03,ood_count_000049,images/ood_count/ood_count_000049.png,Which object is farthest from the yellow rectangle?,yellow circle,nearest_farthest,2,ood_count,count,"{'anchor': 'obj_6', 'target': 'obj_2', 'relation': 'farthest'}",blue square,yellow circle,blue square,False,0.22514394599988918,ood_failure
ood_count_000049_q04,ood_count_000049,images/ood_count/ood_count_000049.png,Which object is the leftmost in the image?,yellow circle,relative_ordering,2,ood_count,count,"{'target': 'obj_2', 'relation': 'leftmost'}",The leftmost object in the image is a yellow circle.,yellow circle,leftmost object in image is yellow circle,False,0.7391447290001452,ood_failure
ood_background_000000_q01,ood_background_000000,images/ood_background/ood_background_000000.png,Which object is both right of the red circle and left of the yellow rectangle?,red rectangle,multi_hop,4,ood_background,background,"{'anchors': ['obj_2', 'obj_3'], 'target': 'obj_1', 'relations': ['right of', 'left of']}",red square,red rectangle,red square,False,0.22258756700011872,ood_failure
ood_background_000000_q02,ood_background_000000,images/ood_background/ood_background_000000.png,Which object is between the green rectangle and the yellow rectangle?,red circle,between,3,ood_background,background,"{'objects': ['obj_4', 'obj_3'], 'target': 'obj_2', 'relation': 'between'}",red circle,red circle,red circle,True,0.22371839000015825,
ood_background_000000_q03,ood_background_000000,images/ood_background/ood_background_000000.png,Which object is farthest from the red rectangle?,yellow rectangle,nearest_farthest,2,ood_background,background,"{'anchor': 'obj_1', 'target': 'obj_3', 'relation': 'farthest'}",red circle,yellow rectangle,red circle,False,0.22276328099997045,ood_failure
ood_background_000000_q04,ood_background_000000,images/ood_background/ood_background_000000.png,Do the green rectangle and the blue rectangle overlap? Answer yes or no.,yes,overlap,2,ood_background,background,"{'objects': ['obj_4', 'obj_5'], 'relation': 'overlap'}",yes,yes,yes,True,0.17235372400000415,
ood_background_000001_q01,ood_background_000001,images/ood_background/ood_background_000001.png,Which object is both right of the green circle and left of the blue triangle?,green rectangle,multi_hop,4,ood_background,background,"{'anchors': ['obj_4', 'obj_3'], 'target': 'obj_2', 'relations': ['right of', 'left of']}",green rectangle,green rectangle,green rectangle,True,0.22279328500007978,
ood_background_000001_q02,ood_background_000001,images/ood_background/ood_background_000001.png,Do the blue triangle and the green circle overlap? Answer yes or no.,no,overlap,2,ood_background,background,"{'objects': ['obj_3', 'obj_4'], 'relation': 'overlap'}",no,no,no,True,0.17119060200002423,
ood_background_000001_q03,ood_background_000001,images/ood_background/ood_background_000001.png,Which object is the rightmost in the image?,blue triangle,relative_ordering,2,ood_background,background,"{'target': 'obj_3', 'relation': 'rightmost'}",triangle,blue triangle,triangle,False,0.17071013999998286,ood_failure
ood_background_000001_q04,ood_background_000001,images/ood_background/ood_background_000001.png,"Which object is closer to the center of the image, the green rectangle or the green circle?",green rectangle,center_proximity,2,ood_background,background,"{'objects': ['obj_2', 'obj_4'], 'target': 'obj_2', 'relation': 'center_proximity'}",green circle,green rectangle,green circle,False,0.22705666399997426,ood_failure
ood_background_000002_q01,ood_background_000002,images/ood_background/ood_background_000002.png,Which object is the topmost in the image?,yellow circle,relative_ordering,2,ood_background,background,"{'target': 'obj_3', 'relation': 'topmost'}",The topmost object in the image is the yellow circle.,yellow circle,topmost object in image is yellow circle,False,0.7334943239998211,ood_failure
ood_background_000002_q02,ood_background_000002,images/ood_background/ood_background_000002.png,Is the yellow circle completely inside the green triangle? Answer yes or no.,no,inside_outside,2,ood_background,background,"{'objects': ['obj_3', 'obj_2'], 'relation': 'inside'}",no,no,no,True,0.17132904200002486,
ood_background_000002_q03,ood_background_000002,images/ood_background/ood_background_000002.png,Do the green triangle and the yellow circle overlap? Answer yes or no.,no,overlap,2,ood_background,background,"{'objects': ['obj_2', 'obj_3'], 'relation': 'overlap'}",no,no,no,True,0.1715578660000574,
ood_background_000002_q04,ood_background_000002,images/ood_background/ood_background_000002.png,"Which object is smaller, the green circle or the green triangle?",green triangle,relative_size,2,ood_background,background,"{'objects': ['obj_1', 'obj_2'], 'target': 'obj_2', 'relation': 'smaller'}",The green triangle is smaller.,green triangle,green triangle is smaller,False,0.4281523570000445,ood_failure
ood_background_000003_q01,ood_background_000003,images/ood_background/ood_background_000003.png,Which object is the topmost in the image?,blue circle,relative_ordering,2,ood_background,background,"{'target': 'obj_2', 'relation': 'topmost'}",blue triangle,blue circle,blue triangle,False,0.22260338900014176,ood_failure
ood_background_000003_q02,ood_background_000003,images/ood_background/ood_background_000003.png,Which object is nearest from the blue triangle?,blue circle,nearest_farthest,2,ood_background,background,"{'anchor': 'obj_4', 'target': 'obj_2', 'relation': 'nearest'}",red circle,blue circle,red circle,False,0.2225233599999683,ood_failure
ood_background_000003_q03,ood_background_000003,images/ood_background/ood_background_000003.png,Is the yellow circle completely inside the yellow triangle? Answer yes or no.,no,inside_outside,2,ood_background,background,"{'objects': ['obj_1', 'obj_3'], 'relation': 'inside'}",no,no,no,True,0.17166687799999636,
ood_background_000003_q04,ood_background_000003,images/ood_background/ood_background_000003.png,How many circle objects are in the image?,3,counting,1,ood_background,background,{'filter': {'shape': 'circle'}},2,3,2,False,0.17164457100011532,ood_failure
ood_background_000004_q01,ood_background_000004,images/ood_background/ood_background_000004.png,Which object is the rightmost in the image?,green triangle,relative_ordering,2,ood_background,background,"{'target': 'obj_1', 'relation': 'rightmost'}",triangle,green triangle,triangle,False,0.17073416899984295,ood_failure
ood_background_000004_q02,ood_background_000004,images/ood_background/ood_background_000004.png,"Which object is closer to the center of the image, the green circle or the red rectangle?",green circle,center_proximity,2,ood_background,background,"{'objects': ['obj_5', 'obj_3'], 'target': 'obj_5', 'relation': 'center_proximity'}",red rectangle,green circle,red rectangle,False,0.22251552600005198,ood_failure
ood_background_000004_q03,ood_background_000004,images/ood_background/ood_background_000004.png,"Which object is smaller, the green circle or the red rectangle?",red rectangle,relative_size,2,ood_background,background,"{'objects': ['obj_5', 'obj_3'], 'target': 'obj_3', 'relation': 'smaller'}",red rectangle,red rectangle,red rectangle,True,0.2225158360001842,
ood_background_000004_q04,ood_background_000004,images/ood_background/ood_background_000004.png,Is the red rectangle completely inside the green circle? Answer yes or no.,no,inside_outside,2,ood_background,background,"{'objects': ['obj_3', 'obj_5'], 'relation': 'inside'}",no,no,no,True,0.17156006699997306,
ood_background_000005_q01,ood_background_000005,images/ood_background/ood_background_000005.png,Is the yellow rectangle completely inside the red circle? Answer yes or no.,no,inside_outside,2,ood_background,background,"{'objects': ['obj_1', 'obj_2'], 'relation': 'inside'}",no,no,no,True,0.17167683000002398,
ood_background_000005_q02,ood_background_000005,images/ood_background/ood_background_000005.png,Which object is immediately left of the red circle?,yellow rectangle,left_right,2,ood_background,background,"{'anchor': 'obj_2', 'target': 'obj_1', 'relation': 'left'}",yellow square,yellow rectangle,yellow square,False,0.2228114330000608,ood_failure
ood_background_000005_q03,ood_background_000005,images/ood_background/ood_background_000005.png,Do the green rectangle and the yellow circle overlap? Answer yes or no.,no,overlap,2,ood_background,background,"{'objects': ['obj_3', 'obj_4'], 'relation': 'overlap'}",no,no,no,True,0.17146571100010988,
ood_background_000005_q04,ood_background_000005,images/ood_background/ood_background_000005.png,Which object is the leftmost in the image?,yellow rectangle,relative_ordering,2,ood_background,background,"{'target': 'obj_1', 'relation': 'leftmost'}",yellow square,yellow rectangle,yellow square,False,0.2224225420000039,ood_failure
ood_background_000006_q01,ood_background_000006,images/ood_background/ood_background_000006.png,"Which object is larger, the green rectangle or the blue triangle?",green rectangle,relative_size,2,ood_background,background,"{'objects': ['obj_5', 'obj_1'], 'target': 'obj_5', 'relation': 'larger'}",green rectangle,green rectangle,green rectangle,True,0.2231019840000954,
ood_background_000006_q02,ood_background_000006,images/ood_background/ood_background_000006.png,Which object is farthest from the blue triangle?,green rectangle,nearest_farthest,2,ood_background,background,"{'anchor': 'obj_1', 'target': 'obj_5', 'relation': 'farthest'}",green rectangle,green rectangle,green rectangle,True,0.22385841400000572,
ood_background_000006_q03,ood_background_000006,images/ood_background/ood_background_000006.png,Is the blue triangle completely inside the yellow circle? Answer yes or no.,no,inside_outside,2,ood_background,background,"{'objects': ['obj_1', 'obj_4'], 'relation': 'inside'}",no,no,no,True,0.1709324270000252,
ood_background_000006_q04,ood_background_000006,images/ood_background/ood_background_000006.png,How many rectangle objects are in the image?,3,counting,1,ood_background,background,{'filter': {'shape': 'rectangle'}},1,3,1,False,0.17119482399994013,ood_failure
ood_background_000007_q01,ood_background_000007,images/ood_background/ood_background_000007.png,"Which object is closer to the center of the image, the yellow triangle or the yellow circle?",yellow triangle,center_proximity,2,ood_background,background,"{'objects': ['obj_3', 'obj_4'], 'target': 'obj_3', 'relation': 'center_proximity'}",yellow circle,yellow triangle,yellow circle,False,0.2228401820000272,ood_failure
ood_background_000007_q02,ood_background_000007,images/ood_background/ood_background_000007.png,Which object is both above the blue circle and left of the green rectangle?,yellow circle,multi_hop,4,ood_background,background,"{'anchors': ['obj_2', 'obj_1'], 'target': 'obj_4', 'relations': ['above', 'left of']}",yellow triangle,yellow circle,yellow triangle,False,0.22312181000006603,ood_failure
ood_background_000007_q03,ood_background_000007,images/ood_background/ood_background_000007.png,Which object is the rightmost in the image?,yellow triangle,relative_ordering,2,ood_background,background,"{'target': 'obj_3', 'relation': 'rightmost'}",triangle,yellow triangle,triangle,False,0.17174717400007466,ood_failure
ood_background_000007_q04,ood_background_000007,images/ood_background/ood_background_000007.png,"Which object is larger, the yellow circle or the green rectangle?",green rectangle,relative_size,2,ood_background,background,"{'objects': ['obj_4', 'obj_1'], 'target': 'obj_1', 'relation': 'larger'}",green rectangle,green rectangle,green rectangle,True,0.22312092200013467,
ood_background_000008_q01,ood_background_000008,images/ood_background/ood_background_000008.png,Do the yellow triangle and the yellow rectangle overlap? Answer yes or no.,no,overlap,2,ood_background,background,"{'objects': ['obj_2', 'obj_3'], 'relation': 'overlap'}",no,no,no,True,0.1720212940001602,
ood_background_000008_q02,ood_background_000008,images/ood_background/ood_background_000008.png,Is the yellow triangle completely inside the yellow circle? Answer yes or no.,no,inside_outside,2,ood_background,background,"{'objects': ['obj_2', 'obj_4'], 'relation': 'inside'}",no,no,no,True,0.1713574749999225,
ood_background_000008_q03,ood_background_000008,images/ood_background/ood_background_000008.png,Which object is immediately left of the yellow circle?,green rectangle,left_right,2,ood_background,background,"{'anchor': 'obj_4', 'target': 'obj_1', 'relation': 'left'}",green square,green rectangle,green square,False,0.2222919909997927,ood_failure
ood_background_000008_q04,ood_background_000008,images/ood_background/ood_background_000008.png,"Which object is larger, the green rectangle or the yellow triangle?",yellow triangle,relative_size,2,ood_background,background,"{'objects': ['obj_1', 'obj_2'], 'target': 'obj_2', 'relation': 'larger'}",The yellow triangle is larger than the green rectangle.,yellow triangle,yellow triangle is larger than green rectangle,False,0.6365093260001231,ood_failure
ood_background_000009_q01,ood_background_000009,images/ood_background/ood_background_000009.png,"Which object is smaller, the green rectangle or the red circle?",green rectangle,relative_size,2,ood_background,background,"{'objects': ['obj_3', 'obj_2'], 'target': 'obj_3', 'relation': 'smaller'}",green rectangle,green rectangle,green rectangle,True,0.2242989609999313,
ood_background_000009_q02,ood_background_000009,images/ood_background/ood_background_000009.png,How many objects are left of the red circle?,3,counting,2,ood_background,background,"{'anchor': 'obj_2', 'relation': 'left'}",3,3,3,True,0.1732556099998419,
ood_background_000009_q03,ood_background_000009,images/ood_background/ood_background_000009.png,Which object is both left of the blue rectangle and right of the green rectangle?,red circle,multi_hop,4,ood_background,background,"{'anchors': ['obj_1', 'obj_3'], 'target': 'obj_2', 'relations': ['left of', 'right of']}",red circle,red circle,red circle,True,0.22386647799999082,
ood_background_000009_q04,ood_background_000009,images/ood_background/ood_background_000009.png,Which object is immediately right of the blue circle?,yellow circle,left_right,2,ood_background,background,"{'anchor': 'obj_4', 'target': 'obj_5', 'relation': 'right'}",red circle,yellow circle,red circle,False,0.22868707499992524,ood_failure
ood_background_000010_q01,ood_background_000010,images/ood_background/ood_background_000010.png,Which object is both right of the yellow circle and left of the red circle?,yellow rectangle,multi_hop,4,ood_background,background,"{'anchors': ['obj_1', 'obj_2'], 'target': 'obj_3', 'relations': ['right of', 'left of']}",left of the red circle and right of the yellow circle.,yellow rectangle,left of red circle and right of yellow circle,False,0.7505525139999918,ood_failure
ood_background_000010_q02,ood_background_000010,images/ood_background/ood_background_000010.png,Do the yellow circle and the yellow rectangle overlap? Answer yes or no.,no,overlap,2,ood_background,background,"{'objects': ['obj_1', 'obj_3'], 'relation': 'overlap'}",no,no,no,True,0.17338228200014782,
ood_background_000010_q03,ood_background_000010,images/ood_background/ood_background_000010.png,Which object is the bottommost in the image?,yellow rectangle,relative_ordering,2,ood_background,background,"{'target': 'obj_3', 'relation': 'bottommost'}",The bottommost object in the image is the yellow square.,yellow rectangle,bottommost object in image is yellow square,False,0.7521345739999106,ood_failure
ood_background_000010_q04,ood_background_000010,images/ood_background/ood_background_000010.png,Which object is immediately right of the yellow rectangle?,red circle,left_right,2,ood_background,background,"{'anchor': 'obj_3', 'target': 'obj_2', 'relation': 'right'}",red circle,red circle,red circle,True,0.2256341520001115,
ood_background_000011_q01,ood_background_000011,images/ood_background/ood_background_000011.png,Which object is the topmost in the image?,yellow triangle,relative_ordering,2,ood_background,background,"{'target': 'obj_2', 'relation': 'topmost'}",triangle,yellow triangle,triangle,False,0.17401925399985885,ood_failure
ood_background_000011_q02,ood_background_000011,images/ood_background/ood_background_000011.png,Is the yellow rectangle completely inside the red rectangle? Answer yes or no.,no,inside_outside,2,ood_background,background,"{'objects': ['obj_5', 'obj_3'], 'relation': 'inside'}",no,no,no,True,0.17356403700000556,
ood_background_000011_q03,ood_background_000011,images/ood_background/ood_background_000011.png,Do the red triangle and the yellow rectangle overlap? Answer yes or no.,yes,overlap,2,ood_background,background,"{'objects': ['obj_4', 'obj_5'], 'relation': 'overlap'}",no,yes,no,False,0.1719467259999874,ood_failure
ood_background_000011_q04,ood_background_000011,images/ood_background/ood_background_000011.png,"Which object is smaller, the blue rectangle or the red rectangle?",red rectangle,relative_size,2,ood_background,background,"{'objects': ['obj_1', 'obj_3'], 'target': 'obj_3', 'relation': 'smaller'}",blue rectangle,red rectangle,blue rectangle,False,0.22417073199994775,ood_failure
ood_background_000012_q01,ood_background_000012,images/ood_background/ood_background_000012.png,Which object is the topmost in the image?,green circle,relative_ordering,2,ood_background,background,"{'target': 'obj_2', 'relation': 'topmost'}",green circle,green circle,green circle,True,0.22356298799991237,
ood_background_000012_q02,ood_background_000012,images/ood_background/ood_background_000012.png,Which object is nearest from the blue circle?,yellow triangle,nearest_farthest,2,ood_background,background,"{'anchor': 'obj_4', 'target': 'obj_3', 'relation': 'nearest'}",blue circle,yellow triangle,blue circle,False,0.22294051900007616,ood_failure
ood_background_000012_q03,ood_background_000012,images/ood_background/ood_background_000012.png,Is the yellow circle completely inside the yellow triangle? Answer yes or no.,no,inside_outside,2,ood_background,background,"{'objects': ['obj_1', 'obj_3'], 'relation': 'inside'}",no,no,no,True,0.17204040700016776,
ood_background_000012_q04,ood_background_000012,images/ood_background/ood_background_000012.png,How many objects are above the green circle?,0,counting,2,ood_background,background,"{'anchor': 'obj_2', 'relation': 'above'}",3,0,3,False,0.1715696690000641,ood_failure
ood_background_000013_q01,ood_background_000013,images/ood_background/ood_background_000013.png,Which object is the rightmost in the image?,green circle,relative_ordering,2,ood_background,background,"{'target': 'obj_4', 'relation': 'rightmost'}",green circle,green circle,green circle,True,0.22390719399982117,
ood_background_000013_q02,ood_background_000013,images/ood_background/ood_background_000013.png,"Which object is closer to the center of the image, the yellow rectangle or the red triangle?",red triangle,center_proximity,2,ood_background,background,"{'objects': ['obj_5', 'obj_3'], 'target': 'obj_3', 'relation': 'center_proximity'}",red triangle,red triangle,red triangle,True,0.2237832610001078,
ood_background_000013_q03,ood_background_000013,images/ood_background/ood_background_000013.png,"Which object is smaller, the yellow rectangle or the red triangle?",yellow rectangle,relative_size,2,ood_background,background,"{'objects': ['obj_5', 'obj_3'], 'target': 'obj_5', 'relation': 'smaller'}",red triangle,yellow rectangle,red triangle,False,0.22394030899999962,ood_failure
ood_background_000013_q04,ood_background_000013,images/ood_background/ood_background_000013.png,Which object is immediately below the red triangle?,red circle,above_below,2,ood_background,background,"{'anchor': 'obj_3', 'target': 'obj_2', 'relation': 'below'}",red circle,red circle,red circle,True,0.2234490440000627,
ood_background_000014_q01,ood_background_000014,images/ood_background/ood_background_000014.png,Is the yellow circle completely inside the blue triangle? Answer yes or no.,no,inside_outside,2,ood_background,background,"{'objects': ['obj_1', 'obj_2'], 'relation': 'inside'}",no,no,no,True,0.17229133199998614,
ood_background_000014_q02,ood_background_000014,images/ood_background/ood_background_000014.png,Do the red rectangle and the red circle overlap? Answer yes or no.,no,overlap,2,ood_background,background,"{'objects': ['obj_3', 'obj_4'], 'relation': 'overlap'}",no,no,no,True,0.1720345430001089,
ood_background_000014_q03,ood_background_000014,images/ood_background/ood_background_000014.png,Which object is the leftmost in the image?,blue triangle,relative_ordering,2,ood_background,background,"{'target': 'obj_2', 'relation': 'leftmost'}",blue triangle,blue triangle,blue triangle,True,0.2229433939999126,
ood_background_000014_q04,ood_background_000014,images/ood_background/ood_background_000014.png,Which object is between the blue triangle and the red rectangle?,yellow circle,between,3,ood_background,background,"{'objects': ['obj_2', 'obj_3'], 'target': 'obj_1', 'relation': 'between'}",yellow circle,yellow circle,yellow circle,True,0.22409790599999724,
ood_background_000015_q01,ood_background_000015,images/ood_background/ood_background_000015.png,"Which object is larger, the red rectangle or the yellow circle?",red rectangle,relative_size,2,ood_background,background,"{'objects': ['obj_1', 'obj_4'], 'target': 'obj_1', 'relation': 'larger'}",red rectangle,red rectangle,red rectangle,True,0.22326821900014693,
ood_background_000015_q02,ood_background_000015,images/ood_background/ood_background_000015.png,Which object is nearest from the yellow circle?,blue triangle,nearest_farthest,2,ood_background,background,"{'anchor': 'obj_4', 'target': 'obj_2', 'relation': 'nearest'}",triangle,blue triangle,triangle,False,0.17210971999998037,ood_failure
ood_background_000015_q03,ood_background_000015,images/ood_background/ood_background_000015.png,Is the yellow circle completely inside the red rectangle? Answer yes or no.,no,inside_outside,2,ood_background,background,"{'objects': ['obj_4', 'obj_1'], 'relation': 'inside'}",no,no,no,True,0.1729690480001409,
ood_background_000015_q04,ood_background_000015,images/ood_background/ood_background_000015.png,How many objects are left of the red rectangle?,0,counting,2,ood_background,background,"{'anchor': 'obj_1', 'relation': 'left'}",2,0,2,False,0.17230495399985557,ood_failure
ood_background_000016_q01,ood_background_000016,images/ood_background/ood_background_000016.png,"Which object is closer to the center of the image, the blue rectangle or the red circle?",red circle,center_proximity,2,ood_background,background,"{'objects': ['obj_3', 'obj_4'], 'target': 'obj_4', 'relation': 'center_proximity'}",blue rectangle,red circle,blue rectangle,False,0.2233019120001245,ood_failure
ood_background_000016_q02,ood_background_000016,images/ood_background/ood_background_000016.png,Which object is both above the red circle and right of the blue rectangle?,yellow circle,multi_hop,4,ood_background,background,"{'anchors': ['obj_4', 'obj_3'], 'target': 'obj_1', 'relations': ['above', 'right of']}",yellow circle,yellow circle,yellow circle,True,0.22388928099985606,
ood_background_000016_q03,ood_background_000016,images/ood_background/ood_background_000016.png,Which object is the topmost in the image?,yellow circle,relative_ordering,2,ood_background,background,"{'target': 'obj_1', 'relation': 'topmost'}",red circle,yellow circle,red circle,False,0.22362716799989357,ood_failure
ood_background_000016_q04,ood_background_000016,images/ood_background/ood_background_000016.png,"Which object is larger, the blue rectangle or the red circle?",blue rectangle,relative_size,2,ood_background,background,"{'objects': ['obj_3', 'obj_4'], 'target': 'obj_3', 'relation': 'larger'}",blue rectangle,blue rectangle,blue rectangle,True,0.22337465800001155,
ood_background_000017_q01,ood_background_000017,images/ood_background/ood_background_000017.png,Do the yellow circle and the blue rectangle overlap? Answer yes or no.,no,overlap,2,ood_background,background,"{'objects': ['obj_2', 'obj_3'], 'relation': 'overlap'}",no,no,no,True,0.17202886800009765,
ood_background_000017_q02,ood_background_000017,images/ood_background/ood_background_000017.png,Is the yellow circle completely inside the blue triangle? Answer yes or no.,no,inside_outside,2,ood_background,background,"{'objects': ['obj_2', 'obj_4'], 'relation': 'inside'}",no,no,no,True,0.17217959200002042,
ood_background_000017_q03,ood_background_000017,images/ood_background/ood_background_000017.png,Which object is immediately left of the blue triangle?,blue circle,left_right,2,ood_background,background,"{'anchor': 'obj_4', 'target': 'obj_1', 'relation': 'left'}",yellow circle,blue circle,yellow circle,False,0.2232854160001807,ood_failure
ood_background_000017_q04,ood_background_000017,images/ood_background/ood_background_000017.png,"Which object is larger, the blue circle or the yellow circle?",yellow circle,relative_size,2,ood_background,background,"{'objects': ['obj_1', 'obj_2'], 'target': 'obj_2', 'relation': 'larger'}",The yellow circle is larger than the blue circle.,yellow circle,yellow circle is larger than blue circle,False,0.643178349999971,ood_failure
ood_background_000018_q01,ood_background_000018,images/ood_background/ood_background_000018.png,"Which object is smaller, the yellow rectangle or the green triangle?",green triangle,relative_size,2,ood_background,background,"{'objects': ['obj_3', 'obj_2'], 'target': 'obj_2', 'relation': 'smaller'}",green triangle,green triangle,green triangle,True,0.2231209910000871,
ood_background_000018_q02,ood_background_000018,images/ood_background/ood_background_000018.png,How many objects are left of the green triangle?,4,counting,2,ood_background,background,"{'anchor': 'obj_2', 'relation': 'left'}",4,4,4,True,0.1718212030000359,
ood_background_000018_q03,ood_background_000018,images/ood_background/ood_background_000018.png,Which object is both above the blue triangle and left of the green rectangle?,yellow rectangle,multi_hop,4,ood_background,background,"{'anchors': ['obj_4', 'obj_5'], 'target': 'obj_3', 'relations': ['above', 'left of']}",yellow square,yellow rectangle,yellow square,False,0.2232555410000714,ood_failure
ood_background_000018_q04,ood_background_000018,images/ood_background/ood_background_000018.png,Which object is immediately left of the green triangle?,blue triangle,left_right,2,ood_background,background,"{'anchor': 'obj_2', 'target': 'obj_4', 'relation': 'left'}",square,blue triangle,square,False,0.17174274799981504,ood_failure
ood_background_000019_q01,ood_background_000019,images/ood_background/ood_background_000019.png,Is the green circle completely inside the yellow rectangle? Answer yes or no.,no,inside_outside,2,ood_background,background,"{'objects': ['obj_2', 'obj_4'], 'relation': 'inside'}",no,no,no,True,0.1717255829998976,
ood_background_000019_q02,ood_background_000019,images/ood_background/ood_background_000019.png,How many triangle objects are in the image?,2,counting,1,ood_background,background,{'filter': {'shape': 'triangle'}},2,2,2,True,0.17257107299997188,
ood_background_000019_q03,ood_background_000019,images/ood_background/ood_background_000019.png,Which object is both right of the green circle and left of the blue triangle?,yellow rectangle,multi_hop,4,ood_background,background,"{'anchors': ['obj_2', 'obj_3'], 'target': 'obj_4', 'relations': ['right of', 'left of']}",yellow square,yellow rectangle,yellow square,False,0.22304961500003628,ood_failure
ood_background_000019_q04,ood_background_000019,images/ood_background/ood_background_000019.png,"Which object is larger, the yellow rectangle or the green circle?",yellow rectangle,relative_size,2,ood_background,background,"{'objects': ['obj_4', 'obj_2'], 'target': 'obj_4', 'relation': 'larger'}",yellow rectangle,yellow rectangle,yellow rectangle,True,0.2228759560000526,
ood_background_000020_q01,ood_background_000020,images/ood_background/ood_background_000020.png,Which object is the topmost in the image?,green triangle,relative_ordering,2,ood_background,background,"{'target': 'obj_1', 'relation': 'topmost'}",triangle,green triangle,triangle,False,0.17241878499999075,ood_failure
ood_background_000020_q02,ood_background_000020,images/ood_background/ood_background_000020.png,Is the yellow triangle completely inside the red circle? Answer yes or no.,no,inside_outside,2,ood_background,background,"{'objects': ['obj_5', 'obj_3'], 'relation': 'inside'}",no,no,no,True,0.17236374999993131,
ood_background_000020_q03,ood_background_000020,images/ood_background/ood_background_000020.png,Do the blue rectangle and the yellow triangle overlap? Answer yes or no.,no,overlap,2,ood_background,background,"{'objects': ['obj_4', 'obj_5'], 'relation': 'overlap'}",no,no,no,True,0.1718449029999647,
ood_background_000020_q04,ood_background_000020,images/ood_background/ood_background_000020.png,Which object is between the green triangle and the yellow triangle?,blue circle,between,3,ood_background,background,"{'objects': ['obj_1', 'obj_5'], 'target': 'obj_2', 'relation': 'between'}",blue circle,blue circle,blue circle,True,0.22553847400013183,
ood_background_000021_q01,ood_background_000021,images/ood_background/ood_background_000021.png,Which object is the topmost in the image?,yellow circle,relative_ordering,2,ood_background,background,"{'target': 'obj_1', 'relation': 'topmost'}",circle,yellow circle,circle,False,0.1721107139999276,ood_failure
ood_background_000021_q02,ood_background_000021,images/ood_background/ood_background_000021.png,Which object is nearest from the yellow triangle?,yellow circle,nearest_farthest,2,ood_background,background,"{'anchor': 'obj_2', 'target': 'obj_1', 'relation': 'nearest'}","The yellow triangle is on the left, the yellow circle is on the right, and the red square is at the bottom right. The yellow triangle is on the left, the yellow circle is on the right, and the red square is at",yellow circle,yellow triangle is on left yellow circle is on right and red square is at bottom right yellow triangle is on left yellow circle is on right and red square is at,False,2.5714702819998365,ood_failure
ood_background_000021_q03,ood_background_000021,images/ood_background/ood_background_000021.png,Is the red rectangle completely inside the yellow circle? Answer yes or no.,no,inside_outside,2,ood_background,background,"{'objects': ['obj_3', 'obj_1'], 'relation': 'inside'}",no,no,no,True,0.1738598209999509,
ood_background_000021_q04,ood_background_000021,images/ood_background/ood_background_000021.png,How many objects are above the yellow circle?,0,counting,2,ood_background,background,"{'anchor': 'obj_1', 'relation': 'above'}",2,0,2,False,0.17414697799995338,ood_failure
ood_background_000022_q01,ood_background_000022,images/ood_background/ood_background_000022.png,Which object is the rightmost in the image?,yellow rectangle,relative_ordering,2,ood_background,background,"{'target': 'obj_4', 'relation': 'rightmost'}",square,yellow rectangle,square,False,0.17234729100005097,ood_failure
ood_background_000022_q02,ood_background_000022,images/ood_background/ood_background_000022.png,"Which object is closer to the center of the image, the green circle or the yellow rectangle?",green circle,center_proximity,2,ood_background,background,"{'objects': ['obj_3', 'obj_4'], 'target': 'obj_3', 'relation': 'center_proximity'}",green circle,green circle,green circle,True,0.22451911000007385,
ood_background_000022_q03,ood_background_000022,images/ood_background/ood_background_000022.png,"Which object is smaller, the green circle or the green rectangle?",green rectangle,relative_size,2,ood_background,background,"{'objects': ['obj_3', 'obj_2'], 'target': 'obj_2', 'relation': 'smaller'}",green circle,green rectangle,green circle,False,0.2228621810002096,ood_failure
ood_background_000022_q04,ood_background_000022,images/ood_background/ood_background_000022.png,Which object is immediately below the green circle?,yellow rectangle,above_below,2,ood_background,background,"{'anchor': 'obj_3', 'target': 'obj_4', 'relation': 'below'}",yellow circle,yellow rectangle,yellow circle,False,0.22305854599994746,ood_failure
ood_background_000023_q01,ood_background_000023,images/ood_background/ood_background_000023.png,Is the red rectangle completely inside the blue rectangle? Answer yes or no.,no,inside_outside,2,ood_background,background,"{'objects': ['obj_1', 'obj_2'], 'relation': 'inside'}",no,no,no,True,0.17188647300008597,
ood_background_000023_q02,ood_background_000023,images/ood_background/ood_background_000023.png,Which object is immediately left of the blue rectangle?,blue triangle,left_right,2,ood_background,background,"{'anchor': 'obj_2', 'target': 'obj_4', 'relation': 'left'}",red rectangle,blue triangle,red rectangle,False,0.22373349999998027,ood_failure
ood_background_000023_q03,ood_background_000023,images/ood_background/ood_background_000023.png,Do the yellow circle and the blue triangle overlap? Answer yes or no.,no,overlap,2,ood_background,background,"{'objects': ['obj_3', 'obj_4'], 'relation': 'overlap'}",no,no,no,True,0.1700180550001278,
ood_background_000023_q04,ood_background_000023,images/ood_background/ood_background_000023.png,Which object is the leftmost in the image?,red rectangle,relative_ordering,2,ood_background,background,"{'target': 'obj_1', 'relation': 'leftmost'}",red square,red rectangle,red square,False,0.22202429499998289,ood_failure
ood_background_000024_q01,ood_background_000024,images/ood_background/ood_background_000024.png,"Which object is larger, the blue rectangle or the green triangle?",blue rectangle,relative_size,2,ood_background,background,"{'objects': ['obj_3', 'obj_1'], 'target': 'obj_3', 'relation': 'larger'}",blue rectangle,blue rectangle,blue rectangle,True,0.22084600700009105,
ood_background_000024_q02,ood_background_000024,images/ood_background/ood_background_000024.png,Which object is farthest from the green triangle?,yellow circle,nearest_farthest,2,ood_background,background,"{'anchor': 'obj_1', 'target': 'obj_2', 'relation': 'farthest'}",blue square,yellow circle,blue square,False,0.22165024000014455,ood_failure
ood_background_000024_q03,ood_background_000024,images/ood_background/ood_background_000024.png,Is the green triangle completely inside the yellow circle? Answer yes or no.,no,inside_outside,2,ood_background,background,"{'objects': ['obj_1', 'obj_2'], 'relation': 'inside'}",no,no,no,True,0.17035023399989768,
ood_background_000024_q04,ood_background_000024,images/ood_background/ood_background_000024.png,How many rectangle objects are in the image?,1,counting,1,ood_background,background,{'filter': {'shape': 'rectangle'}},1,1,1,True,0.1703015499999765,
ood_background_000025_q01,ood_background_000025,images/ood_background/ood_background_000025.png,"Which object is closer to the center of the image, the green rectangle or the blue rectangle?",blue rectangle,center_proximity,2,ood_background,background,"{'objects': ['obj_3', 'obj_2'], 'target': 'obj_2', 'relation': 'center_proximity'}",blue rectangle,blue rectangle,blue rectangle,True,0.22096291100001508,
ood_background_000025_q02,ood_background_000025,images/ood_background/ood_background_000025.png,Which object is both below the green rectangle and left of the blue rectangle?,red triangle,multi_hop,4,ood_background,background,"{'anchors': ['obj_3', 'obj_2'], 'target': 'obj_4', 'relations': ['below', 'left of']}",red triangle,red triangle,red triangle,True,0.2214620269999159,
ood_background_000025_q03,ood_background_000025,images/ood_background/ood_background_000025.png,Which object is immediately below the blue rectangle?,yellow rectangle,above_below,2,ood_background,background,"{'anchor': 'obj_2', 'target': 'obj_5', 'relation': 'below'}",yellow rectangle,yellow rectangle,yellow rectangle,True,0.220493703999864,
ood_background_000025_q04,ood_background_000025,images/ood_background/ood_background_000025.png,Which object is the leftmost in the image?,red triangle,relative_ordering,2,ood_background,background,"{'target': 'obj_4', 'relation': 'leftmost'}",red triangle,red triangle,red triangle,True,0.22150208499988366,
ood_background_000026_q01,ood_background_000026,images/ood_background/ood_background_000026.png,Do the blue rectangle and the green rectangle overlap? Answer yes or no.,no,overlap,2,ood_background,background,"{'objects': ['obj_2', 'obj_3'], 'relation': 'overlap'}",no,no,no,True,0.1700951770001211,
ood_background_000026_q02,ood_background_000026,images/ood_background/ood_background_000026.png,Is the blue rectangle completely inside the blue circle? Answer yes or no.,no,inside_outside,2,ood_background,background,"{'objects': ['obj_2', 'obj_4'], 'relation': 'inside'}",no,no,no,True,0.1711477050000667,
ood_background_000026_q03,ood_background_000026,images/ood_background/ood_background_000026.png,Which object is immediately left of the blue circle?,blue triangle,left_right,2,ood_background,background,"{'anchor': 'obj_4', 'target': 'obj_1', 'relation': 'left'}",triangle,blue triangle,triangle,False,0.1700710220000019,ood_failure
ood_background_000026_q04,ood_background_000026,images/ood_background/ood_background_000026.png,"Which object is larger, the blue triangle or the blue rectangle?",blue triangle,relative_size,2,ood_background,background,"{'objects': ['obj_1', 'obj_2'], 'target': 'obj_1', 'relation': 'larger'}",The blue triangle is larger than the blue rectangle.,blue triangle,blue triangle is larger than blue rectangle,False,0.630758589999914,ood_failure
ood_background_000027_q01,ood_background_000027,images/ood_background/ood_background_000027.png,"Which object is smaller, the green triangle or the blue circle?",blue circle,relative_size,2,ood_background,background,"{'objects': ['obj_2', 'obj_1'], 'target': 'obj_1', 'relation': 'smaller'}",blue circle,blue circle,blue circle,True,0.2215169999999489,
ood_background_000027_q02,ood_background_000027,images/ood_background/ood_background_000027.png,How many objects are left of the blue rectangle?,0,counting,2,ood_background,background,"{'anchor': 'obj_3', 'relation': 'left'}",1,0,1,False,0.1709225739998601,ood_failure
ood_background_000027_q03,ood_background_000027,images/ood_background/ood_background_000027.png,Which object is both below the blue rectangle and left of the green triangle?,blue circle,multi_hop,4,ood_background,background,"{'anchors': ['obj_3', 'obj_2'], 'target': 'obj_1', 'relations': ['below', 'left of']}",blue rectangle,blue circle,blue rectangle,False,0.22124415500002215,ood_failure
ood_background_000027_q04,ood_background_000027,images/ood_background/ood_background_000027.png,Do the blue rectangle and the blue circle overlap? Answer yes or no.,yes,overlap,2,ood_background,background,"{'objects': ['obj_3', 'obj_1'], 'relation': 'overlap'}",no,yes,no,False,0.17040240300002552,ood_failure
ood_background_000028_q01,ood_background_000028,images/ood_background/ood_background_000028.png,Is the green circle completely inside the yellow rectangle? Answer yes or no.,no,inside_outside,2,ood_background,background,"{'objects': ['obj_2', 'obj_4'], 'relation': 'inside'}",no,no,no,True,0.17035884899996745,
ood_background_000028_q02,ood_background_000028,images/ood_background/ood_background_000028.png,How many triangle objects are in the image?,1,counting,1,ood_background,background,{'filter': {'shape': 'triangle'}},1,1,1,True,0.1700556460000371,
ood_background_000028_q03,ood_background_000028,images/ood_background/ood_background_000028.png,Which object is both below the yellow rectangle and above the red triangle?,green circle,multi_hop,4,ood_background,background,"{'anchors': ['obj_4', 'obj_1'], 'target': 'obj_2', 'relations': ['below', 'above']}",green square,green circle,green square,False,0.22121712599982857,ood_failure
ood_background_000028_q04,ood_background_000028,images/ood_background/ood_background_000028.png,"Which object is smaller, the yellow rectangle or the green circle?",yellow rectangle,relative_size,2,ood_background,background,"{'objects': ['obj_4', 'obj_2'], 'target': 'obj_4', 'relation': 'smaller'}",yellow rectangle,yellow rectangle,yellow rectangle,True,0.22235641899987968,
ood_background_000029_q01,ood_background_000029,images/ood_background/ood_background_000029.png,Do the green circle and the green rectangle overlap? Answer yes or no.,no,overlap,2,ood_background,background,"{'objects': ['obj_1', 'obj_2'], 'relation': 'overlap'}",no,no,no,True,0.1711058860000776,
ood_background_000029_q02,ood_background_000029,images/ood_background/ood_background_000029.png,How many objects are above the green circle?,0,counting,2,ood_background,background,"{'anchor': 'obj_1', 'relation': 'above'}",3,0,3,False,0.17058487200006311,ood_failure
ood_background_000029_q03,ood_background_000029,images/ood_background/ood_background_000029.png,Which object is the bottommost in the image?,blue circle,relative_ordering,2,ood_background,background,"{'target': 'obj_5', 'relation': 'bottommost'}",blue circle,blue circle,blue circle,True,0.22094667000010304,
ood_background_000029_q04,ood_background_000029,images/ood_background/ood_background_000029.png,"Which object is closer to the center of the image, the blue circle or the red rectangle?",blue circle,center_proximity,2,ood_background,background,"{'objects': ['obj_5', 'obj_3'], 'target': 'obj_5', 'relation': 'center_proximity'}",blue circle,blue circle,blue circle,True,0.2216336809999575,
ood_background_000030_q01,ood_background_000030,images/ood_background/ood_background_000030.png,Which object is the topmost in the image?,yellow triangle,relative_ordering,2,ood_background,background,"{'target': 'obj_1', 'relation': 'topmost'}",triangle,yellow triangle,triangle,False,0.1741280310000093,ood_failure
ood_background_000030_q02,ood_background_000030,images/ood_background/ood_background_000030.png,Which object is nearest from the blue rectangle?,yellow triangle,nearest_farthest,2,ood_background,background,"{'anchor': 'obj_2', 'target': 'obj_1', 'relation': 'nearest'}",triangle,yellow triangle,triangle,False,0.17094467900005839,ood_failure
ood_background_000030_q03,ood_background_000030,images/ood_background/ood_background_000030.png,Is the yellow rectangle completely inside the yellow triangle? Answer yes or no.,no,inside_outside,2,ood_background,background,"{'objects': ['obj_3', 'obj_1'], 'relation': 'inside'}",no,no,no,True,0.17018528500011598,
ood_background_000030_q04,ood_background_000030,images/ood_background/ood_background_000030.png,How many objects are above the yellow triangle?,0,counting,2,ood_background,background,"{'anchor': 'obj_1', 'relation': 'above'}",2,0,2,False,0.17099401199993736,ood_failure
ood_background_000031_q01,ood_background_000031,images/ood_background/ood_background_000031.png,Which object is the rightmost in the image?,green triangle,relative_ordering,2,ood_background,background,"{'target': 'obj_3', 'relation': 'rightmost'}",triangle,green triangle,triangle,False,0.16956212800005233,ood_failure
ood_background_000031_q02,ood_background_000031,images/ood_background/ood_background_000031.png,"Which object is closer to the center of the image, the red rectangle or the green triangle?",red rectangle,center_proximity,2,ood_background,background,"{'objects': ['obj_5', 'obj_3'], 'target': 'obj_5', 'relation': 'center_proximity'}",red rectangle,red rectangle,red rectangle,True,0.22133219800002735,
ood_background_000031_q03,ood_background_000031,images/ood_background/ood_background_000031.png,"Which object is smaller, the red rectangle or the green triangle?",green triangle,relative_size,2,ood_background,background,"{'objects': ['obj_5', 'obj_3'], 'target': 'obj_3', 'relation': 'smaller'}",red rectangle,green triangle,red rectangle,False,0.2223048179998841,ood_failure
ood_background_000031_q04,ood_background_000031,images/ood_background/ood_background_000031.png,Which object is immediately below the green triangle?,blue rectangle,above_below,2,ood_background,background,"{'anchor': 'obj_3', 'target': 'obj_4', 'relation': 'below'}",blue square,blue rectangle,blue square,False,0.22292975000004844,ood_failure
ood_background_000032_q01,ood_background_000032,images/ood_background/ood_background_000032.png,Is the red triangle completely inside the yellow triangle? Answer yes or no.,no,inside_outside,2,ood_background,background,"{'objects': ['obj_3', 'obj_1'], 'relation': 'inside'}",no,no,no,True,0.1707153140000628,
ood_background_000032_q02,ood_background_000032,images/ood_background/ood_background_000032.png,Do the yellow triangle and the yellow circle overlap? Answer yes or no.,no,overlap,2,ood_background,background,"{'objects': ['obj_1', 'obj_2'], 'relation': 'overlap'}",no,no,no,True,0.1699922890002199,
ood_background_000032_q03,ood_background_000032,images/ood_background/ood_background_000032.png,Which object is the leftmost in the image?,yellow circle,relative_ordering,2,ood_background,background,"{'target': 'obj_2', 'relation': 'leftmost'}",circle,yellow circle,circle,False,0.17155836500000987,ood_failure
ood_background_000032_q04,ood_background_000032,images/ood_background/ood_background_000032.png,Which object is nearest from the red triangle?,yellow triangle,nearest_farthest,2,ood_background,background,"{'anchor': 'obj_3', 'target': 'obj_1', 'relation': 'nearest'}",The red triangle is on the right side of the yellow circle. The yellow triangle is on the right side of the red triangle. The red triangle is on the left side of the yellow triangle. The red triangle is on the left side of,yellow triangle,red triangle is on right side of yellow circle yellow triangle is on right side of red triangle red triangle is on left side of yellow triangle red triangle is on left side of,False,2.557260767000116,ood_failure
ood_background_000033_q01,ood_background_000033,images/ood_background/ood_background_000033.png,"Which object is larger, the blue rectangle or the yellow triangle?",blue rectangle,relative_size,2,ood_background,background,"{'objects': ['obj_1', 'obj_4'], 'target': 'obj_1', 'relation': 'larger'}",blue rectangle,blue rectangle,blue rectangle,True,0.22251478099997257,
ood_background_000033_q02,ood_background_000033,images/ood_background/ood_background_000033.png,Which object is nearest from the yellow triangle?,blue rectangle,nearest_farthest,2,ood_background,background,"{'anchor': 'obj_4', 'target': 'obj_1', 'relation': 'nearest'}",blue square,blue rectangle,blue square,False,0.22270882999987407,ood_failure
ood_background_000033_q03,ood_background_000033,images/ood_background/ood_background_000033.png,Is the yellow triangle completely inside the blue rectangle? Answer yes or no.,no,inside_outside,2,ood_background,background,"{'objects': ['obj_4', 'obj_1'], 'relation': 'inside'}",no,no,no,True,0.1703865700001188,
ood_background_000033_q04,ood_background_000033,images/ood_background/ood_background_000033.png,How many objects are left of the blue rectangle?,1,counting,2,ood_background,background,"{'anchor': 'obj_1', 'relation': 'left'}",2,1,2,False,0.17066649600019446,ood_failure
ood_background_000034_q01,ood_background_000034,images/ood_background/ood_background_000034.png,"Which object is closer to the center of the image, the green rectangle or the yellow circle?",yellow circle,center_proximity,2,ood_background,background,"{'objects': ['obj_3', 'obj_2'], 'target': 'obj_2', 'relation': 'center_proximity'}",green rectangle,yellow circle,green rectangle,False,0.22282486399990376,ood_failure
ood_background_000034_q02,ood_background_000034,images/ood_background/ood_background_000034.png,Which object is both right of the green triangle and left of the yellow circle?,red circle,multi_hop,4,ood_background,background,"{'anchors': ['obj_4', 'obj_2'], 'target': 'obj_5', 'relations': ['right of', 'left of']}",red triangle,red circle,red triangle,False,0.22285623200014015,ood_failure
ood_background_000034_q03,ood_background_000034,images/ood_background/ood_background_000034.png,Which object is the leftmost in the image?,red triangle,relative_ordering,2,ood_background,background,"{'target': 'obj_1', 'relation': 'leftmost'}",triangle,red triangle,triangle,False,0.1713652099999763,ood_failure
ood_background_000034_q04,ood_background_000034,images/ood_background/ood_background_000034.png,"Which object is smaller, the red triangle or the green rectangle?",green rectangle,relative_size,2,ood_background,background,"{'objects': ['obj_1', 'obj_3'], 'target': 'obj_3', 'relation': 'smaller'}",red triangle,green rectangle,red triangle,False,0.22215398699995603,ood_failure
ood_background_000035_q01,ood_background_000035,images/ood_background/ood_background_000035.png,Do the yellow triangle and the red triangle overlap? Answer yes or no.,no,overlap,2,ood_background,background,"{'objects': ['obj_1', 'obj_3'], 'relation': 'overlap'}",no,no,no,True,0.17115197499992973,
ood_background_000035_q02,ood_background_000035,images/ood_background/ood_background_000035.png,Is the blue triangle completely inside the red triangle? Answer yes or no.,no,inside_outside,2,ood_background,background,"{'objects': ['obj_2', 'obj_3'], 'relation': 'inside'}",no,no,no,True,0.17248669200012046,
ood_background_000035_q03,ood_background_000035,images/ood_background/ood_background_000035.png,Which object is immediately left of the yellow triangle?,blue triangle,left_right,2,ood_background,background,"{'anchor': 'obj_1', 'target': 'obj_2', 'relation': 'left'}",blue triangle,blue triangle,blue triangle,True,0.22270302600009018,
ood_background_000035_q04,ood_background_000035,images/ood_background/ood_background_000035.png,"Which object is smaller, the blue triangle or the yellow triangle?",yellow triangle,relative_size,2,ood_background,background,"{'objects': ['obj_2', 'obj_1'], 'target': 'obj_1', 'relation': 'smaller'}",blue triangle,yellow triangle,blue triangle,False,0.22325434200001837,ood_failure
ood_background_000036_q01,ood_background_000036,images/ood_background/ood_background_000036.png,"Which object is smaller, the red triangle or the blue rectangle?",red triangle,relative_size,2,ood_background,background,"{'objects': ['obj_3', 'obj_2'], 'target': 'obj_3', 'relation': 'smaller'}",The red triangle is smaller.,red triangle,red triangle is smaller,False,0.4271419839999453,ood_failure
ood_background_000036_q02,ood_background_000036,images/ood_background/ood_background_000036.png,How many objects are left of the blue rectangle?,3,counting,2,ood_background,background,"{'anchor': 'obj_2', 'relation': 'left'}",3,3,3,True,0.1712923889999729,
ood_background_000036_q03,ood_background_000036,images/ood_background/ood_background_000036.png,Which object is both left of the red triangle and above the yellow circle?,blue circle,multi_hop,4,ood_background,background,"{'anchors': ['obj_3', 'obj_5'], 'target': 'obj_1', 'relations': ['left of', 'above']}",blue square,blue circle,blue square,False,0.2216628620001302,ood_failure
ood_background_000036_q04,ood_background_000036,images/ood_background/ood_background_000036.png,Do the blue rectangle and the blue circle overlap? Answer yes or no.,no,overlap,2,ood_background,background,"{'objects': ['obj_2', 'obj_1'], 'relation': 'overlap'}",no,no,no,True,0.17084690699994098,
ood_background_000037_q01,ood_background_000037,images/ood_background/ood_background_000037.png,Is the red circle completely inside the yellow circle? Answer yes or no.,no,inside_outside,2,ood_background,background,"{'objects': ['obj_3', 'obj_1'], 'relation': 'inside'}",no,no,no,True,0.1702308769999945,
ood_background_000037_q02,ood_background_000037,images/ood_background/ood_background_000037.png,How many objects are above the yellow circle?,2,counting,2,ood_background,background,"{'anchor': 'obj_1', 'relation': 'above'}",2,2,2,True,0.1707974490000197,
ood_background_000037_q03,ood_background_000037,images/ood_background/ood_background_000037.png,Which object is both below the yellow rectangle and right of the red circle?,yellow circle,multi_hop,4,ood_background,background,"{'anchors': ['obj_2', 'obj_3'], 'target': 'obj_1', 'relations': ['below', 'right of']}",yellow circle,yellow circle,yellow circle,True,0.2217466399999921,
ood_background_000037_q04,ood_background_000037,images/ood_background/ood_background_000037.png,"Which object is larger, the yellow rectangle or the yellow circle?",yellow rectangle,relative_size,2,ood_background,background,"{'objects': ['obj_2', 'obj_1'], 'target': 'obj_2', 'relation': 'larger'}",yellow rectangle,yellow rectangle,yellow rectangle,True,0.2224085870000181,
ood_background_000038_q01,ood_background_000038,images/ood_background/ood_background_000038.png,Do the blue circle and the green circle overlap? Answer yes or no.,no,overlap,2,ood_background,background,"{'objects': ['obj_1', 'obj_4'], 'relation': 'overlap'}",no,no,no,True,0.170023608000065,
ood_background_000038_q02,ood_background_000038,images/ood_background/ood_background_000038.png,How many objects are above the blue circle?,3,counting,2,ood_background,background,"{'anchor': 'obj_1', 'relation': 'above'}",3,3,3,True,0.17027201899986721,
ood_background_000038_q03,ood_background_000038,images/ood_background/ood_background_000038.png,Which object is the bottommost in the image?,blue circle,relative_ordering,2,ood_background,background,"{'target': 'obj_1', 'relation': 'bottommost'}",blue circle,blue circle,blue circle,True,0.2211481450001429,
ood_background_000038_q04,ood_background_000038,images/ood_background/ood_background_000038.png,"Which object is closer to the center of the image, the green triangle or the green circle?",green triangle,center_proximity,2,ood_background,background,"{'objects': ['obj_3', 'obj_4'], 'target': 'obj_3', 'relation': 'center_proximity'}",green circle,green triangle,green circle,False,0.22258474899990688,ood_failure
ood_background_000039_q01,ood_background_000039,images/ood_background/ood_background_000039.png,Is the yellow rectangle completely inside the red rectangle? Answer yes or no.,no,inside_outside,2,ood_background,background,"{'objects': ['obj_3', 'obj_4'], 'relation': 'inside'}",no,no,no,True,0.1703697650000322,
ood_background_000039_q02,ood_background_000039,images/ood_background/ood_background_000039.png,"Which object is closer to the center of the image, the blue triangle or the red rectangle?",blue triangle,center_proximity,2,ood_background,background,"{'objects': ['obj_2', 'obj_4'], 'target': 'obj_2', 'relation': 'center_proximity'}",blue triangle,blue triangle,blue triangle,True,0.22224189500002467,
ood_background_000039_q03,ood_background_000039,images/ood_background/ood_background_000039.png,Which object is immediately right of the yellow rectangle?,red rectangle,left_right,2,ood_background,background,"{'anchor': 'obj_3', 'target': 'obj_4', 'relation': 'right'}",red square,red rectangle,red square,False,0.2229564950000622,ood_failure
ood_background_000039_q04,ood_background_000039,images/ood_background/ood_background_000039.png,Which object is both above the blue triangle and left of the yellow rectangle?,green circle,multi_hop,4,ood_background,background,"{'anchors': ['obj_2', 'obj_3'], 'target': 'obj_1', 'relations': ['above', 'left of']}",red square,green circle,red square,False,0.22278294700004153,ood_failure
ood_background_000040_q01,ood_background_000040,images/ood_background/ood_background_000040.png,Which object is the rightmost in the image?,blue rectangle,relative_ordering,2,ood_background,background,"{'target': 'obj_1', 'relation': 'rightmost'}",blue square,blue rectangle,blue square,False,0.22264649799990366,ood_failure
ood_background_000040_q02,ood_background_000040,images/ood_background/ood_background_000040.png,"Which object is closer to the center of the image, the yellow circle or the red triangle?",red triangle,center_proximity,2,ood_background,background,"{'objects': ['obj_3', 'obj_2'], 'target': 'obj_2', 'relation': 'center_proximity'}",yellow circle,red triangle,yellow circle,False,0.22226861800004372,ood_failure
ood_background_000040_q03,ood_background_000040,images/ood_background/ood_background_000040.png,"Which object is smaller, the yellow circle or the red triangle?",red triangle,relative_size,2,ood_background,background,"{'objects': ['obj_3', 'obj_2'], 'target': 'obj_2', 'relation': 'smaller'}",red triangle,red triangle,red triangle,True,0.2215029889998732,
ood_background_000040_q04,ood_background_000040,images/ood_background/ood_background_000040.png,Which object is immediately below the red triangle?,yellow circle,above_below,2,ood_background,background,"{'anchor': 'obj_2', 'target': 'obj_3', 'relation': 'below'}",yellow circle,yellow circle,yellow circle,True,0.22170112000003428,
ood_background_000041_q01,ood_background_000041,images/ood_background/ood_background_000041.png,Is the yellow circle completely inside the yellow triangle? Answer yes or no.,no,inside_outside,2,ood_background,background,"{'objects': ['obj_1', 'obj_2'], 'relation': 'inside'}",no,no,no,True,0.1705204939999021,
ood_background_000041_q02,ood_background_000041,images/ood_background/ood_background_000041.png,Which object is immediately left of the yellow triangle?,green circle,left_right,2,ood_background,background,"{'anchor': 'obj_2', 'target': 'obj_3', 'relation': 'left'}",green circle,green circle,green circle,True,0.22701698700007,
ood_background_000041_q03,ood_background_000041,images/ood_background/ood_background_000041.png,Do the green circle and the blue rectangle overlap? Answer yes or no.,no,overlap,2,ood_background,background,"{'objects': ['obj_3', 'obj_4'], 'relation': 'overlap'}",no,no,no,True,0.17211861500004488,
ood_background_000041_q04,ood_background_000041,images/ood_background/ood_background_000041.png,Which object is the leftmost in the image?,green circle,relative_ordering,2,ood_background,background,"{'target': 'obj_3', 'relation': 'leftmost'}",The leftmost object in the image is a green circle.,green circle,leftmost object in image is green circle,False,0.7371264900000369,ood_failure
ood_background_000042_q01,ood_background_000042,images/ood_background/ood_background_000042.png,"Which object is larger, the red circle or the green circle?",green circle,relative_size,2,ood_background,background,"{'objects': ['obj_1', 'obj_4'], 'target': 'obj_4', 'relation': 'larger'}",The green circle is larger than the red circle.,green circle,green circle is larger than red circle,False,0.6324913329999617,ood_failure
ood_background_000042_q02,ood_background_000042,images/ood_background/ood_background_000042.png,Which object is nearest from the green circle?,red circle,nearest_farthest,2,ood_background,background,"{'anchor': 'obj_4', 'target': 'obj_1', 'relation': 'nearest'}",red circle,red circle,red circle,True,0.22319428500009053,
ood_background_000042_q03,ood_background_000042,images/ood_background/ood_background_000042.png,Is the green circle completely inside the red circle? Answer yes or no.,no,inside_outside,2,ood_background,background,"{'objects': ['obj_4', 'obj_1'], 'relation': 'inside'}",no,no,no,True,0.1701743680000618,
ood_background_000042_q04,ood_background_000042,images/ood_background/ood_background_000042.png,How many objects are left of the red circle?,3,counting,2,ood_background,background,"{'anchor': 'obj_1', 'relation': 'left'}",3,3,3,True,0.17007329900002333,
ood_background_000043_q01,ood_background_000043,images/ood_background/ood_background_000043.png,"Which object is closer to the center of the image, the blue circle or the red circle?",blue circle,center_proximity,2,ood_background,background,"{'objects': ['obj_3', 'obj_4'], 'target': 'obj_3', 'relation': 'center_proximity'}",blue circle,blue circle,blue circle,True,0.22192898599996624,
ood_background_000043_q02,ood_background_000043,images/ood_background/ood_background_000043.png,Which object is both right of the yellow rectangle and below the blue circle?,red circle,multi_hop,4,ood_background,background,"{'anchors': ['obj_1', 'obj_3'], 'target': 'obj_4', 'relations': ['right of', 'below']}",red circle,red circle,red circle,True,0.22371239599988257,
ood_background_000043_q03,ood_background_000043,images/ood_background/ood_background_000043.png,Which object is immediately above the green rectangle?,yellow rectangle,above_below,2,ood_background,background,"{'anchor': 'obj_2', 'target': 'obj_1', 'relation': 'above'}",yellow rectangle,yellow rectangle,yellow rectangle,True,0.22510315800013814,
ood_background_000043_q04,ood_background_000043,images/ood_background/ood_background_000043.png,Which object is the leftmost in the image?,yellow rectangle,relative_ordering,2,ood_background,background,"{'target': 'obj_1', 'relation': 'leftmost'}",yellow rectangle,yellow rectangle,yellow rectangle,True,0.22666144100003294,
ood_background_000044_q01,ood_background_000044,images/ood_background/ood_background_000044.png,Do the yellow rectangle and the red rectangle overlap? Answer yes or no.,no,overlap,2,ood_background,background,"{'objects': ['obj_1', 'obj_3'], 'relation': 'overlap'}",no,no,no,True,0.17148504600004344,
ood_background_000044_q02,ood_background_000044,images/ood_background/ood_background_000044.png,Is the green rectangle completely inside the red rectangle? Answer yes or no.,no,inside_outside,2,ood_background,background,"{'objects': ['obj_2', 'obj_3'], 'relation': 'inside'}",no,no,no,True,0.17116020200001003,
ood_background_000044_q03,ood_background_000044,images/ood_background/ood_background_000044.png,Which object is immediately left of the yellow rectangle?,red rectangle,left_right,2,ood_background,background,"{'anchor': 'obj_1', 'target': 'obj_3', 'relation': 'left'}",red rectangle,red rectangle,red rectangle,True,0.2209507580000718,
ood_background_000044_q04,ood_background_000044,images/ood_background/ood_background_000044.png,"Which object is smaller, the green rectangle or the yellow rectangle?",yellow rectangle,relative_size,2,ood_background,background,"{'objects': ['obj_2', 'obj_1'], 'target': 'obj_1', 'relation': 'smaller'}",yellow rectangle,yellow rectangle,yellow rectangle,True,0.22242714499998328,
ood_background_000045_q01,ood_background_000045,images/ood_background/ood_background_000045.png,"Which object is larger, the yellow triangle or the red circle?",yellow triangle,relative_size,2,ood_background,background,"{'objects': ['obj_3', 'obj_4'], 'target': 'obj_3', 'relation': 'larger'}",red circle,yellow triangle,red circle,False,0.22493850399996518,ood_failure
ood_background_000045_q02,ood_background_000045,images/ood_background/ood_background_000045.png,How many objects are left of the red circle?,0,counting,2,ood_background,background,"{'anchor': 'obj_4', 'relation': 'left'}",3,0,3,False,0.17384267299985368,ood_failure
ood_background_000045_q03,ood_background_000045,images/ood_background/ood_background_000045.png,Which object is both right of the red circle and above the yellow triangle?,blue circle,multi_hop,4,ood_background,background,"{'anchors': ['obj_4', 'obj_3'], 'target': 'obj_2', 'relations': ['right of', 'above']}",blue circle,blue circle,blue circle,True,0.2267000540000481,
ood_background_000045_q04,ood_background_000045,images/ood_background/ood_background_000045.png,Which object is immediately right of the red circle?,blue circle,left_right,2,ood_background,background,"{'anchor': 'obj_4', 'target': 'obj_2', 'relation': 'right'}",yellow triangle,blue circle,yellow triangle,False,0.22478914599992095,ood_failure
ood_background_000046_q01,ood_background_000046,images/ood_background/ood_background_000046.png,Is the blue rectangle completely inside the green circle? Answer yes or no.,no,inside_outside,2,ood_background,background,"{'objects': ['obj_2', 'obj_4'], 'relation': 'inside'}",no,no,no,True,0.17127086499999677,
ood_background_000046_q02,ood_background_000046,images/ood_background/ood_background_000046.png,How many circle objects are in the image?,2,counting,1,ood_background,background,{'filter': {'shape': 'circle'}},3,2,3,False,0.1709186029997909,ood_failure
ood_background_000046_q03,ood_background_000046,images/ood_background/ood_background_000046.png,Which object is both above the yellow circle and left of the red rectangle?,green circle,multi_hop,4,ood_background,background,"{'anchors': ['obj_3', 'obj_1'], 'target': 'obj_4', 'relations': ['above', 'left of']}",blue rectangle,green circle,blue rectangle,False,0.22430364000001646,ood_failure
ood_background_000046_q04,ood_background_000046,images/ood_background/ood_background_000046.png,"Which object is larger, the blue rectangle or the red rectangle?",blue rectangle,relative_size,2,ood_background,background,"{'objects': ['obj_2', 'obj_1'], 'target': 'obj_2', 'relation': 'larger'}",blue rectangle,blue rectangle,blue rectangle,True,0.22291371899996193,
ood_background_000047_q01,ood_background_000047,images/ood_background/ood_background_000047.png,Do the blue circle and the green circle overlap? Answer yes or no.,yes,overlap,2,ood_background,background,"{'objects': ['obj_1', 'obj_3'], 'relation': 'overlap'}",yes,yes,yes,True,0.17120028299996193,
ood_background_000047_q02,ood_background_000047,images/ood_background/ood_background_000047.png,How many objects are above the blue circle?,1,counting,2,ood_background,background,"{'anchor': 'obj_1', 'relation': 'above'}",2,1,2,False,0.17157936500007054,ood_failure
ood_background_000047_q03,ood_background_000047,images/ood_background/ood_background_000047.png,Which object is the bottommost in the image?,green circle,relative_ordering,2,ood_background,background,"{'target': 'obj_3', 'relation': 'bottommost'}",green circle,green circle,green circle,True,0.2230995319998783,
ood_background_000047_q04,ood_background_000047,images/ood_background/ood_background_000047.png,Which object is immediately left of the green circle?,blue circle,left_right,2,ood_background,background,"{'anchor': 'obj_3', 'target': 'obj_1', 'relation': 'left'}",blue circle,blue circle,blue circle,True,0.22366237100004582,
ood_background_000048_q01,ood_background_000048,images/ood_background/ood_background_000048.png,Is the yellow rectangle completely inside the red rectangle? Answer yes or no.,no,inside_outside,2,ood_background,background,"{'objects': ['obj_3', 'obj_2'], 'relation': 'inside'}",no,no,no,True,0.1711458549998497,
ood_background_000048_q02,ood_background_000048,images/ood_background/ood_background_000048.png,"Which object is closer to the center of the image, the yellow rectangle or the green rectangle?",green rectangle,center_proximity,2,ood_background,background,"{'objects': ['obj_3', 'obj_1'], 'target': 'obj_1', 'relation': 'center_proximity'}",yellow rectangle,green rectangle,yellow rectangle,False,0.22356029399998079,ood_failure
ood_background_000048_q03,ood_background_000048,images/ood_background/ood_background_000048.png,Which object is both above the red rectangle and left of the green rectangle?,yellow rectangle,multi_hop,4,ood_background,background,"{'anchors': ['obj_2', 'obj_1'], 'target': 'obj_3', 'relations': ['above', 'left of']}",yellow rectangle,yellow rectangle,yellow rectangle,True,0.22636255799989158,
ood_background_000048_q04,ood_background_000048,images/ood_background/ood_background_000048.png,"Which object is larger, the green rectangle or the red rectangle?",red rectangle,relative_size,2,ood_background,background,"{'objects': ['obj_1', 'obj_2'], 'target': 'obj_2', 'relation': 'larger'}",red rectangle,red rectangle,red rectangle,True,0.22482296499993026,
ood_background_000049_q01,ood_background_000049,images/ood_background/ood_background_000049.png,Which object is the rightmost in the image?,yellow triangle,relative_ordering,2,ood_background,background,"{'target': 'obj_2', 'relation': 'rightmost'}",triangle,yellow triangle,triangle,False,0.17030451699997684,ood_failure
ood_background_000049_q02,ood_background_000049,images/ood_background/ood_background_000049.png,Is the red rectangle completely inside the blue circle? Answer yes or no.,no,inside_outside,2,ood_background,background,"{'objects': ['obj_1', 'obj_4'], 'relation': 'inside'}",no,no,no,True,0.17056545099990217,
ood_background_000049_q03,ood_background_000049,images/ood_background/ood_background_000049.png,Which object is farthest from the yellow triangle?,blue circle,nearest_farthest,2,ood_background,background,"{'anchor': 'obj_2', 'target': 'obj_4', 'relation': 'farthest'}",red square,blue circle,red square,False,0.22189620800008925,ood_failure
ood_background_000049_q04,ood_background_000049,images/ood_background/ood_background_000049.png,Which object is between the blue circle and the yellow triangle?,red circle,between,3,ood_background,background,"{'objects': ['obj_4', 'obj_2'], 'target': 'obj_3', 'relation': 'between'}",red square,red circle,red square,False,0.2228298380000524,ood_failure
ood_occlusion_000000_q01,ood_occlusion_000000,images/ood_occlusion/ood_occlusion_000000.png,Which object is immediately right of the yellow circle?,green triangle,left_right,2,ood_occlusion,occlusion,"{'anchor': 'obj_3', 'target': 'obj_2', 'relation': 'right'}",triangle,green triangle,triangle,False,0.17226131799998257,ood_failure
ood_occlusion_000000_q02,ood_occlusion_000000,images/ood_occlusion/ood_occlusion_000000.png,Which object is the rightmost in the image?,green triangle,relative_ordering,2,ood_occlusion,occlusion,"{'target': 'obj_2', 'relation': 'rightmost'}",triangle,green triangle,triangle,False,0.17140698799994425,ood_failure
ood_occlusion_000000_q03,ood_occlusion_000000,images/ood_occlusion/ood_occlusion_000000.png,Which object is both left of the green triangle and right of the red circle?,yellow circle,multi_hop,4,ood_occlusion,occlusion,"{'anchors': ['obj_2', 'obj_1'], 'target': 'obj_3', 'relations': ['left of', 'right of']}",yellow circle,yellow circle,yellow circle,True,0.22192526399999224,
ood_occlusion_000000_q04,ood_occlusion_000000,images/ood_occlusion/ood_occlusion_000000.png,Which object is immediately below the red circle?,green triangle,above_below,2,ood_occlusion,occlusion,"{'anchor': 'obj_1', 'target': 'obj_2', 'relation': 'below'}","The red circle is the first object from the left, and the green triangle is the second object from the left. The green triangle is immediately below the red circle. The red circle is the first object from the left, and the green triangle",green triangle,red circle is first object from left and green triangle is second object from left green triangle is immediately below red circle red circle is first object from left and green triangle,False,2.5329371269999683,ood_failure
ood_occlusion_000001_q01,ood_occlusion_000001,images/ood_occlusion/ood_occlusion_000001.png,Which object is between the green triangle and the red rectangle?,blue triangle,between,3,ood_occlusion,occlusion,"{'objects': ['obj_4', 'obj_3'], 'target': 'obj_1', 'relation': 'between'}",green circle,blue triangle,green circle,False,0.22284508999996433,ood_failure
ood_occlusion_000001_q02,ood_occlusion_000001,images/ood_occlusion/ood_occlusion_000001.png,Which object is both left of the blue triangle and right of the red rectangle?,green circle,multi_hop,4,ood_occlusion,occlusion,"{'anchors': ['obj_1', 'obj_3'], 'target': 'obj_2', 'relations': ['left of', 'right of']}",green circle,green circle,green circle,True,0.22294310899997072,
ood_occlusion_000001_q03,ood_occlusion_000001,images/ood_occlusion/ood_occlusion_000001.png,"Which object is larger, the red rectangle or the green circle?",green circle,relative_size,2,ood_occlusion,occlusion,"{'objects': ['obj_3', 'obj_2'], 'target': 'obj_2', 'relation': 'larger'}",The green circle is larger than the red rectangle.,green circle,green circle is larger than red rectangle,False,0.6315983280001092,ood_failure
ood_occlusion_000001_q04,ood_occlusion_000001,images/ood_occlusion/ood_occlusion_000001.png,How many objects are above the blue triangle?,1,counting,2,ood_occlusion,occlusion,"{'anchor': 'obj_1', 'relation': 'above'}",2,1,2,False,0.16818858099986755,ood_failure
ood_occlusion_000002_q01,ood_occlusion_000002,images/ood_occlusion/ood_occlusion_000002.png,Which object is the leftmost in the image?,blue triangle,relative_ordering,2,ood_occlusion,occlusion,"{'target': 'obj_3', 'relation': 'leftmost'}",blue triangle,blue triangle,blue triangle,True,0.21807927999998356,
ood_occlusion_000002_q02,ood_occlusion_000002,images/ood_occlusion/ood_occlusion_000002.png,Which object is immediately left of the yellow circle?,yellow rectangle,left_right,2,ood_occlusion,occlusion,"{'anchor': 'obj_2', 'target': 'obj_1', 'relation': 'left'}",blue triangle,yellow rectangle,blue triangle,False,0.21815361300014047,ood_failure
ood_occlusion_000002_q03,ood_occlusion_000002,images/ood_occlusion/ood_occlusion_000002.png,Which object is immediately above the yellow rectangle?,yellow circle,above_below,2,ood_occlusion,occlusion,"{'anchor': 'obj_1', 'target': 'obj_2', 'relation': 'above'}",white,yellow circle,white,False,0.16721193300008963,ood_failure
ood_occlusion_000002_q04,ood_occlusion_000002,images/ood_occlusion/ood_occlusion_000002.png,How many objects are above the blue triangle?,1,counting,2,ood_occlusion,occlusion,"{'anchor': 'obj_3', 'relation': 'above'}",2,1,2,False,0.16946745399991414,ood_failure
ood_occlusion_000003_q01,ood_occlusion_000003,images/ood_occlusion/ood_occlusion_000003.png,Which object is both left of the yellow circle and below the yellow triangle?,blue rectangle,multi_hop,4,ood_occlusion,occlusion,"{'anchors': ['obj_5', 'obj_2'], 'target': 'obj_3', 'relations': ['left of', 'below']}",blue rectangle,blue rectangle,blue rectangle,True,0.21861695799998415,
ood_occlusion_000003_q02,ood_occlusion_000003,images/ood_occlusion/ood_occlusion_000003.png,How many objects are above the blue rectangle?,2,counting,2,ood_occlusion,occlusion,"{'anchor': 'obj_3', 'relation': 'above'}",3,2,3,False,0.1669736709998233,ood_failure
ood_occlusion_000003_q03,ood_occlusion_000003,images/ood_occlusion/ood_occlusion_000003.png,"Which object is smaller, the green triangle or the yellow triangle?",yellow triangle,relative_size,2,ood_occlusion,occlusion,"{'objects': ['obj_1', 'obj_2'], 'target': 'obj_2', 'relation': 'smaller'}",The yellow triangle is smaller.,yellow triangle,yellow triangle is smaller,False,0.41790287300000273,ood_failure
ood_occlusion_000003_q04,ood_occlusion_000003,images/ood_occlusion/ood_occlusion_000003.png,Is the yellow triangle completely inside the yellow circle? Answer yes or no.,no,inside_outside,2,ood_occlusion,occlusion,"{'objects': ['obj_2', 'obj_5'], 'relation': 'inside'}",no,no,no,True,0.1704502570000841,
ood_occlusion_000004_q01,ood_occlusion_000004,images/ood_occlusion/ood_occlusion_000004.png,How many objects are above the red triangle?,0,counting,2,ood_occlusion,occlusion,"{'anchor': 'obj_1', 'relation': 'above'}",2,0,2,False,0.1676895020000302,ood_failure
ood_occlusion_000004_q02,ood_occlusion_000004,images/ood_occlusion/ood_occlusion_000004.png,Which object is the bottommost in the image?,green circle,relative_ordering,2,ood_occlusion,occlusion,"{'target': 'obj_3', 'relation': 'bottommost'}",green circle,green circle,green circle,True,0.2188678689999506,
ood_occlusion_000004_q03,ood_occlusion_000004,images/ood_occlusion/ood_occlusion_000004.png,Which object is farthest from the yellow circle?,green circle,nearest_farthest,2,ood_occlusion,occlusion,"{'anchor': 'obj_4', 'target': 'obj_3', 'relation': 'farthest'}",green circle,green circle,green circle,True,0.23063744099999894,
ood_occlusion_000004_q04,ood_occlusion_000004,images/ood_occlusion/ood_occlusion_000004.png,"Which object is smaller, the yellow circle or the red triangle?",yellow circle,relative_size,2,ood_occlusion,occlusion,"{'objects': ['obj_4', 'obj_1'], 'target': 'obj_4', 'relation': 'smaller'}",yellow circle,yellow circle,yellow circle,True,0.22157030699986535,
ood_occlusion_000005_q01,ood_occlusion_000005,images/ood_occlusion/ood_occlusion_000005.png,Which object is both right of the red rectangle and below the blue rectangle?,yellow triangle,multi_hop,4,ood_occlusion,occlusion,"{'anchors': ['obj_3', 'obj_1'], 'target': 'obj_2', 'relations': ['right of', 'below']}",red triangle,yellow triangle,red triangle,False,0.23335284800009504,ood_failure
ood_occlusion_000005_q02,ood_occlusion_000005,images/ood_occlusion/ood_occlusion_000005.png,Which object is immediately below the yellow triangle?,red rectangle,above_below,2,ood_occlusion,occlusion,"{'anchor': 'obj_2', 'target': 'obj_3', 'relation': 'below'}",red rectangle,red rectangle,red rectangle,True,0.2247635450000871,
ood_occlusion_000005_q03,ood_occlusion_000005,images/ood_occlusion/ood_occlusion_000005.png,Which object is between the red triangle and the blue rectangle?,blue circle,between,3,ood_occlusion,occlusion,"{'objects': ['obj_4', 'obj_1'], 'target': 'obj_5', 'relation': 'between'}",yellow triangle,blue circle,yellow triangle,False,0.2306652300001133,ood_failure
ood_occlusion_000005_q04,ood_occlusion_000005,images/ood_occlusion/ood_occlusion_000005.png,"Which object is larger, the blue circle or the red rectangle?",blue circle,relative_size,2,ood_occlusion,occlusion,"{'objects': ['obj_5', 'obj_3'], 'target': 'obj_5', 'relation': 'larger'}",blue circle,blue circle,blue circle,True,0.23023579799996696,
ood_occlusion_000006_q01,ood_occlusion_000006,images/ood_occlusion/ood_occlusion_000006.png,Which object is between the green triangle and the yellow rectangle?,blue circle,between,3,ood_occlusion,occlusion,"{'objects': ['obj_2', 'obj_3'], 'target': 'obj_1', 'relation': 'between'}",blue circle,blue circle,blue circle,True,0.24839610999993056,
ood_occlusion_000006_q02,ood_occlusion_000006,images/ood_occlusion/ood_occlusion_000006.png,Which object is the bottommost in the image?,yellow rectangle,relative_ordering,2,ood_occlusion,occlusion,"{'target': 'obj_3', 'relation': 'bottommost'}",The bottommost object in the image is a yellow rectangle.,yellow rectangle,bottommost object in image is yellow rectangle,False,0.7601427019999392,ood_failure
ood_occlusion_000006_q03,ood_occlusion_000006,images/ood_occlusion/ood_occlusion_000006.png,Which object is both below the green triangle and left of the blue circle?,yellow rectangle,multi_hop,4,ood_occlusion,occlusion,"{'anchors': ['obj_2', 'obj_1'], 'target': 'obj_3', 'relations': ['below', 'left of']}",yellow rectangle,yellow rectangle,yellow rectangle,True,0.22293371199998546,
ood_occlusion_000006_q04,ood_occlusion_000006,images/ood_occlusion/ood_occlusion_000006.png,Which object is immediately left of the green triangle?,blue circle,left_right,2,ood_occlusion,occlusion,"{'anchor': 'obj_2', 'target': 'obj_1', 'relation': 'left'}",yellow rectangle,blue circle,yellow rectangle,False,0.22361580299980233,ood_failure
ood_occlusion_000007_q01,ood_occlusion_000007,images/ood_occlusion/ood_occlusion_000007.png,Do the blue circle and the green rectangle overlap? Answer yes or no.,no,overlap,2,ood_occlusion,occlusion,"{'objects': ['obj_1', 'obj_2'], 'relation': 'overlap'}",no,no,no,True,0.17087012599995433,
ood_occlusion_000007_q02,ood_occlusion_000007,images/ood_occlusion/ood_occlusion_000007.png,Which object is both left of the green rectangle and above the blue circle?,red rectangle,multi_hop,4,ood_occlusion,occlusion,"{'anchors': ['obj_2', 'obj_1'], 'target': 'obj_3', 'relations': ['left of', 'above']}",red rectangle,red rectangle,red rectangle,True,0.22234515800005283,
ood_occlusion_000007_q03,ood_occlusion_000007,images/ood_occlusion/ood_occlusion_000007.png,Which object is immediately above the green rectangle?,blue circle,above_below,2,ood_occlusion,occlusion,"{'anchor': 'obj_2', 'target': 'obj_1', 'relation': 'above'}",white,blue circle,white,False,0.16990525900018838,ood_failure
ood_occlusion_000007_q04,ood_occlusion_000007,images/ood_occlusion/ood_occlusion_000007.png,"Which object is smaller, the blue circle or the red rectangle?",blue circle,relative_size,2,ood_occlusion,occlusion,"{'objects': ['obj_1', 'obj_3'], 'target': 'obj_1', 'relation': 'smaller'}",blue circle,blue circle,blue circle,True,0.22364815600008114,
ood_occlusion_000008_q01,ood_occlusion_000008,images/ood_occlusion/ood_occlusion_000008.png,Do the red circle and the green triangle overlap? Answer yes or no.,no,overlap,2,ood_occlusion,occlusion,"{'objects': ['obj_1', 'obj_3'], 'relation': 'overlap'}",no,no,no,True,0.18081185200003347,
ood_occlusion_000008_q02,ood_occlusion_000008,images/ood_occlusion/ood_occlusion_000008.png,"Which object is closer to the center of the image, the red rectangle or the blue rectangle?",blue rectangle,center_proximity,2,ood_occlusion,occlusion,"{'objects': ['obj_2', 'obj_4'], 'target': 'obj_4', 'relation': 'center_proximity'}",red rectangle,blue rectangle,red rectangle,False,0.22220710100009455,ood_failure
ood_occlusion_000008_q03,ood_occlusion_000008,images/ood_occlusion/ood_occlusion_000008.png,Which object is between the red rectangle and the red circle?,blue rectangle,between,3,ood_occlusion,occlusion,"{'objects': ['obj_2', 'obj_1'], 'target': 'obj_4', 'relation': 'between'}",blue rectangle,blue rectangle,blue rectangle,True,0.22190911999996388,
ood_occlusion_000008_q04,ood_occlusion_000008,images/ood_occlusion/ood_occlusion_000008.png,Which object is nearest from the red circle?,blue rectangle,nearest_farthest,2,ood_occlusion,occlusion,"{'anchor': 'obj_1', 'target': 'obj_4', 'relation': 'nearest'}",blue rectangle,blue rectangle,blue rectangle,True,0.2216964960000496,
ood_occlusion_000009_q01,ood_occlusion_000009,images/ood_occlusion/ood_occlusion_000009.png,Which object is immediately right of the blue triangle?,blue circle,left_right,2,ood_occlusion,occlusion,"{'anchor': 'obj_4', 'target': 'obj_5', 'relation': 'right'}",blue rectangle,blue circle,blue rectangle,False,0.2230431680000038,ood_failure
ood_occlusion_000009_q02,ood_occlusion_000009,images/ood_occlusion/ood_occlusion_000009.png,Which object is both below the yellow circle and left of the blue rectangle?,blue triangle,multi_hop,4,ood_occlusion,occlusion,"{'anchors': ['obj_3', 'obj_1'], 'target': 'obj_4', 'relations': ['below', 'left of']}",The object that is both below the yellow circle and left of the blue rectangle is the green rectangle.,blue triangle,object that is both below yellow circle and left of blue rectangle is green rectangle,False,1.1625398300000143,ood_failure
ood_occlusion_000009_q03,ood_occlusion_000009,images/ood_occlusion/ood_occlusion_000009.png,How many blue objects are in the image?,3,counting,1,ood_occlusion,occlusion,{'filter': {'color': 'blue'}},1,3,1,False,0.17057798199994068,ood_failure
ood_occlusion_000009_q04,ood_occlusion_000009,images/ood_occlusion/ood_occlusion_000009.png,Which object is the rightmost in the image?,blue rectangle,relative_ordering,2,ood_occlusion,occlusion,"{'target': 'obj_1', 'relation': 'rightmost'}",blue rectangle,blue rectangle,blue rectangle,True,0.22345323500007908,
ood_occlusion_000010_q01,ood_occlusion_000010,images/ood_occlusion/ood_occlusion_000010.png,Which object is between the red triangle and the blue triangle?,green circle,between,3,ood_occlusion,occlusion,"{'objects': ['obj_3', 'obj_1'], 'target': 'obj_4', 'relation': 'between'}","The image contains a red triangle, a green circle, and a red rectangle. The red triangle is on the left, the green circle is in the center, and the red rectangle is on the right. The blue triangle is not in the",green circle,image contains red triangle green circle and red rectangle red triangle is on left green circle is in center and red rectangle is on right blue triangle is not in,False,2.5294270940000843,ood_failure
ood_occlusion_000010_q02,ood_occlusion_000010,images/ood_occlusion/ood_occlusion_000010.png,Which object is both above the blue triangle and below the red triangle?,green circle,multi_hop,4,ood_occlusion,occlusion,"{'anchors': ['obj_1', 'obj_3'], 'target': 'obj_4', 'relations': ['above', 'below']}",green circle,green circle,green circle,True,0.22379189600019345,
ood_occlusion_000010_q03,ood_occlusion_000010,images/ood_occlusion/ood_occlusion_000010.png,"Which object is larger, the red triangle or the blue triangle?",blue triangle,relative_size,2,ood_occlusion,occlusion,"{'objects': ['obj_3', 'obj_1'], 'target': 'obj_1', 'relation': 'larger'}",The red triangle is larger than the blue triangle.,blue triangle,red triangle is larger than blue triangle,False,0.6321191490001183,ood_failure
ood_occlusion_000010_q04,ood_occlusion_000010,images/ood_occlusion/ood_occlusion_000010.png,How many objects are above the green circle?,2,counting,2,ood_occlusion,occlusion,"{'anchor': 'obj_4', 'relation': 'above'}",2,2,2,True,0.17056211800013443,
ood_occlusion_000011_q01,ood_occlusion_000011,images/ood_occlusion/ood_occlusion_000011.png,Which object is the leftmost in the image?,red rectangle,relative_ordering,2,ood_occlusion,occlusion,"{'target': 'obj_2', 'relation': 'leftmost'}",The leftmost object in the image is a red square.,red rectangle,leftmost object in image is red square,False,0.7334865660000105,ood_failure
ood_occlusion_000011_q02,ood_occlusion_000011,images/ood_occlusion/ood_occlusion_000011.png,Which object is immediately left of the red triangle?,green triangle,left_right,2,ood_occlusion,occlusion,"{'anchor': 'obj_4', 'target': 'obj_3', 'relation': 'left'}",The red triangle is in the center of the image. The object immediately to the left of the red triangle is a green triangle. The green triangle is on the left side of the red triangle. The red triangle is on the right side of,green triangle,red triangle is in center of image object immediately to left of red triangle is green triangle green triangle is on left side of red triangle red triangle is on right side of,False,2.5635475120000137,ood_failure
ood_occlusion_000011_q03,ood_occlusion_000011,images/ood_occlusion/ood_occlusion_000011.png,Which object is immediately above the yellow rectangle?,green triangle,above_below,2,ood_occlusion,occlusion,"{'anchor': 'obj_1', 'target': 'obj_3', 'relation': 'above'}",red triangle,green triangle,red triangle,False,0.22531318699998337,ood_failure
ood_occlusion_000011_q04,ood_occlusion_000011,images/ood_occlusion/ood_occlusion_000011.png,How many objects are above the red rectangle?,0,counting,2,ood_occlusion,occlusion,"{'anchor': 'obj_2', 'relation': 'above'}",3,0,3,False,0.17540225099992313,ood_failure
ood_occlusion_000012_q01,ood_occlusion_000012,images/ood_occlusion/ood_occlusion_000012.png,Which object is both below the green triangle and above the red circle?,yellow circle,multi_hop,4,ood_occlusion,occlusion,"{'anchors': ['obj_2', 'obj_1'], 'target': 'obj_3', 'relations': ['below', 'above']}",white,yellow circle,white,False,0.17362373900004968,ood_failure
ood_occlusion_000012_q02,ood_occlusion_000012,images/ood_occlusion/ood_occlusion_000012.png,How many yellow objects are in the image?,1,counting,1,ood_occlusion,occlusion,{'filter': {'color': 'yellow'}},1,1,1,True,0.17154641999991327,
ood_occlusion_000012_q03,ood_occlusion_000012,images/ood_occlusion/ood_occlusion_000012.png,"Which object is larger, the red circle or the yellow circle?",yellow circle,relative_size,2,ood_occlusion,occlusion,"{'objects': ['obj_1', 'obj_3'], 'target': 'obj_3', 'relation': 'larger'}",The yellow circle is larger than the red circle.,yellow circle,yellow circle is larger than red circle,False,0.6338483469999119,ood_failure
ood_occlusion_000012_q04,ood_occlusion_000012,images/ood_occlusion/ood_occlusion_000012.png,Is the yellow circle completely inside the red circle? Answer yes or no.,no,inside_outside,2,ood_occlusion,occlusion,"{'objects': ['obj_3', 'obj_1'], 'relation': 'inside'}",no,no,no,True,0.17185481799992885,
ood_occlusion_000013_q01,ood_occlusion_000013,images/ood_occlusion/ood_occlusion_000013.png,Which object is immediately below the green circle?,blue circle,above_below,2,ood_occlusion,occlusion,"{'anchor': 'obj_3', 'target': 'obj_2', 'relation': 'below'}",blue circle,blue circle,blue circle,True,0.2241264389999742,
ood_occlusion_000013_q02,ood_occlusion_000013,images/ood_occlusion/ood_occlusion_000013.png,How many objects are above the red circle?,2,counting,2,ood_occlusion,occlusion,"{'anchor': 'obj_1', 'relation': 'above'}",3,2,3,False,0.17151910100005807,ood_failure
ood_occlusion_000013_q03,ood_occlusion_000013,images/ood_occlusion/ood_occlusion_000013.png,Which object is the bottommost in the image?,red circle,relative_ordering,2,ood_occlusion,occlusion,"{'target': 'obj_1', 'relation': 'bottommost'}",The bottommost object in the image is the yellow rectangle.,red circle,bottommost object in image is yellow rectangle,False,0.7402979949999917,ood_failure
ood_occlusion_000013_q04,ood_occlusion_000013,images/ood_occlusion/ood_occlusion_000013.png,Which object is farthest from the yellow rectangle?,green circle,nearest_farthest,2,ood_occlusion,occlusion,"{'anchor': 'obj_4', 'target': 'obj_3', 'relation': 'farthest'}",blue circle,green circle,blue circle,False,0.2224961809999968,ood_failure
ood_occlusion_000014_q01,ood_occlusion_000014,images/ood_occlusion/ood_occlusion_000014.png,Which object is both below the blue rectangle and right of the yellow triangle?,red triangle,multi_hop,4,ood_occlusion,occlusion,"{'anchors': ['obj_1', 'obj_2'], 'target': 'obj_3', 'relations': ['below', 'right of']}",red triangle,red triangle,red triangle,True,0.22284741899989058,
ood_occlusion_000014_q02,ood_occlusion_000014,images/ood_occlusion/ood_occlusion_000014.png,Which object is between the blue rectangle and the yellow triangle?,red triangle,between,3,ood_occlusion,occlusion,"{'objects': ['obj_1', 'obj_2'], 'target': 'obj_3', 'relation': 'between'}",red triangle,red triangle,red triangle,True,0.22170534099996075,
ood_occlusion_000014_q03,ood_occlusion_000014,images/ood_occlusion/ood_occlusion_000014.png,Which object is immediately left of the blue rectangle?,yellow triangle,left_right,2,ood_occlusion,occlusion,"{'anchor': 'obj_1', 'target': 'obj_2', 'relation': 'left'}",yellow triangle,yellow triangle,yellow triangle,True,0.22480944199992337,
ood_occlusion_000014_q04,ood_occlusion_000014,images/ood_occlusion/ood_occlusion_000014.png,"Which object is smaller, the red triangle or the yellow triangle?",yellow triangle,relative_size,2,ood_occlusion,occlusion,"{'objects': ['obj_3', 'obj_2'], 'target': 'obj_2', 'relation': 'smaller'}",red triangle,yellow triangle,red triangle,False,0.2228495679999014,ood_failure
ood_occlusion_000015_q01,ood_occlusion_000015,images/ood_occlusion/ood_occlusion_000015.png,Which object is the leftmost in the image?,yellow circle,relative_ordering,2,ood_occlusion,occlusion,"{'target': 'obj_3', 'relation': 'leftmost'}",red circle,yellow circle,red circle,False,0.22307476200012388,ood_failure
ood_occlusion_000015_q02,ood_occlusion_000015,images/ood_occlusion/ood_occlusion_000015.png,Which object is both left of the blue circle and above the yellow circle?,red circle,multi_hop,4,ood_occlusion,occlusion,"{'anchors': ['obj_1', 'obj_3'], 'target': 'obj_2', 'relations': ['left of', 'above']}",red circle,red circle,red circle,True,0.22183286800009228,
ood_occlusion_000015_q03,ood_occlusion_000015,images/ood_occlusion/ood_occlusion_000015.png,Which object is immediately left of the blue circle?,red circle,left_right,2,ood_occlusion,occlusion,"{'anchor': 'obj_1', 'target': 'obj_2', 'relation': 'left'}",red triangle,red circle,red triangle,False,0.22168886300005397,ood_failure
ood_occlusion_000015_q04,ood_occlusion_000015,images/ood_occlusion/ood_occlusion_000015.png,Do the red triangle and the red circle overlap? Answer yes or no.,no,overlap,2,ood_occlusion,occlusion,"{'objects': ['obj_4', 'obj_2'], 'relation': 'overlap'}",no,no,no,True,0.17204450500003077,
ood_occlusion_000016_q01,ood_occlusion_000016,images/ood_occlusion/ood_occlusion_000016.png,Which object is immediately left of the red circle?,yellow circle,left_right,2,ood_occlusion,occlusion,"{'anchor': 'obj_3', 'target': 'obj_2', 'relation': 'left'}",yellow circle,yellow circle,yellow circle,True,0.22292053599994688,
ood_occlusion_000016_q02,ood_occlusion_000016,images/ood_occlusion/ood_occlusion_000016.png,Do the yellow triangle and the yellow circle overlap? Answer yes or no.,no,overlap,2,ood_occlusion,occlusion,"{'objects': ['obj_1', 'obj_2'], 'relation': 'overlap'}",no,no,no,True,0.17136449800000264,
ood_occlusion_000016_q03,ood_occlusion_000016,images/ood_occlusion/ood_occlusion_000016.png,Which object is both above the yellow triangle and below the yellow circle?,red circle,multi_hop,4,ood_occlusion,occlusion,"{'anchors': ['obj_1', 'obj_2'], 'target': 'obj_3', 'relations': ['above', 'below']}",red circle,red circle,red circle,True,0.2269632489999367,
ood_occlusion_000016_q04,ood_occlusion_000016,images/ood_occlusion/ood_occlusion_000016.png,Which object is immediately above the yellow triangle?,red circle,above_below,2,ood_occlusion,occlusion,"{'anchor': 'obj_1', 'target': 'obj_3', 'relation': 'above'}",red circle,red circle,red circle,True,0.2243020040000374,
ood_occlusion_000017_q01,ood_occlusion_000017,images/ood_occlusion/ood_occlusion_000017.png,Which object is immediately left of the yellow circle?,blue circle,left_right,2,ood_occlusion,occlusion,"{'anchor': 'obj_2', 'target': 'obj_1', 'relation': 'left'}",The green object is immediately left of the yellow circle.,blue circle,green object is immediately left of yellow circle,False,0.6865380690001075,ood_failure
ood_occlusion_000017_q02,ood_occlusion_000017,images/ood_occlusion/ood_occlusion_000017.png,Do the blue circle and the green rectangle overlap? Answer yes or no.,no,overlap,2,ood_occlusion,occlusion,"{'objects': ['obj_1', 'obj_3'], 'relation': 'overlap'}",no,no,no,True,0.17258582599993133,
ood_occlusion_000017_q03,ood_occlusion_000017,images/ood_occlusion/ood_occlusion_000017.png,"Which object is closer to the center of the image, the yellow circle or the blue rectangle?",yellow circle,center_proximity,2,ood_occlusion,occlusion,"{'objects': ['obj_2', 'obj_4'], 'target': 'obj_2', 'relation': 'center_proximity'}",blue rectangle,yellow circle,blue rectangle,False,0.22676885099986066,ood_failure
ood_occlusion_000017_q04,ood_occlusion_000017,images/ood_occlusion/ood_occlusion_000017.png,Which object is between the yellow circle and the blue rectangle?,blue circle,between,3,ood_occlusion,occlusion,"{'objects': ['obj_2', 'obj_4'], 'target': 'obj_1', 'relation': 'between'}",green rectangle,blue circle,green rectangle,False,0.22362376099999892,ood_failure
ood_occlusion_000018_q01,ood_occlusion_000018,images/ood_occlusion/ood_occlusion_000018.png,Which object is both above the red circle and right of the green circle?,green triangle,multi_hop,4,ood_occlusion,occlusion,"{'anchors': ['obj_2', 'obj_3'], 'target': 'obj_4', 'relations': ['above', 'right of']}",The object that is both above the red circle and right of the green circle is the green triangle.,green triangle,object that is both above red circle and right of green circle is green triangle,False,1.1562446279999676,ood_failure
ood_occlusion_000018_q02,ood_occlusion_000018,images/ood_occlusion/ood_occlusion_000018.png,How many objects are above the red circle?,2,counting,2,ood_occlusion,occlusion,"{'anchor': 'obj_2', 'relation': 'above'}",3,2,3,False,0.17135916300003373,ood_failure
ood_occlusion_000018_q03,ood_occlusion_000018,images/ood_occlusion/ood_occlusion_000018.png,Which object is the topmost in the image?,green circle,relative_ordering,2,ood_occlusion,occlusion,"{'target': 'obj_3', 'relation': 'topmost'}",The topmost object in the image is the green circle.,green circle,topmost object in image is green circle,False,0.7397563699998955,ood_failure
ood_occlusion_000018_q04,ood_occlusion_000018,images/ood_occlusion/ood_occlusion_000018.png,Which object is farthest from the red rectangle?,green triangle,nearest_farthest,2,ood_occlusion,occlusion,"{'anchor': 'obj_1', 'target': 'obj_4', 'relation': 'farthest'}",The object farthest from the red rectangle is the green circle.,green triangle,object farthest from red rectangle is green circle,False,0.7903288400000292,ood_failure
ood_occlusion_000019_q01,ood_occlusion_000019,images/ood_occlusion/ood_occlusion_000019.png,Which object is between the green circle and the yellow triangle?,green triangle,between,3,ood_occlusion,occlusion,"{'objects': ['obj_2', 'obj_1'], 'target': 'obj_3', 'relation': 'between'}",white,green triangle,white,False,0.1711052410000775,ood_failure
ood_occlusion_000019_q02,ood_occlusion_000019,images/ood_occlusion/ood_occlusion_000019.png,"Which object is closer to the center of the image, the yellow triangle or the green triangle?",green triangle,center_proximity,2,ood_occlusion,occlusion,"{'objects': ['obj_1', 'obj_3'], 'target': 'obj_3', 'relation': 'center_proximity'}",green triangle,green triangle,green triangle,True,0.22499111999991328,
ood_occlusion_000019_q03,ood_occlusion_000019,images/ood_occlusion/ood_occlusion_000019.png,Which object is the rightmost in the image?,yellow triangle,relative_ordering,2,ood_occlusion,occlusion,"{'target': 'obj_1', 'relation': 'rightmost'}",triangle,yellow triangle,triangle,False,0.17055514000003313,ood_failure
ood_occlusion_000019_q04,ood_occlusion_000019,images/ood_occlusion/ood_occlusion_000019.png,Is the yellow triangle completely inside the green circle? Answer yes or no.,no,inside_outside,2,ood_occlusion,occlusion,"{'objects': ['obj_1', 'obj_2'], 'relation': 'inside'}",no,no,no,True,0.17420013999981165,
ood_occlusion_000020_q01,ood_occlusion_000020,images/ood_occlusion/ood_occlusion_000020.png,Which object is the leftmost in the image?,green circle,relative_ordering,2,ood_occlusion,occlusion,"{'target': 'obj_2', 'relation': 'leftmost'}",The leftmost object in the image is a green circle.,green circle,leftmost object in image is green circle,False,0.7436433479999778,ood_failure
ood_occlusion_000020_q02,ood_occlusion_000020,images/ood_occlusion/ood_occlusion_000020.png,Which object is immediately above the blue triangle?,green circle,above_below,2,ood_occlusion,occlusion,"{'anchor': 'obj_1', 'target': 'obj_2', 'relation': 'above'}",green circle,green circle,green circle,True,0.2217909349999445,
ood_occlusion_000020_q03,ood_occlusion_000020,images/ood_occlusion/ood_occlusion_000020.png,How many objects are above the green triangle?,1,counting,2,ood_occlusion,occlusion,"{'anchor': 'obj_3', 'relation': 'above'}",2,1,2,False,0.181431898000028,ood_failure
ood_occlusion_000020_q04,ood_occlusion_000020,images/ood_occlusion/ood_occlusion_000020.png,"Which object is closer to the center of the image, the green triangle or the blue triangle?",green triangle,center_proximity,2,ood_occlusion,occlusion,"{'objects': ['obj_3', 'obj_1'], 'target': 'obj_3', 'relation': 'center_proximity'}",green triangle,green triangle,green triangle,True,0.2343801080000958,
ood_occlusion_000021_q01,ood_occlusion_000021,images/ood_occlusion/ood_occlusion_000021.png,Which object is both below the red triangle and above the blue circle?,yellow rectangle,multi_hop,4,ood_occlusion,occlusion,"{'anchors': ['obj_2', 'obj_1'], 'target': 'obj_3', 'relations': ['below', 'above']}",white,yellow rectangle,white,False,0.1804981160000807,ood_failure
ood_occlusion_000021_q02,ood_occlusion_000021,images/ood_occlusion/ood_occlusion_000021.png,How many yellow objects are in the image?,1,counting,1,ood_occlusion,occlusion,{'filter': {'color': 'yellow'}},1,1,1,True,0.1717757609999353,
ood_occlusion_000021_q03,ood_occlusion_000021,images/ood_occlusion/ood_occlusion_000021.png,"Which object is larger, the blue circle or the yellow rectangle?",blue circle,relative_size,2,ood_occlusion,occlusion,"{'objects': ['obj_1', 'obj_3'], 'target': 'obj_1', 'relation': 'larger'}",blue circle,blue circle,blue circle,True,0.22152202200004467,
ood_occlusion_000021_q04,ood_occlusion_000021,images/ood_occlusion/ood_occlusion_000021.png,Is the yellow rectangle completely inside the blue circle? Answer yes or no.,yes,inside_outside,2,ood_occlusion,occlusion,"{'objects': ['obj_3', 'obj_1'], 'relation': 'inside'}",yes,yes,yes,True,0.1706594249999398,
ood_occlusion_000022_q01,ood_occlusion_000022,images/ood_occlusion/ood_occlusion_000022.png,How many objects are above the green triangle?,0,counting,2,ood_occlusion,occlusion,"{'anchor': 'obj_2', 'relation': 'above'}",2,0,2,False,0.1698188120001305,ood_failure
ood_occlusion_000022_q02,ood_occlusion_000022,images/ood_occlusion/ood_occlusion_000022.png,Which object is the leftmost in the image?,green triangle,relative_ordering,2,ood_occlusion,occlusion,"{'target': 'obj_2', 'relation': 'leftmost'}",green triangle,green triangle,green triangle,True,0.22240775300019777,
ood_occlusion_000022_q03,ood_occlusion_000022,images/ood_occlusion/ood_occlusion_000022.png,Which object is farthest from the yellow triangle?,green triangle,nearest_farthest,2,ood_occlusion,occlusion,"{'anchor': 'obj_3', 'target': 'obj_2', 'relation': 'farthest'}",green triangle,green triangle,green triangle,True,0.2218034519999037,
ood_occlusion_000022_q04,ood_occlusion_000022,images/ood_occlusion/ood_occlusion_000022.png,"Which object is smaller, the green triangle or the yellow triangle?",green triangle,relative_size,2,ood_occlusion,occlusion,"{'objects': ['obj_2', 'obj_3'], 'target': 'obj_2', 'relation': 'smaller'}",green triangle,green triangle,green triangle,True,0.22191566200012858,
ood_occlusion_000023_q01,ood_occlusion_000023,images/ood_occlusion/ood_occlusion_000023.png,Which object is both above the blue triangle and right of the blue circle?,red triangle,multi_hop,4,ood_occlusion,occlusion,"{'anchors': ['obj_2', 'obj_3'], 'target': 'obj_1', 'relations': ['above', 'right of']}",red triangle,red triangle,red triangle,True,0.22132677599984163,
ood_occlusion_000023_q02,ood_occlusion_000023,images/ood_occlusion/ood_occlusion_000023.png,Which object is immediately below the blue circle?,blue triangle,above_below,2,ood_occlusion,occlusion,"{'anchor': 'obj_3', 'target': 'obj_2', 'relation': 'below'}",triangle,blue triangle,triangle,False,0.1699193639999521,ood_failure
ood_occlusion_000023_q03,ood_occlusion_000023,images/ood_occlusion/ood_occlusion_000023.png,Which object is immediately right of the red triangle?,blue triangle,left_right,2,ood_occlusion,occlusion,"{'anchor': 'obj_1', 'target': 'obj_2', 'relation': 'right'}",blue triangle,blue triangle,blue triangle,True,0.22107433199994375,
ood_occlusion_000023_q04,ood_occlusion_000023,images/ood_occlusion/ood_occlusion_000023.png,"Which object is larger, the blue triangle or the blue circle?",blue circle,relative_size,2,ood_occlusion,occlusion,"{'objects': ['obj_2', 'obj_3'], 'target': 'obj_3', 'relation': 'larger'}",The blue circle is larger than the blue triangle.,blue circle,blue circle is larger than blue triangle,False,0.6308312419998856,ood_failure
ood_occlusion_000024_q01,ood_occlusion_000024,images/ood_occlusion/ood_occlusion_000024.png,Which object is between the red rectangle and the yellow circle?,green circle,between,3,ood_occlusion,occlusion,"{'objects': ['obj_3', 'obj_4'], 'target': 'obj_2', 'relation': 'between'}",green circle,green circle,green circle,True,0.22170673800019358,
ood_occlusion_000024_q02,ood_occlusion_000024,images/ood_occlusion/ood_occlusion_000024.png,Which object is the leftmost in the image?,red rectangle,relative_ordering,2,ood_occlusion,occlusion,"{'target': 'obj_3', 'relation': 'leftmost'}",red square,red rectangle,red square,False,0.2224258920000466,ood_failure
ood_occlusion_000024_q03,ood_occlusion_000024,images/ood_occlusion/ood_occlusion_000024.png,Which object is both above the green circle and left of the green rectangle?,red rectangle,multi_hop,4,ood_occlusion,occlusion,"{'anchors': ['obj_2', 'obj_1'], 'target': 'obj_3', 'relations': ['above', 'left of']}",red square,red rectangle,red square,False,0.22132588399995257,ood_failure
ood_occlusion_000024_q04,ood_occlusion_000024,images/ood_occlusion/ood_occlusion_000024.png,Which object is immediately right of the red rectangle?,green circle,left_right,2,ood_occlusion,occlusion,"{'anchor': 'obj_3', 'target': 'obj_2', 'relation': 'right'}",The object immediately right of the red rectangle is a green circle.,green circle,object immediately right of red rectangle is green circle,False,0.7856132680001338,ood_failure
ood_occlusion_000025_q01,ood_occlusion_000025,images/ood_occlusion/ood_occlusion_000025.png,Do the red triangle and the red circle overlap? Answer yes or no.,no,overlap,2,ood_occlusion,occlusion,"{'objects': ['obj_1', 'obj_2'], 'relation': 'overlap'}",no,no,no,True,0.17065304399989145,
ood_occlusion_000025_q02,ood_occlusion_000025,images/ood_occlusion/ood_occlusion_000025.png,Which object is both above the red triangle and below the red circle?,yellow triangle,multi_hop,4,ood_occlusion,occlusion,"{'anchors': ['obj_1', 'obj_2'], 'target': 'obj_3', 'relations': ['above', 'below']}",white,yellow triangle,white,False,0.17010674099992684,ood_failure
ood_occlusion_000025_q03,ood_occlusion_000025,images/ood_occlusion/ood_occlusion_000025.png,Which object is immediately above the red triangle?,yellow triangle,above_below,2,ood_occlusion,occlusion,"{'anchor': 'obj_1', 'target': 'obj_3', 'relation': 'above'}",red circle,yellow triangle,red circle,False,0.22134752200008734,ood_failure
ood_occlusion_000025_q04,ood_occlusion_000025,images/ood_occlusion/ood_occlusion_000025.png,Which object is between the red triangle and the red circle?,yellow triangle,between,3,ood_occlusion,occlusion,"{'objects': ['obj_1', 'obj_2'], 'target': 'obj_3', 'relation': 'between'}",white,yellow triangle,white,False,0.17048675899991395,ood_failure
ood_occlusion_000026_q01,ood_occlusion_000026,images/ood_occlusion/ood_occlusion_000026.png,Which object is immediately left of the red triangle?,yellow circle,left_right,2,ood_occlusion,occlusion,"{'anchor': 'obj_1', 'target': 'obj_2', 'relation': 'left'}",yellow circle,yellow circle,yellow circle,True,0.22166150500015647,
ood_occlusion_000026_q02,ood_occlusion_000026,images/ood_occlusion/ood_occlusion_000026.png,Do the red triangle and the blue circle overlap? Answer yes or no.,yes,overlap,2,ood_occlusion,occlusion,"{'objects': ['obj_1', 'obj_3'], 'relation': 'overlap'}",yes,yes,yes,True,0.17038366199994925,
ood_occlusion_000026_q03,ood_occlusion_000026,images/ood_occlusion/ood_occlusion_000026.png,"Which object is closer to the center of the image, the yellow circle or the red triangle?",red triangle,center_proximity,2,ood_occlusion,occlusion,"{'objects': ['obj_2', 'obj_1'], 'target': 'obj_1', 'relation': 'center_proximity'}",yellow circle,red triangle,yellow circle,False,0.22279199600006905,ood_failure
ood_occlusion_000026_q04,ood_occlusion_000026,images/ood_occlusion/ood_occlusion_000026.png,Which object is between the yellow circle and the blue circle?,red triangle,between,3,ood_occlusion,occlusion,"{'objects': ['obj_2', 'obj_3'], 'target': 'obj_1', 'relation': 'between'}",red triangle,red triangle,red triangle,True,0.22401344900004005,
ood_occlusion_000027_q01,ood_occlusion_000027,images/ood_occlusion/ood_occlusion_000027.png,Which object is both below the red rectangle and left of the blue rectangle?,blue circle,multi_hop,4,ood_occlusion,occlusion,"{'anchors': ['obj_3', 'obj_1'], 'target': 'obj_2', 'relations': ['below', 'left of']}",blue circle,blue circle,blue circle,True,0.2213548869999613,
ood_occlusion_000027_q02,ood_occlusion_000027,images/ood_occlusion/ood_occlusion_000027.png,"Which object is closer to the center of the image, the blue rectangle or the red rectangle?",red rectangle,center_proximity,2,ood_occlusion,occlusion,"{'objects': ['obj_1', 'obj_3'], 'target': 'obj_3', 'relation': 'center_proximity'}",blue rectangle,red rectangle,blue rectangle,False,0.22186757200006468,ood_failure
ood_occlusion_000027_q03,ood_occlusion_000027,images/ood_occlusion/ood_occlusion_000027.png,How many blue objects are in the image?,2,counting,1,ood_occlusion,occlusion,{'filter': {'color': 'blue'}},1,2,1,False,0.17134079000015845,ood_failure
ood_occlusion_000027_q04,ood_occlusion_000027,images/ood_occlusion/ood_occlusion_000027.png,Which object is the leftmost in the image?,red rectangle,relative_ordering,2,ood_occlusion,occlusion,"{'target': 'obj_3', 'relation': 'leftmost'}",The leftmost object in the image is a red rectangle.,red rectangle,leftmost object in image is red rectangle,False,0.7371169140001257,ood_failure
ood_occlusion_000028_q01,ood_occlusion_000028,images/ood_occlusion/ood_occlusion_000028.png,Which object is between the green circle and the yellow circle?,red circle,between,3,ood_occlusion,occlusion,"{'objects': ['obj_4', 'obj_5'], 'target': 'obj_1', 'relation': 'between'}",red circle,red circle,red circle,True,0.22201369599997633,
ood_occlusion_000028_q02,ood_occlusion_000028,images/ood_occlusion/ood_occlusion_000028.png,"Which object is closer to the center of the image, the blue circle or the yellow triangle?",yellow triangle,center_proximity,2,ood_occlusion,occlusion,"{'objects': ['obj_2', 'obj_3'], 'target': 'obj_3', 'relation': 'center_proximity'}",blue circle,yellow triangle,blue circle,False,0.2238080600000103,ood_failure
ood_occlusion_000028_q03,ood_occlusion_000028,images/ood_occlusion/ood_occlusion_000028.png,Which object is the rightmost in the image?,green circle,relative_ordering,2,ood_occlusion,occlusion,"{'target': 'obj_4', 'relation': 'rightmost'}",green circle,green circle,green circle,True,0.22137226199993165,
ood_occlusion_000028_q04,ood_occlusion_000028,images/ood_occlusion/ood_occlusion_000028.png,Is the yellow triangle completely inside the green circle? Answer yes or no.,no,inside_outside,2,ood_occlusion,occlusion,"{'objects': ['obj_3', 'obj_4'], 'relation': 'inside'}",no,no,no,True,0.17054246699990472,
ood_occlusion_000029_q01,ood_occlusion_000029,images/ood_occlusion/ood_occlusion_000029.png,"Which object is closer to the center of the image, the green rectangle or the yellow triangle?",green rectangle,center_proximity,2,ood_occlusion,occlusion,"{'objects': ['obj_2', 'obj_4'], 'target': 'obj_2', 'relation': 'center_proximity'}",green rectangle,green rectangle,green rectangle,True,0.2216743270000734,
ood_occlusion_000029_q02,ood_occlusion_000029,images/ood_occlusion/ood_occlusion_000029.png,Which object is farthest from the green rectangle?,red triangle,nearest_farthest,2,ood_occlusion,occlusion,"{'anchor': 'obj_2', 'target': 'obj_3', 'relation': 'farthest'}",The red triangle is farthest from the green rectangle.,red triangle,red triangle is farthest from green rectangle,False,0.6890370720000192,ood_failure
ood_occlusion_000029_q03,ood_occlusion_000029,images/ood_occlusion/ood_occlusion_000029.png,Which object is the leftmost in the image?,red triangle,relative_ordering,2,ood_occlusion,occlusion,"{'target': 'obj_3', 'relation': 'leftmost'}",triangle,red triangle,triangle,False,0.17105661300001884,ood_failure
ood_occlusion_000029_q04,ood_occlusion_000029,images/ood_occlusion/ood_occlusion_000029.png,"Which object is larger, the yellow triangle or the green rectangle?",yellow triangle,relative_size,2,ood_occlusion,occlusion,"{'objects': ['obj_4', 'obj_2'], 'target': 'obj_4', 'relation': 'larger'}",The green rectangle is larger than the yellow triangle.,yellow triangle,green rectangle is larger than yellow triangle,False,0.6343640370000685,ood_failure
ood_occlusion_000030_q01,ood_occlusion_000030,images/ood_occlusion/ood_occlusion_000030.png,Which object is both right of the yellow circle and below the green circle?,blue circle,multi_hop,4,ood_occlusion,occlusion,"{'anchors': ['obj_1', 'obj_2'], 'target': 'obj_3', 'relations': ['right of', 'below']}",blue circle,blue circle,blue circle,True,0.22273676100007833,
ood_occlusion_000030_q02,ood_occlusion_000030,images/ood_occlusion/ood_occlusion_000030.png,How many objects are left of the yellow circle?,1,counting,2,ood_occlusion,occlusion,"{'anchor': 'obj_1', 'relation': 'left'}",2,1,2,False,0.17291224999985388,ood_failure
ood_occlusion_000030_q03,ood_occlusion_000030,images/ood_occlusion/ood_occlusion_000030.png,"Which object is larger, the green circle or the blue circle?",green circle,relative_size,2,ood_occlusion,occlusion,"{'objects': ['obj_2', 'obj_3'], 'target': 'obj_2', 'relation': 'larger'}",The green circle is larger.,green circle,green circle is larger,False,0.4402313519999552,ood_failure
ood_occlusion_000030_q04,ood_occlusion_000030,images/ood_occlusion/ood_occlusion_000030.png,Is the blue circle completely inside the green circle? Answer yes or no.,no,inside_outside,2,ood_occlusion,occlusion,"{'objects': ['obj_3', 'obj_2'], 'relation': 'inside'}",no,no,no,True,0.17331906799995522,
ood_occlusion_000031_q01,ood_occlusion_000031,images/ood_occlusion/ood_occlusion_000031.png,Which object is immediately below the red triangle?,blue triangle,above_below,2,ood_occlusion,occlusion,"{'anchor': 'obj_3', 'target': 'obj_2', 'relation': 'below'}",yellow circle,blue triangle,yellow circle,False,0.2247780039999725,ood_failure
ood_occlusion_000031_q02,ood_occlusion_000031,images/ood_occlusion/ood_occlusion_000031.png,How many objects are above the blue circle?,0,counting,2,ood_occlusion,occlusion,"{'anchor': 'obj_1', 'relation': 'above'}",3,0,3,False,0.17423133400006918,ood_failure
ood_occlusion_000031_q03,ood_occlusion_000031,images/ood_occlusion/ood_occlusion_000031.png,Which object is the bottommost in the image?,yellow circle,relative_ordering,2,ood_occlusion,occlusion,"{'target': 'obj_4', 'relation': 'bottommost'}",yellow circle,yellow circle,yellow circle,True,0.22936958500008586,
ood_occlusion_000031_q04,ood_occlusion_000031,images/ood_occlusion/ood_occlusion_000031.png,Which object is farthest from the yellow circle?,green circle,nearest_farthest,2,ood_occlusion,occlusion,"{'anchor': 'obj_4', 'target': 'obj_5', 'relation': 'farthest'}",blue triangle,green circle,blue triangle,False,0.2255828059999203,ood_failure
ood_occlusion_000032_q01,ood_occlusion_000032,images/ood_occlusion/ood_occlusion_000032.png,Which object is both right of the green circle and below the yellow triangle?,green triangle,multi_hop,4,ood_occlusion,occlusion,"{'anchors': ['obj_1', 'obj_2'], 'target': 'obj_3', 'relations': ['right of', 'below']}",white,green triangle,white,False,0.1770029770000292,ood_failure
ood_occlusion_000032_q02,ood_occlusion_000032,images/ood_occlusion/ood_occlusion_000032.png,Which object is immediately above the green triangle?,yellow triangle,above_below,2,ood_occlusion,occlusion,"{'anchor': 'obj_3', 'target': 'obj_2', 'relation': 'above'}","The green triangle is at the top of the image, and the object immediately above it is the white background.",yellow triangle,green triangle is at top of image and object immediately above it is white background,False,1.260208016999968,ood_failure
ood_occlusion_000032_q03,ood_occlusion_000032,images/ood_occlusion/ood_occlusion_000032.png,Which object is between the green circle and the yellow triangle?,green triangle,between,3,ood_occlusion,occlusion,"{'objects': ['obj_1', 'obj_2'], 'target': 'obj_3', 'relation': 'between'}",white triangle,green triangle,white triangle,False,0.2208938720000333,ood_failure
ood_occlusion_000032_q04,ood_occlusion_000032,images/ood_occlusion/ood_occlusion_000032.png,"Which object is smaller, the green triangle or the green circle?",green triangle,relative_size,2,ood_occlusion,occlusion,"{'objects': ['obj_3', 'obj_1'], 'target': 'obj_3', 'relation': 'smaller'}",The green triangle is smaller.,green triangle,green triangle is smaller,False,0.4321447019999596,ood_failure
ood_occlusion_000033_q01,ood_occlusion_000033,images/ood_occlusion/ood_occlusion_000033.png,Which object is between the red circle and the green circle?,green rectangle,between,3,ood_occlusion,occlusion,"{'objects': ['obj_3', 'obj_2'], 'target': 'obj_1', 'relation': 'between'}",blue triangle,green rectangle,blue triangle,False,0.22155752200001189,ood_failure
ood_occlusion_000033_q02,ood_occlusion_000033,images/ood_occlusion/ood_occlusion_000033.png,Which object is the topmost in the image?,red rectangle,relative_ordering,2,ood_occlusion,occlusion,"{'target': 'obj_4', 'relation': 'topmost'}",The topmost object in the image is the red square located at the top right.,red rectangle,topmost object in image is red square located at top right,False,0.9941372519999732,ood_failure
ood_occlusion_000033_q03,ood_occlusion_000033,images/ood_occlusion/ood_occlusion_000033.png,Which object is both right of the green circle and below the green rectangle?,red circle,multi_hop,4,ood_occlusion,occlusion,"{'anchors': ['obj_2', 'obj_1'], 'target': 'obj_3', 'relations': ['right of', 'below']}",red rectangle,red circle,red rectangle,False,0.22269578800001,ood_failure
ood_occlusion_000033_q04,ood_occlusion_000033,images/ood_occlusion/ood_occlusion_000033.png,Which object is immediately left of the red rectangle?,green rectangle,left_right,2,ood_occlusion,occlusion,"{'anchor': 'obj_4', 'target': 'obj_1', 'relation': 'left'}",The object immediately left of the red rectangle is a green circle.,green rectangle,object immediately left of red rectangle is green circle,False,0.7974587270000484,ood_failure
ood_occlusion_000034_q01,ood_occlusion_000034,images/ood_occlusion/ood_occlusion_000034.png,Which object is immediately left of the green triangle?,yellow triangle,left_right,2,ood_occlusion,occlusion,"{'anchor': 'obj_5', 'target': 'obj_1', 'relation': 'left'}",yellow circle,yellow triangle,yellow circle,False,0.22263830700012477,ood_failure
ood_occlusion_000034_q02,ood_occlusion_000034,images/ood_occlusion/ood_occlusion_000034.png,Do the blue rectangle and the green circle overlap? Answer yes or no.,no,overlap,2,ood_occlusion,occlusion,"{'objects': ['obj_2', 'obj_3'], 'relation': 'overlap'}",no,no,no,True,0.17413454999996247,
ood_occlusion_000034_q03,ood_occlusion_000034,images/ood_occlusion/ood_occlusion_000034.png,Which object is both above the yellow circle and left of the green circle?,yellow triangle,multi_hop,4,ood_occlusion,occlusion,"{'anchors': ['obj_4', 'obj_3'], 'target': 'obj_1', 'relations': ['above', 'left of']}",blue rectangle,yellow triangle,blue rectangle,False,0.22250792099998762,ood_failure
ood_occlusion_000034_q04,ood_occlusion_000034,images/ood_occlusion/ood_occlusion_000034.png,Which object is immediately above the green circle?,yellow circle,above_below,2,ood_occlusion,occlusion,"{'anchor': 'obj_3', 'target': 'obj_4', 'relation': 'above'}",blue rectangle,yellow circle,blue rectangle,False,0.22526272999994035,ood_failure
ood_occlusion_000035_q01,ood_occlusion_000035,images/ood_occlusion/ood_occlusion_000035.png,Which object is immediately left of the green circle?,red circle,left_right,2,ood_occlusion,occlusion,"{'anchor': 'obj_1', 'target': 'obj_3', 'relation': 'left'}",blue rectangle,red circle,blue rectangle,False,0.22295041400002447,ood_failure
ood_occlusion_000035_q02,ood_occlusion_000035,images/ood_occlusion/ood_occlusion_000035.png,Do the green circle and the red circle overlap? Answer yes or no.,yes,overlap,2,ood_occlusion,occlusion,"{'objects': ['obj_1', 'obj_3'], 'relation': 'overlap'}",no,yes,no,False,0.17109741500007658,ood_failure
ood_occlusion_000035_q03,ood_occlusion_000035,images/ood_occlusion/ood_occlusion_000035.png,Which object is between the green circle and the blue rectangle?,red circle,between,3,ood_occlusion,occlusion,"{'objects': ['obj_1', 'obj_2'], 'target': 'obj_3', 'relation': 'between'}",red circle,red circle,red circle,True,0.22503542699996615,
ood_occlusion_000035_q04,ood_occlusion_000035,images/ood_occlusion/ood_occlusion_000035.png,Which object is nearest from the blue rectangle?,red circle,nearest_farthest,2,ood_occlusion,occlusion,"{'anchor': 'obj_2', 'target': 'obj_3', 'relation': 'nearest'}",red circle,red circle,red circle,True,0.22373733499989612,
ood_occlusion_000036_q01,ood_occlusion_000036,images/ood_occlusion/ood_occlusion_000036.png,Which object is both below the green rectangle and right of the yellow circle?,yellow triangle,multi_hop,4,ood_occlusion,occlusion,"{'anchors': ['obj_4', 'obj_3'], 'target': 'obj_1', 'relations': ['below', 'right of']}",blue triangle,yellow triangle,blue triangle,False,0.22218016900001203,ood_failure
ood_occlusion_000036_q02,ood_occlusion_000036,images/ood_occlusion/ood_occlusion_000036.png,"Which object is closer to the center of the image, the blue triangle or the green rectangle?",green rectangle,center_proximity,2,ood_occlusion,occlusion,"{'objects': ['obj_2', 'obj_4'], 'target': 'obj_4', 'relation': 'center_proximity'}",blue triangle,green rectangle,blue triangle,False,0.22494519799988666,ood_failure
ood_occlusion_000036_q03,ood_occlusion_000036,images/ood_occlusion/ood_occlusion_000036.png,How many rectangle objects are in the image?,1,counting,1,ood_occlusion,occlusion,{'filter': {'shape': 'rectangle'}},1,1,1,True,0.1708430269998189,
ood_occlusion_000036_q04,ood_occlusion_000036,images/ood_occlusion/ood_occlusion_000036.png,Which object is the bottommost in the image?,yellow triangle,relative_ordering,2,ood_occlusion,occlusion,"{'target': 'obj_1', 'relation': 'bottommost'}",The bottommost object in the image is the green rectangle.,yellow triangle,bottommost object in image is green rectangle,False,0.750628332000133,ood_failure
ood_occlusion_000037_q01,ood_occlusion_000037,images/ood_occlusion/ood_occlusion_000037.png,"Which object is closer to the center of the image, the red rectangle or the green triangle?",green triangle,center_proximity,2,ood_occlusion,occlusion,"{'objects': ['obj_1', 'obj_3'], 'target': 'obj_3', 'relation': 'center_proximity'}",green triangle,green triangle,green triangle,True,0.2224540029999389,
ood_occlusion_000037_q02,ood_occlusion_000037,images/ood_occlusion/ood_occlusion_000037.png,Which object is the leftmost in the image?,green triangle,relative_ordering,2,ood_occlusion,occlusion,"{'target': 'obj_3', 'relation': 'leftmost'}",triangle,green triangle,triangle,False,0.1713233539999237,ood_failure
ood_occlusion_000037_q03,ood_occlusion_000037,images/ood_occlusion/ood_occlusion_000037.png,Is the yellow rectangle completely inside the yellow circle? Answer yes or no.,no,inside_outside,2,ood_occlusion,occlusion,"{'objects': ['obj_4', 'obj_2'], 'relation': 'inside'}",no,no,no,True,0.17383386899996367,
ood_occlusion_000037_q04,ood_occlusion_000037,images/ood_occlusion/ood_occlusion_000037.png,How many objects are above the red rectangle?,0,counting,2,ood_occlusion,occlusion,"{'anchor': 'obj_1', 'relation': 'above'}",3,0,3,False,0.1738927099997909,ood_failure
ood_occlusion_000038_q01,ood_occlusion_000038,images/ood_occlusion/ood_occlusion_000038.png,Which object is between the yellow circle and the blue circle?,green rectangle,between,3,ood_occlusion,occlusion,"{'objects': ['obj_1', 'obj_3'], 'target': 'obj_4', 'relation': 'between'}",The object between the yellow circle and the blue circle is the green square.,green rectangle,object between yellow circle and blue circle is green square,False,0.8964955890000965,ood_failure
ood_occlusion_000038_q02,ood_occlusion_000038,images/ood_occlusion/ood_occlusion_000038.png,Which object is immediately below the blue circle?,green triangle,above_below,2,ood_occlusion,occlusion,"{'anchor': 'obj_3', 'target': 'obj_2', 'relation': 'below'}",The green square is immediately below the blue circle.,green triangle,green square is immediately below blue circle,False,0.6362184330000673,ood_failure
ood_occlusion_000038_q03,ood_occlusion_000038,images/ood_occlusion/ood_occlusion_000038.png,"Which object is closer to the center of the image, the green triangle or the green rectangle?",green rectangle,center_proximity,2,ood_occlusion,occlusion,"{'objects': ['obj_2', 'obj_4'], 'target': 'obj_4', 'relation': 'center_proximity'}",green triangle,green rectangle,green triangle,False,0.22352349200014032,ood_failure
ood_occlusion_000038_q04,ood_occlusion_000038,images/ood_occlusion/ood_occlusion_000038.png,Which object is farthest from the green triangle?,yellow circle,nearest_farthest,2,ood_occlusion,occlusion,"{'anchor': 'obj_2', 'target': 'obj_1', 'relation': 'farthest'}",The rectangle is farthest from the green triangle.,yellow circle,rectangle is farthest from green triangle,False,0.6459688439999809,ood_failure
ood_occlusion_000039_q01,ood_occlusion_000039,images/ood_occlusion/ood_occlusion_000039.png,Which object is farthest from the blue rectangle?,green triangle,nearest_farthest,2,ood_occlusion,occlusion,"{'anchor': 'obj_4', 'target': 'obj_1', 'relation': 'farthest'}",The red triangle is farthest from the blue rectangle.,green triangle,red triangle is farthest from blue rectangle,False,0.6970553510000173,ood_failure
ood_occlusion_000039_q02,ood_occlusion_000039,images/ood_occlusion/ood_occlusion_000039.png,Which object is both below the blue rectangle and left of the yellow triangle?,red triangle,multi_hop,4,ood_occlusion,occlusion,"{'anchors': ['obj_4', 'obj_2'], 'target': 'obj_3', 'relations': ['below', 'left of']}",red triangle,red triangle,red triangle,True,0.22790479799982677,
ood_occlusion_000039_q03,ood_occlusion_000039,images/ood_occlusion/ood_occlusion_000039.png,How many objects are left of the yellow circle?,1,counting,2,ood_occlusion,occlusion,"{'anchor': 'obj_5', 'relation': 'left'}",2,1,2,False,0.1736175359999379,ood_failure
ood_occlusion_000039_q04,ood_occlusion_000039,images/ood_occlusion/ood_occlusion_000039.png,Which object is the bottommost in the image?,red triangle,relative_ordering,2,ood_occlusion,occlusion,"{'target': 'obj_3', 'relation': 'bottommost'}",The bottommost object in the image is the red triangle.,red triangle,bottommost object in image is red triangle,False,0.748914829000114,ood_failure
ood_occlusion_000040_q01,ood_occlusion_000040,images/ood_occlusion/ood_occlusion_000040.png,How many objects are above the blue rectangle?,2,counting,2,ood_occlusion,occlusion,"{'anchor': 'obj_1', 'relation': 'above'}",3,2,3,False,0.1710758369999894,ood_failure
ood_occlusion_000040_q02,ood_occlusion_000040,images/ood_occlusion/ood_occlusion_000040.png,Which object is the bottommost in the image?,blue circle,relative_ordering,2,ood_occlusion,occlusion,"{'target': 'obj_3', 'relation': 'bottommost'}",blue circle,blue circle,blue circle,True,0.22272026899986486,
ood_occlusion_000040_q03,ood_occlusion_000040,images/ood_occlusion/ood_occlusion_000040.png,Which object is farthest from the green circle?,blue rectangle,nearest_farthest,2,ood_occlusion,occlusion,"{'anchor': 'obj_4', 'target': 'obj_1', 'relation': 'farthest'}",blue triangle,blue rectangle,blue triangle,False,0.22300861599978816,ood_failure
ood_occlusion_000040_q04,ood_occlusion_000040,images/ood_occlusion/ood_occlusion_000040.png,"Which object is smaller, the green circle or the blue triangle?",blue triangle,relative_size,2,ood_occlusion,occlusion,"{'objects': ['obj_4', 'obj_2'], 'target': 'obj_2', 'relation': 'smaller'}",green circle,blue triangle,green circle,False,0.2238482440000098,ood_failure
ood_occlusion_000041_q01,ood_occlusion_000041,images/ood_occlusion/ood_occlusion_000041.png,Which object is both below the red circle and right of the blue circle?,yellow rectangle,multi_hop,4,ood_occlusion,occlusion,"{'anchors': ['obj_1', 'obj_2'], 'target': 'obj_3', 'relations': ['below', 'right of']}",yellow rectangle,yellow rectangle,yellow rectangle,True,0.22348004200011928,
ood_occlusion_000041_q02,ood_occlusion_000041,images/ood_occlusion/ood_occlusion_000041.png,"Which object is smaller, the yellow rectangle or the blue circle?",yellow rectangle,relative_size,2,ood_occlusion,occlusion,"{'objects': ['obj_3', 'obj_2'], 'target': 'obj_3', 'relation': 'smaller'}",blue circle,yellow rectangle,blue circle,False,0.2233356450001338,ood_failure
ood_occlusion_000041_q03,ood_occlusion_000041,images/ood_occlusion/ood_occlusion_000041.png,How many circle objects are in the image?,2,counting,1,ood_occlusion,occlusion,{'filter': {'shape': 'circle'}},1,2,1,False,0.17080227800011016,ood_failure
ood_occlusion_000041_q04,ood_occlusion_000041,images/ood_occlusion/ood_occlusion_000041.png,Which object is the rightmost in the image?,yellow rectangle,relative_ordering,2,ood_occlusion,occlusion,"{'target': 'obj_3', 'relation': 'rightmost'}",The rightmost object in the image is a blue circle.,yellow rectangle,rightmost object in image is blue circle,False,0.7454279120001956,ood_failure
ood_occlusion_000042_q01,ood_occlusion_000042,images/ood_occlusion/ood_occlusion_000042.png,Which object is between the yellow rectangle and the green rectangle?,red triangle,between,3,ood_occlusion,occlusion,"{'objects': ['obj_2', 'obj_3'], 'target': 'obj_1', 'relation': 'between'}",red triangle,red triangle,red triangle,True,0.22497661700003846,
ood_occlusion_000042_q02,ood_occlusion_000042,images/ood_occlusion/ood_occlusion_000042.png,Which object is the bottommost in the image?,green rectangle,relative_ordering,2,ood_occlusion,occlusion,"{'target': 'obj_3', 'relation': 'bottommost'}",The bottommost object in the image is the green rectangle.,green rectangle,bottommost object in image is green rectangle,False,0.7459574100000737,ood_failure
ood_occlusion_000042_q03,ood_occlusion_000042,images/ood_occlusion/ood_occlusion_000042.png,Which object is both above the red triangle and left of the green rectangle?,yellow rectangle,multi_hop,4,ood_occlusion,occlusion,"{'anchors': ['obj_1', 'obj_3'], 'target': 'obj_2', 'relations': ['above', 'left of']}",yellow rectangle,yellow rectangle,yellow rectangle,True,0.2234278829998857,
ood_occlusion_000042_q04,ood_occlusion_000042,images/ood_occlusion/ood_occlusion_000042.png,Which object is immediately right of the yellow rectangle?,red triangle,left_right,2,ood_occlusion,occlusion,"{'anchor': 'obj_2', 'target': 'obj_1', 'relation': 'right'}",green rectangle,red triangle,green rectangle,False,0.22447995199991055,ood_failure
ood_occlusion_000043_q01,ood_occlusion_000043,images/ood_occlusion/ood_occlusion_000043.png,Which object is immediately left of the green triangle?,yellow circle,left_right,2,ood_occlusion,occlusion,"{'anchor': 'obj_5', 'target': 'obj_4', 'relation': 'left'}",blue rectangle,yellow circle,blue rectangle,False,0.22382940300008158,ood_failure
ood_occlusion_000043_q02,ood_occlusion_000043,images/ood_occlusion/ood_occlusion_000043.png,Do the blue circle and the blue rectangle overlap? Answer yes or no.,yes,overlap,2,ood_occlusion,occlusion,"{'objects': ['obj_2', 'obj_3'], 'relation': 'overlap'}",no,yes,no,False,0.17184543200005464,ood_failure
ood_occlusion_000043_q03,ood_occlusion_000043,images/ood_occlusion/ood_occlusion_000043.png,Which object is both right of the green triangle and left of the blue rectangle?,red triangle,multi_hop,4,ood_occlusion,occlusion,"{'anchors': ['obj_5', 'obj_3'], 'target': 'obj_1', 'relations': ['right of', 'left of']}",blue rectangle,red triangle,blue rectangle,False,0.2225201419998939,ood_failure
ood_occlusion_000043_q04,ood_occlusion_000043,images/ood_occlusion/ood_occlusion_000043.png,"Which object is closer to the center of the image, the green triangle or the blue rectangle?",blue rectangle,center_proximity,2,ood_occlusion,occlusion,"{'objects': ['obj_5', 'obj_3'], 'target': 'obj_3', 'relation': 'center_proximity'}",blue rectangle,blue rectangle,blue rectangle,True,0.22393796699998347,
ood_occlusion_000044_q01,ood_occlusion_000044,images/ood_occlusion/ood_occlusion_000044.png,Which object is immediately left of the yellow circle?,green triangle,left_right,2,ood_occlusion,occlusion,"{'anchor': 'obj_2', 'target': 'obj_3', 'relation': 'left'}",blue square,green triangle,blue square,False,0.22415323499990336,ood_failure
ood_occlusion_000044_q02,ood_occlusion_000044,images/ood_occlusion/ood_occlusion_000044.png,Do the green circle and the yellow circle overlap? Answer yes or no.,no,overlap,2,ood_occlusion,occlusion,"{'objects': ['obj_1', 'obj_2'], 'relation': 'overlap'}",no,no,no,True,0.1739027480000459,
ood_occlusion_000044_q03,ood_occlusion_000044,images/ood_occlusion/ood_occlusion_000044.png,"Which object is closer to the center of the image, the green triangle or the green circle?",green circle,center_proximity,2,ood_occlusion,occlusion,"{'objects': ['obj_3', 'obj_1'], 'target': 'obj_1', 'relation': 'center_proximity'}",green triangle,green circle,green triangle,False,0.22542330500004937,ood_failure
ood_occlusion_000044_q04,ood_occlusion_000044,images/ood_occlusion/ood_occlusion_000044.png,Which object is between the green circle and the green triangle?,yellow circle,between,3,ood_occlusion,occlusion,"{'objects': ['obj_1', 'obj_3'], 'target': 'obj_2', 'relation': 'between'}",yellow triangle,yellow circle,yellow triangle,False,0.22412798300001668,ood_failure
ood_occlusion_000045_q01,ood_occlusion_000045,images/ood_occlusion/ood_occlusion_000045.png,Which object is both right of the yellow circle and above the red rectangle?,blue triangle,multi_hop,4,ood_occlusion,occlusion,"{'anchors': ['obj_1', 'obj_3'], 'target': 'obj_4', 'relations': ['right of', 'above']}",blue triangle,blue triangle,blue triangle,True,0.2235485679998419,
ood_occlusion_000045_q02,ood_occlusion_000045,images/ood_occlusion/ood_occlusion_000045.png,"Which object is closer to the center of the image, the green rectangle or the red rectangle?",green rectangle,center_proximity,2,ood_occlusion,occlusion,"{'objects': ['obj_2', 'obj_3'], 'target': 'obj_2', 'relation': 'center_proximity'}",red rectangle,green rectangle,red rectangle,False,0.22412304200020117,ood_failure
ood_occlusion_000045_q03,ood_occlusion_000045,images/ood_occlusion/ood_occlusion_000045.png,How many circle objects are in the image?,1,counting,1,ood_occlusion,occlusion,{'filter': {'shape': 'circle'}},1,1,1,True,0.1719164500000261,
ood_occlusion_000045_q04,ood_occlusion_000045,images/ood_occlusion/ood_occlusion_000045.png,Which object is the topmost in the image?,blue triangle,relative_ordering,2,ood_occlusion,occlusion,"{'target': 'obj_4', 'relation': 'topmost'}",triangle,blue triangle,triangle,False,0.171237728000051,ood_failure
ood_occlusion_000046_q01,ood_occlusion_000046,images/ood_occlusion/ood_occlusion_000046.png,Which object is between the red rectangle and the yellow triangle?,red circle,between,3,ood_occlusion,occlusion,"{'objects': ['obj_2', 'obj_1'], 'target': 'obj_3', 'relation': 'between'}",red circle,red circle,red circle,True,0.22343638699999246,
ood_occlusion_000046_q02,ood_occlusion_000046,images/ood_occlusion/ood_occlusion_000046.png,Which object is the rightmost in the image?,yellow triangle,relative_ordering,2,ood_occlusion,occlusion,"{'target': 'obj_1', 'relation': 'rightmost'}",1,yellow triangle,1,False,0.17175415299993801,ood_failure
ood_occlusion_000046_q03,ood_occlusion_000046,images/ood_occlusion/ood_occlusion_000046.png,Is the yellow triangle completely inside the red rectangle? Answer yes or no.,no,inside_outside,2,ood_occlusion,occlusion,"{'objects': ['obj_1', 'obj_2'], 'relation': 'inside'}",no,no,no,True,0.1710026690000177,
ood_occlusion_000046_q04,ood_occlusion_000046,images/ood_occlusion/ood_occlusion_000046.png,How many red objects are in the image?,2,counting,1,ood_occlusion,occlusion,{'filter': {'color': 'red'}},2,2,2,True,0.1723896070000137,
ood_occlusion_000047_q01,ood_occlusion_000047,images/ood_occlusion/ood_occlusion_000047.png,Which object is between the green rectangle and the green triangle?,blue triangle,between,3,ood_occlusion,occlusion,"{'objects': ['obj_1', 'obj_2'], 'target': 'obj_3', 'relation': 'between'}",blue triangle,blue triangle,blue triangle,True,0.22400778099995478,
ood_occlusion_000047_q02,ood_occlusion_000047,images/ood_occlusion/ood_occlusion_000047.png,Which object is immediately left of the green rectangle?,blue triangle,left_right,2,ood_occlusion,occlusion,"{'anchor': 'obj_1', 'target': 'obj_3', 'relation': 'left'}",The object immediately left of the green rectangle is a blue triangle.,blue triangle,object immediately left of green rectangle is blue triangle,False,0.7905971360000876,ood_failure
ood_occlusion_000047_q03,ood_occlusion_000047,images/ood_occlusion/ood_occlusion_000047.png,Which object is immediately below the green rectangle?,blue triangle,above_below,2,ood_occlusion,occlusion,"{'anchor': 'obj_1', 'target': 'obj_3', 'relation': 'below'}",The object immediately below the green rectangle is a blue triangle.,blue triangle,object immediately below green rectangle is blue triangle,False,0.7378159770000821,ood_failure
ood_occlusion_000047_q04,ood_occlusion_000047,images/ood_occlusion/ood_occlusion_000047.png,"Which object is closer to the center of the image, the green rectangle or the blue triangle?",blue triangle,center_proximity,2,ood_occlusion,occlusion,"{'objects': ['obj_1', 'obj_3'], 'target': 'obj_3', 'relation': 'center_proximity'}",blue triangle,blue triangle,blue triangle,True,0.22374261600020873,
ood_occlusion_000048_q01,ood_occlusion_000048,images/ood_occlusion/ood_occlusion_000048.png,Which object is farthest from the red rectangle?,blue circle,nearest_farthest,2,ood_occlusion,occlusion,"{'anchor': 'obj_2', 'target': 'obj_1', 'relation': 'farthest'}",blue circle,blue circle,blue circle,True,0.2236389820000113,
ood_occlusion_000048_q02,ood_occlusion_000048,images/ood_occlusion/ood_occlusion_000048.png,Which object is both below the red triangle and above the red rectangle?,blue circle,multi_hop,4,ood_occlusion,occlusion,"{'anchors': ['obj_3', 'obj_2'], 'target': 'obj_1', 'relations': ['below', 'above']}",blue circle,blue circle,blue circle,True,0.22303743199995552,
ood_occlusion_000048_q03,ood_occlusion_000048,images/ood_occlusion/ood_occlusion_000048.png,How many objects are above the red triangle?,0,counting,2,ood_occlusion,occlusion,"{'anchor': 'obj_3', 'relation': 'above'}",2,0,2,False,0.1721460549999847,ood_failure
ood_occlusion_000048_q04,ood_occlusion_000048,images/ood_occlusion/ood_occlusion_000048.png,Which object is the rightmost in the image?,red rectangle,relative_ordering,2,ood_occlusion,occlusion,"{'target': 'obj_2', 'relation': 'rightmost'}",rectangle,red rectangle,rectangle,False,0.17666098399990915,ood_failure
ood_occlusion_000049_q01,ood_occlusion_000049,images/ood_occlusion/ood_occlusion_000049.png,How many yellow objects are in the image?,1,counting,1,ood_occlusion,occlusion,{'filter': {'color': 'yellow'}},1,1,1,True,0.17281868700001723,
ood_occlusion_000049_q02,ood_occlusion_000049,images/ood_occlusion/ood_occlusion_000049.png,Which object is farthest from the yellow circle?,green circle,nearest_farthest,2,ood_occlusion,occlusion,"{'anchor': 'obj_2', 'target': 'obj_4', 'relation': 'farthest'}",blue triangle,green circle,blue triangle,False,0.22522442600006798,ood_failure
ood_occlusion_000049_q03,ood_occlusion_000049,images/ood_occlusion/ood_occlusion_000049.png,Which object is both above the green circle and right of the blue triangle?,blue rectangle,multi_hop,4,ood_occlusion,occlusion,"{'anchors': ['obj_4', 'obj_5'], 'target': 'obj_1', 'relations': ['above', 'right of']}",yellow circle,blue rectangle,yellow circle,False,0.22483937399988463,ood_failure
ood_occlusion_000049_q04,ood_occlusion_000049,images/ood_occlusion/ood_occlusion_000049.png,"Which object is closer to the center of the image, the blue rectangle or the green triangle?",green triangle,center_proximity,2,ood_occlusion,occlusion,"{'objects': ['obj_1', 'obj_3'], 'target': 'obj_3', 'relation': 'center_proximity'}",green triangle,green triangle,green triangle,True,0.2259712390000459,
