sample_id,scene_id,image,question,answer,task,difficulty,split,ood_type,metadata,prediction,normalized_ground_truth,normalized_prediction,correct,latency_seconds,error_type
test_000000_q01,test_000000,images/test/test_000000.png,Do the red rectangle and the yellow triangle overlap? Answer yes or no.,no,overlap,2,test,,"{'objects': ['obj_2', 'obj_3'], 'relation': 'overlap'}",no,no,no,True,0.14053851637498838,
test_000000_q02,test_000000,images/test/test_000000.png,Which object is immediately right of the red rectangle?,yellow rectangle,left_right,2,test,,"{'anchor': 'obj_2', 'target': 'obj_5', 'relation': 'right'}",yellow triangle,yellow rectangle,yellow triangle,False,0.14053851637498838,spatial_inversion
test_000000_q03,test_000000,images/test/test_000000.png,Which object is between the blue circle and the yellow rectangle?,green triangle,between,3,test,,"{'objects': ['obj_4', 'obj_5'], 'target': 'obj_1', 'relation': 'between'}",green triangle,green triangle,green triangle,True,0.14053851637498838,
test_000000_q04,test_000000,images/test/test_000000.png,Which object is farthest from the blue circle?,yellow triangle,nearest_farthest,2,test,,"{'anchor': 'obj_4', 'target': 'obj_3', 'relation': 'farthest'}",red rectangle,yellow triangle,red rectangle,False,0.14053851637498838,distance_reasoning_error
test_000001_q01,test_000001,images/test/test_000001.png,Is the blue circle completely inside the green triangle? Answer yes or no.,no,inside_outside,2,test,,"{'objects': ['obj_1', 'obj_3'], 'relation': 'inside'}",no,no,no,True,0.14053851637498838,
test_000001_q02,test_000001,images/test/test_000001.png,"Which object is smaller, the blue circle or the blue rectangle?",blue circle,relative_size,2,test,,"{'objects': ['obj_1', 'obj_4'], 'target': 'obj_1', 'relation': 'smaller'}",blue circle,blue circle,blue circle,True,0.14053851637498838,
test_000001_q03,test_000001,images/test/test_000001.png,Which object is between the green triangle and the blue circle?,blue rectangle,between,3,test,,"{'objects': ['obj_3', 'obj_1'], 'target': 'obj_4', 'relation': 'between'}",blue rectangle,blue rectangle,blue rectangle,True,0.14053851637498838,
test_000001_q04,test_000001,images/test/test_000001.png,Which object is farthest from the blue rectangle?,green triangle,nearest_farthest,2,test,,"{'anchor': 'obj_4', 'target': 'obj_3', 'relation': 'farthest'}",green triangle,green triangle,green triangle,True,0.14053851637498838,
test_000002_q01,test_000002,images/test/test_000002.png,Which object is immediately below the yellow triangle?,blue triangle,above_below,2,test,,"{'anchor': 'obj_4', 'target': 'obj_2', 'relation': 'below'}",red triangle,blue triangle,red triangle,False,0.0429393306249608,spatial_inversion
test_000002_q02,test_000002,images/test/test_000002.png,Which object is both left of the blue circle and above the blue triangle?,yellow triangle,multi_hop,4,test,,"{'anchors': ['obj_1', 'obj_2'], 'target': 'obj_4', 'relations': ['left of', 'above']}",yellow triangle,yellow triangle,yellow triangle,True,0.0429393306249608,
test_000002_q03,test_000002,images/test/test_000002.png,How many objects are above the red triangle?,4,counting,2,test,,"{'anchor': 'obj_5', 'relation': 'above'}",3,4,3,False,0.0429393306249608,counting_error
test_000002_q04,test_000002,images/test/test_000002.png,Which object is nearest from the red triangle?,yellow triangle,nearest_farthest,2,test,,"{'anchor': 'obj_5', 'target': 'obj_4', 'relation': 'nearest'}",yellow square,yellow triangle,yellow square,False,0.0429393306249608,distance_reasoning_error
test_000003_q01,test_000003,images/test/test_000003.png,Which object is immediately above the red circle?,red rectangle,above_below,2,test,,"{'anchor': 'obj_4', 'target': 'obj_3', 'relation': 'above'}",blue circle,red rectangle,blue circle,False,0.0429393306249608,spatial_inversion
test_000003_q02,test_000003,images/test/test_000003.png,Which object is farthest from the red rectangle?,blue circle,nearest_farthest,2,test,,"{'anchor': 'obj_3', 'target': 'obj_1', 'relation': 'farthest'}",blue circle,blue circle,blue circle,True,0.0429393306249608,
test_000003_q03,test_000003,images/test/test_000003.png,Is the red circle completely inside the red rectangle? Answer yes or no.,no,inside_outside,2,test,,"{'objects': ['obj_4', 'obj_3'], 'relation': 'inside'}",no,no,no,True,0.0429393306249608,
test_000003_q04,test_000003,images/test/test_000003.png,"Which object is closer to the center of the image, the blue rectangle or the red rectangle?",blue rectangle,center_proximity,2,test,,"{'objects': ['obj_2', 'obj_3'], 'target': 'obj_2', 'relation': 'center_proximity'}",blue rectangle,blue rectangle,blue rectangle,True,0.0429393306249608,
test_000004_q01,test_000004,images/test/test_000004.png,Which object is both right of the yellow triangle and below the yellow rectangle?,blue circle,multi_hop,4,test,,"{'anchors': ['obj_2', 'obj_1'], 'target': 'obj_4', 'relations': ['right of', 'below']}",blue circle,blue circle,blue circle,True,0.041669174749983995,
test_000004_q02,test_000004,images/test/test_000004.png,Is the blue circle completely inside the green triangle? Answer yes or no.,no,inside_outside,2,test,,"{'objects': ['obj_4', 'obj_5'], 'relation': 'inside'}",no,no,no,True,0.041669174749983995,
test_000004_q03,test_000004,images/test/test_000004.png,Which object is immediately left of the green rectangle?,yellow triangle,left_right,2,test,,"{'anchor': 'obj_3', 'target': 'obj_2', 'relation': 'left'}",yellow triangle,yellow triangle,yellow triangle,True,0.041669174749983995,
test_000004_q04,test_000004,images/test/test_000004.png,How many objects are left of the yellow triangle?,0,counting,2,test,,"{'anchor': 'obj_2', 'relation': 'left'}",2,0,2,False,0.041669174749983995,counting_error
test_000005_q01,test_000005,images/test/test_000005.png,Which object is both left of the green rectangle and below the yellow rectangle?,blue triangle,multi_hop,4,test,,"{'anchors': ['obj_4', 'obj_5'], 'target': 'obj_3', 'relations': ['left of', 'below']}",blue triangle,blue triangle,blue triangle,True,0.041669174749983995,
test_000005_q02,test_000005,images/test/test_000005.png,Which object is immediately above the yellow rectangle?,green rectangle,above_below,2,test,,"{'anchor': 'obj_5', 'target': 'obj_4', 'relation': 'above'}",triangle,green rectangle,triangle,False,0.041669174749983995,spatial_inversion
test_000005_q03,test_000005,images/test/test_000005.png,How many triangle objects are in the image?,3,counting,1,test,,{'filter': {'shape': 'triangle'}},2,3,2,False,0.041669174749983995,counting_error
test_000005_q04,test_000005,images/test/test_000005.png,Which object is between the yellow triangle and the blue triangle?,yellow rectangle,between,3,test,,"{'objects': ['obj_1', 'obj_3'], 'target': 'obj_5', 'relation': 'between'}",green rectangle,yellow rectangle,green rectangle,False,0.041669174749983995,object_confusion
test_000006_q01,test_000006,images/test/test_000006.png,Which object is nearest from the blue rectangle?,green rectangle,nearest_farthest,2,test,,"{'anchor': 'obj_2', 'target': 'obj_1', 'relation': 'nearest'}",red circle,green rectangle,red circle,False,0.04207047112498685,distance_reasoning_error
test_000006_q02,test_000006,images/test/test_000006.png,"Which object is smaller, the green rectangle or the blue rectangle?",green rectangle,relative_size,2,test,,"{'objects': ['obj_1', 'obj_2'], 'target': 'obj_1', 'relation': 'smaller'}",green rectangle,green rectangle,green rectangle,True,0.04207047112498685,
test_000006_q03,test_000006,images/test/test_000006.png,Which object is the leftmost in the image?,green rectangle,relative_ordering,2,test,,"{'target': 'obj_1', 'relation': 'leftmost'}",green rectangle,green rectangle,green rectangle,True,0.04207047112498685,
test_000006_q04,test_000006,images/test/test_000006.png,Is the green rectangle completely inside the red circle? Answer yes or no.,no,inside_outside,2,test,,"{'objects': ['obj_1', 'obj_3'], 'relation': 'inside'}",no,no,no,True,0.04207047112498685,
test_000007_q01,test_000007,images/test/test_000007.png,"Which object is closer to the center of the image, the green rectangle or the blue rectangle?",blue rectangle,center_proximity,2,test,,"{'objects': ['obj_1', 'obj_3'], 'target': 'obj_3', 'relation': 'center_proximity'}",blue rectangle,blue rectangle,blue rectangle,True,0.04207047112498685,
test_000007_q02,test_000007,images/test/test_000007.png,How many red objects are in the image?,1,counting,1,test,,{'filter': {'color': 'red'}},1,1,1,True,0.04207047112498685,
test_000007_q03,test_000007,images/test/test_000007.png,Which object is the bottommost in the image?,green rectangle,relative_ordering,2,test,,"{'target': 'obj_1', 'relation': 'bottommost'}",green rectangle,green rectangle,green rectangle,True,0.04207047112498685,
test_000007_q04,test_000007,images/test/test_000007.png,Which object is immediately above the red triangle?,green circle,above_below,2,test,,"{'anchor': 'obj_4', 'target': 'obj_2', 'relation': 'above'}",blue rectangle,green circle,blue rectangle,False,0.04207047112498685,spatial_inversion
test_000008_q01,test_000008,images/test/test_000008.png,How many blue objects are in the image?,1,counting,1,test,,{'filter': {'color': 'blue'}},1,1,1,True,0.04075732537501153,
test_000008_q02,test_000008,images/test/test_000008.png,"Which object is smaller, the yellow circle or the yellow rectangle?",yellow rectangle,relative_size,2,test,,"{'objects': ['obj_2', 'obj_1'], 'target': 'obj_1', 'relation': 'smaller'}",yellow circle,yellow rectangle,yellow circle,False,0.04075732537501153,object_confusion
test_000008_q03,test_000008,images/test/test_000008.png,Do the yellow triangle and the yellow rectangle overlap? Answer yes or no.,no,overlap,2,test,,"{'objects': ['obj_5', 'obj_1'], 'relation': 'overlap'}",no,no,no,True,0.04075732537501153,
test_000008_q04,test_000008,images/test/test_000008.png,Which object is nearest from the red triangle?,yellow circle,nearest_farthest,2,test,,"{'anchor': 'obj_3', 'target': 'obj_2', 'relation': 'nearest'}",red triangle,yellow circle,red triangle,False,0.04075732537501153,distance_reasoning_error
test_000009_q01,test_000009,images/test/test_000009.png,Do the blue circle and the blue triangle overlap? Answer yes or no.,no,overlap,2,test,,"{'objects': ['obj_3', 'obj_2'], 'relation': 'overlap'}",no,no,no,True,0.04075732537501153,
test_000009_q02,test_000009,images/test/test_000009.png,Which object is immediately right of the yellow triangle?,yellow circle,left_right,2,test,,"{'anchor': 'obj_5', 'target': 'obj_1', 'relation': 'right'}",blue triangle,yellow circle,blue triangle,False,0.04075732537501153,spatial_inversion
test_000009_q03,test_000009,images/test/test_000009.png,Which object is both left of the red rectangle and above the blue triangle?,yellow triangle,multi_hop,4,test,,"{'anchors': ['obj_4', 'obj_2'], 'target': 'obj_5', 'relations': ['left of', 'above']}",yellow triangle,yellow triangle,yellow triangle,True,0.04075732537501153,
test_000009_q04,test_000009,images/test/test_000009.png,Which object is the bottommost in the image?,yellow circle,relative_ordering,2,test,,"{'target': 'obj_1', 'relation': 'bottommost'}",red rectangle,yellow circle,red rectangle,False,0.04075732537501153,spatial_inversion
test_000010_q01,test_000010,images/test/test_000010.png,Is the blue rectangle completely inside the blue circle? Answer yes or no.,no,inside_outside,2,test,,"{'objects': ['obj_1', 'obj_3'], 'relation': 'inside'}",no,no,no,True,0.04074561012498634,
test_000010_q02,test_000010,images/test/test_000010.png,"Which object is smaller, the blue rectangle or the green triangle?",blue rectangle,relative_size,2,test,,"{'objects': ['obj_1', 'obj_4'], 'target': 'obj_1', 'relation': 'smaller'}",blue rectangle,blue rectangle,blue rectangle,True,0.04074561012498634,
test_000010_q03,test_000010,images/test/test_000010.png,Which object is farthest from the green triangle?,blue rectangle,nearest_farthest,2,test,,"{'anchor': 'obj_4', 'target': 'obj_1', 'relation': 'farthest'}",red circle,blue rectangle,red circle,False,0.04074561012498634,distance_reasoning_error
test_000010_q04,test_000010,images/test/test_000010.png,Which object is the leftmost in the image?,green triangle,relative_ordering,2,test,,"{'target': 'obj_4', 'relation': 'leftmost'}",triangle,green triangle,triangle,False,0.04074561012498634,spatial_inversion
test_000011_q01,test_000011,images/test/test_000011.png,Which object is both right of the blue rectangle and below the red rectangle?,blue triangle,multi_hop,4,test,,"{'anchors': ['obj_1', 'obj_3'], 'target': 'obj_4', 'relations': ['right of', 'below']}",blue triangle,blue triangle,blue triangle,True,0.04074561012498634,
test_000011_q02,test_000011,images/test/test_000011.png,How many objects are left of the red rectangle?,2,counting,2,test,,"{'anchor': 'obj_3', 'relation': 'left'}",2,2,2,True,0.04074561012498634,
test_000011_q03,test_000011,images/test/test_000011.png,Which object is nearest from the red rectangle?,blue rectangle,nearest_farthest,2,test,,"{'anchor': 'obj_3', 'target': 'obj_1', 'relation': 'nearest'}",blue rectangle,blue rectangle,blue rectangle,True,0.04074561012498634,
test_000011_q04,test_000011,images/test/test_000011.png,Which object is immediately left of the blue triangle?,red rectangle,left_right,2,test,,"{'anchor': 'obj_4', 'target': 'obj_3', 'relation': 'left'}",blue rectangle,red rectangle,blue rectangle,False,0.04074561012498634,spatial_inversion
test_000012_q01,test_000012,images/test/test_000012.png,Which object is immediately below the green triangle?,blue circle,above_below,2,test,,"{'anchor': 'obj_3', 'target': 'obj_1', 'relation': 'below'}",blue circle,blue circle,blue circle,True,0.04194319924999945,
test_000012_q02,test_000012,images/test/test_000012.png,Which object is immediately left of the blue circle?,green triangle,left_right,2,test,,"{'anchor': 'obj_1', 'target': 'obj_3', 'relation': 'left'}",green triangle,green triangle,green triangle,True,0.04194319924999945,
test_000012_q03,test_000012,images/test/test_000012.png,Which object is farthest from the yellow triangle?,green triangle,nearest_farthest,2,test,,"{'anchor': 'obj_2', 'target': 'obj_3', 'relation': 'farthest'}",blue circle,green triangle,blue circle,False,0.04194319924999945,distance_reasoning_error
test_000012_q04,test_000012,images/test/test_000012.png,Is the yellow triangle completely inside the green triangle? Answer yes or no.,no,inside_outside,2,test,,"{'objects': ['obj_2', 'obj_3'], 'relation': 'inside'}",no,no,no,True,0.04194319924999945,
test_000013_q01,test_000013,images/test/test_000013.png,Which object is both above the yellow rectangle and left of the green rectangle?,red triangle,multi_hop,4,test,,"{'anchors': ['obj_4', 'obj_5'], 'target': 'obj_2', 'relations': ['above', 'left of']}",red triangle,red triangle,red triangle,True,0.04194319924999945,
test_000013_q02,test_000013,images/test/test_000013.png,Is the green rectangle completely inside the yellow rectangle? Answer yes or no.,no,inside_outside,2,test,,"{'objects': ['obj_5', 'obj_4'], 'relation': 'inside'}",no,no,no,True,0.04194319924999945,
test_000013_q03,test_000013,images/test/test_000013.png,Which object is immediately right of the red triangle?,green rectangle,left_right,2,test,,"{'anchor': 'obj_2', 'target': 'obj_5', 'relation': 'right'}",blue rectangle,green rectangle,blue rectangle,False,0.04194319924999945,spatial_inversion
test_000013_q04,test_000013,images/test/test_000013.png,How many objects are above the yellow rectangle?,4,counting,2,test,,"{'anchor': 'obj_4', 'relation': 'above'}",3,4,3,False,0.04194319924999945,counting_error
test_000014_q01,test_000014,images/test/test_000014.png,Which object is immediately right of the red circle?,red rectangle,left_right,2,test,,"{'anchor': 'obj_2', 'target': 'obj_1', 'relation': 'right'}",blue rectangle,red rectangle,blue rectangle,False,0.040797245625014966,spatial_inversion
test_000014_q02,test_000014,images/test/test_000014.png,Which object is both above the blue rectangle and right of the yellow triangle?,red circle,multi_hop,4,test,,"{'anchors': ['obj_4', 'obj_3'], 'target': 'obj_2', 'relations': ['above', 'right of']}",red circle,red circle,red circle,True,0.040797245625014966,
test_000014_q03,test_000014,images/test/test_000014.png,Which object is immediately below the red circle?,blue rectangle,above_below,2,test,,"{'anchor': 'obj_2', 'target': 'obj_4', 'relation': 'below'}",blue rectangle,blue rectangle,blue rectangle,True,0.040797245625014966,
test_000014_q04,test_000014,images/test/test_000014.png,How many red objects are in the image?,2,counting,1,test,,{'filter': {'color': 'red'}},2,2,2,True,0.040797245625014966,
test_000015_q01,test_000015,images/test/test_000015.png,Which object is nearest from the blue circle?,blue rectangle,nearest_farthest,2,test,,"{'anchor': 'obj_3', 'target': 'obj_4', 'relation': 'nearest'}",triangle,blue rectangle,triangle,False,0.040797245625014966,distance_reasoning_error
test_000015_q02,test_000015,images/test/test_000015.png,"Which object is smaller, the yellow triangle or the blue rectangle?",blue rectangle,relative_size,2,test,,"{'objects': ['obj_2', 'obj_4'], 'target': 'obj_4', 'relation': 'smaller'}",yellow triangle,blue rectangle,yellow triangle,False,0.040797245625014966,object_confusion
test_000015_q03,test_000015,images/test/test_000015.png,Which object is the leftmost in the image?,yellow circle,relative_ordering,2,test,,"{'target': 'obj_1', 'relation': 'leftmost'}",yellow circle,yellow circle,yellow circle,True,0.040797245625014966,
test_000015_q04,test_000015,images/test/test_000015.png,Which object is between the blue circle and the yellow circle?,blue rectangle,between,3,test,,"{'objects': ['obj_3', 'obj_1'], 'target': 'obj_4', 'relation': 'between'}",triangle,blue rectangle,triangle,False,0.040797245625014966,object_confusion
test_000016_q01,test_000016,images/test/test_000016.png,"Which object is closer to the center of the image, the blue rectangle or the green triangle?",blue rectangle,center_proximity,2,test,,"{'objects': ['obj_1', 'obj_3'], 'target': 'obj_1', 'relation': 'center_proximity'}",blue rectangle,blue rectangle,blue rectangle,True,0.040806598500012115,
test_000016_q02,test_000016,images/test/test_000016.png,How many objects are above the blue rectangle?,0,counting,2,test,,"{'anchor': 'obj_1', 'relation': 'above'}",2,0,2,False,0.040806598500012115,counting_error
test_000016_q03,test_000016,images/test/test_000016.png,Which object is the bottommost in the image?,yellow triangle,relative_ordering,2,test,,"{'target': 'obj_4', 'relation': 'bottommost'}",red circle,yellow triangle,red circle,False,0.040806598500012115,spatial_inversion
test_000016_q04,test_000016,images/test/test_000016.png,Which object is immediately above the yellow triangle?,blue circle,above_below,2,test,,"{'anchor': 'obj_4', 'target': 'obj_2', 'relation': 'above'}",blue rectangle,blue circle,blue rectangle,False,0.040806598500012115,spatial_inversion
test_000017_q01,test_000017,images/test/test_000017.png,How many green objects are in the image?,2,counting,1,test,,{'filter': {'color': 'green'}},2,2,2,True,0.040806598500012115,
test_000017_q02,test_000017,images/test/test_000017.png,"Which object is smaller, the green rectangle or the yellow triangle?",green rectangle,relative_size,2,test,,"{'objects': ['obj_2', 'obj_1'], 'target': 'obj_2', 'relation': 'smaller'}",green rectangle,green rectangle,green rectangle,True,0.040806598500012115,
test_000017_q03,test_000017,images/test/test_000017.png,Do the red triangle and the yellow triangle overlap? Answer yes or no.,no,overlap,2,test,,"{'objects': ['obj_5', 'obj_1'], 'relation': 'overlap'}",no,no,no,True,0.040806598500012115,
test_000017_q04,test_000017,images/test/test_000017.png,Which object is nearest from the blue rectangle?,red triangle,nearest_farthest,2,test,,"{'anchor': 'obj_3', 'target': 'obj_5', 'relation': 'nearest'}",red triangle,red triangle,red triangle,True,0.040806598500012115,
test_000018_q01,test_000018,images/test/test_000018.png,Do the blue rectangle and the red circle overlap? Answer yes or no.,no,overlap,2,test,,"{'objects': ['obj_3', 'obj_2'], 'relation': 'overlap'}",no,no,no,True,0.04049852637501772,
test_000018_q02,test_000018,images/test/test_000018.png,Which object is immediately right of the green circle?,blue triangle,left_right,2,test,,"{'anchor': 'obj_5', 'target': 'obj_4', 'relation': 'right'}",red circle,blue triangle,red circle,False,0.04049852637501772,spatial_inversion
test_000018_q03,test_000018,images/test/test_000018.png,Which object is both right of the green circle and above the blue rectangle?,blue triangle,multi_hop,4,test,,"{'anchors': ['obj_5', 'obj_3'], 'target': 'obj_4', 'relations': ['right of', 'above']}",red circle,blue triangle,red circle,False,0.04049852637501772,relation_chain_failure
test_000018_q04,test_000018,images/test/test_000018.png,Which object is the bottommost in the image?,red circle,relative_ordering,2,test,,"{'target': 'obj_2', 'relation': 'bottommost'}",red circle,red circle,red circle,True,0.04049852637501772,
test_000019_q01,test_000019,images/test/test_000019.png,Which object is between the red rectangle and the red triangle?,blue rectangle,between,3,test,,"{'objects': ['obj_3', 'obj_2'], 'target': 'obj_4', 'relation': 'between'}",blue circle,blue rectangle,blue circle,False,0.04049852637501772,object_confusion
test_000019_q02,test_000019,images/test/test_000019.png,Is the red triangle completely inside the blue circle? Answer yes or no.,no,inside_outside,2,test,,"{'objects': ['obj_2', 'obj_1'], 'relation': 'inside'}",no,no,no,True,0.04049852637501772,
test_000019_q03,test_000019,images/test/test_000019.png,Which object is farthest from the red triangle?,red rectangle,nearest_farthest,2,test,,"{'anchor': 'obj_2', 'target': 'obj_3', 'relation': 'farthest'}",blue circle,red rectangle,blue circle,False,0.04049852637501772,distance_reasoning_error
test_000019_q04,test_000019,images/test/test_000019.png,Which object is both above the blue rectangle and right of the blue circle?,red rectangle,multi_hop,4,test,,"{'anchors': ['obj_4', 'obj_1'], 'target': 'obj_3', 'relations': ['above', 'right of']}",red rectangle,red rectangle,red rectangle,True,0.04049852637501772,
test_000020_q01,test_000020,images/test/test_000020.png,Which object is immediately below the blue circle?,yellow circle,above_below,2,test,,"{'anchor': 'obj_3', 'target': 'obj_2', 'relation': 'below'}",square,yellow circle,square,False,0.040682765124984144,spatial_inversion
test_000020_q02,test_000020,images/test/test_000020.png,Which object is both below the blue circle and above the blue rectangle?,yellow circle,multi_hop,4,test,,"{'anchors': ['obj_3', 'obj_1'], 'target': 'obj_2', 'relations': ['below', 'above']}",yellow circle,yellow circle,yellow circle,True,0.040682765124984144,
test_000020_q03,test_000020,images/test/test_000020.png,How many blue objects are in the image?,2,counting,1,test,,{'filter': {'color': 'blue'}},2,2,2,True,0.040682765124984144,
test_000020_q04,test_000020,images/test/test_000020.png,Which object is nearest from the blue rectangle?,yellow circle,nearest_farthest,2,test,,"{'anchor': 'obj_1', 'target': 'obj_2', 'relation': 'nearest'}",blue circle,yellow circle,blue circle,False,0.040682765124984144,distance_reasoning_error
test_000021_q01,test_000021,images/test/test_000021.png,Which object is farthest from the blue triangle?,yellow circle,nearest_farthest,2,test,,"{'anchor': 'obj_3', 'target': 'obj_4', 'relation': 'farthest'}",green circle,yellow circle,green circle,False,0.040682765124984144,distance_reasoning_error
test_000021_q02,test_000021,images/test/test_000021.png,Is the yellow circle completely inside the blue triangle? Answer yes or no.,no,inside_outside,2,test,,"{'objects': ['obj_4', 'obj_3'], 'relation': 'inside'}",no,no,no,True,0.040682765124984144,
test_000021_q03,test_000021,images/test/test_000021.png,"Which object is closer to the center of the image, the red circle or the blue triangle?",red circle,center_proximity,2,test,,"{'objects': ['obj_2', 'obj_3'], 'target': 'obj_2', 'relation': 'center_proximity'}",red circle,red circle,red circle,True,0.040682765124984144,
test_000021_q04,test_000021,images/test/test_000021.png,Do the yellow circle and the green circle overlap? Answer yes or no.,no,overlap,2,test,,"{'objects': ['obj_4', 'obj_1'], 'relation': 'overlap'}",no,no,no,True,0.040682765124984144,
test_000022_q01,test_000022,images/test/test_000022.png,Which object is both below the yellow rectangle and right of the blue circle?,green triangle,multi_hop,4,test,,"{'anchors': ['obj_2', 'obj_1'], 'target': 'obj_3', 'relations': ['below', 'right of']}",green triangle,green triangle,green triangle,True,0.04192762025002139,
test_000022_q02,test_000022,images/test/test_000022.png,Is the blue circle completely inside the yellow rectangle? Answer yes or no.,no,inside_outside,2,test,,"{'objects': ['obj_1', 'obj_2'], 'relation': 'inside'}",yes,no,yes,False,0.04192762025002139,relation_error
test_000022_q03,test_000022,images/test/test_000022.png,How many rectangle objects are in the image?,1,counting,1,test,,{'filter': {'shape': 'rectangle'}},1,1,1,True,0.04192762025002139,
test_000022_q04,test_000022,images/test/test_000022.png,"Which object is closer to the center of the image, the green triangle or the yellow rectangle?",green triangle,center_proximity,2,test,,"{'objects': ['obj_3', 'obj_2'], 'target': 'obj_3', 'relation': 'center_proximity'}",green triangle,green triangle,green triangle,True,0.04192762025002139,
test_000023_q01,test_000023,images/test/test_000023.png,Which object is immediately right of the yellow rectangle?,blue rectangle,left_right,2,test,,"{'anchor': 'obj_1', 'target': 'obj_2', 'relation': 'right'}",blue rectangle,blue rectangle,blue rectangle,True,0.04192762025002139,
test_000023_q02,test_000023,images/test/test_000023.png,Which object is both below the yellow rectangle and right of the blue rectangle?,red rectangle,multi_hop,4,test,,"{'anchors': ['obj_1', 'obj_2'], 'target': 'obj_3', 'relations': ['below', 'right of']}",red rectangle,red rectangle,red rectangle,True,0.04192762025002139,
test_000023_q03,test_000023,images/test/test_000023.png,How many rectangle objects are in the image?,3,counting,1,test,,{'filter': {'shape': 'rectangle'}},3,3,3,True,0.04192762025002139,
test_000023_q04,test_000023,images/test/test_000023.png,Which object is between the red rectangle and the yellow rectangle?,blue rectangle,between,3,test,,"{'objects': ['obj_3', 'obj_1'], 'target': 'obj_2', 'relation': 'between'}",blue rectangle,blue rectangle,blue rectangle,True,0.04192762025002139,
test_000024_q01,test_000024,images/test/test_000024.png,Which object is nearest from the blue circle?,green triangle,nearest_farthest,2,test,,"{'anchor': 'obj_2', 'target': 'obj_1', 'relation': 'nearest'}",triangle,green triangle,triangle,False,0.04144379137494525,distance_reasoning_error
test_000024_q02,test_000024,images/test/test_000024.png,"Which object is smaller, the green triangle or the blue circle?",blue circle,relative_size,2,test,,"{'objects': ['obj_1', 'obj_2'], 'target': 'obj_2', 'relation': 'smaller'}",green triangle,blue circle,green triangle,False,0.04144379137494525,object_confusion
test_000024_q03,test_000024,images/test/test_000024.png,Which object is the leftmost in the image?,blue triangle,relative_ordering,2,test,,"{'target': 'obj_3', 'relation': 'leftmost'}",blue triangle,blue triangle,blue triangle,True,0.04144379137494525,
test_000024_q04,test_000024,images/test/test_000024.png,Is the green triangle completely inside the blue triangle? Answer yes or no.,no,inside_outside,2,test,,"{'objects': ['obj_1', 'obj_3'], 'relation': 'inside'}",no,no,no,True,0.04144379137494525,
test_000025_q01,test_000025,images/test/test_000025.png,"Which object is closer to the center of the image, the yellow circle or the green circle?",yellow circle,center_proximity,2,test,,"{'objects': ['obj_1', 'obj_2'], 'target': 'obj_1', 'relation': 'center_proximity'}",yellow circle,yellow circle,yellow circle,True,0.04144379137494525,
test_000025_q02,test_000025,images/test/test_000025.png,How many yellow objects are in the image?,1,counting,1,test,,{'filter': {'color': 'yellow'}},1,1,1,True,0.04144379137494525,
test_000025_q03,test_000025,images/test/test_000025.png,Which object is the bottommost in the image?,green circle,relative_ordering,2,test,,"{'target': 'obj_2', 'relation': 'bottommost'}",red circle,green circle,red circle,False,0.04144379137494525,spatial_inversion
test_000025_q04,test_000025,images/test/test_000025.png,Which object is between the green rectangle and the green circle?,yellow circle,between,3,test,,"{'objects': ['obj_3', 'obj_2'], 'target': 'obj_1', 'relation': 'between'}",yellow circle,yellow circle,yellow circle,True,0.04144379137494525,
test_000026_q01,test_000026,images/test/test_000026.png,How many blue objects are in the image?,1,counting,1,test,,{'filter': {'color': 'blue'}},1,1,1,True,0.041780288999973436,
test_000026_q02,test_000026,images/test/test_000026.png,"Which object is smaller, the blue circle or the yellow triangle?",blue circle,relative_size,2,test,,"{'objects': ['obj_1', 'obj_3'], 'target': 'obj_1', 'relation': 'smaller'}",yellow triangle,blue circle,yellow triangle,False,0.041780288999973436,object_confusion
test_000026_q03,test_000026,images/test/test_000026.png,Do the yellow triangle and the blue circle overlap? Answer yes or no.,no,overlap,2,test,,"{'objects': ['obj_3', 'obj_1'], 'relation': 'overlap'}",no,no,no,True,0.041780288999973436,
test_000026_q04,test_000026,images/test/test_000026.png,Which object is nearest from the yellow circle?,blue circle,nearest_farthest,2,test,,"{'anchor': 'obj_2', 'target': 'obj_1', 'relation': 'nearest'}",blue circle,blue circle,blue circle,True,0.041780288999973436,
test_000027_q01,test_000027,images/test/test_000027.png,Do the green triangle and the yellow rectangle overlap? Answer yes or no.,no,overlap,2,test,,"{'objects': ['obj_3', 'obj_2'], 'relation': 'overlap'}",no,no,no,True,0.041780288999973436,
test_000027_q02,test_000027,images/test/test_000027.png,Which object is immediately right of the red triangle?,yellow rectangle,left_right,2,test,,"{'anchor': 'obj_5', 'target': 'obj_2', 'relation': 'right'}",yellow square,yellow rectangle,yellow square,False,0.041780288999973436,spatial_inversion
test_000027_q03,test_000027,images/test/test_000027.png,Which object is both below the green triangle and above the green rectangle?,red triangle,multi_hop,4,test,,"{'anchors': ['obj_3', 'obj_4'], 'target': 'obj_5', 'relations': ['below', 'above']}",red circle,red triangle,red circle,False,0.041780288999973436,relation_chain_failure
test_000027_q04,test_000027,images/test/test_000027.png,Which object is the rightmost in the image?,yellow rectangle,relative_ordering,2,test,,"{'target': 'obj_2', 'relation': 'rightmost'}",yellow square,yellow rectangle,yellow square,False,0.041780288999973436,spatial_inversion
test_000028_q01,test_000028,images/test/test_000028.png,Is the green circle completely inside the green triangle? Answer yes or no.,no,inside_outside,2,test,,"{'objects': ['obj_3', 'obj_1'], 'relation': 'inside'}",no,no,no,True,0.0419415839999715,
test_000028_q02,test_000028,images/test/test_000028.png,Which object is farthest from the green circle?,green triangle,nearest_farthest,2,test,,"{'anchor': 'obj_3', 'target': 'obj_1', 'relation': 'farthest'}",blue circle,green triangle,blue circle,False,0.0419415839999715,distance_reasoning_error
test_000028_q03,test_000028,images/test/test_000028.png,Which object is both left of the green triangle and above the green circle?,blue circle,multi_hop,4,test,,"{'anchors': ['obj_1', 'obj_3'], 'target': 'obj_2', 'relations': ['left of', 'above']}",blue circle,blue circle,blue circle,True,0.0419415839999715,
test_000028_q04,test_000028,images/test/test_000028.png,How many objects are above the green triangle?,2,counting,2,test,,"{'anchor': 'obj_1', 'relation': 'above'}",2,2,2,True,0.0419415839999715,
test_000029_q01,test_000029,images/test/test_000029.png,Which object is nearest from the red circle?,green circle,nearest_farthest,2,test,,"{'anchor': 'obj_1', 'target': 'obj_4', 'relation': 'nearest'}",red rectangle,green circle,red rectangle,False,0.0419415839999715,distance_reasoning_error
test_000029_q02,test_000029,images/test/test_000029.png,"Which object is closer to the center of the image, the red circle or the red triangle?",red circle,center_proximity,2,test,,"{'objects': ['obj_1', 'obj_2'], 'target': 'obj_1', 'relation': 'center_proximity'}",red circle,red circle,red circle,True,0.0419415839999715,
test_000029_q03,test_000029,images/test/test_000029.png,Is the red circle completely inside the green circle? Answer yes or no.,no,inside_outside,2,test,,"{'objects': ['obj_1', 'obj_4'], 'relation': 'inside'}",no,no,no,True,0.0419415839999715,
test_000029_q04,test_000029,images/test/test_000029.png,How many triangle objects are in the image?,2,counting,1,test,,{'filter': {'shape': 'triangle'}},1,2,1,False,0.0419415839999715,counting_error
test_000030_q01,test_000030,images/test/test_000030.png,Which object is immediately above the yellow circle?,blue circle,above_below,2,test,,"{'anchor': 'obj_4', 'target': 'obj_1', 'relation': 'above'}",blue triangle,blue circle,blue triangle,False,0.041256009125049786,spatial_inversion
test_000030_q02,test_000030,images/test/test_000030.png,Which object is immediately right of the blue circle?,red circle,left_right,2,test,,"{'anchor': 'obj_1', 'target': 'obj_3', 'relation': 'right'}",yellow circle,red circle,yellow circle,False,0.041256009125049786,spatial_inversion
test_000030_q03,test_000030,images/test/test_000030.png,Which object is farthest from the red circle?,blue triangle,nearest_farthest,2,test,,"{'anchor': 'obj_3', 'target': 'obj_2', 'relation': 'farthest'}",blue triangle,blue triangle,blue triangle,True,0.041256009125049786,
test_000030_q04,test_000030,images/test/test_000030.png,Is the yellow circle completely inside the red circle? Answer yes or no.,no,inside_outside,2,test,,"{'objects': ['obj_4', 'obj_3'], 'relation': 'inside'}",no,no,no,True,0.041256009125049786,
test_000031_q01,test_000031,images/test/test_000031.png,Which object is both left of the yellow rectangle and below the red rectangle?,blue rectangle,multi_hop,4,test,,"{'anchors': ['obj_4', 'obj_3'], 'target': 'obj_1', 'relations': ['left of', 'below']}",blue rectangle,blue rectangle,blue rectangle,True,0.041256009125049786,
test_000031_q02,test_000031,images/test/test_000031.png,Is the green triangle completely inside the blue rectangle? Answer yes or no.,no,inside_outside,2,test,,"{'objects': ['obj_2', 'obj_1'], 'relation': 'inside'}",no,no,no,True,0.041256009125049786,
test_000031_q03,test_000031,images/test/test_000031.png,How many rectangle objects are in the image?,3,counting,1,test,,{'filter': {'shape': 'rectangle'}},3,3,3,True,0.041256009125049786,
test_000031_q04,test_000031,images/test/test_000031.png,"Which object is closer to the center of the image, the red rectangle or the yellow rectangle?",yellow rectangle,center_proximity,2,test,,"{'objects': ['obj_3', 'obj_4'], 'target': 'obj_4', 'relation': 'center_proximity'}",yellow rectangle,yellow rectangle,yellow rectangle,True,0.041256009125049786,
test_000032_q01,test_000032,images/test/test_000032.png,Which object is both right of the green circle and below the green triangle?,red triangle,multi_hop,4,test,,"{'anchors': ['obj_4', 'obj_1'], 'target': 'obj_2', 'relations': ['right of', 'below']}",red triangle,red triangle,red triangle,True,0.04058413712499487,
test_000032_q02,test_000032,images/test/test_000032.png,Which object is immediately above the red triangle?,green triangle,above_below,2,test,,"{'anchor': 'obj_2', 'target': 'obj_1', 'relation': 'above'}",green triangle,green triangle,green triangle,True,0.04058413712499487,
test_000032_q03,test_000032,images/test/test_000032.png,How many objects are left of the red triangle?,3,counting,2,test,,"{'anchor': 'obj_2', 'relation': 'left'}",2,3,2,False,0.04058413712499487,counting_error
test_000032_q04,test_000032,images/test/test_000032.png,Which object is farthest from the red triangle?,green triangle,nearest_farthest,2,test,,"{'anchor': 'obj_2', 'target': 'obj_1', 'relation': 'farthest'}",green triangle,green triangle,green triangle,True,0.04058413712499487,
test_000033_q01,test_000033,images/test/test_000033.png,Which object is nearest from the blue circle?,green rectangle,nearest_farthest,2,test,,"{'anchor': 'obj_3', 'target': 'obj_4', 'relation': 'nearest'}",red circle,green rectangle,red circle,False,0.04058413712499487,distance_reasoning_error
test_000033_q02,test_000033,images/test/test_000033.png,"Which object is smaller, the yellow rectangle or the green rectangle?",green rectangle,relative_size,2,test,,"{'objects': ['obj_2', 'obj_4'], 'target': 'obj_4', 'relation': 'smaller'}",green rectangle,green rectangle,green rectangle,True,0.04058413712499487,
test_000033_q03,test_000033,images/test/test_000033.png,Which object is the leftmost in the image?,blue circle,relative_ordering,2,test,,"{'target': 'obj_3', 'relation': 'leftmost'}",blue circle,blue circle,blue circle,True,0.04058413712499487,
test_000033_q04,test_000033,images/test/test_000033.png,Which object is between the green rectangle and the blue triangle?,yellow rectangle,between,3,test,,"{'objects': ['obj_4', 'obj_1'], 'target': 'obj_2', 'relation': 'between'}",yellow rectangle,yellow rectangle,yellow rectangle,True,0.04058413712499487,
test_000034_q01,test_000034,images/test/test_000034.png,"Which object is closer to the center of the image, the blue triangle or the green circle?",green circle,center_proximity,2,test,,"{'objects': ['obj_1', 'obj_3'], 'target': 'obj_3', 'relation': 'center_proximity'}",blue triangle,green circle,blue triangle,False,0.04096523787501383,distance_reasoning_error
test_000034_q02,test_000034,images/test/test_000034.png,How many red objects are in the image?,2,counting,1,test,,{'filter': {'color': 'red'}},2,2,2,True,0.04096523787501383,
test_000034_q03,test_000034,images/test/test_000034.png,Which object is the bottommost in the image?,green rectangle,relative_ordering,2,test,,"{'target': 'obj_5', 'relation': 'bottommost'}",green rectangle,green rectangle,green rectangle,True,0.04096523787501383,
test_000034_q04,test_000034,images/test/test_000034.png,Which object is between the blue triangle and the green circle?,red rectangle,between,3,test,,"{'objects': ['obj_1', 'obj_3'], 'target': 'obj_2', 'relation': 'between'}",red circle,red rectangle,red circle,False,0.04096523787501383,object_confusion
test_000035_q01,test_000035,images/test/test_000035.png,How many green objects are in the image?,2,counting,1,test,,{'filter': {'color': 'green'}},1,2,1,False,0.04096523787501383,counting_error
test_000035_q02,test_000035,images/test/test_000035.png,"Which object is smaller, the blue rectangle or the red circle?",red circle,relative_size,2,test,,"{'objects': ['obj_2', 'obj_1'], 'target': 'obj_1', 'relation': 'smaller'}",blue rectangle,red circle,blue rectangle,False,0.04096523787501383,object_confusion
test_000035_q03,test_000035,images/test/test_000035.png,Do the green triangle and the red circle overlap? Answer yes or no.,no,overlap,2,test,,"{'objects': ['obj_5', 'obj_1'], 'relation': 'overlap'}",no,no,no,True,0.04096523787501383,
test_000035_q04,test_000035,images/test/test_000035.png,Which object is nearest from the yellow triangle?,red circle,nearest_farthest,2,test,,"{'anchor': 'obj_3', 'target': 'obj_1', 'relation': 'nearest'}",red circle,red circle,red circle,True,0.04096523787501383,
test_000036_q01,test_000036,images/test/test_000036.png,Do the yellow circle and the red circle overlap? Answer yes or no.,no,overlap,2,test,,"{'objects': ['obj_3', 'obj_1'], 'relation': 'overlap'}",no,no,no,True,0.041048540625013175,
test_000036_q02,test_000036,images/test/test_000036.png,Which object is immediately right of the green triangle?,red circle,left_right,2,test,,"{'anchor': 'obj_4', 'target': 'obj_1', 'relation': 'right'}",red circle,red circle,red circle,True,0.041048540625013175,
test_000036_q03,test_000036,images/test/test_000036.png,Which object is both right of the green triangle and below the red triangle?,red circle,multi_hop,4,test,,"{'anchors': ['obj_4', 'obj_2'], 'target': 'obj_1', 'relations': ['right of', 'below']}",red circle,red circle,red circle,True,0.041048540625013175,
test_000036_q04,test_000036,images/test/test_000036.png,Which object is the leftmost in the image?,yellow circle,relative_ordering,2,test,,"{'target': 'obj_3', 'relation': 'leftmost'}",yellow circle,yellow circle,yellow circle,True,0.041048540625013175,
test_000037_q01,test_000037,images/test/test_000037.png,Which object is between the blue rectangle and the green triangle?,red triangle,between,3,test,,"{'objects': ['obj_4', 'obj_1'], 'target': 'obj_2', 'relation': 'between'}",red triangle,red triangle,red triangle,True,0.041048540625013175,
test_000037_q02,test_000037,images/test/test_000037.png,Is the blue circle completely inside the green triangle? Answer yes or no.,no,inside_outside,2,test,,"{'objects': ['obj_3', 'obj_1'], 'relation': 'inside'}",no,no,no,True,0.041048540625013175,
test_000037_q03,test_000037,images/test/test_000037.png,Which object is nearest from the blue circle?,green triangle,nearest_farthest,2,test,,"{'anchor': 'obj_3', 'target': 'obj_1', 'relation': 'nearest'}",red triangle,green triangle,red triangle,False,0.041048540625013175,distance_reasoning_error
test_000037_q04,test_000037,images/test/test_000037.png,Which object is both above the blue circle and left of the blue rectangle?,green triangle,multi_hop,4,test,,"{'anchors': ['obj_3', 'obj_4'], 'target': 'obj_1', 'relations': ['above', 'left of']}",green triangle,green triangle,green triangle,True,0.041048540625013175,
test_000038_q01,test_000038,images/test/test_000038.png,Which object is nearest from the blue rectangle?,blue circle,nearest_farthest,2,test,,"{'anchor': 'obj_1', 'target': 'obj_2', 'relation': 'nearest'}",blue rectangle,blue circle,blue rectangle,False,0.04118792150001127,distance_reasoning_error
test_000038_q02,test_000038,images/test/test_000038.png,"Which object is closer to the center of the image, the blue rectangle or the blue circle?",blue circle,center_proximity,2,test,,"{'objects': ['obj_1', 'obj_2'], 'target': 'obj_2', 'relation': 'center_proximity'}",blue circle,blue circle,blue circle,True,0.04118792150001127,
test_000038_q03,test_000038,images/test/test_000038.png,Is the blue rectangle completely inside the green triangle? Answer yes or no.,no,inside_outside,2,test,,"{'objects': ['obj_1', 'obj_4'], 'relation': 'inside'}",no,no,no,True,0.04118792150001127,
test_000038_q04,test_000038,images/test/test_000038.png,How many triangle objects are in the image?,2,counting,1,test,,{'filter': {'shape': 'triangle'}},1,2,1,False,0.04118792150001127,counting_error
test_000039_q01,test_000039,images/test/test_000039.png,Which object is between the yellow triangle and the yellow rectangle?,green circle,between,3,test,,"{'objects': ['obj_1', 'obj_2'], 'target': 'obj_3', 'relation': 'between'}",blue rectangle,green circle,blue rectangle,False,0.04118792150001127,object_confusion
test_000039_q02,test_000039,images/test/test_000039.png,Is the yellow triangle completely inside the yellow rectangle? Answer yes or no.,no,inside_outside,2,test,,"{'objects': ['obj_1', 'obj_2'], 'relation': 'inside'}",no,no,no,True,0.04118792150001127,
test_000039_q03,test_000039,images/test/test_000039.png,Which object is both below the yellow rectangle and right of the blue rectangle?,green circle,multi_hop,4,test,,"{'anchors': ['obj_2', 'obj_4'], 'target': 'obj_3', 'relations': ['below', 'right of']}",green circle,green circle,green circle,True,0.04118792150001127,
test_000039_q04,test_000039,images/test/test_000039.png,Which object is immediately below the yellow rectangle?,blue rectangle,above_below,2,test,,"{'anchor': 'obj_2', 'target': 'obj_4', 'relation': 'below'}",blue rectangle,blue rectangle,blue rectangle,True,0.04118792150001127,
test_000040_q01,test_000040,images/test/test_000040.png,Which object is both right of the yellow circle and below the green circle?,blue circle,multi_hop,4,test,,"{'anchors': ['obj_1', 'obj_3'], 'target': 'obj_2', 'relations': ['right of', 'below']}",blue circle,blue circle,blue circle,True,0.0418538215000126,
test_000040_q02,test_000040,images/test/test_000040.png,Is the blue circle completely inside the green circle? Answer yes or no.,no,inside_outside,2,test,,"{'objects': ['obj_2', 'obj_3'], 'relation': 'inside'}",no,no,no,True,0.0418538215000126,
test_000040_q03,test_000040,images/test/test_000040.png,Which object is immediately left of the blue circle?,green circle,left_right,2,test,,"{'anchor': 'obj_2', 'target': 'obj_3', 'relation': 'left'}",yellow circle,green circle,yellow circle,False,0.0418538215000126,spatial_inversion
test_000040_q04,test_000040,images/test/test_000040.png,How many objects are left of the yellow circle?,0,counting,2,test,,"{'anchor': 'obj_1', 'relation': 'left'}",2,0,2,False,0.0418538215000126,counting_error
test_000041_q01,test_000041,images/test/test_000041.png,Which object is both above the yellow triangle and below the green rectangle?,blue circle,multi_hop,4,test,,"{'anchors': ['obj_3', 'obj_2'], 'target': 'obj_1', 'relations': ['above', 'below']}",blue circle,blue circle,blue circle,True,0.0418538215000126,
test_000041_q02,test_000041,images/test/test_000041.png,How many circle objects are in the image?,1,counting,1,test,,{'filter': {'shape': 'circle'}},2,1,2,False,0.0418538215000126,counting_error
test_000041_q03,test_000041,images/test/test_000041.png,Which object is farthest from the blue circle?,green rectangle,nearest_farthest,2,test,,"{'anchor': 'obj_1', 'target': 'obj_2', 'relation': 'farthest'}",green square,green rectangle,green square,False,0.0418538215000126,distance_reasoning_error
test_000041_q04,test_000041,images/test/test_000041.png,Which object is the topmost in the image?,green rectangle,relative_ordering,2,test,,"{'target': 'obj_2', 'relation': 'topmost'}",green rectangle,green rectangle,green rectangle,True,0.0418538215000126,
test_000042_q01,test_000042,images/test/test_000042.png,Which object is nearest from the green triangle?,green rectangle,nearest_farthest,2,test,,"{'anchor': 'obj_3', 'target': 'obj_2', 'relation': 'nearest'}",red circle,green rectangle,red circle,False,0.04188964637501158,distance_reasoning_error
test_000042_q02,test_000042,images/test/test_000042.png,"Which object is smaller, the green rectangle or the yellow rectangle?",yellow rectangle,relative_size,2,test,,"{'objects': ['obj_2', 'obj_4'], 'target': 'obj_4', 'relation': 'smaller'}",green rectangle,yellow rectangle,green rectangle,False,0.04188964637501158,object_confusion
test_000042_q03,test_000042,images/test/test_000042.png,Which object is the leftmost in the image?,yellow triangle,relative_ordering,2,test,,"{'target': 'obj_1', 'relation': 'leftmost'}",square,yellow triangle,square,False,0.04188964637501158,spatial_inversion
test_000042_q04,test_000042,images/test/test_000042.png,Which object is between the yellow rectangle and the green triangle?,green rectangle,between,3,test,,"{'objects': ['obj_4', 'obj_3'], 'target': 'obj_2', 'relation': 'between'}",green rectangle,green rectangle,green rectangle,True,0.04188964637501158,
test_000043_q01,test_000043,images/test/test_000043.png,"Which object is closer to the center of the image, the green rectangle or the yellow rectangle?",yellow rectangle,center_proximity,2,test,,"{'objects': ['obj_1', 'obj_3'], 'target': 'obj_3', 'relation': 'center_proximity'}",yellow rectangle,yellow rectangle,yellow rectangle,True,0.04188964637501158,
test_000043_q02,test_000043,images/test/test_000043.png,How many objects are above the green rectangle?,0,counting,2,test,,"{'anchor': 'obj_1', 'relation': 'above'}",2,0,2,False,0.04188964637501158,counting_error
test_000043_q03,test_000043,images/test/test_000043.png,Which object is the bottommost in the image?,yellow rectangle,relative_ordering,2,test,,"{'target': 'obj_3', 'relation': 'bottommost'}",yellow rectangle,yellow rectangle,yellow rectangle,True,0.04188964637501158,
test_000043_q04,test_000043,images/test/test_000043.png,Which object is immediately above the blue rectangle?,red triangle,above_below,2,test,,"{'anchor': 'obj_4', 'target': 'obj_2', 'relation': 'above'}",green rectangle,red triangle,green rectangle,False,0.04188964637501158,spatial_inversion
test_000044_q01,test_000044,images/test/test_000044.png,How many blue objects are in the image?,1,counting,1,test,,{'filter': {'color': 'blue'}},1,1,1,True,0.040468023875007475,
test_000044_q02,test_000044,images/test/test_000044.png,"Which object is smaller, the red triangle or the blue circle?",red triangle,relative_size,2,test,,"{'objects': ['obj_1', 'obj_3'], 'target': 'obj_1', 'relation': 'smaller'}",red triangle,red triangle,red triangle,True,0.040468023875007475,
test_000044_q03,test_000044,images/test/test_000044.png,Do the blue circle and the red triangle overlap? Answer yes or no.,no,overlap,2,test,,"{'objects': ['obj_3', 'obj_1'], 'relation': 'overlap'}",no,no,no,True,0.040468023875007475,
test_000044_q04,test_000044,images/test/test_000044.png,Which object is nearest from the green triangle?,red triangle,nearest_farthest,2,test,,"{'anchor': 'obj_2', 'target': 'obj_1', 'relation': 'nearest'}",red triangle,red triangle,red triangle,True,0.040468023875007475,
test_000045_q01,test_000045,images/test/test_000045.png,Do the blue triangle and the green triangle overlap? Answer yes or no.,no,overlap,2,test,,"{'objects': ['obj_3', 'obj_2'], 'relation': 'overlap'}",no,no,no,True,0.040468023875007475,
test_000045_q02,test_000045,images/test/test_000045.png,Which object is immediately right of the blue rectangle?,red circle,left_right,2,test,,"{'anchor': 'obj_5', 'target': 'obj_4', 'relation': 'right'}",red circle,red circle,red circle,True,0.040468023875007475,
test_000045_q03,test_000045,images/test/test_000045.png,Which object is both above the green triangle and right of the blue triangle?,blue rectangle,multi_hop,4,test,,"{'anchors': ['obj_2', 'obj_3'], 'target': 'obj_5', 'relations': ['above', 'right of']}",red circle,blue rectangle,red circle,False,0.040468023875007475,relation_chain_failure
test_000045_q04,test_000045,images/test/test_000045.png,Which object is the bottommost in the image?,blue triangle,relative_ordering,2,test,,"{'target': 'obj_3', 'relation': 'bottommost'}",blue triangle,blue triangle,blue triangle,True,0.040468023875007475,
test_000046_q01,test_000046,images/test/test_000046.png,Which object is between the blue circle and the blue rectangle?,green circle,between,3,test,,"{'objects': ['obj_1', 'obj_5'], 'target': 'obj_2', 'relation': 'between'}",green circle,green circle,green circle,True,0.04114147449996608,
test_000046_q02,test_000046,images/test/test_000046.png,Is the yellow circle completely inside the green circle? Answer yes or no.,no,inside_outside,2,test,,"{'objects': ['obj_3', 'obj_2'], 'relation': 'inside'}",no,no,no,True,0.04114147449996608,
test_000046_q03,test_000046,images/test/test_000046.png,Which object is nearest from the yellow circle?,green circle,nearest_farthest,2,test,,"{'anchor': 'obj_3', 'target': 'obj_2', 'relation': 'nearest'}",green circle,green circle,green circle,True,0.04114147449996608,
test_000046_q04,test_000046,images/test/test_000046.png,Which object is both left of the green circle and below the yellow circle?,blue rectangle,multi_hop,4,test,,"{'anchors': ['obj_2', 'obj_3'], 'target': 'obj_5', 'relations': ['left of', 'below']}",blue square,blue rectangle,blue square,False,0.04114147449996608,relation_chain_failure
test_000047_q01,test_000047,images/test/test_000047.png,Which object is nearest from the red circle?,green circle,nearest_farthest,2,test,,"{'anchor': 'obj_1', 'target': 'obj_4', 'relation': 'nearest'}",blue triangle,green circle,blue triangle,False,0.04114147449996608,distance_reasoning_error
test_000047_q02,test_000047,images/test/test_000047.png,"Which object is closer to the center of the image, the red circle or the green circle?",red circle,center_proximity,2,test,,"{'objects': ['obj_1', 'obj_4'], 'target': 'obj_1', 'relation': 'center_proximity'}",red circle,red circle,red circle,True,0.04114147449996608,
test_000047_q03,test_000047,images/test/test_000047.png,Is the red circle completely inside the blue triangle? Answer yes or no.,no,inside_outside,2,test,,"{'objects': ['obj_1', 'obj_2'], 'relation': 'inside'}",no,no,no,True,0.04114147449996608,
test_000047_q04,test_000047,images/test/test_000047.png,How many triangle objects are in the image?,2,counting,1,test,,{'filter': {'shape': 'triangle'}},2,2,2,True,0.04114147449996608,
test_000048_q01,test_000048,images/test/test_000048.png,Which object is immediately right of the green rectangle?,blue rectangle,left_right,2,test,,"{'anchor': 'obj_1', 'target': 'obj_3', 'relation': 'right'}",triangle,blue rectangle,triangle,False,0.04151877012498062,spatial_inversion
test_000048_q02,test_000048,images/test/test_000048.png,Is the green rectangle completely inside the blue rectangle? Answer yes or no.,no,inside_outside,2,test,,"{'objects': ['obj_1', 'obj_3'], 'relation': 'inside'}",no,no,no,True,0.04151877012498062,
test_000048_q03,test_000048,images/test/test_000048.png,Which object is both right of the green rectangle and below the blue rectangle?,blue triangle,multi_hop,4,test,,"{'anchors': ['obj_1', 'obj_3'], 'target': 'obj_2', 'relations': ['right of', 'below']}",triangle,blue triangle,triangle,False,0.04151877012498062,relation_chain_failure
test_000048_q04,test_000048,images/test/test_000048.png,Do the blue triangle and the blue rectangle overlap? Answer yes or no.,no,overlap,2,test,,"{'objects': ['obj_2', 'obj_3'], 'relation': 'overlap'}",no,no,no,True,0.04151877012498062,
test_000049_q01,test_000049,images/test/test_000049.png,"Which object is larger, the red rectangle or the blue circle?",blue circle,relative_size,2,test,,"{'objects': ['obj_5', 'obj_1'], 'target': 'obj_1', 'relation': 'larger'}",red rectangle,blue circle,red rectangle,False,0.04151877012498062,object_confusion
test_000049_q02,test_000049,images/test/test_000049.png,Which object is between the green circle and the red rectangle?,blue circle,between,3,test,,"{'objects': ['obj_2', 'obj_5'], 'target': 'obj_1', 'relation': 'between'}",blue triangle,blue circle,blue triangle,False,0.04151877012498062,object_confusion
test_000049_q03,test_000049,images/test/test_000049.png,Which object is both right of the blue circle and left of the blue rectangle?,red rectangle,multi_hop,4,test,,"{'anchors': ['obj_1', 'obj_4'], 'target': 'obj_5', 'relations': ['right of', 'left of']}",red square,red rectangle,red square,False,0.04151877012498062,relation_chain_failure
test_000049_q04,test_000049,images/test/test_000049.png,"Which object is closer to the center of the image, the blue rectangle or the red rectangle?",blue rectangle,center_proximity,2,test,,"{'objects': ['obj_4', 'obj_5'], 'target': 'obj_4', 'relation': 'center_proximity'}",blue rectangle,blue rectangle,blue rectangle,True,0.04151877012498062,
test_000050_q01,test_000050,images/test/test_000050.png,Which object is immediately right of the red circle?,green triangle,left_right,2,test,,"{'anchor': 'obj_2', 'target': 'obj_4', 'relation': 'right'}",green square,green triangle,green square,False,0.04094640837502084,spatial_inversion
test_000050_q02,test_000050,images/test/test_000050.png,Which object is both left of the green triangle and below the yellow triangle?,red circle,multi_hop,4,test,,"{'anchors': ['obj_4', 'obj_5'], 'target': 'obj_2', 'relations': ['left of', 'below']}",red circle,red circle,red circle,True,0.04094640837502084,
test_000050_q03,test_000050,images/test/test_000050.png,Which object is immediately above the yellow triangle?,green circle,above_below,2,test,,"{'anchor': 'obj_5', 'target': 'obj_3', 'relation': 'above'}",green circle,green circle,green circle,True,0.04094640837502084,
test_000050_q04,test_000050,images/test/test_000050.png,How many rectangle objects are in the image?,1,counting,1,test,,{'filter': {'shape': 'rectangle'}},1,1,1,True,0.04094640837502084,
test_000051_q01,test_000051,images/test/test_000051.png,Which object is nearest from the yellow triangle?,blue circle,nearest_farthest,2,test,,"{'anchor': 'obj_3', 'target': 'obj_2', 'relation': 'nearest'}",red circle,blue circle,red circle,False,0.04094640837502084,distance_reasoning_error
test_000051_q02,test_000051,images/test/test_000051.png,"Which object is smaller, the blue circle or the green triangle?",blue circle,relative_size,2,test,,"{'objects': ['obj_2', 'obj_4'], 'target': 'obj_2', 'relation': 'smaller'}",blue circle,blue circle,blue circle,True,0.04094640837502084,
test_000051_q03,test_000051,images/test/test_000051.png,Which object is the leftmost in the image?,red circle,relative_ordering,2,test,,"{'target': 'obj_1', 'relation': 'leftmost'}",red circle,red circle,red circle,True,0.04094640837502084,
test_000051_q04,test_000051,images/test/test_000051.png,Which object is between the green triangle and the red circle?,blue circle,between,3,test,,"{'objects': ['obj_4', 'obj_1'], 'target': 'obj_2', 'relation': 'between'}",blue circle,blue circle,blue circle,True,0.04094640837502084,
test_000052_q01,test_000052,images/test/test_000052.png,"Which object is closer to the center of the image, the yellow rectangle or the green triangle?",yellow rectangle,center_proximity,2,test,,"{'objects': ['obj_1', 'obj_3'], 'target': 'obj_1', 'relation': 'center_proximity'}",yellow rectangle,yellow rectangle,yellow rectangle,True,0.04148006812499716,
test_000052_q02,test_000052,images/test/test_000052.png,How many yellow objects are in the image?,1,counting,1,test,,{'filter': {'color': 'yellow'}},1,1,1,True,0.04148006812499716,
test_000052_q03,test_000052,images/test/test_000052.png,Which object is the bottommost in the image?,green triangle,relative_ordering,2,test,,"{'target': 'obj_3', 'relation': 'bottommost'}",green triangle,green triangle,green triangle,True,0.04148006812499716,
test_000052_q04,test_000052,images/test/test_000052.png,Which object is immediately above the green circle?,blue triangle,above_below,2,test,,"{'anchor': 'obj_5', 'target': 'obj_2', 'relation': 'above'}",triangle,blue triangle,triangle,False,0.04148006812499716,spatial_inversion
test_000053_q01,test_000053,images/test/test_000053.png,How many blue objects are in the image?,2,counting,1,test,,{'filter': {'color': 'blue'}},1,2,1,False,0.04148006812499716,counting_error
test_000053_q02,test_000053,images/test/test_000053.png,"Which object is smaller, the yellow rectangle or the red circle?",red circle,relative_size,2,test,,"{'objects': ['obj_2', 'obj_1'], 'target': 'obj_1', 'relation': 'smaller'}",yellow rectangle,red circle,yellow rectangle,False,0.04148006812499716,object_confusion
test_000053_q03,test_000053,images/test/test_000053.png,Do the red circle and the yellow rectangle overlap? Answer yes or no.,no,overlap,2,test,,"{'objects': ['obj_1', 'obj_2'], 'relation': 'overlap'}",no,no,no,True,0.04148006812499716,
test_000053_q04,test_000053,images/test/test_000053.png,Which object is farthest from the yellow rectangle?,red circle,nearest_farthest,2,test,,"{'anchor': 'obj_2', 'target': 'obj_1', 'relation': 'farthest'}",blue circle,red circle,blue circle,False,0.04148006812499716,distance_reasoning_error
test_000054_q01,test_000054,images/test/test_000054.png,Do the red circle and the yellow triangle overlap? Answer yes or no.,no,overlap,2,test,,"{'objects': ['obj_3', 'obj_2'], 'relation': 'overlap'}",no,no,no,True,0.040051248875045076,
test_000054_q02,test_000054,images/test/test_000054.png,Which object is both below the yellow triangle and above the yellow circle?,red rectangle,multi_hop,4,test,,"{'anchors': ['obj_2', 'obj_5'], 'target': 'obj_4', 'relations': ['below', 'above']}",red circle,red rectangle,red circle,False,0.040051248875045076,relation_chain_failure
test_000054_q03,test_000054,images/test/test_000054.png,Which object is the topmost in the image?,green circle,relative_ordering,2,test,,"{'target': 'obj_1', 'relation': 'topmost'}",triangle,green circle,triangle,False,0.040051248875045076,spatial_inversion
test_000054_q04,test_000054,images/test/test_000054.png,Which object is farthest from the red rectangle?,green circle,nearest_farthest,2,test,,"{'anchor': 'obj_4', 'target': 'obj_1', 'relation': 'farthest'}",yellow circle,green circle,yellow circle,False,0.040051248875045076,distance_reasoning_error
test_000055_q01,test_000055,images/test/test_000055.png,Which object is between the blue rectangle and the red rectangle?,red circle,between,3,test,,"{'objects': ['obj_1', 'obj_2'], 'target': 'obj_3', 'relation': 'between'}",red circle,red circle,red circle,True,0.040051248875045076,
test_000055_q02,test_000055,images/test/test_000055.png,Is the red circle completely inside the blue rectangle? Answer yes or no.,no,inside_outside,2,test,,"{'objects': ['obj_3', 'obj_1'], 'relation': 'inside'}",no,no,no,True,0.040051248875045076,
test_000055_q03,test_000055,images/test/test_000055.png,Which object is farthest from the green rectangle?,blue rectangle,nearest_farthest,2,test,,"{'anchor': 'obj_4', 'target': 'obj_1', 'relation': 'farthest'}",red rectangle,blue rectangle,red rectangle,False,0.040051248875045076,distance_reasoning_error
test_000055_q04,test_000055,images/test/test_000055.png,Which object is both above the red circle and left of the green rectangle?,red rectangle,multi_hop,4,test,,"{'anchors': ['obj_3', 'obj_4'], 'target': 'obj_2', 'relations': ['above', 'left of']}",blue rectangle,red rectangle,blue rectangle,False,0.040051248875045076,relation_chain_failure
test_000056_q01,test_000056,images/test/test_000056.png,Which object is nearest from the green rectangle?,red circle,nearest_farthest,2,test,,"{'anchor': 'obj_1', 'target': 'obj_4', 'relation': 'nearest'}",red circle,red circle,red circle,True,0.04118557500004272,
test_000056_q02,test_000056,images/test/test_000056.png,"Which object is closer to the center of the image, the green rectangle or the red circle?",green rectangle,center_proximity,2,test,,"{'objects': ['obj_1', 'obj_4'], 'target': 'obj_1', 'relation': 'center_proximity'}",red circle,green rectangle,red circle,False,0.04118557500004272,distance_reasoning_error
test_000056_q03,test_000056,images/test/test_000056.png,Is the green rectangle completely inside the green triangle? Answer yes or no.,no,inside_outside,2,test,,"{'objects': ['obj_1', 'obj_2'], 'relation': 'inside'}",no,no,no,True,0.04118557500004272,
test_000056_q04,test_000056,images/test/test_000056.png,How many triangle objects are in the image?,2,counting,1,test,,{'filter': {'shape': 'triangle'}},1,2,1,False,0.04118557500004272,counting_error
test_000057_q01,test_000057,images/test/test_000057.png,Which object is between the red circle and the yellow triangle?,red rectangle,between,3,test,,"{'objects': ['obj_4', 'obj_1'], 'target': 'obj_2', 'relation': 'between'}",red square,red rectangle,red square,False,0.04118557500004272,other
test_000057_q02,test_000057,images/test/test_000057.png,Is the green rectangle completely inside the yellow triangle? Answer yes or no.,no,inside_outside,2,test,,"{'objects': ['obj_5', 'obj_1'], 'relation': 'inside'}",no,no,no,True,0.04118557500004272,
test_000057_q03,test_000057,images/test/test_000057.png,Which object is both below the green rectangle and above the red triangle?,yellow triangle,multi_hop,4,test,,"{'anchors': ['obj_5', 'obj_3'], 'target': 'obj_1', 'relations': ['below', 'above']}",red rectangle,yellow triangle,red rectangle,False,0.04118557500004272,relation_chain_failure
test_000057_q04,test_000057,images/test/test_000057.png,Which object is immediately below the yellow triangle?,red triangle,above_below,2,test,,"{'anchor': 'obj_1', 'target': 'obj_3', 'relation': 'below'}",red square,red triangle,red square,False,0.04118557500004272,spatial_inversion
test_000058_q01,test_000058,images/test/test_000058.png,"Which object is larger, the yellow circle or the red circle?",red circle,relative_size,2,test,,"{'objects': ['obj_5', 'obj_1'], 'target': 'obj_1', 'relation': 'larger'}",yellow circle,red circle,yellow circle,False,0.040190153375021964,object_confusion
test_000058_q02,test_000058,images/test/test_000058.png,Which object is between the red circle and the yellow rectangle?,yellow circle,between,3,test,,"{'objects': ['obj_1', 'obj_2'], 'target': 'obj_5', 'relation': 'between'}",green triangle,yellow circle,green triangle,False,0.040190153375021964,object_confusion
test_000058_q03,test_000058,images/test/test_000058.png,Which object is both right of the green triangle and above the red circle?,yellow circle,multi_hop,4,test,,"{'anchors': ['obj_3', 'obj_1'], 'target': 'obj_5', 'relations': ['right of', 'above']}",yellow circle,yellow circle,yellow circle,True,0.040190153375021964,
test_000058_q04,test_000058,images/test/test_000058.png,"Which object is closer to the center of the image, the yellow circle or the green rectangle?",green rectangle,center_proximity,2,test,,"{'objects': ['obj_5', 'obj_4'], 'target': 'obj_4', 'relation': 'center_proximity'}",yellow circle,green rectangle,yellow circle,False,0.040190153375021964,distance_reasoning_error
test_000059_q01,test_000059,images/test/test_000059.png,Do the blue rectangle and the yellow circle overlap? Answer yes or no.,no,overlap,2,test,,"{'objects': ['obj_3', 'obj_2'], 'relation': 'overlap'}",no,no,no,True,0.040190153375021964,
test_000059_q02,test_000059,images/test/test_000059.png,"Which object is closer to the center of the image, the blue rectangle or the yellow circle?",yellow circle,center_proximity,2,test,,"{'objects': ['obj_3', 'obj_2'], 'target': 'obj_2', 'relation': 'center_proximity'}",yellow circle,yellow circle,yellow circle,True,0.040190153375021964,
test_000059_q03,test_000059,images/test/test_000059.png,Is the blue rectangle completely inside the red circle? Answer yes or no.,no,inside_outside,2,test,,"{'objects': ['obj_3', 'obj_1'], 'relation': 'inside'}",no,no,no,True,0.040190153375021964,
test_000059_q04,test_000059,images/test/test_000059.png,How many circle objects are in the image?,2,counting,1,test,,{'filter': {'shape': 'circle'}},2,2,2,True,0.040190153375021964,
test_000060_q01,test_000060,images/test/test_000060.png,Which object is nearest from the green rectangle?,yellow rectangle,nearest_farthest,2,test,,"{'anchor': 'obj_2', 'target': 'obj_3', 'relation': 'nearest'}",yellow circle,yellow rectangle,yellow circle,False,0.04081373487503015,distance_reasoning_error
test_000060_q02,test_000060,images/test/test_000060.png,"Which object is smaller, the yellow circle or the green rectangle?",yellow circle,relative_size,2,test,,"{'objects': ['obj_1', 'obj_2'], 'target': 'obj_1', 'relation': 'smaller'}",green rectangle,yellow circle,green rectangle,False,0.04081373487503015,object_confusion
test_000060_q03,test_000060,images/test/test_000060.png,Which object is the leftmost in the image?,yellow rectangle,relative_ordering,2,test,,"{'target': 'obj_3', 'relation': 'leftmost'}",green rectangle,yellow rectangle,green rectangle,False,0.04081373487503015,spatial_inversion
test_000060_q04,test_000060,images/test/test_000060.png,Is the yellow circle completely inside the yellow rectangle? Answer yes or no.,no,inside_outside,2,test,,"{'objects': ['obj_1', 'obj_3'], 'relation': 'inside'}",no,no,no,True,0.04081373487503015,
test_000061_q01,test_000061,images/test/test_000061.png,"Which object is closer to the center of the image, the blue circle or the blue rectangle?",blue circle,center_proximity,2,test,,"{'objects': ['obj_1', 'obj_2'], 'target': 'obj_1', 'relation': 'center_proximity'}",blue circle,blue circle,blue circle,True,0.04081373487503015,
test_000061_q02,test_000061,images/test/test_000061.png,How many red objects are in the image?,1,counting,1,test,,{'filter': {'color': 'red'}},1,1,1,True,0.04081373487503015,
test_000061_q03,test_000061,images/test/test_000061.png,Which object is the bottommost in the image?,blue circle,relative_ordering,2,test,,"{'target': 'obj_1', 'relation': 'bottommost'}",blue circle,blue circle,blue circle,True,0.04081373487503015,
test_000061_q04,test_000061,images/test/test_000061.png,Which object is immediately above the red circle?,blue rectangle,above_below,2,test,,"{'anchor': 'obj_3', 'target': 'obj_2', 'relation': 'above'}",blue rectangle,blue rectangle,blue rectangle,True,0.04081373487503015,
test_000062_q01,test_000062,images/test/test_000062.png,How many blue objects are in the image?,1,counting,1,test,,{'filter': {'color': 'blue'}},1,1,1,True,0.042361835375004375,
test_000062_q02,test_000062,images/test/test_000062.png,"Which object is smaller, the blue rectangle or the green circle?",green circle,relative_size,2,test,,"{'objects': ['obj_1', 'obj_3'], 'target': 'obj_3', 'relation': 'smaller'}",blue rectangle,green circle,blue rectangle,False,0.042361835375004375,object_confusion
test_000062_q03,test_000062,images/test/test_000062.png,Do the green circle and the blue rectangle overlap? Answer yes or no.,no,overlap,2,test,,"{'objects': ['obj_3', 'obj_1'], 'relation': 'overlap'}",no,no,no,True,0.042361835375004375,
test_000062_q04,test_000062,images/test/test_000062.png,Which object is nearest from the yellow circle?,blue rectangle,nearest_farthest,2,test,,"{'anchor': 'obj_2', 'target': 'obj_1', 'relation': 'nearest'}",blue rectangle,blue rectangle,blue rectangle,True,0.042361835375004375,
test_000063_q01,test_000063,images/test/test_000063.png,Do the green rectangle and the green triangle overlap? Answer yes or no.,no,overlap,2,test,,"{'objects': ['obj_3', 'obj_1'], 'relation': 'overlap'}",no,no,no,True,0.042361835375004375,
test_000063_q02,test_000063,images/test/test_000063.png,Which object is immediately right of the blue circle?,green rectangle,left_right,2,test,,"{'anchor': 'obj_4', 'target': 'obj_3', 'relation': 'right'}",green rectangle,green rectangle,green rectangle,True,0.042361835375004375,
test_000063_q03,test_000063,images/test/test_000063.png,Which object is both left of the green rectangle and above the red circle?,blue circle,multi_hop,4,test,,"{'anchors': ['obj_3', 'obj_2'], 'target': 'obj_4', 'relations': ['left of', 'above']}",blue circle,blue circle,blue circle,True,0.042361835375004375,
test_000063_q04,test_000063,images/test/test_000063.png,Which object is the rightmost in the image?,green triangle,relative_ordering,2,test,,"{'target': 'obj_1', 'relation': 'rightmost'}",red circle,green triangle,red circle,False,0.042361835375004375,spatial_inversion
test_000064_q01,test_000064,images/test/test_000064.png,Which object is between the red circle and the red rectangle?,blue rectangle,between,3,test,,"{'objects': ['obj_4', 'obj_5'], 'target': 'obj_2', 'relation': 'between'}",blue circle,blue rectangle,blue circle,False,0.04108160224996027,object_confusion
test_000064_q02,test_000064,images/test/test_000064.png,Is the green triangle completely inside the blue rectangle? Answer yes or no.,no,inside_outside,2,test,,"{'objects': ['obj_3', 'obj_2'], 'relation': 'inside'}",no,no,no,True,0.04108160224996027,
test_000064_q03,test_000064,images/test/test_000064.png,Which object is nearest from the green triangle?,red circle,nearest_farthest,2,test,,"{'anchor': 'obj_3', 'target': 'obj_4', 'relation': 'nearest'}",red circle,red circle,red circle,True,0.04108160224996027,
test_000064_q04,test_000064,images/test/test_000064.png,Which object is both right of the red circle and above the red rectangle?,blue rectangle,multi_hop,4,test,,"{'anchors': ['obj_4', 'obj_5'], 'target': 'obj_2', 'relations': ['right of', 'above']}",green triangle,blue rectangle,green triangle,False,0.04108160224996027,relation_chain_failure
test_000065_q01,test_000065,images/test/test_000065.png,Which object is nearest from the blue triangle?,red rectangle,nearest_farthest,2,test,,"{'anchor': 'obj_1', 'target': 'obj_3', 'relation': 'nearest'}",red rectangle,red rectangle,red rectangle,True,0.04108160224996027,
test_000065_q02,test_000065,images/test/test_000065.png,"Which object is closer to the center of the image, the blue triangle or the red rectangle?",red rectangle,center_proximity,2,test,,"{'objects': ['obj_1', 'obj_3'], 'target': 'obj_3', 'relation': 'center_proximity'}",red rectangle,red rectangle,red rectangle,True,0.04108160224996027,
test_000065_q03,test_000065,images/test/test_000065.png,Is the blue triangle completely inside the yellow circle? Answer yes or no.,no,inside_outside,2,test,,"{'objects': ['obj_1', 'obj_2'], 'relation': 'inside'}",no,no,no,True,0.04108160224996027,
test_000065_q04,test_000065,images/test/test_000065.png,How many triangle objects are in the image?,1,counting,1,test,,{'filter': {'shape': 'triangle'}},1,1,1,True,0.04108160224996027,
test_000066_q01,test_000066,images/test/test_000066.png,Which object is immediately right of the yellow circle?,yellow rectangle,left_right,2,test,,"{'anchor': 'obj_1', 'target': 'obj_3', 'relation': 'right'}",green rectangle,yellow rectangle,green rectangle,False,0.04108175275001713,spatial_inversion
test_000066_q02,test_000066,images/test/test_000066.png,Is the yellow circle completely inside the yellow rectangle? Answer yes or no.,no,inside_outside,2,test,,"{'objects': ['obj_1', 'obj_3'], 'relation': 'inside'}",yes,no,yes,False,0.04108175275001713,relation_error
test_000066_q03,test_000066,images/test/test_000066.png,Which object is both right of the yellow circle and below the yellow rectangle?,green rectangle,multi_hop,4,test,,"{'anchors': ['obj_1', 'obj_3'], 'target': 'obj_2', 'relations': ['right of', 'below']}",green rectangle,green rectangle,green rectangle,True,0.04108175275001713,
test_000066_q04,test_000066,images/test/test_000066.png,Which object is immediately below the yellow circle?,green rectangle,above_below,2,test,,"{'anchor': 'obj_1', 'target': 'obj_2', 'relation': 'below'}",green rectangle,green rectangle,green rectangle,True,0.04108175275001713,
test_000067_q01,test_000067,images/test/test_000067.png,"Which object is larger, the yellow triangle or the red circle?",red circle,relative_size,2,test,,"{'objects': ['obj_1', 'obj_4'], 'target': 'obj_4', 'relation': 'larger'}",red circle,red circle,red circle,True,0.04108175275001713,
test_000067_q02,test_000067,images/test/test_000067.png,Which object is between the green rectangle and the yellow circle?,yellow triangle,between,3,test,,"{'objects': ['obj_2', 'obj_3'], 'target': 'obj_1', 'relation': 'between'}",triangle,yellow triangle,triangle,False,0.04108175275001713,object_confusion
test_000067_q03,test_000067,images/test/test_000067.png,Which object is both left of the green rectangle and above the yellow circle?,red circle,multi_hop,4,test,,"{'anchors': ['obj_2', 'obj_3'], 'target': 'obj_4', 'relations': ['left of', 'above']}",red circle,red circle,red circle,True,0.04108175275001713,
test_000067_q04,test_000067,images/test/test_000067.png,"Which object is closer to the center of the image, the red circle or the yellow triangle?",yellow triangle,center_proximity,2,test,,"{'objects': ['obj_4', 'obj_1'], 'target': 'obj_1', 'relation': 'center_proximity'}",yellow triangle,yellow triangle,yellow triangle,True,0.04108175275001713,
test_000068_q01,test_000068,images/test/test_000068.png,Do the blue circle and the green triangle overlap? Answer yes or no.,no,overlap,2,test,,"{'objects': ['obj_4', 'obj_3'], 'relation': 'overlap'}",no,no,no,True,0.04085232162503871,
test_000068_q02,test_000068,images/test/test_000068.png,"Which object is closer to the center of the image, the red rectangle or the yellow circle?",yellow circle,center_proximity,2,test,,"{'objects': ['obj_2', 'obj_5'], 'target': 'obj_5', 'relation': 'center_proximity'}",yellow circle,yellow circle,yellow circle,True,0.04085232162503871,
test_000068_q03,test_000068,images/test/test_000068.png,Is the yellow rectangle completely inside the yellow circle? Answer yes or no.,no,inside_outside,2,test,,"{'objects': ['obj_1', 'obj_5'], 'relation': 'inside'}",no,no,no,True,0.04085232162503871,
test_000068_q04,test_000068,images/test/test_000068.png,How many rectangle objects are in the image?,2,counting,1,test,,{'filter': {'shape': 'rectangle'}},1,2,1,False,0.04085232162503871,counting_error
test_000069_q01,test_000069,images/test/test_000069.png,"Which object is smaller, the yellow circle or the green rectangle?",green rectangle,relative_size,2,test,,"{'objects': ['obj_3', 'obj_2'], 'target': 'obj_2', 'relation': 'smaller'}",yellow circle,green rectangle,yellow circle,False,0.04085232162503871,object_confusion
test_000069_q02,test_000069,images/test/test_000069.png,Which object is both left of the green rectangle and above the yellow circle?,green circle,multi_hop,4,test,,"{'anchors': ['obj_2', 'obj_3'], 'target': 'obj_1', 'relations': ['left of', 'above']}",green circle,green circle,green circle,True,0.04085232162503871,
test_000069_q03,test_000069,images/test/test_000069.png,How many objects are left of the green circle?,0,counting,2,test,,"{'anchor': 'obj_1', 'relation': 'left'}",1,0,1,False,0.04085232162503871,counting_error
test_000069_q04,test_000069,images/test/test_000069.png,Is the green rectangle completely inside the yellow circle? Answer yes or no.,no,inside_outside,2,test,,"{'objects': ['obj_2', 'obj_3'], 'relation': 'inside'}",no,no,no,True,0.04085232162503871,
test_000070_q01,test_000070,images/test/test_000070.png,"Which object is closer to the center of the image, the red rectangle or the green circle?",green circle,center_proximity,2,test,,"{'objects': ['obj_1', 'obj_2'], 'target': 'obj_2', 'relation': 'center_proximity'}",green circle,green circle,green circle,True,0.041202636624973366,
test_000070_q02,test_000070,images/test/test_000070.png,How many red objects are in the image?,1,counting,1,test,,{'filter': {'color': 'red'}},1,1,1,True,0.041202636624973366,
test_000070_q03,test_000070,images/test/test_000070.png,Which object is the bottommost in the image?,green circle,relative_ordering,2,test,,"{'target': 'obj_2', 'relation': 'bottommost'}",green circle,green circle,green circle,True,0.041202636624973366,
test_000070_q04,test_000070,images/test/test_000070.png,Which object is immediately below the blue triangle?,red rectangle,above_below,2,test,,"{'anchor': 'obj_3', 'target': 'obj_1', 'relation': 'below'}",green circle,red rectangle,green circle,False,0.041202636624973366,spatial_inversion
test_000071_q01,test_000071,images/test/test_000071.png,How many blue objects are in the image?,1,counting,1,test,,{'filter': {'color': 'blue'}},1,1,1,True,0.041202636624973366,
test_000071_q02,test_000071,images/test/test_000071.png,"Which object is smaller, the green rectangle or the red triangle?",green rectangle,relative_size,2,test,,"{'objects': ['obj_1', 'obj_3'], 'target': 'obj_1', 'relation': 'smaller'}",red triangle,green rectangle,red triangle,False,0.041202636624973366,object_confusion
test_000071_q03,test_000071,images/test/test_000071.png,Do the red triangle and the green rectangle overlap? Answer yes or no.,no,overlap,2,test,,"{'objects': ['obj_3', 'obj_1'], 'relation': 'overlap'}",no,no,no,True,0.041202636624973366,
test_000071_q04,test_000071,images/test/test_000071.png,Which object is nearest from the blue circle?,green rectangle,nearest_farthest,2,test,,"{'anchor': 'obj_2', 'target': 'obj_1', 'relation': 'nearest'}",red triangle,green rectangle,red triangle,False,0.041202636624973366,distance_reasoning_error
test_000072_q01,test_000072,images/test/test_000072.png,Do the green rectangle and the red triangle overlap? Answer yes or no.,no,overlap,2,test,,"{'objects': ['obj_3', 'obj_1'], 'relation': 'overlap'}",no,no,no,True,0.04094631949999439,
test_000072_q02,test_000072,images/test/test_000072.png,Which object is immediately right of the yellow rectangle?,blue circle,left_right,2,test,,"{'anchor': 'obj_4', 'target': 'obj_2', 'relation': 'right'}",red triangle,blue circle,red triangle,False,0.04094631949999439,spatial_inversion
test_000072_q03,test_000072,images/test/test_000072.png,Which object is both right of the yellow rectangle and below the blue circle?,green rectangle,multi_hop,4,test,,"{'anchors': ['obj_4', 'obj_2'], 'target': 'obj_3', 'relations': ['right of', 'below']}",green rectangle,green rectangle,green rectangle,True,0.04094631949999439,
test_000072_q04,test_000072,images/test/test_000072.png,Which object is the leftmost in the image?,yellow rectangle,relative_ordering,2,test,,"{'target': 'obj_4', 'relation': 'leftmost'}",blue circle,yellow rectangle,blue circle,False,0.04094631949999439,spatial_inversion
test_000073_q01,test_000073,images/test/test_000073.png,Which object is between the red triangle and the yellow circle?,blue circle,between,3,test,,"{'objects': ['obj_4', 'obj_1'], 'target': 'obj_3', 'relation': 'between'}",blue circle,blue circle,blue circle,True,0.04094631949999439,
test_000073_q02,test_000073,images/test/test_000073.png,Is the blue circle completely inside the yellow circle? Answer yes or no.,no,inside_outside,2,test,,"{'objects': ['obj_3', 'obj_1'], 'relation': 'inside'}",no,no,no,True,0.04094631949999439,
test_000073_q03,test_000073,images/test/test_000073.png,Which object is farthest from the red triangle?,blue rectangle,nearest_farthest,2,test,,"{'anchor': 'obj_4', 'target': 'obj_5', 'relation': 'farthest'}",blue square,blue rectangle,blue square,False,0.04094631949999439,distance_reasoning_error
test_000073_q04,test_000073,images/test/test_000073.png,Which object is both above the red triangle and right of the yellow rectangle?,yellow circle,multi_hop,4,test,,"{'anchors': ['obj_4', 'obj_2'], 'target': 'obj_1', 'relations': ['above', 'right of']}",blue square,yellow circle,blue square,False,0.04094631949999439,relation_chain_failure
test_000074_q01,test_000074,images/test/test_000074.png,Which object is nearest from the green rectangle?,yellow circle,nearest_farthest,2,test,,"{'anchor': 'obj_1', 'target': 'obj_4', 'relation': 'nearest'}",triangle,yellow circle,triangle,False,0.04088651124999387,distance_reasoning_error
test_000074_q02,test_000074,images/test/test_000074.png,"Which object is closer to the center of the image, the green rectangle or the green triangle?",green rectangle,center_proximity,2,test,,"{'objects': ['obj_1', 'obj_2'], 'target': 'obj_1', 'relation': 'center_proximity'}",green triangle,green rectangle,green triangle,False,0.04088651124999387,distance_reasoning_error
test_000074_q03,test_000074,images/test/test_000074.png,Is the green rectangle completely inside the yellow circle? Answer yes or no.,no,inside_outside,2,test,,"{'objects': ['obj_1', 'obj_4'], 'relation': 'inside'}",no,no,no,True,0.04088651124999387,
test_000074_q04,test_000074,images/test/test_000074.png,How many triangle objects are in the image?,2,counting,1,test,,{'filter': {'shape': 'triangle'}},1,2,1,False,0.04088651124999387,counting_error
test_000075_q01,test_000075,images/test/test_000075.png,Which object is immediately right of the red circle?,green rectangle,left_right,2,test,,"{'anchor': 'obj_1', 'target': 'obj_3', 'relation': 'right'}",triangle,green rectangle,triangle,False,0.04088651124999387,spatial_inversion
test_000075_q02,test_000075,images/test/test_000075.png,Is the red triangle completely inside the green circle? Answer yes or no.,no,inside_outside,2,test,,"{'objects': ['obj_4', 'obj_2'], 'relation': 'inside'}",no,no,no,True,0.04088651124999387,
test_000075_q03,test_000075,images/test/test_000075.png,Which object is both below the green circle and left of the green rectangle?,red circle,multi_hop,4,test,,"{'anchors': ['obj_2', 'obj_3'], 'target': 'obj_1', 'relations': ['below', 'left of']}",red circle,red circle,red circle,True,0.04088651124999387,
test_000075_q04,test_000075,images/test/test_000075.png,Which object is immediately above the red triangle?,green circle,above_below,2,test,,"{'anchor': 'obj_4', 'target': 'obj_2', 'relation': 'above'}",red circle,green circle,red circle,False,0.04088651124999387,spatial_inversion
test_000076_q01,test_000076,images/test/test_000076.png,"Which object is larger, the red triangle or the red rectangle?",red triangle,relative_size,2,test,,"{'objects': ['obj_5', 'obj_1'], 'target': 'obj_5', 'relation': 'larger'}",red rectangle,red triangle,red rectangle,False,0.041363386749992515,object_confusion
test_000076_q02,test_000076,images/test/test_000076.png,Which object is between the red rectangle and the yellow rectangle?,yellow circle,between,3,test,,"{'objects': ['obj_1', 'obj_3'], 'target': 'obj_2', 'relation': 'between'}",red circle,yellow circle,red circle,False,0.041363386749992515,object_confusion
test_000076_q03,test_000076,images/test/test_000076.png,Which object is both above the red triangle and left of the green triangle?,red rectangle,multi_hop,4,test,,"{'anchors': ['obj_5', 'obj_4'], 'target': 'obj_1', 'relations': ['above', 'left of']}",red square,red rectangle,red square,False,0.041363386749992515,relation_chain_failure
test_000076_q04,test_000076,images/test/test_000076.png,"Which object is closer to the center of the image, the red rectangle or the red triangle?",red rectangle,center_proximity,2,test,,"{'objects': ['obj_1', 'obj_5'], 'target': 'obj_1', 'relation': 'center_proximity'}",red triangle,red rectangle,red triangle,False,0.041363386749992515,distance_reasoning_error
test_000077_q01,test_000077,images/test/test_000077.png,Do the blue circle and the green triangle overlap? Answer yes or no.,no,overlap,2,test,,"{'objects': ['obj_4', 'obj_3'], 'relation': 'overlap'}",no,no,no,True,0.041363386749992515,
test_000077_q02,test_000077,images/test/test_000077.png,"Which object is closer to the center of the image, the green triangle or the blue circle?",green triangle,center_proximity,2,test,,"{'objects': ['obj_3', 'obj_4'], 'target': 'obj_3', 'relation': 'center_proximity'}",green triangle,green triangle,green triangle,True,0.041363386749992515,
test_000077_q03,test_000077,images/test/test_000077.png,Is the yellow circle completely inside the blue rectangle? Answer yes or no.,no,inside_outside,2,test,,"{'objects': ['obj_2', 'obj_1'], 'relation': 'inside'}",yes,no,yes,False,0.041363386749992515,relation_error
test_000077_q04,test_000077,images/test/test_000077.png,How many blue objects are in the image?,2,counting,1,test,,{'filter': {'color': 'blue'}},2,2,2,True,0.041363386749992515,
test_000078_q01,test_000078,images/test/test_000078.png,"Which object is smaller, the green circle or the blue rectangle?",blue rectangle,relative_size,2,test,,"{'objects': ['obj_4', 'obj_3'], 'target': 'obj_3', 'relation': 'smaller'}",green circle,blue rectangle,green circle,False,0.04082099737496492,object_confusion
test_000078_q02,test_000078,images/test/test_000078.png,Which object is both left of the blue rectangle and above the green triangle?,yellow circle,multi_hop,4,test,,"{'anchors': ['obj_3', 'obj_2'], 'target': 'obj_1', 'relations': ['left of', 'above']}",yellow circle,yellow circle,yellow circle,True,0.04082099737496492,
test_000078_q03,test_000078,images/test/test_000078.png,How many objects are left of the green triangle?,1,counting,2,test,,"{'anchor': 'obj_2', 'relation': 'left'}",1,1,1,True,0.04082099737496492,
test_000078_q04,test_000078,images/test/test_000078.png,Is the blue rectangle completely inside the green triangle? Answer yes or no.,no,inside_outside,2,test,,"{'objects': ['obj_3', 'obj_2'], 'relation': 'inside'}",no,no,no,True,0.04082099737496492,
test_000079_q01,test_000079,images/test/test_000079.png,Do the red circle and the blue circle overlap? Answer yes or no.,no,overlap,2,test,,"{'objects': ['obj_1', 'obj_3'], 'relation': 'overlap'}",no,no,no,True,0.04082099737496492,
test_000079_q02,test_000079,images/test/test_000079.png,How many blue objects are in the image?,1,counting,1,test,,{'filter': {'color': 'blue'}},1,1,1,True,0.04082099737496492,
test_000079_q03,test_000079,images/test/test_000079.png,Which object is the leftmost in the image?,blue circle,relative_ordering,2,test,,"{'target': 'obj_3', 'relation': 'leftmost'}",blue circle,blue circle,blue circle,True,0.04082099737496492,
test_000079_q04,test_000079,images/test/test_000079.png,"Which object is larger, the red circle or the green circle?",red circle,relative_size,2,test,,"{'objects': ['obj_1', 'obj_2'], 'target': 'obj_1', 'relation': 'larger'}",red circle,red circle,red circle,True,0.04082099737496492,
test_000080_q01,test_000080,images/test/test_000080.png,How many green objects are in the image?,2,counting,1,test,,{'filter': {'color': 'green'}},2,2,2,True,0.041989010625002265,
test_000080_q02,test_000080,images/test/test_000080.png,"Which object is smaller, the green triangle or the blue triangle?",blue triangle,relative_size,2,test,,"{'objects': ['obj_2', 'obj_1'], 'target': 'obj_1', 'relation': 'smaller'}",blue triangle,blue triangle,blue triangle,True,0.041989010625002265,
test_000080_q03,test_000080,images/test/test_000080.png,Do the yellow triangle and the blue triangle overlap? Answer yes or no.,no,overlap,2,test,,"{'objects': ['obj_5', 'obj_1'], 'relation': 'overlap'}",no,no,no,True,0.041989010625002265,
test_000080_q04,test_000080,images/test/test_000080.png,Which object is nearest from the red circle?,yellow triangle,nearest_farthest,2,test,,"{'anchor': 'obj_3', 'target': 'obj_5', 'relation': 'nearest'}",red circle,yellow triangle,red circle,False,0.041989010625002265,distance_reasoning_error
test_000081_q01,test_000081,images/test/test_000081.png,Do the red rectangle and the red triangle overlap? Answer yes or no.,no,overlap,2,test,,"{'objects': ['obj_3', 'obj_2'], 'relation': 'overlap'}",no,no,no,True,0.041989010625002265,
test_000081_q02,test_000081,images/test/test_000081.png,Which object is both left of the yellow circle and right of the red rectangle?,yellow triangle,multi_hop,4,test,,"{'anchors': ['obj_4', 'obj_3'], 'target': 'obj_1', 'relations': ['left of', 'right of']}",red rectangle,yellow triangle,red rectangle,False,0.041989010625002265,relation_chain_failure
test_000081_q03,test_000081,images/test/test_000081.png,Which object is the rightmost in the image?,green rectangle,relative_ordering,2,test,,"{'target': 'obj_5', 'relation': 'rightmost'}",green rectangle,green rectangle,green rectangle,True,0.041989010625002265,
test_000081_q04,test_000081,images/test/test_000081.png,Which object is farthest from the red triangle?,red rectangle,nearest_farthest,2,test,,"{'anchor': 'obj_2', 'target': 'obj_3', 'relation': 'farthest'}",red circle,red rectangle,red circle,False,0.041989010625002265,distance_reasoning_error
test_000082_q01,test_000082,images/test/test_000082.png,Is the red circle completely inside the yellow rectangle? Answer yes or no.,no,inside_outside,2,test,,"{'objects': ['obj_3', 'obj_1'], 'relation': 'inside'}",no,no,no,True,0.041262540749983145,
test_000082_q02,test_000082,images/test/test_000082.png,Which object is farthest from the red circle?,blue triangle,nearest_farthest,2,test,,"{'anchor': 'obj_3', 'target': 'obj_2', 'relation': 'farthest'}",blue triangle,blue triangle,blue triangle,True,0.041262540749983145,
test_000082_q03,test_000082,images/test/test_000082.png,Which object is both right of the blue triangle and above the yellow rectangle?,red circle,multi_hop,4,test,,"{'anchors': ['obj_2', 'obj_1'], 'target': 'obj_3', 'relations': ['right of', 'above']}",red circle,red circle,red circle,True,0.041262540749983145,
test_000082_q04,test_000082,images/test/test_000082.png,How many triangle objects are in the image?,1,counting,1,test,,{'filter': {'shape': 'triangle'}},1,1,1,True,0.041262540749983145,
test_000083_q01,test_000083,images/test/test_000083.png,Which object is nearest from the yellow triangle?,red circle,nearest_farthest,2,test,,"{'anchor': 'obj_1', 'target': 'obj_3', 'relation': 'nearest'}",red circle,red circle,red circle,True,0.041262540749983145,
test_000083_q02,test_000083,images/test/test_000083.png,"Which object is closer to the center of the image, the yellow triangle or the red circle?",yellow triangle,center_proximity,2,test,,"{'objects': ['obj_1', 'obj_3'], 'target': 'obj_1', 'relation': 'center_proximity'}",red circle,yellow triangle,red circle,False,0.041262540749983145,distance_reasoning_error
test_000083_q03,test_000083,images/test/test_000083.png,Is the yellow triangle completely inside the green triangle? Answer yes or no.,no,inside_outside,2,test,,"{'objects': ['obj_1', 'obj_2'], 'relation': 'inside'}",no,no,no,True,0.041262540749983145,
test_000083_q04,test_000083,images/test/test_000083.png,How many triangle objects are in the image?,2,counting,1,test,,{'filter': {'shape': 'triangle'}},1,2,1,False,0.041262540749983145,counting_error
test_000084_q01,test_000084,images/test/test_000084.png,Which object is immediately right of the yellow circle?,red rectangle,left_right,2,test,,"{'anchor': 'obj_1', 'target': 'obj_4', 'relation': 'right'}",square,red rectangle,square,False,0.041196157000001676,spatial_inversion
test_000084_q02,test_000084,images/test/test_000084.png,Is the red rectangle completely inside the red triangle? Answer yes or no.,no,inside_outside,2,test,,"{'objects': ['obj_4', 'obj_2'], 'relation': 'inside'}",no,no,no,True,0.041196157000001676,
test_000084_q03,test_000084,images/test/test_000084.png,Which object is both right of the red triangle and left of the yellow rectangle?,red rectangle,multi_hop,4,test,,"{'anchors': ['obj_2', 'obj_3'], 'target': 'obj_4', 'relations': ['right of', 'left of']}",yellow rectangle,red rectangle,yellow rectangle,False,0.041196157000001676,relation_chain_failure
test_000084_q04,test_000084,images/test/test_000084.png,Which object is immediately above the red triangle?,red rectangle,above_below,2,test,,"{'anchor': 'obj_2', 'target': 'obj_4', 'relation': 'above'}",yellow rectangle,red rectangle,yellow rectangle,False,0.041196157000001676,spatial_inversion
test_000085_q01,test_000085,images/test/test_000085.png,"Which object is larger, the yellow circle or the red triangle?",red triangle,relative_size,2,test,,"{'objects': ['obj_5', 'obj_1'], 'target': 'obj_1', 'relation': 'larger'}",yellow circle,red triangle,yellow circle,False,0.041196157000001676,object_confusion
test_000085_q02,test_000085,images/test/test_000085.png,Which object is between the green rectangle and the green triangle?,red triangle,between,3,test,,"{'objects': ['obj_2', 'obj_4'], 'target': 'obj_1', 'relation': 'between'}",red triangle,red triangle,red triangle,True,0.041196157000001676,
test_000085_q03,test_000085,images/test/test_000085.png,Which object is both right of the red triangle and left of the green triangle?,yellow rectangle,multi_hop,4,test,,"{'anchors': ['obj_1', 'obj_4'], 'target': 'obj_3', 'relations': ['right of', 'left of']}",yellow circle,yellow rectangle,yellow circle,False,0.041196157000001676,relation_chain_failure
test_000085_q04,test_000085,images/test/test_000085.png,"Which object is closer to the center of the image, the green triangle or the yellow circle?",yellow circle,center_proximity,2,test,,"{'objects': ['obj_4', 'obj_5'], 'target': 'obj_5', 'relation': 'center_proximity'}",yellow circle,yellow circle,yellow circle,True,0.041196157000001676,
test_000086_q01,test_000086,images/test/test_000086.png,Do the blue triangle and the yellow rectangle overlap? Answer yes or no.,no,overlap,2,test,,"{'objects': ['obj_4', 'obj_3'], 'relation': 'overlap'}",no,no,no,True,0.04113857175002522,
test_000086_q02,test_000086,images/test/test_000086.png,"Which object is closer to the center of the image, the red circle or the yellow circle?",yellow circle,center_proximity,2,test,,"{'objects': ['obj_2', 'obj_5'], 'target': 'obj_5', 'relation': 'center_proximity'}",red circle,yellow circle,red circle,False,0.04113857175002522,distance_reasoning_error
test_000086_q03,test_000086,images/test/test_000086.png,Is the green rectangle completely inside the yellow circle? Answer yes or no.,no,inside_outside,2,test,,"{'objects': ['obj_1', 'obj_5'], 'relation': 'inside'}",no,no,no,True,0.04113857175002522,
test_000086_q04,test_000086,images/test/test_000086.png,How many rectangle objects are in the image?,2,counting,1,test,,{'filter': {'shape': 'rectangle'}},1,2,1,False,0.04113857175002522,counting_error
test_000087_q01,test_000087,images/test/test_000087.png,"Which object is smaller, the blue triangle or the green rectangle?",green rectangle,relative_size,2,test,,"{'objects': ['obj_3', 'obj_2'], 'target': 'obj_2', 'relation': 'smaller'}",blue triangle,green rectangle,blue triangle,False,0.04113857175002522,object_confusion
test_000087_q02,test_000087,images/test/test_000087.png,Which object is both left of the blue rectangle and right of the blue triangle?,green rectangle,multi_hop,4,test,,"{'anchors': ['obj_1', 'obj_3'], 'target': 'obj_2', 'relations': ['left of', 'right of']}",green rectangle,green rectangle,green rectangle,True,0.04113857175002522,
test_000087_q03,test_000087,images/test/test_000087.png,How many objects are left of the blue rectangle?,2,counting,2,test,,"{'anchor': 'obj_1', 'relation': 'left'}",2,2,2,True,0.04113857175002522,
test_000087_q04,test_000087,images/test/test_000087.png,Is the blue rectangle completely inside the green rectangle? Answer yes or no.,no,inside_outside,2,test,,"{'objects': ['obj_1', 'obj_2'], 'relation': 'inside'}",no,no,no,True,0.04113857175002522,
test_000088_q01,test_000088,images/test/test_000088.png,Do the green rectangle and the yellow circle overlap? Answer yes or no.,no,overlap,2,test,,"{'objects': ['obj_1', 'obj_3'], 'relation': 'overlap'}",no,no,no,True,0.042083370124998964,
test_000088_q02,test_000088,images/test/test_000088.png,Which object is immediately below the red circle?,yellow circle,above_below,2,test,,"{'anchor': 'obj_2', 'target': 'obj_3', 'relation': 'below'}",yellow circle,yellow circle,yellow circle,True,0.042083370124998964,
test_000088_q03,test_000088,images/test/test_000088.png,How many green objects are in the image?,1,counting,1,test,,{'filter': {'color': 'green'}},1,1,1,True,0.042083370124998964,
test_000088_q04,test_000088,images/test/test_000088.png,Which object is the leftmost in the image?,red circle,relative_ordering,2,test,,"{'target': 'obj_2', 'relation': 'leftmost'}",red circle,red circle,red circle,True,0.042083370124998964,
test_000089_q01,test_000089,images/test/test_000089.png,Which object is immediately below the green triangle?,yellow circle,above_below,2,test,,"{'anchor': 'obj_3', 'target': 'obj_1', 'relation': 'below'}",red triangle,yellow circle,red triangle,False,0.042083370124998964,spatial_inversion
test_000089_q02,test_000089,images/test/test_000089.png,Which object is farthest from the green rectangle?,red triangle,nearest_farthest,2,test,,"{'anchor': 'obj_5', 'target': 'obj_2', 'relation': 'farthest'}",red triangle,red triangle,red triangle,True,0.042083370124998964,
test_000089_q03,test_000089,images/test/test_000089.png,Which object is immediately left of the yellow circle?,green rectangle,left_right,2,test,,"{'anchor': 'obj_1', 'target': 'obj_5', 'relation': 'left'}",green circle,green rectangle,green circle,False,0.042083370124998964,spatial_inversion
test_000089_q04,test_000089,images/test/test_000089.png,Which object is both below the green circle and above the yellow circle?,green triangle,multi_hop,4,test,,"{'anchors': ['obj_4', 'obj_1'], 'target': 'obj_3', 'relations': ['below', 'above']}",red triangle,green triangle,red triangle,False,0.042083370124998964,relation_chain_failure
test_000090_q01,test_000090,images/test/test_000090.png,Do the yellow circle and the red triangle overlap? Answer yes or no.,no,overlap,2,test,,"{'objects': ['obj_3', 'obj_1'], 'relation': 'overlap'}",no,no,no,True,0.04058134849998396,
test_000090_q02,test_000090,images/test/test_000090.png,Which object is immediately right of the green triangle?,green rectangle,left_right,2,test,,"{'anchor': 'obj_4', 'target': 'obj_2', 'relation': 'right'}",red triangle,green rectangle,red triangle,False,0.04058134849998396,spatial_inversion
test_000090_q03,test_000090,images/test/test_000090.png,Which object is both right of the green triangle and below the green rectangle?,red triangle,multi_hop,4,test,,"{'anchors': ['obj_4', 'obj_2'], 'target': 'obj_1', 'relations': ['right of', 'below']}",yellow circle,red triangle,yellow circle,False,0.04058134849998396,relation_chain_failure
test_000090_q04,test_000090,images/test/test_000090.png,Which object is the leftmost in the image?,green triangle,relative_ordering,2,test,,"{'target': 'obj_4', 'relation': 'leftmost'}",green triangle,green triangle,green triangle,True,0.04058134849998396,
test_000091_q01,test_000091,images/test/test_000091.png,Is the blue triangle completely inside the blue rectangle? Answer yes or no.,no,inside_outside,2,test,,"{'objects': ['obj_2', 'obj_1'], 'relation': 'inside'}",yes,no,yes,False,0.04058134849998396,relation_error
test_000091_q02,test_000091,images/test/test_000091.png,Which object is farthest from the blue triangle?,red circle,nearest_farthest,2,test,,"{'anchor': 'obj_2', 'target': 'obj_4', 'relation': 'farthest'}",red circle,red circle,red circle,True,0.04058134849998396,
test_000091_q03,test_000091,images/test/test_000091.png,Which object is both right of the blue rectangle and below the blue triangle?,red circle,multi_hop,4,test,,"{'anchors': ['obj_1', 'obj_2'], 'target': 'obj_4', 'relations': ['right of', 'below']}",red circle,red circle,red circle,True,0.04058134849998396,
test_000091_q04,test_000091,images/test/test_000091.png,How many red objects are in the image?,2,counting,1,test,,{'filter': {'color': 'red'}},1,2,1,False,0.04058134849998396,counting_error
test_000092_q01,test_000092,images/test/test_000092.png,Which object is nearest from the green rectangle?,green triangle,nearest_farthest,2,test,,"{'anchor': 'obj_1', 'target': 'obj_3', 'relation': 'nearest'}",red circle,green triangle,red circle,False,0.04190276650001579,distance_reasoning_error
test_000092_q02,test_000092,images/test/test_000092.png,"Which object is closer to the center of the image, the green rectangle or the green triangle?",green triangle,center_proximity,2,test,,"{'objects': ['obj_1', 'obj_3'], 'target': 'obj_3', 'relation': 'center_proximity'}",green rectangle,green triangle,green rectangle,False,0.04190276650001579,distance_reasoning_error
test_000092_q03,test_000092,images/test/test_000092.png,Is the green rectangle completely inside the yellow circle? Answer yes or no.,no,inside_outside,2,test,,"{'objects': ['obj_1', 'obj_2'], 'relation': 'inside'}",no,no,no,True,0.04190276650001579,
test_000092_q04,test_000092,images/test/test_000092.png,How many triangle objects are in the image?,1,counting,1,test,,{'filter': {'shape': 'triangle'}},1,1,1,True,0.04190276650001579,
test_000093_q01,test_000093,images/test/test_000093.png,Which object is immediately right of the red circle?,blue triangle,left_right,2,test,,"{'anchor': 'obj_1', 'target': 'obj_2', 'relation': 'right'}",green rectangle,blue triangle,green rectangle,False,0.04190276650001579,spatial_inversion
test_000093_q02,test_000093,images/test/test_000093.png,Is the red circle completely inside the green rectangle? Answer yes or no.,no,inside_outside,2,test,,"{'objects': ['obj_1', 'obj_3'], 'relation': 'inside'}",no,no,no,True,0.04190276650001579,
test_000093_q03,test_000093,images/test/test_000093.png,Which object is both above the green rectangle and right of the red circle?,blue triangle,multi_hop,4,test,,"{'anchors': ['obj_3', 'obj_1'], 'target': 'obj_2', 'relations': ['above', 'right of']}",blue triangle,blue triangle,blue triangle,True,0.04190276650001579,
test_000093_q04,test_000093,images/test/test_000093.png,Which object is immediately below the green rectangle?,red circle,above_below,2,test,,"{'anchor': 'obj_3', 'target': 'obj_1', 'relation': 'below'}",red circle,red circle,red circle,True,0.04190276650001579,
test_000094_q01,test_000094,images/test/test_000094.png,"Which object is larger, the green triangle or the green circle?",green circle,relative_size,2,test,,"{'objects': ['obj_1', 'obj_4'], 'target': 'obj_4', 'relation': 'larger'}",green circle,green circle,green circle,True,0.04151379687499457,
test_000094_q02,test_000094,images/test/test_000094.png,Which object is between the yellow triangle and the green circle?,yellow rectangle,between,3,test,,"{'objects': ['obj_3', 'obj_4'], 'target': 'obj_2', 'relation': 'between'}",yellow square,yellow rectangle,yellow square,False,0.04151379687499457,other
test_000094_q03,test_000094,images/test/test_000094.png,Which object is both below the green triangle and right of the yellow rectangle?,yellow triangle,multi_hop,4,test,,"{'anchors': ['obj_1', 'obj_2'], 'target': 'obj_3', 'relations': ['below', 'right of']}",yellow triangle,yellow triangle,yellow triangle,True,0.04151379687499457,
test_000094_q04,test_000094,images/test/test_000094.png,"Which object is closer to the center of the image, the yellow triangle or the green triangle?",yellow triangle,center_proximity,2,test,,"{'objects': ['obj_3', 'obj_1'], 'target': 'obj_3', 'relation': 'center_proximity'}",yellow triangle,yellow triangle,yellow triangle,True,0.04151379687499457,
test_000095_q01,test_000095,images/test/test_000095.png,Do the green circle and the blue triangle overlap? Answer yes or no.,no,overlap,2,test,,"{'objects': ['obj_4', 'obj_3'], 'relation': 'overlap'}",yes,no,yes,False,0.04151379687499457,relation_error
test_000095_q02,test_000095,images/test/test_000095.png,"Which object is closer to the center of the image, the blue triangle or the green circle?",green circle,center_proximity,2,test,,"{'objects': ['obj_3', 'obj_4'], 'target': 'obj_4', 'relation': 'center_proximity'}",blue triangle,green circle,blue triangle,False,0.04151379687499457,distance_reasoning_error
test_000095_q03,test_000095,images/test/test_000095.png,Is the green triangle completely inside the yellow circle? Answer yes or no.,no,inside_outside,2,test,,"{'objects': ['obj_2', 'obj_1'], 'relation': 'inside'}",no,no,no,True,0.04151379687499457,
test_000095_q04,test_000095,images/test/test_000095.png,How many blue objects are in the image?,1,counting,1,test,,{'filter': {'color': 'blue'}},1,1,1,True,0.04151379687499457,
test_000096_q01,test_000096,images/test/test_000096.png,"Which object is smaller, the red triangle or the red rectangle?",red triangle,relative_size,2,test,,"{'objects': ['obj_4', 'obj_5'], 'target': 'obj_4', 'relation': 'smaller'}",red triangle,red triangle,red triangle,True,0.04132643725000662,
test_000096_q02,test_000096,images/test/test_000096.png,Which object is both above the red triangle and below the blue rectangle?,yellow circle,multi_hop,4,test,,"{'anchors': ['obj_4', 'obj_1'], 'target': 'obj_2', 'relations': ['above', 'below']}",red rectangle,yellow circle,red rectangle,False,0.04132643725000662,relation_chain_failure
test_000096_q03,test_000096,images/test/test_000096.png,How many rectangle objects are in the image?,2,counting,1,test,,{'filter': {'shape': 'rectangle'}},2,2,2,True,0.04132643725000662,
test_000096_q04,test_000096,images/test/test_000096.png,Is the green triangle completely inside the yellow circle? Answer yes or no.,no,inside_outside,2,test,,"{'objects': ['obj_3', 'obj_2'], 'relation': 'inside'}",yes,no,yes,False,0.04132643725000662,relation_error
test_000097_q01,test_000097,images/test/test_000097.png,Do the red triangle and the green triangle overlap? Answer yes or no.,no,overlap,2,test,,"{'objects': ['obj_2', 'obj_1'], 'relation': 'overlap'}",no,no,no,True,0.04132643725000662,
test_000097_q02,test_000097,images/test/test_000097.png,How many blue objects are in the image?,1,counting,1,test,,{'filter': {'color': 'blue'}},1,1,1,True,0.04132643725000662,
test_000097_q03,test_000097,images/test/test_000097.png,Which object is the leftmost in the image?,blue triangle,relative_ordering,2,test,,"{'target': 'obj_4', 'relation': 'leftmost'}",green triangle,blue triangle,green triangle,False,0.04132643725000662,spatial_inversion
test_000097_q04,test_000097,images/test/test_000097.png,"Which object is larger, the green triangle or the blue triangle?",green triangle,relative_size,2,test,,"{'objects': ['obj_1', 'obj_4'], 'target': 'obj_1', 'relation': 'larger'}",green triangle,green triangle,green triangle,True,0.04132643725000662,
test_000098_q01,test_000098,images/test/test_000098.png,Which object is farthest from the yellow circle?,blue triangle,nearest_farthest,2,test,,"{'anchor': 'obj_3', 'target': 'obj_2', 'relation': 'farthest'}",blue triangle,blue triangle,blue triangle,True,0.04089887549997684,
test_000098_q02,test_000098,images/test/test_000098.png,Which object is both left of the blue triangle and below the yellow circle?,blue circle,multi_hop,4,test,,"{'anchors': ['obj_2', 'obj_3'], 'target': 'obj_1', 'relations': ['left of', 'below']}",blue circle,blue circle,blue circle,True,0.04089887549997684,
test_000098_q03,test_000098,images/test/test_000098.png,"Which object is closer to the center of the image, the blue triangle or the yellow circle?",blue triangle,center_proximity,2,test,,"{'objects': ['obj_2', 'obj_3'], 'target': 'obj_2', 'relation': 'center_proximity'}",blue triangle,blue triangle,blue triangle,True,0.04089887549997684,
test_000098_q04,test_000098,images/test/test_000098.png,Which object is the leftmost in the image?,blue circle,relative_ordering,2,test,,"{'target': 'obj_1', 'relation': 'leftmost'}",blue triangle,blue circle,blue triangle,False,0.04089887549997684,spatial_inversion
test_000099_q01,test_000099,images/test/test_000099.png,Which object is immediately below the red circle?,blue triangle,above_below,2,test,,"{'anchor': 'obj_4', 'target': 'obj_3', 'relation': 'below'}",green square,blue triangle,green square,False,0.04089887549997684,spatial_inversion
test_000099_q02,test_000099,images/test/test_000099.png,"Which object is closer to the center of the image, the green rectangle or the blue triangle?",blue triangle,center_proximity,2,test,,"{'objects': ['obj_2', 'obj_3'], 'target': 'obj_3', 'relation': 'center_proximity'}",green rectangle,blue triangle,green rectangle,False,0.04089887549997684,distance_reasoning_error
test_000099_q03,test_000099,images/test/test_000099.png,Do the blue triangle and the red circle overlap? Answer yes or no.,no,overlap,2,test,,"{'objects': ['obj_3', 'obj_4'], 'relation': 'overlap'}",no,no,no,True,0.04089887549997684,
test_000099_q04,test_000099,images/test/test_000099.png,Which object is between the blue triangle and the green rectangle?,red triangle,between,3,test,,"{'objects': ['obj_3', 'obj_2'], 'target': 'obj_1', 'relation': 'between'}",red triangle,red triangle,red triangle,True,0.04089887549997684,
ood_shape_000000_q01,ood_shape_000000,images/ood_shape/ood_shape_000000.png,How many objects are above the blue hexagon?,1,counting,2,ood_shape,shape,"{'anchor': 'obj_1', 'relation': 'above'}",2,1,2,False,0.040798637500017776,ood_failure
ood_shape_000000_q02,ood_shape_000000,images/ood_shape/ood_shape_000000.png,"Which object is smaller, the blue star or the blue hexagon?",blue star,relative_size,2,ood_shape,shape,"{'objects': ['obj_2', 'obj_1'], 'target': 'obj_2', 'relation': 'smaller'}",blue star,blue star,blue star,True,0.040798637500017776,
ood_shape_000000_q03,ood_shape_000000,images/ood_shape/ood_shape_000000.png,Is the blue hexagon completely inside the green diamond? Answer yes or no.,no,inside_outside,2,ood_shape,shape,"{'objects': ['obj_1', 'obj_4'], 'relation': 'inside'}",no,no,no,True,0.040798637500017776,
ood_shape_000000_q04,ood_shape_000000,images/ood_shape/ood_shape_000000.png,Which object is immediately below the blue hexagon?,yellow diamond,above_below,2,ood_shape,shape,"{'anchor': 'obj_1', 'target': 'obj_3', 'relation': 'below'}",yellow triangle,yellow diamond,yellow triangle,False,0.040798637500017776,ood_failure
ood_shape_000001_q01,ood_shape_000001,images/ood_shape/ood_shape_000001.png,How many objects are above the yellow diamond?,1,counting,2,ood_shape,shape,"{'anchor': 'obj_5', 'relation': 'above'}",3,1,3,False,0.040798637500017776,ood_failure
ood_shape_000001_q02,ood_shape_000001,images/ood_shape/ood_shape_000001.png,Which object is both right of the blue star and above the red hexagon?,green hexagon,multi_hop,4,ood_shape,shape,"{'anchors': ['obj_4', 'obj_1'], 'target': 'obj_3', 'relations': ['right of', 'above']}",green triangle,green hexagon,green triangle,False,0.040798637500017776,ood_failure
ood_shape_000001_q03,ood_shape_000001,images/ood_shape/ood_shape_000001.png,Do the yellow diamond and the red hexagon overlap? Answer yes or no.,no,overlap,2,ood_shape,shape,"{'objects': ['obj_5', 'obj_1'], 'relation': 'overlap'}",no,no,no,True,0.040798637500017776,
ood_shape_000001_q04,ood_shape_000001,images/ood_shape/ood_shape_000001.png,Which object is farthest from the red hexagon?,green hexagon,nearest_farthest,2,ood_shape,shape,"{'anchor': 'obj_1', 'target': 'obj_3', 'relation': 'farthest'}",green triangle,green hexagon,green triangle,False,0.040798637500017776,ood_failure
ood_shape_000002_q01,ood_shape_000002,images/ood_shape/ood_shape_000002.png,Is the red hexagon completely inside the red star? Answer yes or no.,no,inside_outside,2,ood_shape,shape,"{'objects': ['obj_3', 'obj_1'], 'relation': 'inside'}",no,no,no,True,0.048597759000017504,
ood_shape_000002_q02,ood_shape_000002,images/ood_shape/ood_shape_000002.png,Which object is both above the red star and below the red hexagon?,blue hexagon,multi_hop,4,ood_shape,shape,"{'anchors': ['obj_1', 'obj_3'], 'target': 'obj_2', 'relations': ['above', 'below']}",blue hexagon,blue hexagon,blue hexagon,True,0.048597759000017504,
ood_shape_000002_q03,ood_shape_000002,images/ood_shape/ood_shape_000002.png,Do the red star and the blue hexagon overlap? Answer yes or no.,no,overlap,2,ood_shape,shape,"{'objects': ['obj_1', 'obj_2'], 'relation': 'overlap'}",no,no,no,True,0.048597759000017504,
ood_shape_000002_q04,ood_shape_000002,images/ood_shape/ood_shape_000002.png,Which object is the rightmost in the image?,red hexagon,relative_ordering,2,ood_shape,shape,"{'target': 'obj_3', 'relation': 'rightmost'}",red circle,red hexagon,red circle,False,0.048597759000017504,ood_failure
ood_shape_000003_q01,ood_shape_000003,images/ood_shape/ood_shape_000003.png,"Which object is smaller, the red hexagon or the red diamond?",red diamond,relative_size,2,ood_shape,shape,"{'objects': ['obj_5', 'obj_4'], 'target': 'obj_4', 'relation': 'smaller'}",red hexagon,red diamond,red hexagon,False,0.048597759000017504,ood_failure
ood_shape_000003_q02,ood_shape_000003,images/ood_shape/ood_shape_000003.png,Which object is farthest from the red hexagon?,yellow diamond,nearest_farthest,2,ood_shape,shape,"{'anchor': 'obj_5', 'target': 'obj_2', 'relation': 'farthest'}",blue star,yellow diamond,blue star,False,0.048597759000017504,ood_failure
ood_shape_000003_q03,ood_shape_000003,images/ood_shape/ood_shape_000003.png,Is the blue diamond completely inside the red hexagon? Answer yes or no.,no,inside_outside,2,ood_shape,shape,"{'objects': ['obj_3', 'obj_5'], 'relation': 'inside'}",no,no,no,True,0.048597759000017504,
ood_shape_000003_q04,ood_shape_000003,images/ood_shape/ood_shape_000003.png,Which object is immediately right of the red hexagon?,blue star,left_right,2,ood_shape,shape,"{'anchor': 'obj_5', 'target': 'obj_1', 'relation': 'right'}",blue triangle,blue star,blue triangle,False,0.048597759000017504,ood_failure
ood_shape_000004_q01,ood_shape_000004,images/ood_shape/ood_shape_000004.png,"Which object is closer to the center of the image, the red hexagon or the yellow diamond?",red hexagon,center_proximity,2,ood_shape,shape,"{'objects': ['obj_1', 'obj_3'], 'target': 'obj_1', 'relation': 'center_proximity'}",red hexagon,red hexagon,red hexagon,True,0.04847788262497943,
ood_shape_000004_q02,ood_shape_000004,images/ood_shape/ood_shape_000004.png,Do the red hexagon and the yellow diamond overlap? Answer yes or no.,no,overlap,2,ood_shape,shape,"{'objects': ['obj_1', 'obj_3'], 'relation': 'overlap'}",yes,no,yes,False,0.04847788262497943,ood_failure
ood_shape_000004_q03,ood_shape_000004,images/ood_shape/ood_shape_000004.png,Is the yellow star completely inside the red hexagon? Answer yes or no.,no,inside_outside,2,ood_shape,shape,"{'objects': ['obj_2', 'obj_1'], 'relation': 'inside'}",no,no,no,True,0.04847788262497943,
ood_shape_000004_q04,ood_shape_000004,images/ood_shape/ood_shape_000004.png,Which object is nearest from the yellow diamond?,red hexagon,nearest_farthest,2,ood_shape,shape,"{'anchor': 'obj_3', 'target': 'obj_1', 'relation': 'nearest'}",red circle,red hexagon,red circle,False,0.04847788262497943,ood_failure
ood_shape_000005_q01,ood_shape_000005,images/ood_shape/ood_shape_000005.png,Do the green star and the green diamond overlap? Answer yes or no.,no,overlap,2,ood_shape,shape,"{'objects': ['obj_2', 'obj_3'], 'relation': 'overlap'}",no,no,no,True,0.04847788262497943,
ood_shape_000005_q02,ood_shape_000005,images/ood_shape/ood_shape_000005.png,How many green objects are in the image?,2,counting,1,ood_shape,shape,{'filter': {'color': 'green'}},1,2,1,False,0.04847788262497943,ood_failure
ood_shape_000005_q03,ood_shape_000005,images/ood_shape/ood_shape_000005.png,Which object is farthest from the green diamond?,red diamond,nearest_farthest,2,ood_shape,shape,"{'anchor': 'obj_3', 'target': 'obj_1', 'relation': 'farthest'}",red rectangle,red diamond,red rectangle,False,0.04847788262497943,ood_failure
ood_shape_000005_q04,ood_shape_000005,images/ood_shape/ood_shape_000005.png,Which object is the rightmost in the image?,red diamond,relative_ordering,2,ood_shape,shape,"{'target': 'obj_1', 'relation': 'rightmost'}",red diamond,red diamond,red diamond,True,0.04847788262497943,
ood_shape_000006_q01,ood_shape_000006,images/ood_shape/ood_shape_000006.png,Do the blue diamond and the red diamond overlap? Answer yes or no.,no,overlap,2,ood_shape,shape,"{'objects': ['obj_2', 'obj_3'], 'relation': 'overlap'}",no,no,no,True,0.040894596875034495,
ood_shape_000006_q02,ood_shape_000006,images/ood_shape/ood_shape_000006.png,Which object is both left of the blue star and below the blue diamond?,red diamond,multi_hop,4,ood_shape,shape,"{'anchors': ['obj_1', 'obj_2'], 'target': 'obj_3', 'relations': ['left of', 'below']}",red circle,red diamond,red circle,False,0.040894596875034495,ood_failure
ood_shape_000006_q03,ood_shape_000006,images/ood_shape/ood_shape_000006.png,Is the blue star completely inside the blue diamond? Answer yes or no.,no,inside_outside,2,ood_shape,shape,"{'objects': ['obj_1', 'obj_2'], 'relation': 'inside'}",no,no,no,True,0.040894596875034495,
ood_shape_000006_q04,ood_shape_000006,images/ood_shape/ood_shape_000006.png,"Which object is larger, the red diamond or the blue star?",red diamond,relative_size,2,ood_shape,shape,"{'objects': ['obj_3', 'obj_1'], 'target': 'obj_3', 'relation': 'larger'}",red diamond,red diamond,red diamond,True,0.040894596875034495,
ood_shape_000007_q01,ood_shape_000007,images/ood_shape/ood_shape_000007.png,Which object is farthest from the green hexagon?,blue hexagon,nearest_farthest,2,ood_shape,shape,"{'anchor': 'obj_1', 'target': 'obj_2', 'relation': 'farthest'}",blue triangle,blue hexagon,blue triangle,False,0.040894596875034495,ood_failure
ood_shape_000007_q02,ood_shape_000007,images/ood_shape/ood_shape_000007.png,Is the green star completely inside the green hexagon? Answer yes or no.,no,inside_outside,2,ood_shape,shape,"{'objects': ['obj_4', 'obj_1'], 'relation': 'inside'}",yes,no,yes,False,0.040894596875034495,ood_failure
ood_shape_000007_q03,ood_shape_000007,images/ood_shape/ood_shape_000007.png,"Which object is larger, the green star or the blue hexagon?",green star,relative_size,2,ood_shape,shape,"{'objects': ['obj_4', 'obj_2'], 'target': 'obj_4', 'relation': 'larger'}",green star,green star,green star,True,0.040894596875034495,
ood_shape_000007_q04,ood_shape_000007,images/ood_shape/ood_shape_000007.png,Which object is both above the green star and below the yellow diamond?,green hexagon,multi_hop,4,ood_shape,shape,"{'anchors': ['obj_4', 'obj_3'], 'target': 'obj_1', 'relations': ['above', 'below']}",blue triangle,green hexagon,blue triangle,False,0.040894596875034495,ood_failure
ood_shape_000008_q01,ood_shape_000008,images/ood_shape/ood_shape_000008.png,"Which object is closer to the center of the image, the red hexagon or the yellow diamond?",red hexagon,center_proximity,2,ood_shape,shape,"{'objects': ['obj_4', 'obj_3'], 'target': 'obj_4', 'relation': 'center_proximity'}",yellow diamond,red hexagon,yellow diamond,False,0.04843185437499642,ood_failure
ood_shape_000008_q02,ood_shape_000008,images/ood_shape/ood_shape_000008.png,How many blue objects are in the image?,1,counting,1,ood_shape,shape,{'filter': {'color': 'blue'}},1,1,1,True,0.04843185437499642,
ood_shape_000008_q03,ood_shape_000008,images/ood_shape/ood_shape_000008.png,Do the red hexagon and the red diamond overlap? Answer yes or no.,no,overlap,2,ood_shape,shape,"{'objects': ['obj_4', 'obj_1'], 'relation': 'overlap'}",no,no,no,True,0.04843185437499642,
ood_shape_000008_q04,ood_shape_000008,images/ood_shape/ood_shape_000008.png,Which object is the bottommost in the image?,yellow diamond,relative_ordering,2,ood_shape,shape,"{'target': 'obj_3', 'relation': 'bottommost'}",yellow triangle,yellow diamond,yellow triangle,False,0.04843185437499642,ood_failure
ood_shape_000009_q01,ood_shape_000009,images/ood_shape/ood_shape_000009.png,"Which object is closer to the center of the image, the green hexagon or the blue star?",green hexagon,center_proximity,2,ood_shape,shape,"{'objects': ['obj_2', 'obj_1'], 'target': 'obj_2', 'relation': 'center_proximity'}",green hexagon,green hexagon,green hexagon,True,0.04843185437499642,
ood_shape_000009_q02,ood_shape_000009,images/ood_shape/ood_shape_000009.png,"Which object is smaller, the green hexagon or the red diamond?",red diamond,relative_size,2,ood_shape,shape,"{'objects': ['obj_2', 'obj_3'], 'target': 'obj_3', 'relation': 'smaller'}",red diamond,red diamond,red diamond,True,0.04843185437499642,
ood_shape_000009_q03,ood_shape_000009,images/ood_shape/ood_shape_000009.png,How many objects are above the blue star?,2,counting,2,ood_shape,shape,"{'anchor': 'obj_1', 'relation': 'above'}",2,2,2,True,0.04843185437499642,
ood_shape_000009_q04,ood_shape_000009,images/ood_shape/ood_shape_000009.png,Which object is immediately above the green hexagon?,red diamond,above_below,2,ood_shape,shape,"{'anchor': 'obj_2', 'target': 'obj_3', 'relation': 'above'}",red circle,red diamond,red circle,False,0.04843185437499642,ood_failure
ood_shape_000010_q01,ood_shape_000010,images/ood_shape/ood_shape_000010.png,How many objects are above the green star?,0,counting,2,ood_shape,shape,"{'anchor': 'obj_3', 'relation': 'above'}",2,0,2,False,0.04143433924997453,ood_failure
ood_shape_000010_q02,ood_shape_000010,images/ood_shape/ood_shape_000010.png,Which object is both below the green star and left of the yellow diamond?,blue star,multi_hop,4,ood_shape,shape,"{'anchors': ['obj_3', 'obj_1'], 'target': 'obj_2', 'relations': ['below', 'left of']}",blue star,blue star,blue star,True,0.04143433924997453,
ood_shape_000010_q03,ood_shape_000010,images/ood_shape/ood_shape_000010.png,Do the red hexagon and the green star overlap? Answer yes or no.,no,overlap,2,ood_shape,shape,"{'objects': ['obj_4', 'obj_3'], 'relation': 'overlap'}",no,no,no,True,0.04143433924997453,
ood_shape_000010_q04,ood_shape_000010,images/ood_shape/ood_shape_000010.png,Which object is nearest from the blue star?,yellow diamond,nearest_farthest,2,ood_shape,shape,"{'anchor': 'obj_2', 'target': 'obj_1', 'relation': 'nearest'}",red circle,yellow diamond,red circle,False,0.04143433924997453,ood_failure
ood_shape_000011_q01,ood_shape_000011,images/ood_shape/ood_shape_000011.png,Is the yellow star completely inside the red star? Answer yes or no.,no,inside_outside,2,ood_shape,shape,"{'objects': ['obj_1', 'obj_4'], 'relation': 'inside'}",no,no,no,True,0.04143433924997453,
ood_shape_000011_q02,ood_shape_000011,images/ood_shape/ood_shape_000011.png,Which object is both above the yellow diamond and below the yellow hexagon?,yellow star,multi_hop,4,ood_shape,shape,"{'anchors': ['obj_2', 'obj_3'], 'target': 'obj_1', 'relations': ['above', 'below']}",red star,yellow star,red star,False,0.04143433924997453,ood_failure
ood_shape_000011_q03,ood_shape_000011,images/ood_shape/ood_shape_000011.png,Do the yellow diamond and the yellow hexagon overlap? Answer yes or no.,no,overlap,2,ood_shape,shape,"{'objects': ['obj_2', 'obj_3'], 'relation': 'overlap'}",yes,no,yes,False,0.04143433924997453,ood_failure
ood_shape_000011_q04,ood_shape_000011,images/ood_shape/ood_shape_000011.png,Which object is the topmost in the image?,red star,relative_ordering,2,ood_shape,shape,"{'target': 'obj_4', 'relation': 'topmost'}",red star,red star,red star,True,0.04143433924997453,
ood_shape_000012_q01,ood_shape_000012,images/ood_shape/ood_shape_000012.png,"Which object is smaller, the yellow diamond or the green hexagon?",green hexagon,relative_size,2,ood_shape,shape,"{'objects': ['obj_4', 'obj_2'], 'target': 'obj_2', 'relation': 'smaller'}",yellow diamond,green hexagon,yellow diamond,False,0.040994464624986904,ood_failure
ood_shape_000012_q02,ood_shape_000012,images/ood_shape/ood_shape_000012.png,Which object is between the yellow diamond and the green diamond?,yellow star,between,3,ood_shape,shape,"{'objects': ['obj_4', 'obj_1'], 'target': 'obj_3', 'relation': 'between'}",star,yellow star,star,False,0.040994464624986904,ood_failure
ood_shape_000012_q03,ood_shape_000012,images/ood_shape/ood_shape_000012.png,Which object is farthest from the green hexagon?,green diamond,nearest_farthest,2,ood_shape,shape,"{'anchor': 'obj_2', 'target': 'obj_1', 'relation': 'farthest'}",yellow triangle,green diamond,yellow triangle,False,0.040994464624986904,ood_failure
ood_shape_000012_q04,ood_shape_000012,images/ood_shape/ood_shape_000012.png,Is the green hexagon completely inside the yellow diamond? Answer yes or no.,no,inside_outside,2,ood_shape,shape,"{'objects': ['obj_2', 'obj_4'], 'relation': 'inside'}",yes,no,yes,False,0.040994464624986904,ood_failure
ood_shape_000013_q01,ood_shape_000013,images/ood_shape/ood_shape_000013.png,Which object is immediately right of the yellow star?,yellow diamond,left_right,2,ood_shape,shape,"{'anchor': 'obj_3', 'target': 'obj_5', 'relation': 'right'}",blue square,yellow diamond,blue square,False,0.040994464624986904,ood_failure
ood_shape_000013_q02,ood_shape_000013,images/ood_shape/ood_shape_000013.png,"Which object is closer to the center of the image, the green diamond or the yellow diamond?",green diamond,center_proximity,2,ood_shape,shape,"{'objects': ['obj_1', 'obj_5'], 'target': 'obj_1', 'relation': 'center_proximity'}",green diamond,green diamond,green diamond,True,0.040994464624986904,
ood_shape_000013_q03,ood_shape_000013,images/ood_shape/ood_shape_000013.png,Do the green diamond and the blue diamond overlap? Answer yes or no.,no,overlap,2,ood_shape,shape,"{'objects': ['obj_1', 'obj_2'], 'relation': 'overlap'}",no,no,no,True,0.040994464624986904,
ood_shape_000013_q04,ood_shape_000013,images/ood_shape/ood_shape_000013.png,Is the yellow star completely inside the blue diamond? Answer yes or no.,no,inside_outside,2,ood_shape,shape,"{'objects': ['obj_3', 'obj_2'], 'relation': 'inside'}",yes,no,yes,False,0.040994464624986904,ood_failure
ood_shape_000014_q01,ood_shape_000014,images/ood_shape/ood_shape_000014.png,Which object is immediately right of the green hexagon?,yellow diamond,left_right,2,ood_shape,shape,"{'anchor': 'obj_1', 'target': 'obj_3', 'relation': 'right'}",yellow triangle,yellow diamond,yellow triangle,False,0.04759876800000029,ood_failure
ood_shape_000014_q02,ood_shape_000014,images/ood_shape/ood_shape_000014.png,Do the yellow diamond and the yellow hexagon overlap? Answer yes or no.,no,overlap,2,ood_shape,shape,"{'objects': ['obj_3', 'obj_4'], 'relation': 'overlap'}",no,no,no,True,0.04759876800000029,
ood_shape_000014_q03,ood_shape_000014,images/ood_shape/ood_shape_000014.png,How many objects are left of the green hexagon?,0,counting,2,ood_shape,shape,"{'anchor': 'obj_1', 'relation': 'left'}",2,0,2,False,0.04759876800000029,ood_failure
ood_shape_000014_q04,ood_shape_000014,images/ood_shape/ood_shape_000014.png,Which object is farthest from the green hexagon?,yellow hexagon,nearest_farthest,2,ood_shape,shape,"{'anchor': 'obj_1', 'target': 'obj_4', 'relation': 'farthest'}",yellow triangle,yellow hexagon,yellow triangle,False,0.04759876800000029,ood_failure
ood_shape_000015_q01,ood_shape_000015,images/ood_shape/ood_shape_000015.png,Do the green star and the green hexagon overlap? Answer yes or no.,no,overlap,2,ood_shape,shape,"{'objects': ['obj_4', 'obj_5'], 'relation': 'overlap'}",no,no,no,True,0.04759876800000029,
ood_shape_000015_q02,ood_shape_000015,images/ood_shape/ood_shape_000015.png,Which object is both left of the red diamond and below the green star?,yellow diamond,multi_hop,4,ood_shape,shape,"{'anchors': ['obj_1', 'obj_4'], 'target': 'obj_2', 'relations': ['left of', 'below']}",red diamond,yellow diamond,red diamond,False,0.04759876800000029,ood_failure
ood_shape_000015_q03,ood_shape_000015,images/ood_shape/ood_shape_000015.png,Is the yellow diamond completely inside the green star? Answer yes or no.,no,inside_outside,2,ood_shape,shape,"{'objects': ['obj_2', 'obj_4'], 'relation': 'inside'}",no,no,no,True,0.04759876800000029,
ood_shape_000015_q04,ood_shape_000015,images/ood_shape/ood_shape_000015.png,"Which object is larger, the green hexagon or the yellow diamond?",green hexagon,relative_size,2,ood_shape,shape,"{'objects': ['obj_5', 'obj_2'], 'target': 'obj_5', 'relation': 'larger'}",green hexagon,green hexagon,green hexagon,True,0.04759876800000029,
ood_shape_000016_q01,ood_shape_000016,images/ood_shape/ood_shape_000016.png,Which object is farthest from the red diamond?,green diamond,nearest_farthest,2,ood_shape,shape,"{'anchor': 'obj_1', 'target': 'obj_4', 'relation': 'farthest'}",blue square,green diamond,blue square,False,0.04773081900003717,ood_failure
ood_shape_000016_q02,ood_shape_000016,images/ood_shape/ood_shape_000016.png,Is the green diamond completely inside the red diamond? Answer yes or no.,no,inside_outside,2,ood_shape,shape,"{'objects': ['obj_4', 'obj_1'], 'relation': 'inside'}",no,no,no,True,0.04773081900003717,
ood_shape_000016_q03,ood_shape_000016,images/ood_shape/ood_shape_000016.png,"Which object is larger, the green diamond or the green star?",green star,relative_size,2,ood_shape,shape,"{'objects': ['obj_4', 'obj_2'], 'target': 'obj_2', 'relation': 'larger'}",green star,green star,green star,True,0.04773081900003717,
ood_shape_000016_q04,ood_shape_000016,images/ood_shape/ood_shape_000016.png,Which object is both below the green star and above the green diamond?,blue hexagon,multi_hop,4,ood_shape,shape,"{'anchors': ['obj_2', 'obj_4'], 'target': 'obj_3', 'relations': ['below', 'above']}",blue square,blue hexagon,blue square,False,0.04773081900003717,ood_failure
ood_shape_000017_q01,ood_shape_000017,images/ood_shape/ood_shape_000017.png,"Which object is closer to the center of the image, the blue hexagon or the red hexagon?",red hexagon,center_proximity,2,ood_shape,shape,"{'objects': ['obj_4', 'obj_3'], 'target': 'obj_3', 'relation': 'center_proximity'}",red hexagon,red hexagon,red hexagon,True,0.04773081900003717,
ood_shape_000017_q02,ood_shape_000017,images/ood_shape/ood_shape_000017.png,How many blue objects are in the image?,1,counting,1,ood_shape,shape,{'filter': {'color': 'blue'}},1,1,1,True,0.04773081900003717,
ood_shape_000017_q03,ood_shape_000017,images/ood_shape/ood_shape_000017.png,Do the blue hexagon and the yellow star overlap? Answer yes or no.,no,overlap,2,ood_shape,shape,"{'objects': ['obj_4', 'obj_1'], 'relation': 'overlap'}",no,no,no,True,0.04773081900003717,
ood_shape_000017_q04,ood_shape_000017,images/ood_shape/ood_shape_000017.png,Which object is the bottommost in the image?,yellow star,relative_ordering,2,ood_shape,shape,"{'target': 'obj_1', 'relation': 'bottommost'}",green star,yellow star,green star,False,0.04773081900003717,ood_failure
ood_shape_000018_q01,ood_shape_000018,images/ood_shape/ood_shape_000018.png,"Which object is closer to the center of the image, the red diamond or the red hexagon?",red hexagon,center_proximity,2,ood_shape,shape,"{'objects': ['obj_3', 'obj_2'], 'target': 'obj_2', 'relation': 'center_proximity'}",red hexagon,red hexagon,red hexagon,True,0.0497781943749942,
ood_shape_000018_q02,ood_shape_000018,images/ood_shape/ood_shape_000018.png,"Which object is smaller, the red diamond or the blue diamond?",blue diamond,relative_size,2,ood_shape,shape,"{'objects': ['obj_3', 'obj_4'], 'target': 'obj_4', 'relation': 'smaller'}",red diamond,blue diamond,red diamond,False,0.0497781943749942,ood_failure
ood_shape_000018_q03,ood_shape_000018,images/ood_shape/ood_shape_000018.png,How many objects are above the red hexagon?,1,counting,2,ood_shape,shape,"{'anchor': 'obj_2', 'relation': 'above'}",3,1,3,False,0.0497781943749942,ood_failure
ood_shape_000018_q04,ood_shape_000018,images/ood_shape/ood_shape_000018.png,Which object is farthest from the yellow star?,red hexagon,nearest_farthest,2,ood_shape,shape,"{'anchor': 'obj_5', 'target': 'obj_2', 'relation': 'farthest'}",red rectangle,red hexagon,red rectangle,False,0.0497781943749942,ood_failure
ood_shape_000019_q01,ood_shape_000019,images/ood_shape/ood_shape_000019.png,"Which object is closer to the center of the image, the blue star or the green diamond?",blue star,center_proximity,2,ood_shape,shape,"{'objects': ['obj_3', 'obj_1'], 'target': 'obj_3', 'relation': 'center_proximity'}",blue star,blue star,blue star,True,0.0497781943749942,
ood_shape_000019_q02,ood_shape_000019,images/ood_shape/ood_shape_000019.png,Which object is between the green star and the red hexagon?,blue star,between,3,ood_shape,shape,"{'objects': ['obj_2', 'obj_5'], 'target': 'obj_3', 'relation': 'between'}",blue star,blue star,blue star,True,0.0497781943749942,
ood_shape_000019_q03,ood_shape_000019,images/ood_shape/ood_shape_000019.png,"Which object is larger, the yellow star or the green diamond?",green diamond,relative_size,2,ood_shape,shape,"{'objects': ['obj_4', 'obj_1'], 'target': 'obj_1', 'relation': 'larger'}",yellow star,green diamond,yellow star,False,0.0497781943749942,ood_failure
ood_shape_000019_q04,ood_shape_000019,images/ood_shape/ood_shape_000019.png,Do the yellow star and the red hexagon overlap? Answer yes or no.,no,overlap,2,ood_shape,shape,"{'objects': ['obj_4', 'obj_5'], 'relation': 'overlap'}",yes,no,yes,False,0.0497781943749942,ood_failure
ood_shape_000020_q01,ood_shape_000020,images/ood_shape/ood_shape_000020.png,Is the red diamond completely inside the red star? Answer yes or no.,no,inside_outside,2,ood_shape,shape,"{'objects': ['obj_3', 'obj_1'], 'relation': 'inside'}",no,no,no,True,0.04821610950000377,
ood_shape_000020_q02,ood_shape_000020,images/ood_shape/ood_shape_000020.png,Which object is both above the red star and below the red diamond?,yellow star,multi_hop,4,ood_shape,shape,"{'anchors': ['obj_1', 'obj_3'], 'target': 'obj_2', 'relations': ['above', 'below']}",red star,yellow star,red star,False,0.04821610950000377,ood_failure
ood_shape_000020_q03,ood_shape_000020,images/ood_shape/ood_shape_000020.png,Do the red star and the yellow star overlap? Answer yes or no.,no,overlap,2,ood_shape,shape,"{'objects': ['obj_1', 'obj_2'], 'relation': 'overlap'}",yes,no,yes,False,0.04821610950000377,ood_failure
ood_shape_000020_q04,ood_shape_000020,images/ood_shape/ood_shape_000020.png,Which object is the rightmost in the image?,red star,relative_ordering,2,ood_shape,shape,"{'target': 'obj_1', 'relation': 'rightmost'}",red triangle,red star,red triangle,False,0.04821610950000377,ood_failure
ood_shape_000021_q01,ood_shape_000021,images/ood_shape/ood_shape_000021.png,"Which object is smaller, the green hexagon or the yellow star?",yellow star,relative_size,2,ood_shape,shape,"{'objects': ['obj_5', 'obj_4'], 'target': 'obj_4', 'relation': 'smaller'}",yellow star,yellow star,yellow star,True,0.04821610950000377,
ood_shape_000021_q02,ood_shape_000021,images/ood_shape/ood_shape_000021.png,Which object is farthest from the green hexagon?,red star,nearest_farthest,2,ood_shape,shape,"{'anchor': 'obj_5', 'target': 'obj_3', 'relation': 'farthest'}",yellow star,red star,yellow star,False,0.04821610950000377,ood_failure
ood_shape_000021_q03,ood_shape_000021,images/ood_shape/ood_shape_000021.png,Is the red star completely inside the green hexagon? Answer yes or no.,no,inside_outside,2,ood_shape,shape,"{'objects': ['obj_3', 'obj_5'], 'relation': 'inside'}",no,no,no,True,0.04821610950000377,
ood_shape_000021_q04,ood_shape_000021,images/ood_shape/ood_shape_000021.png,Which object is immediately right of the green hexagon?,yellow hexagon,left_right,2,ood_shape,shape,"{'anchor': 'obj_5', 'target': 'obj_2', 'relation': 'right'}",blue hexagon,yellow hexagon,blue hexagon,False,0.04821610950000377,ood_failure
ood_shape_000022_q01,ood_shape_000022,images/ood_shape/ood_shape_000022.png,"Which object is closer to the center of the image, the red hexagon or the red star?",red hexagon,center_proximity,2,ood_shape,shape,"{'objects': ['obj_1', 'obj_3'], 'target': 'obj_1', 'relation': 'center_proximity'}",red hexagon,red hexagon,red hexagon,True,0.0478319573750241,
ood_shape_000022_q02,ood_shape_000022,images/ood_shape/ood_shape_000022.png,Do the red hexagon and the red star overlap? Answer yes or no.,no,overlap,2,ood_shape,shape,"{'objects': ['obj_1', 'obj_3'], 'relation': 'overlap'}",no,no,no,True,0.0478319573750241,
ood_shape_000022_q03,ood_shape_000022,images/ood_shape/ood_shape_000022.png,Is the yellow hexagon completely inside the red hexagon? Answer yes or no.,no,inside_outside,2,ood_shape,shape,"{'objects': ['obj_2', 'obj_1'], 'relation': 'inside'}",no,no,no,True,0.0478319573750241,
ood_shape_000022_q04,ood_shape_000022,images/ood_shape/ood_shape_000022.png,Which object is nearest from the red star?,red hexagon,nearest_farthest,2,ood_shape,shape,"{'anchor': 'obj_3', 'target': 'obj_1', 'relation': 'nearest'}",red circle,red hexagon,red circle,False,0.0478319573750241,ood_failure
ood_shape_000023_q01,ood_shape_000023,images/ood_shape/ood_shape_000023.png,Which object is immediately right of the red star?,green hexagon,left_right,2,ood_shape,shape,"{'anchor': 'obj_1', 'target': 'obj_2', 'relation': 'right'}",green hexagon,green hexagon,green hexagon,True,0.0478319573750241,
ood_shape_000023_q02,ood_shape_000023,images/ood_shape/ood_shape_000023.png,Do the green hexagon and the red diamond overlap? Answer yes or no.,no,overlap,2,ood_shape,shape,"{'objects': ['obj_2', 'obj_3'], 'relation': 'overlap'}",no,no,no,True,0.0478319573750241,
ood_shape_000023_q03,ood_shape_000023,images/ood_shape/ood_shape_000023.png,How many green objects are in the image?,1,counting,1,ood_shape,shape,{'filter': {'color': 'green'}},1,1,1,True,0.0478319573750241,
ood_shape_000023_q04,ood_shape_000023,images/ood_shape/ood_shape_000023.png,Which object is farthest from the red diamond?,green hexagon,nearest_farthest,2,ood_shape,shape,"{'anchor': 'obj_3', 'target': 'obj_2', 'relation': 'farthest'}",green hexagon,green hexagon,green hexagon,True,0.0478319573750241,
ood_shape_000024_q01,ood_shape_000024,images/ood_shape/ood_shape_000024.png,Do the red hexagon and the yellow diamond overlap? Answer yes or no.,no,overlap,2,ood_shape,shape,"{'objects': ['obj_4', 'obj_5'], 'relation': 'overlap'}",no,no,no,True,0.04799184000000878,
ood_shape_000024_q02,ood_shape_000024,images/ood_shape/ood_shape_000024.png,Which object is both right of the red hexagon and above the yellow diamond?,green star,multi_hop,4,ood_shape,shape,"{'anchors': ['obj_4', 'obj_5'], 'target': 'obj_2', 'relations': ['right of', 'above']}",green star,green star,green star,True,0.04799184000000878,
ood_shape_000024_q03,ood_shape_000024,images/ood_shape/ood_shape_000024.png,Is the red diamond completely inside the red hexagon? Answer yes or no.,no,inside_outside,2,ood_shape,shape,"{'objects': ['obj_1', 'obj_4'], 'relation': 'inside'}",yes,no,yes,False,0.04799184000000878,ood_failure
ood_shape_000024_q04,ood_shape_000024,images/ood_shape/ood_shape_000024.png,"Which object is larger, the blue diamond or the red hexagon?",red hexagon,relative_size,2,ood_shape,shape,"{'objects': ['obj_3', 'obj_4'], 'target': 'obj_4', 'relation': 'larger'}",red hexagon,red hexagon,red hexagon,True,0.04799184000000878,
ood_shape_000025_q01,ood_shape_000025,images/ood_shape/ood_shape_000025.png,Which object is farthest from the red diamond?,yellow diamond,nearest_farthest,2,ood_shape,shape,"{'anchor': 'obj_1', 'target': 'obj_2', 'relation': 'farthest'}",yellow diamond,yellow diamond,yellow diamond,True,0.04799184000000878,
ood_shape_000025_q02,ood_shape_000025,images/ood_shape/ood_shape_000025.png,Is the yellow hexagon completely inside the yellow diamond? Answer yes or no.,no,inside_outside,2,ood_shape,shape,"{'objects': ['obj_3', 'obj_2'], 'relation': 'inside'}",yes,no,yes,False,0.04799184000000878,ood_failure
ood_shape_000025_q03,ood_shape_000025,images/ood_shape/ood_shape_000025.png,"Which object is smaller, the red diamond or the yellow diamond?",red diamond,relative_size,2,ood_shape,shape,"{'objects': ['obj_1', 'obj_2'], 'target': 'obj_1', 'relation': 'smaller'}",red diamond,red diamond,red diamond,True,0.04799184000000878,
ood_shape_000025_q04,ood_shape_000025,images/ood_shape/ood_shape_000025.png,Which object is both right of the yellow diamond and below the red diamond?,yellow hexagon,multi_hop,4,ood_shape,shape,"{'anchors': ['obj_2', 'obj_1'], 'target': 'obj_3', 'relations': ['right of', 'below']}",yellow hexagon,yellow hexagon,yellow hexagon,True,0.04799184000000878,
ood_shape_000026_q01,ood_shape_000026,images/ood_shape/ood_shape_000026.png,"Which object is closer to the center of the image, the green star or the green hexagon?",green hexagon,center_proximity,2,ood_shape,shape,"{'objects': ['obj_4', 'obj_3'], 'target': 'obj_3', 'relation': 'center_proximity'}",green star,green hexagon,green star,False,0.04100068175000615,ood_failure
ood_shape_000026_q02,ood_shape_000026,images/ood_shape/ood_shape_000026.png,How many blue objects are in the image?,2,counting,1,ood_shape,shape,{'filter': {'color': 'blue'}},2,2,2,True,0.04100068175000615,
ood_shape_000026_q03,ood_shape_000026,images/ood_shape/ood_shape_000026.png,Do the green star and the blue star overlap? Answer yes or no.,no,overlap,2,ood_shape,shape,"{'objects': ['obj_4', 'obj_1'], 'relation': 'overlap'}",no,no,no,True,0.04100068175000615,
ood_shape_000026_q04,ood_shape_000026,images/ood_shape/ood_shape_000026.png,Which object is the bottommost in the image?,green star,relative_ordering,2,ood_shape,shape,"{'target': 'obj_4', 'relation': 'bottommost'}",green star,green star,green star,True,0.04100068175000615,
ood_shape_000027_q01,ood_shape_000027,images/ood_shape/ood_shape_000027.png,"Which object is closer to the center of the image, the red star or the yellow hexagon?",yellow hexagon,center_proximity,2,ood_shape,shape,"{'objects': ['obj_3', 'obj_1'], 'target': 'obj_1', 'relation': 'center_proximity'}",red star,yellow hexagon,red star,False,0.04100068175000615,ood_failure
ood_shape_000027_q02,ood_shape_000027,images/ood_shape/ood_shape_000027.png,"Which object is smaller, the red star or the red diamond?",red star,relative_size,2,ood_shape,shape,"{'objects': ['obj_3', 'obj_2'], 'target': 'obj_3', 'relation': 'smaller'}",red star,red star,red star,True,0.04100068175000615,
ood_shape_000027_q03,ood_shape_000027,images/ood_shape/ood_shape_000027.png,How many objects are above the red diamond?,2,counting,2,ood_shape,shape,"{'anchor': 'obj_2', 'relation': 'above'}",3,2,3,False,0.04100068175000615,ood_failure
ood_shape_000027_q04,ood_shape_000027,images/ood_shape/ood_shape_000027.png,Which object is immediately above the green hexagon?,red star,above_below,2,ood_shape,shape,"{'anchor': 'obj_4', 'target': 'obj_3', 'relation': 'above'}",red circle,red star,red circle,False,0.04100068175000615,ood_failure
ood_shape_000028_q01,ood_shape_000028,images/ood_shape/ood_shape_000028.png,"Which object is closer to the center of the image, the green hexagon or the green star?",green hexagon,center_proximity,2,ood_shape,shape,"{'objects': ['obj_3', 'obj_1'], 'target': 'obj_3', 'relation': 'center_proximity'}",green hexagon,green hexagon,green hexagon,True,0.048580805999961285,
ood_shape_000028_q02,ood_shape_000028,images/ood_shape/ood_shape_000028.png,Which object is between the yellow star and the blue hexagon?,green hexagon,between,3,ood_shape,shape,"{'objects': ['obj_4', 'obj_5'], 'target': 'obj_3', 'relation': 'between'}",green hexagon,green hexagon,green hexagon,True,0.048580805999961285,
ood_shape_000028_q03,ood_shape_000028,images/ood_shape/ood_shape_000028.png,"Which object is larger, the yellow star or the green star?",yellow star,relative_size,2,ood_shape,shape,"{'objects': ['obj_4', 'obj_1'], 'target': 'obj_4', 'relation': 'larger'}",yellow star,yellow star,yellow star,True,0.048580805999961285,
ood_shape_000028_q04,ood_shape_000028,images/ood_shape/ood_shape_000028.png,Do the yellow star and the blue hexagon overlap? Answer yes or no.,no,overlap,2,ood_shape,shape,"{'objects': ['obj_4', 'obj_5'], 'relation': 'overlap'}",no,no,no,True,0.048580805999961285,
ood_shape_000029_q01,ood_shape_000029,images/ood_shape/ood_shape_000029.png,"Which object is smaller, the yellow hexagon or the blue diamond?",yellow hexagon,relative_size,2,ood_shape,shape,"{'objects': ['obj_1', 'obj_3'], 'target': 'obj_1', 'relation': 'smaller'}",yellow hexagon,yellow hexagon,yellow hexagon,True,0.048580805999961285,
ood_shape_000029_q02,ood_shape_000029,images/ood_shape/ood_shape_000029.png,Is the red hexagon completely inside the blue diamond? Answer yes or no.,no,inside_outside,2,ood_shape,shape,"{'objects': ['obj_2', 'obj_3'], 'relation': 'inside'}",yes,no,yes,False,0.048580805999961285,ood_failure
ood_shape_000029_q03,ood_shape_000029,images/ood_shape/ood_shape_000029.png,Which object is nearest from the blue diamond?,yellow hexagon,nearest_farthest,2,ood_shape,shape,"{'anchor': 'obj_3', 'target': 'obj_1', 'relation': 'nearest'}",red circle,yellow hexagon,red circle,False,0.048580805999961285,ood_failure
ood_shape_000029_q04,ood_shape_000029,images/ood_shape/ood_shape_000029.png,Do the blue diamond and the red hexagon overlap? Answer yes or no.,no,overlap,2,ood_shape,shape,"{'objects': ['obj_3', 'obj_2'], 'relation': 'overlap'}",no,no,no,True,0.048580805999961285,
ood_shape_000030_q01,ood_shape_000030,images/ood_shape/ood_shape_000030.png,"Which object is smaller, the green star or the green hexagon?",green hexagon,relative_size,2,ood_shape,shape,"{'objects': ['obj_5', 'obj_4'], 'target': 'obj_4', 'relation': 'smaller'}",green star,green hexagon,green star,False,0.047757866625033785,ood_failure
ood_shape_000030_q02,ood_shape_000030,images/ood_shape/ood_shape_000030.png,Which object is between the green star and the blue hexagon?,yellow hexagon,between,3,ood_shape,shape,"{'objects': ['obj_5', 'obj_2'], 'target': 'obj_1', 'relation': 'between'}",yellow hexagon,yellow hexagon,yellow hexagon,True,0.047757866625033785,
ood_shape_000030_q03,ood_shape_000030,images/ood_shape/ood_shape_000030.png,Which object is nearest from the red diamond?,blue hexagon,nearest_farthest,2,ood_shape,shape,"{'anchor': 'obj_3', 'target': 'obj_2', 'relation': 'nearest'}",blue hexagon,blue hexagon,blue hexagon,True,0.047757866625033785,
ood_shape_000030_q04,ood_shape_000030,images/ood_shape/ood_shape_000030.png,Is the green hexagon completely inside the blue hexagon? Answer yes or no.,no,inside_outside,2,ood_shape,shape,"{'objects': ['obj_4', 'obj_2'], 'relation': 'inside'}",no,no,no,True,0.047757866625033785,
ood_shape_000031_q01,ood_shape_000031,images/ood_shape/ood_shape_000031.png,Which object is immediately right of the blue hexagon?,green star,left_right,2,ood_shape,shape,"{'anchor': 'obj_3', 'target': 'obj_2', 'relation': 'right'}",yellow diamond,green star,yellow diamond,False,0.047757866625033785,ood_failure
ood_shape_000031_q02,ood_shape_000031,images/ood_shape/ood_shape_000031.png,"Which object is closer to the center of the image, the blue star or the yellow diamond?",yellow diamond,center_proximity,2,ood_shape,shape,"{'objects': ['obj_1', 'obj_4'], 'target': 'obj_4', 'relation': 'center_proximity'}",blue star,yellow diamond,blue star,False,0.047757866625033785,ood_failure
ood_shape_000031_q03,ood_shape_000031,images/ood_shape/ood_shape_000031.png,Do the blue star and the yellow diamond overlap? Answer yes or no.,no,overlap,2,ood_shape,shape,"{'objects': ['obj_1', 'obj_4'], 'relation': 'overlap'}",no,no,no,True,0.047757866625033785,
ood_shape_000031_q04,ood_shape_000031,images/ood_shape/ood_shape_000031.png,Is the blue hexagon completely inside the blue star? Answer yes or no.,no,inside_outside,2,ood_shape,shape,"{'objects': ['obj_3', 'obj_1'], 'relation': 'inside'}",no,no,no,True,0.047757866625033785,
ood_shape_000032_q01,ood_shape_000032,images/ood_shape/ood_shape_000032.png,Which object is immediately right of the yellow diamond?,blue hexagon,left_right,2,ood_shape,shape,"{'anchor': 'obj_1', 'target': 'obj_2', 'relation': 'right'}",red star,blue hexagon,red star,False,0.048725344999979825,ood_failure
ood_shape_000032_q02,ood_shape_000032,images/ood_shape/ood_shape_000032.png,Do the yellow hexagon and the red star overlap? Answer yes or no.,no,overlap,2,ood_shape,shape,"{'objects': ['obj_3', 'obj_4'], 'relation': 'overlap'}",yes,no,yes,False,0.048725344999979825,ood_failure
ood_shape_000032_q03,ood_shape_000032,images/ood_shape/ood_shape_000032.png,How many objects are left of the yellow diamond?,0,counting,2,ood_shape,shape,"{'anchor': 'obj_1', 'relation': 'left'}",3,0,3,False,0.048725344999979825,ood_failure
ood_shape_000032_q04,ood_shape_000032,images/ood_shape/ood_shape_000032.png,Which object is farthest from the yellow diamond?,red star,nearest_farthest,2,ood_shape,shape,"{'anchor': 'obj_1', 'target': 'obj_4', 'relation': 'farthest'}",blue hexagon,red star,blue hexagon,False,0.048725344999979825,ood_failure
ood_shape_000033_q01,ood_shape_000033,images/ood_shape/ood_shape_000033.png,Do the red star and the red hexagon overlap? Answer yes or no.,no,overlap,2,ood_shape,shape,"{'objects': ['obj_4', 'obj_5'], 'relation': 'overlap'}",yes,no,yes,False,0.048725344999979825,ood_failure
ood_shape_000033_q02,ood_shape_000033,images/ood_shape/ood_shape_000033.png,Which object is both left of the yellow hexagon and below the red star?,red hexagon,multi_hop,4,ood_shape,shape,"{'anchors': ['obj_1', 'obj_4'], 'target': 'obj_5', 'relations': ['left of', 'below']}",red circle,red hexagon,red circle,False,0.048725344999979825,ood_failure
ood_shape_000033_q03,ood_shape_000033,images/ood_shape/ood_shape_000033.png,Is the yellow star completely inside the red star? Answer yes or no.,no,inside_outside,2,ood_shape,shape,"{'objects': ['obj_2', 'obj_4'], 'relation': 'inside'}",no,no,no,True,0.048725344999979825,
ood_shape_000033_q04,ood_shape_000033,images/ood_shape/ood_shape_000033.png,"Which object is larger, the red hexagon or the yellow star?",red hexagon,relative_size,2,ood_shape,shape,"{'objects': ['obj_5', 'obj_2'], 'target': 'obj_5', 'relation': 'larger'}",red hexagon,red hexagon,red hexagon,True,0.048725344999979825,
ood_shape_000034_q01,ood_shape_000034,images/ood_shape/ood_shape_000034.png,Which object is farthest from the yellow star?,green star,nearest_farthest,2,ood_shape,shape,"{'anchor': 'obj_1', 'target': 'obj_2', 'relation': 'farthest'}",blue triangle,green star,blue triangle,False,0.04852806324998937,ood_failure
ood_shape_000034_q02,ood_shape_000034,images/ood_shape/ood_shape_000034.png,Is the yellow hexagon completely inside the yellow star? Answer yes or no.,no,inside_outside,2,ood_shape,shape,"{'objects': ['obj_4', 'obj_1'], 'relation': 'inside'}",yes,no,yes,False,0.04852806324998937,ood_failure
ood_shape_000034_q03,ood_shape_000034,images/ood_shape/ood_shape_000034.png,"Which object is larger, the yellow hexagon or the green star?",green star,relative_size,2,ood_shape,shape,"{'objects': ['obj_4', 'obj_2'], 'target': 'obj_2', 'relation': 'larger'}",yellow hexagon,green star,yellow hexagon,False,0.04852806324998937,ood_failure
ood_shape_000034_q04,ood_shape_000034,images/ood_shape/ood_shape_000034.png,Which object is both left of the green star and below the yellow hexagon?,yellow star,multi_hop,4,ood_shape,shape,"{'anchors': ['obj_2', 'obj_4'], 'target': 'obj_1', 'relations': ['left of', 'below']}",blue triangle,yellow star,blue triangle,False,0.04852806324998937,ood_failure
ood_shape_000035_q01,ood_shape_000035,images/ood_shape/ood_shape_000035.png,How many blue objects are in the image?,2,counting,1,ood_shape,shape,{'filter': {'color': 'blue'}},2,2,2,True,0.04852806324998937,
ood_shape_000035_q02,ood_shape_000035,images/ood_shape/ood_shape_000035.png,Do the blue hexagon and the yellow diamond overlap? Answer yes or no.,no,overlap,2,ood_shape,shape,"{'objects': ['obj_3', 'obj_2'], 'relation': 'overlap'}",no,no,no,True,0.04852806324998937,
ood_shape_000035_q03,ood_shape_000035,images/ood_shape/ood_shape_000035.png,Which object is the leftmost in the image?,blue hexagon,relative_ordering,2,ood_shape,shape,"{'target': 'obj_3', 'relation': 'leftmost'}",blue star,blue hexagon,blue star,False,0.04852806324998937,ood_failure
ood_shape_000035_q04,ood_shape_000035,images/ood_shape/ood_shape_000035.png,Which object is immediately above the yellow diamond?,blue star,above_below,2,ood_shape,shape,"{'anchor': 'obj_2', 'target': 'obj_1', 'relation': 'above'}",blue star,blue star,blue star,True,0.04852806324998937,
ood_shape_000036_q01,ood_shape_000036,images/ood_shape/ood_shape_000036.png,"Which object is closer to the center of the image, the blue diamond or the red hexagon?",red hexagon,center_proximity,2,ood_shape,shape,"{'objects': ['obj_3', 'obj_1'], 'target': 'obj_1', 'relation': 'center_proximity'}",blue diamond,red hexagon,blue diamond,False,0.0478914985000074,ood_failure
ood_shape_000036_q02,ood_shape_000036,images/ood_shape/ood_shape_000036.png,"Which object is smaller, the blue diamond or the green hexagon?",blue diamond,relative_size,2,ood_shape,shape,"{'objects': ['obj_3', 'obj_2'], 'target': 'obj_3', 'relation': 'smaller'}",blue diamond,blue diamond,blue diamond,True,0.0478914985000074,
ood_shape_000036_q03,ood_shape_000036,images/ood_shape/ood_shape_000036.png,How many objects are above the green hexagon?,2,counting,2,ood_shape,shape,"{'anchor': 'obj_2', 'relation': 'above'}",2,2,2,True,0.0478914985000074,
ood_shape_000036_q04,ood_shape_000036,images/ood_shape/ood_shape_000036.png,Which object is nearest from the blue diamond?,green hexagon,nearest_farthest,2,ood_shape,shape,"{'anchor': 'obj_3', 'target': 'obj_2', 'relation': 'nearest'}",red hexagon,green hexagon,red hexagon,False,0.0478914985000074,ood_failure
ood_shape_000037_q01,ood_shape_000037,images/ood_shape/ood_shape_000037.png,"Which object is closer to the center of the image, the green star or the yellow diamond?",yellow diamond,center_proximity,2,ood_shape,shape,"{'objects': ['obj_3', 'obj_1'], 'target': 'obj_1', 'relation': 'center_proximity'}",yellow diamond,yellow diamond,yellow diamond,True,0.0478914985000074,
ood_shape_000037_q02,ood_shape_000037,images/ood_shape/ood_shape_000037.png,Which object is between the blue star and the yellow hexagon?,yellow diamond,between,3,ood_shape,shape,"{'objects': ['obj_4', 'obj_2'], 'target': 'obj_1', 'relation': 'between'}",yellow hexagon,yellow diamond,yellow hexagon,False,0.0478914985000074,ood_failure
ood_shape_000037_q03,ood_shape_000037,images/ood_shape/ood_shape_000037.png,"Which object is smaller, the yellow diamond or the yellow hexagon?",yellow hexagon,relative_size,2,ood_shape,shape,"{'objects': ['obj_1', 'obj_2'], 'target': 'obj_2', 'relation': 'smaller'}",yellow hexagon,yellow hexagon,yellow hexagon,True,0.0478914985000074,
ood_shape_000037_q04,ood_shape_000037,images/ood_shape/ood_shape_000037.png,Do the green star and the yellow hexagon overlap? Answer yes or no.,no,overlap,2,ood_shape,shape,"{'objects': ['obj_3', 'obj_2'], 'relation': 'overlap'}",no,no,no,True,0.0478914985000074,
ood_shape_000038_q01,ood_shape_000038,images/ood_shape/ood_shape_000038.png,"Which object is smaller, the blue star or the red star?",red star,relative_size,2,ood_shape,shape,"{'objects': ['obj_1', 'obj_3'], 'target': 'obj_3', 'relation': 'smaller'}",blue star,red star,blue star,False,0.041946311874994535,ood_failure
ood_shape_000038_q02,ood_shape_000038,images/ood_shape/ood_shape_000038.png,Is the blue hexagon completely inside the red star? Answer yes or no.,no,inside_outside,2,ood_shape,shape,"{'objects': ['obj_2', 'obj_3'], 'relation': 'inside'}",no,no,no,True,0.041946311874994535,
ood_shape_000038_q03,ood_shape_000038,images/ood_shape/ood_shape_000038.png,Which object is nearest from the red star?,blue hexagon,nearest_farthest,2,ood_shape,shape,"{'anchor': 'obj_3', 'target': 'obj_2', 'relation': 'nearest'}",blue star,blue hexagon,blue star,False,0.041946311874994535,ood_failure
ood_shape_000038_q04,ood_shape_000038,images/ood_shape/ood_shape_000038.png,Which object is immediately right of the blue hexagon?,red star,left_right,2,ood_shape,shape,"{'anchor': 'obj_2', 'target': 'obj_3', 'relation': 'right'}",red circle,red star,red circle,False,0.041946311874994535,ood_failure
ood_shape_000039_q01,ood_shape_000039,images/ood_shape/ood_shape_000039.png,"Which object is closer to the center of the image, the blue diamond or the green star?",green star,center_proximity,2,ood_shape,shape,"{'objects': ['obj_2', 'obj_3'], 'target': 'obj_3', 'relation': 'center_proximity'}",green star,green star,green star,True,0.041946311874994535,
ood_shape_000039_q02,ood_shape_000039,images/ood_shape/ood_shape_000039.png,Which object is farthest from the blue diamond?,green hexagon,nearest_farthest,2,ood_shape,shape,"{'anchor': 'obj_2', 'target': 'obj_1', 'relation': 'farthest'}",green triangle,green hexagon,green triangle,False,0.041946311874994535,ood_failure
ood_shape_000039_q03,ood_shape_000039,images/ood_shape/ood_shape_000039.png,Which object is both left of the blue diamond and right of the green star?,green hexagon,multi_hop,4,ood_shape,shape,"{'anchors': ['obj_2', 'obj_3'], 'target': 'obj_1', 'relations': ['left of', 'right of']}",green star,green hexagon,green star,False,0.041946311874994535,ood_failure
ood_shape_000039_q04,ood_shape_000039,images/ood_shape/ood_shape_000039.png,Do the blue diamond and the green star overlap? Answer yes or no.,no,overlap,2,ood_shape,shape,"{'objects': ['obj_2', 'obj_3'], 'relation': 'overlap'}",no,no,no,True,0.041946311874994535,
ood_shape_000040_q01,ood_shape_000040,images/ood_shape/ood_shape_000040.png,Which object is immediately right of the blue diamond?,blue star,left_right,2,ood_shape,shape,"{'anchor': 'obj_2', 'target': 'obj_1', 'relation': 'right'}",red star,blue star,red star,False,0.04111783824998838,ood_failure
ood_shape_000040_q02,ood_shape_000040,images/ood_shape/ood_shape_000040.png,"Which object is closer to the center of the image, the blue star or the red star?",blue star,center_proximity,2,ood_shape,shape,"{'objects': ['obj_1', 'obj_3'], 'target': 'obj_1', 'relation': 'center_proximity'}",blue star,blue star,blue star,True,0.04111783824998838,
ood_shape_000040_q03,ood_shape_000040,images/ood_shape/ood_shape_000040.png,Do the blue star and the red star overlap? Answer yes or no.,no,overlap,2,ood_shape,shape,"{'objects': ['obj_1', 'obj_3'], 'relation': 'overlap'}",no,no,no,True,0.04111783824998838,
ood_shape_000040_q04,ood_shape_000040,images/ood_shape/ood_shape_000040.png,Is the blue diamond completely inside the blue star? Answer yes or no.,no,inside_outside,2,ood_shape,shape,"{'objects': ['obj_2', 'obj_1'], 'relation': 'inside'}",no,no,no,True,0.04111783824998838,
ood_shape_000041_q01,ood_shape_000041,images/ood_shape/ood_shape_000041.png,Which object is immediately right of the yellow star?,green diamond,left_right,2,ood_shape,shape,"{'anchor': 'obj_1', 'target': 'obj_3', 'relation': 'right'}",green triangle,green diamond,green triangle,False,0.04111783824998838,ood_failure
ood_shape_000041_q02,ood_shape_000041,images/ood_shape/ood_shape_000041.png,Do the red star and the green diamond overlap? Answer yes or no.,no,overlap,2,ood_shape,shape,"{'objects': ['obj_2', 'obj_3'], 'relation': 'overlap'}",no,no,no,True,0.04111783824998838,
ood_shape_000041_q03,ood_shape_000041,images/ood_shape/ood_shape_000041.png,How many green objects are in the image?,1,counting,1,ood_shape,shape,{'filter': {'color': 'green'}},1,1,1,True,0.04111783824998838,
ood_shape_000041_q04,ood_shape_000041,images/ood_shape/ood_shape_000041.png,Which object is farthest from the green diamond?,yellow star,nearest_farthest,2,ood_shape,shape,"{'anchor': 'obj_3', 'target': 'obj_1', 'relation': 'farthest'}",red star,yellow star,red star,False,0.04111783824998838,ood_failure
ood_shape_000042_q01,ood_shape_000042,images/ood_shape/ood_shape_000042.png,Do the green hexagon and the red diamond overlap? Answer yes or no.,no,overlap,2,ood_shape,shape,"{'objects': ['obj_2', 'obj_3'], 'relation': 'overlap'}",no,no,no,True,0.04796483337503332,
ood_shape_000042_q02,ood_shape_000042,images/ood_shape/ood_shape_000042.png,Which object is both below the yellow diamond and left of the red diamond?,green hexagon,multi_hop,4,ood_shape,shape,"{'anchors': ['obj_1', 'obj_3'], 'target': 'obj_2', 'relations': ['below', 'left of']}",green hexagon,green hexagon,green hexagon,True,0.04796483337503332,
ood_shape_000042_q03,ood_shape_000042,images/ood_shape/ood_shape_000042.png,Is the red diamond completely inside the green hexagon? Answer yes or no.,no,inside_outside,2,ood_shape,shape,"{'objects': ['obj_3', 'obj_2'], 'relation': 'inside'}",no,no,no,True,0.04796483337503332,
ood_shape_000042_q04,ood_shape_000042,images/ood_shape/ood_shape_000042.png,"Which object is larger, the red diamond or the green hexagon?",green hexagon,relative_size,2,ood_shape,shape,"{'objects': ['obj_3', 'obj_2'], 'target': 'obj_2', 'relation': 'larger'}",red diamond,green hexagon,red diamond,False,0.04796483337503332,ood_failure
ood_shape_000043_q01,ood_shape_000043,images/ood_shape/ood_shape_000043.png,Which object is farthest from the blue diamond?,red hexagon,nearest_farthest,2,ood_shape,shape,"{'anchor': 'obj_1', 'target': 'obj_3', 'relation': 'farthest'}",red circle,red hexagon,red circle,False,0.04796483337503332,ood_failure
ood_shape_000043_q02,ood_shape_000043,images/ood_shape/ood_shape_000043.png,Is the red hexagon completely inside the green diamond? Answer yes or no.,no,inside_outside,2,ood_shape,shape,"{'objects': ['obj_3', 'obj_2'], 'relation': 'inside'}",no,no,no,True,0.04796483337503332,
ood_shape_000043_q03,ood_shape_000043,images/ood_shape/ood_shape_000043.png,"Which object is smaller, the blue diamond or the green diamond?",blue diamond,relative_size,2,ood_shape,shape,"{'objects': ['obj_1', 'obj_2'], 'target': 'obj_1', 'relation': 'smaller'}",blue diamond,blue diamond,blue diamond,True,0.04796483337503332,
ood_shape_000043_q04,ood_shape_000043,images/ood_shape/ood_shape_000043.png,Which object is both right of the blue diamond and below the red hexagon?,green diamond,multi_hop,4,ood_shape,shape,"{'anchors': ['obj_1', 'obj_3'], 'target': 'obj_2', 'relations': ['right of', 'below']}",green triangle,green diamond,green triangle,False,0.04796483337503332,ood_failure
ood_shape_000044_q01,ood_shape_000044,images/ood_shape/ood_shape_000044.png,How many yellow objects are in the image?,2,counting,1,ood_shape,shape,{'filter': {'color': 'yellow'}},2,2,2,True,0.040647482749989194,
ood_shape_000044_q02,ood_shape_000044,images/ood_shape/ood_shape_000044.png,Do the yellow diamond and the blue hexagon overlap? Answer yes or no.,no,overlap,2,ood_shape,shape,"{'objects': ['obj_4', 'obj_1'], 'relation': 'overlap'}",no,no,no,True,0.040647482749989194,
ood_shape_000044_q03,ood_shape_000044,images/ood_shape/ood_shape_000044.png,Which object is the bottommost in the image?,yellow hexagon,relative_ordering,2,ood_shape,shape,"{'target': 'obj_5', 'relation': 'bottommost'}",green triangle,yellow hexagon,green triangle,False,0.040647482749989194,ood_failure
ood_shape_000044_q04,ood_shape_000044,images/ood_shape/ood_shape_000044.png,Which object is immediately below the blue star?,blue hexagon,above_below,2,ood_shape,shape,"{'anchor': 'obj_2', 'target': 'obj_1', 'relation': 'below'}",green triangle,blue hexagon,green triangle,False,0.040647482749989194,ood_failure
ood_shape_000045_q01,ood_shape_000045,images/ood_shape/ood_shape_000045.png,"Which object is smaller, the yellow star or the green hexagon?",yellow star,relative_size,2,ood_shape,shape,"{'objects': ['obj_3', 'obj_2'], 'target': 'obj_3', 'relation': 'smaller'}",yellow star,yellow star,yellow star,True,0.040647482749989194,
ood_shape_000045_q02,ood_shape_000045,images/ood_shape/ood_shape_000045.png,How many objects are above the green hexagon?,3,counting,2,ood_shape,shape,"{'anchor': 'obj_2', 'relation': 'above'}",2,3,2,False,0.040647482749989194,ood_failure
ood_shape_000045_q03,ood_shape_000045,images/ood_shape/ood_shape_000045.png,Which object is immediately above the green star?,yellow diamond,above_below,2,ood_shape,shape,"{'anchor': 'obj_4', 'target': 'obj_1', 'relation': 'above'}",yellow triangle,yellow diamond,yellow triangle,False,0.040647482749989194,ood_failure
ood_shape_000045_q04,ood_shape_000045,images/ood_shape/ood_shape_000045.png,Which object is nearest from the yellow star?,yellow diamond,nearest_farthest,2,ood_shape,shape,"{'anchor': 'obj_3', 'target': 'obj_1', 'relation': 'nearest'}",yellow star,yellow diamond,yellow star,False,0.040647482749989194,ood_failure
ood_shape_000046_q01,ood_shape_000046,images/ood_shape/ood_shape_000046.png,"Which object is closer to the center of the image, the green star or the red diamond?",red diamond,center_proximity,2,ood_shape,shape,"{'objects': ['obj_2', 'obj_1'], 'target': 'obj_1', 'relation': 'center_proximity'}",red diamond,red diamond,red diamond,True,0.0505031402499867,
ood_shape_000046_q02,ood_shape_000046,images/ood_shape/ood_shape_000046.png,"Which object is smaller, the red diamond or the green star?",red diamond,relative_size,2,ood_shape,shape,"{'objects': ['obj_1', 'obj_2'], 'target': 'obj_1', 'relation': 'smaller'}",red diamond,red diamond,red diamond,True,0.0505031402499867,
ood_shape_000046_q03,ood_shape_000046,images/ood_shape/ood_shape_000046.png,Do the red diamond and the blue diamond overlap? Answer yes or no.,no,overlap,2,ood_shape,shape,"{'objects': ['obj_1', 'obj_3'], 'relation': 'overlap'}",no,no,no,True,0.0505031402499867,
ood_shape_000046_q04,ood_shape_000046,images/ood_shape/ood_shape_000046.png,How many objects are left of the green star?,1,counting,2,ood_shape,shape,"{'anchor': 'obj_2', 'relation': 'left'}",1,1,1,True,0.0505031402499867,
ood_shape_000047_q01,ood_shape_000047,images/ood_shape/ood_shape_000047.png,"Which object is smaller, the yellow star or the green diamond?",green diamond,relative_size,2,ood_shape,shape,"{'objects': ['obj_1', 'obj_2'], 'target': 'obj_2', 'relation': 'smaller'}",yellow star,green diamond,yellow star,False,0.0505031402499867,ood_failure
ood_shape_000047_q02,ood_shape_000047,images/ood_shape/ood_shape_000047.png,Is the yellow diamond completely inside the green star? Answer yes or no.,no,inside_outside,2,ood_shape,shape,"{'objects': ['obj_3', 'obj_5'], 'relation': 'inside'}",no,no,no,True,0.0505031402499867,
ood_shape_000047_q03,ood_shape_000047,images/ood_shape/ood_shape_000047.png,Which object is farthest from the yellow star?,green hexagon,nearest_farthest,2,ood_shape,shape,"{'anchor': 'obj_1', 'target': 'obj_4', 'relation': 'farthest'}",green hexagon,green hexagon,green hexagon,True,0.0505031402499867,
ood_shape_000047_q04,ood_shape_000047,images/ood_shape/ood_shape_000047.png,Which object is immediately right of the green star?,green hexagon,left_right,2,ood_shape,shape,"{'anchor': 'obj_5', 'target': 'obj_4', 'relation': 'right'}",yellow star,green hexagon,yellow star,False,0.0505031402499867,ood_failure
ood_shape_000048_q01,ood_shape_000048,images/ood_shape/ood_shape_000048.png,"Which object is closer to the center of the image, the green hexagon or the yellow star?",green hexagon,center_proximity,2,ood_shape,shape,"{'objects': ['obj_4', 'obj_5'], 'target': 'obj_4', 'relation': 'center_proximity'}",green hexagon,green hexagon,green hexagon,True,0.04759507412501307,
ood_shape_000048_q02,ood_shape_000048,images/ood_shape/ood_shape_000048.png,Which object is farthest from the red star?,green diamond,nearest_farthest,2,ood_shape,shape,"{'anchor': 'obj_3', 'target': 'obj_1', 'relation': 'farthest'}",green triangle,green diamond,green triangle,False,0.04759507412501307,ood_failure
ood_shape_000048_q03,ood_shape_000048,images/ood_shape/ood_shape_000048.png,Which object is immediately below the blue hexagon?,green diamond,above_below,2,ood_shape,shape,"{'anchor': 'obj_2', 'target': 'obj_1', 'relation': 'below'}",green triangle,green diamond,green triangle,False,0.04759507412501307,ood_failure
ood_shape_000048_q04,ood_shape_000048,images/ood_shape/ood_shape_000048.png,Which object is between the green diamond and the red star?,blue hexagon,between,3,ood_shape,shape,"{'objects': ['obj_1', 'obj_3'], 'target': 'obj_2', 'relation': 'between'}",blue hexagon,blue hexagon,blue hexagon,True,0.04759507412501307,
ood_shape_000049_q01,ood_shape_000049,images/ood_shape/ood_shape_000049.png,"Which object is closer to the center of the image, the red diamond or the red star?",red star,center_proximity,2,ood_shape,shape,"{'objects': ['obj_2', 'obj_1'], 'target': 'obj_1', 'relation': 'center_proximity'}",red star,red star,red star,True,0.04759507412501307,
ood_shape_000049_q02,ood_shape_000049,images/ood_shape/ood_shape_000049.png,Which object is both below the red star and left of the green diamond?,green hexagon,multi_hop,4,ood_shape,shape,"{'anchors': ['obj_1', 'obj_4'], 'target': 'obj_3', 'relations': ['below', 'left of']}",green hexagon,green hexagon,green hexagon,True,0.04759507412501307,
ood_shape_000049_q03,ood_shape_000049,images/ood_shape/ood_shape_000049.png,Which object is farthest from the green hexagon?,red diamond,nearest_farthest,2,ood_shape,shape,"{'anchor': 'obj_3', 'target': 'obj_2', 'relation': 'farthest'}",red triangle,red diamond,red triangle,False,0.04759507412501307,ood_failure
ood_shape_000049_q04,ood_shape_000049,images/ood_shape/ood_shape_000049.png,Which object is the rightmost in the image?,green diamond,relative_ordering,2,ood_shape,shape,"{'target': 'obj_4', 'relation': 'rightmost'}",green triangle,green diamond,green triangle,False,0.04759507412501307,ood_failure
ood_palette_000000_q01,ood_palette_000000,images/ood_palette/ood_palette_000000.png,Which object is immediately below the purple rectangle?,cyan rectangle,above_below,2,ood_palette,palette,"{'anchor': 'obj_1', 'target': 'obj_2', 'relation': 'below'}",red triangle,cyan rectangle,red triangle,False,0.0411349333750195,ood_failure
ood_palette_000000_q02,ood_palette_000000,images/ood_palette/ood_palette_000000.png,"Which object is larger, the purple rectangle or the pink triangle?",purple rectangle,relative_size,2,ood_palette,palette,"{'objects': ['obj_1', 'obj_3'], 'target': 'obj_1', 'relation': 'larger'}",purple rectangle,purple rectangle,purple rectangle,True,0.0411349333750195,
ood_palette_000000_q03,ood_palette_000000,images/ood_palette/ood_palette_000000.png,Do the purple rectangle and the cyan rectangle overlap? Answer yes or no.,no,overlap,2,ood_palette,palette,"{'objects': ['obj_1', 'obj_2'], 'relation': 'overlap'}",no,no,no,True,0.0411349333750195,
ood_palette_000000_q04,ood_palette_000000,images/ood_palette/ood_palette_000000.png,How many cyan objects are in the image?,1,counting,1,ood_palette,palette,{'filter': {'color': 'cyan'}},1,1,1,True,0.0411349333750195,
ood_palette_000001_q01,ood_palette_000001,images/ood_palette/ood_palette_000001.png,Which object is between the pink triangle and the purple rectangle?,cyan rectangle,between,3,ood_palette,palette,"{'objects': ['obj_3', 'obj_4'], 'target': 'obj_2', 'relation': 'between'}",green rectangle,cyan rectangle,green rectangle,False,0.0411349333750195,ood_failure
ood_palette_000001_q02,ood_palette_000001,images/ood_palette/ood_palette_000001.png,Which object is both right of the cyan circle and above the purple rectangle?,pink triangle,multi_hop,4,ood_palette,palette,"{'anchors': ['obj_5', 'obj_4'], 'target': 'obj_3', 'relations': ['right of', 'above']}",red rectangle,pink triangle,red rectangle,False,0.0411349333750195,ood_failure
ood_palette_000001_q03,ood_palette_000001,images/ood_palette/ood_palette_000001.png,Which object is the rightmost in the image?,pink triangle,relative_ordering,2,ood_palette,palette,"{'target': 'obj_3', 'relation': 'rightmost'}",red rectangle,pink triangle,red rectangle,False,0.0411349333750195,ood_failure
ood_palette_000001_q04,ood_palette_000001,images/ood_palette/ood_palette_000001.png,Is the pink triangle completely inside the pink rectangle? Answer yes or no.,no,inside_outside,2,ood_palette,palette,"{'objects': ['obj_3', 'obj_1'], 'relation': 'inside'}",no,no,no,True,0.0411349333750195,
ood_palette_000002_q01,ood_palette_000002,images/ood_palette/ood_palette_000002.png,Which object is between the pink circle and the cyan triangle?,pink triangle,between,3,ood_palette,palette,"{'objects': ['obj_3', 'obj_2'], 'target': 'obj_4', 'relation': 'between'}",orange square,pink triangle,orange square,False,0.04078574087498055,ood_failure
ood_palette_000002_q02,ood_palette_000002,images/ood_palette/ood_palette_000002.png,Which object is both below the cyan triangle and left of the pink triangle?,orange rectangle,multi_hop,4,ood_palette,palette,"{'anchors': ['obj_2', 'obj_4'], 'target': 'obj_1', 'relations': ['below', 'left of']}",orange square,orange rectangle,orange square,False,0.04078574087498055,ood_failure
ood_palette_000002_q03,ood_palette_000002,images/ood_palette/ood_palette_000002.png,"Which object is closer to the center of the image, the orange rectangle or the pink circle?",orange rectangle,center_proximity,2,ood_palette,palette,"{'objects': ['obj_1', 'obj_3'], 'target': 'obj_1', 'relation': 'center_proximity'}",orange rectangle,orange rectangle,orange rectangle,True,0.04078574087498055,
ood_palette_000002_q04,ood_palette_000002,images/ood_palette/ood_palette_000002.png,Which object is immediately below the cyan triangle?,pink triangle,above_below,2,ood_palette,palette,"{'anchor': 'obj_2', 'target': 'obj_4', 'relation': 'below'}",red circle,pink triangle,red circle,False,0.04078574087498055,ood_failure
ood_palette_000003_q01,ood_palette_000003,images/ood_palette/ood_palette_000003.png,"Which object is closer to the center of the image, the purple circle or the purple rectangle?",purple circle,center_proximity,2,ood_palette,palette,"{'objects': ['obj_4', 'obj_5'], 'target': 'obj_4', 'relation': 'center_proximity'}",purple rectangle,purple circle,purple rectangle,False,0.04078574087498055,ood_failure
ood_palette_000003_q02,ood_palette_000003,images/ood_palette/ood_palette_000003.png,Is the orange rectangle completely inside the orange triangle? Answer yes or no.,no,inside_outside,2,ood_palette,palette,"{'objects': ['obj_2', 'obj_3'], 'relation': 'inside'}",no,no,no,True,0.04078574087498055,
ood_palette_000003_q03,ood_palette_000003,images/ood_palette/ood_palette_000003.png,Which object is between the purple rectangle and the orange triangle?,orange circle,between,3,ood_palette,palette,"{'objects': ['obj_5', 'obj_3'], 'target': 'obj_1', 'relation': 'between'}",orange circle,orange circle,orange circle,True,0.04078574087498055,
ood_palette_000003_q04,ood_palette_000003,images/ood_palette/ood_palette_000003.png,How many objects are left of the orange rectangle?,2,counting,2,ood_palette,palette,"{'anchor': 'obj_2', 'relation': 'left'}",2,2,2,True,0.04078574087498055,
ood_palette_000004_q01,ood_palette_000004,images/ood_palette/ood_palette_000004.png,Which object is immediately right of the purple triangle?,purple circle,left_right,2,ood_palette,palette,"{'anchor': 'obj_3', 'target': 'obj_2', 'relation': 'right'}",purple circle,purple circle,purple circle,True,0.04784910875002879,
ood_palette_000004_q02,ood_palette_000004,images/ood_palette/ood_palette_000004.png,"Which object is smaller, the purple rectangle or the purple circle?",purple rectangle,relative_size,2,ood_palette,palette,"{'objects': ['obj_1', 'obj_2'], 'target': 'obj_1', 'relation': 'smaller'}",purple rectangle,purple rectangle,purple rectangle,True,0.04784910875002879,
ood_palette_000004_q03,ood_palette_000004,images/ood_palette/ood_palette_000004.png,Which object is both above the purple triangle and left of the purple circle?,purple rectangle,multi_hop,4,ood_palette,palette,"{'anchors': ['obj_3', 'obj_2'], 'target': 'obj_1', 'relations': ['above', 'left of']}",square,purple rectangle,square,False,0.04784910875002879,ood_failure
ood_palette_000004_q04,ood_palette_000004,images/ood_palette/ood_palette_000004.png,Which object is the leftmost in the image?,purple rectangle,relative_ordering,2,ood_palette,palette,"{'target': 'obj_1', 'relation': 'leftmost'}",square,purple rectangle,square,False,0.04784910875002879,ood_failure
ood_palette_000005_q01,ood_palette_000005,images/ood_palette/ood_palette_000005.png,Which object is immediately left of the cyan circle?,pink circle,left_right,2,ood_palette,palette,"{'anchor': 'obj_1', 'target': 'obj_3', 'relation': 'left'}",red circle,pink circle,red circle,False,0.04784910875002879,ood_failure
ood_palette_000005_q02,ood_palette_000005,images/ood_palette/ood_palette_000005.png,Which object is both below the orange rectangle and right of the pink circle?,cyan circle,multi_hop,4,ood_palette,palette,"{'anchors': ['obj_2', 'obj_3'], 'target': 'obj_1', 'relations': ['below', 'right of']}",teal circle,cyan circle,teal circle,False,0.04784910875002879,ood_failure
ood_palette_000005_q03,ood_palette_000005,images/ood_palette/ood_palette_000005.png,Do the pink circle and the cyan circle overlap? Answer yes or no.,no,overlap,2,ood_palette,palette,"{'objects': ['obj_3', 'obj_1'], 'relation': 'overlap'}",no,no,no,True,0.04784910875002879,
ood_palette_000005_q04,ood_palette_000005,images/ood_palette/ood_palette_000005.png,Which object is immediately above the orange rectangle?,pink circle,above_below,2,ood_palette,palette,"{'anchor': 'obj_2', 'target': 'obj_3', 'relation': 'above'}",red circle,pink circle,red circle,False,0.04784910875002879,ood_failure
ood_palette_000006_q01,ood_palette_000006,images/ood_palette/ood_palette_000006.png,"Which object is closer to the center of the image, the pink rectangle or the cyan rectangle?",pink rectangle,center_proximity,2,ood_palette,palette,"{'objects': ['obj_1', 'obj_2'], 'target': 'obj_1', 'relation': 'center_proximity'}",pink rectangle,pink rectangle,pink rectangle,True,0.048737323750003725,
ood_palette_000006_q02,ood_palette_000006,images/ood_palette/ood_palette_000006.png,Which object is both left of the purple triangle and below the pink rectangle?,orange rectangle,multi_hop,4,ood_palette,palette,"{'anchors': ['obj_4', 'obj_1'], 'target': 'obj_3', 'relations': ['left of', 'below']}",orange rectangle,orange rectangle,orange rectangle,True,0.048737323750003725,
ood_palette_000006_q03,ood_palette_000006,images/ood_palette/ood_palette_000006.png,Which object is immediately below the purple triangle?,orange rectangle,above_below,2,ood_palette,palette,"{'anchor': 'obj_4', 'target': 'obj_3', 'relation': 'below'}",red rectangle,orange rectangle,red rectangle,False,0.048737323750003725,ood_failure
ood_palette_000006_q04,ood_palette_000006,images/ood_palette/ood_palette_000006.png,Which object is immediately left of the pink rectangle?,purple triangle,left_right,2,ood_palette,palette,"{'anchor': 'obj_1', 'target': 'obj_4', 'relation': 'left'}",orange rectangle,purple triangle,orange rectangle,False,0.048737323750003725,ood_failure
ood_palette_000007_q01,ood_palette_000007,images/ood_palette/ood_palette_000007.png,Which object is both left of the purple triangle and above the orange circle?,cyan circle,multi_hop,4,ood_palette,palette,"{'anchors': ['obj_3', 'obj_1'], 'target': 'obj_2', 'relations': ['left of', 'above']}",teal circle,cyan circle,teal circle,False,0.048737323750003725,ood_failure
ood_palette_000007_q02,ood_palette_000007,images/ood_palette/ood_palette_000007.png,Which object is the topmost in the image?,purple triangle,relative_ordering,2,ood_palette,palette,"{'target': 'obj_3', 'relation': 'topmost'}",triangle,purple triangle,triangle,False,0.048737323750003725,ood_failure
ood_palette_000007_q03,ood_palette_000007,images/ood_palette/ood_palette_000007.png,"Which object is smaller, the purple triangle or the cyan circle?",cyan circle,relative_size,2,ood_palette,palette,"{'objects': ['obj_3', 'obj_2'], 'target': 'obj_2', 'relation': 'smaller'}",purple triangle,cyan circle,purple triangle,False,0.048737323750003725,ood_failure
ood_palette_000007_q04,ood_palette_000007,images/ood_palette/ood_palette_000007.png,Which object is nearest from the purple triangle?,cyan circle,nearest_farthest,2,ood_palette,palette,"{'anchor': 'obj_3', 'target': 'obj_2', 'relation': 'nearest'}",red circle,cyan circle,red circle,False,0.048737323750003725,ood_failure
ood_palette_000008_q01,ood_palette_000008,images/ood_palette/ood_palette_000008.png,Do the pink circle and the cyan rectangle overlap? Answer yes or no.,no,overlap,2,ood_palette,palette,"{'objects': ['obj_3', 'obj_2'], 'relation': 'overlap'}",no,no,no,True,0.04152119225000206,
ood_palette_000008_q02,ood_palette_000008,images/ood_palette/ood_palette_000008.png,Which object is both left of the cyan rectangle and above the orange rectangle?,pink circle,multi_hop,4,ood_palette,palette,"{'anchors': ['obj_2', 'obj_1'], 'target': 'obj_3', 'relations': ['left of', 'above']}",red circle,pink circle,red circle,False,0.04152119225000206,ood_failure
ood_palette_000008_q03,ood_palette_000008,images/ood_palette/ood_palette_000008.png,How many pink objects are in the image?,1,counting,1,ood_palette,palette,{'filter': {'color': 'pink'}},1,1,1,True,0.04152119225000206,
ood_palette_000008_q04,ood_palette_000008,images/ood_palette/ood_palette_000008.png,"Which object is closer to the center of the image, the cyan rectangle or the pink circle?",cyan rectangle,center_proximity,2,ood_palette,palette,"{'objects': ['obj_2', 'obj_3'], 'target': 'obj_2', 'relation': 'center_proximity'}",pink circle,cyan rectangle,pink circle,False,0.04152119225000206,ood_failure
ood_palette_000009_q01,ood_palette_000009,images/ood_palette/ood_palette_000009.png,Which object is the rightmost in the image?,purple rectangle,relative_ordering,2,ood_palette,palette,"{'target': 'obj_3', 'relation': 'rightmost'}",purple triangle,purple rectangle,purple triangle,False,0.04152119225000206,ood_failure
ood_palette_000009_q02,ood_palette_000009,images/ood_palette/ood_palette_000009.png,Is the purple triangle completely inside the purple rectangle? Answer yes or no.,no,inside_outside,2,ood_palette,palette,"{'objects': ['obj_2', 'obj_3'], 'relation': 'inside'}",no,no,no,True,0.04152119225000206,
ood_palette_000009_q03,ood_palette_000009,images/ood_palette/ood_palette_000009.png,"Which object is closer to the center of the image, the purple triangle or the purple rectangle?",purple rectangle,center_proximity,2,ood_palette,palette,"{'objects': ['obj_2', 'obj_3'], 'target': 'obj_3', 'relation': 'center_proximity'}",purple triangle,purple rectangle,purple triangle,False,0.04152119225000206,ood_failure
ood_palette_000009_q04,ood_palette_000009,images/ood_palette/ood_palette_000009.png,Do the cyan triangle and the purple triangle overlap? Answer yes or no.,no,overlap,2,ood_palette,palette,"{'objects': ['obj_1', 'obj_2'], 'relation': 'overlap'}",no,no,no,True,0.04152119225000206,
ood_palette_000010_q01,ood_palette_000010,images/ood_palette/ood_palette_000010.png,Which object is between the cyan circle and the purple triangle?,purple rectangle,between,3,ood_palette,palette,"{'objects': ['obj_2', 'obj_3'], 'target': 'obj_1', 'relation': 'between'}",red triangle,purple rectangle,red triangle,False,0.04127066537500923,ood_failure
ood_palette_000010_q02,ood_palette_000010,images/ood_palette/ood_palette_000010.png,Which object is both left of the purple rectangle and above the pink triangle?,purple triangle,multi_hop,4,ood_palette,palette,"{'anchors': ['obj_1', 'obj_4'], 'target': 'obj_3', 'relations': ['left of', 'above']}",red triangle,purple triangle,red triangle,False,0.04127066537500923,ood_failure
ood_palette_000010_q03,ood_palette_000010,images/ood_palette/ood_palette_000010.png,Which object is the bottommost in the image?,pink triangle,relative_ordering,2,ood_palette,palette,"{'target': 'obj_4', 'relation': 'bottommost'}",red triangle,pink triangle,red triangle,False,0.04127066537500923,ood_failure
ood_palette_000010_q04,ood_palette_000010,images/ood_palette/ood_palette_000010.png,"Which object is smaller, the cyan triangle or the cyan circle?",cyan triangle,relative_size,2,ood_palette,palette,"{'objects': ['obj_5', 'obj_2'], 'target': 'obj_5', 'relation': 'smaller'}",cyan triangle,cyan triangle,cyan triangle,True,0.04127066537500923,
ood_palette_000011_q01,ood_palette_000011,images/ood_palette/ood_palette_000011.png,Which object is between the orange rectangle and the pink circle?,purple rectangle,between,3,ood_palette,palette,"{'objects': ['obj_2', 'obj_1'], 'target': 'obj_4', 'relation': 'between'}",blue circle,purple rectangle,blue circle,False,0.04127066537500923,ood_failure
ood_palette_000011_q02,ood_palette_000011,images/ood_palette/ood_palette_000011.png,"Which object is closer to the center of the image, the purple rectangle or the orange rectangle?",purple rectangle,center_proximity,2,ood_palette,palette,"{'objects': ['obj_4', 'obj_2'], 'target': 'obj_4', 'relation': 'center_proximity'}",purple rectangle,purple rectangle,purple rectangle,True,0.04127066537500923,
ood_palette_000011_q03,ood_palette_000011,images/ood_palette/ood_palette_000011.png,Which object is immediately below the pink circle?,purple rectangle,above_below,2,ood_palette,palette,"{'anchor': 'obj_1', 'target': 'obj_4', 'relation': 'below'}",orange rectangle,purple rectangle,orange rectangle,False,0.04127066537500923,ood_failure
ood_palette_000011_q04,ood_palette_000011,images/ood_palette/ood_palette_000011.png,Is the orange rectangle completely inside the purple rectangle? Answer yes or no.,no,inside_outside,2,ood_palette,palette,"{'objects': ['obj_2', 'obj_4'], 'relation': 'inside'}",no,no,no,True,0.04127066537500923,
ood_palette_000012_q01,ood_palette_000012,images/ood_palette/ood_palette_000012.png,Which object is immediately above the orange circle?,pink triangle,above_below,2,ood_palette,palette,"{'anchor': 'obj_2', 'target': 'obj_1', 'relation': 'above'}",blue square,pink triangle,blue square,False,0.04134190562496087,ood_failure
ood_palette_000012_q02,ood_palette_000012,images/ood_palette/ood_palette_000012.png,"Which object is closer to the center of the image, the orange rectangle or the cyan rectangle?",cyan rectangle,center_proximity,2,ood_palette,palette,"{'objects': ['obj_4', 'obj_5'], 'target': 'obj_5', 'relation': 'center_proximity'}",orange rectangle,cyan rectangle,orange rectangle,False,0.04134190562496087,ood_failure
ood_palette_000012_q03,ood_palette_000012,images/ood_palette/ood_palette_000012.png,Is the orange circle completely inside the purple triangle? Answer yes or no.,no,inside_outside,2,ood_palette,palette,"{'objects': ['obj_2', 'obj_3'], 'relation': 'inside'}",no,no,no,True,0.04134190562496087,
ood_palette_000012_q04,ood_palette_000012,images/ood_palette/ood_palette_000012.png,Which object is between the pink triangle and the orange rectangle?,cyan rectangle,between,3,ood_palette,palette,"{'objects': ['obj_1', 'obj_4'], 'target': 'obj_5', 'relation': 'between'}",red circle,cyan rectangle,red circle,False,0.04134190562496087,ood_failure
ood_palette_000013_q01,ood_palette_000013,images/ood_palette/ood_palette_000013.png,Which object is immediately left of the cyan circle?,pink rectangle,left_right,2,ood_palette,palette,"{'anchor': 'obj_3', 'target': 'obj_4', 'relation': 'left'}",red square,pink rectangle,red square,False,0.04134190562496087,ood_failure
ood_palette_000013_q02,ood_palette_000013,images/ood_palette/ood_palette_000013.png,"Which object is smaller, the pink rectangle or the cyan circle?",cyan circle,relative_size,2,ood_palette,palette,"{'objects': ['obj_4', 'obj_3'], 'target': 'obj_3', 'relation': 'smaller'}",cyan circle,cyan circle,cyan circle,True,0.04134190562496087,
ood_palette_000013_q03,ood_palette_000013,images/ood_palette/ood_palette_000013.png,Which object is both below the cyan rectangle and above the cyan circle?,purple triangle,multi_hop,4,ood_palette,palette,"{'anchors': ['obj_2', 'obj_3'], 'target': 'obj_1', 'relations': ['below', 'above']}",triangle,purple triangle,triangle,False,0.04134190562496087,ood_failure
ood_palette_000013_q04,ood_palette_000013,images/ood_palette/ood_palette_000013.png,Which object is the bottommost in the image?,pink rectangle,relative_ordering,2,ood_palette,palette,"{'target': 'obj_4', 'relation': 'bottommost'}",triangle,pink rectangle,triangle,False,0.04134190562496087,ood_failure
ood_palette_000014_q01,ood_palette_000014,images/ood_palette/ood_palette_000014.png,Which object is immediately left of the orange rectangle?,pink triangle,left_right,2,ood_palette,palette,"{'anchor': 'obj_1', 'target': 'obj_5', 'relation': 'left'}",red rectangle,pink triangle,red rectangle,False,0.04883752437501698,ood_failure
ood_palette_000014_q02,ood_palette_000014,images/ood_palette/ood_palette_000014.png,Which object is both above the orange rectangle and right of the pink rectangle?,cyan rectangle,multi_hop,4,ood_palette,palette,"{'anchors': ['obj_1', 'obj_3'], 'target': 'obj_2', 'relations': ['above', 'right of']}",teal rectangle,cyan rectangle,teal rectangle,False,0.04883752437501698,ood_failure
ood_palette_000014_q03,ood_palette_000014,images/ood_palette/ood_palette_000014.png,Do the pink triangle and the pink rectangle overlap? Answer yes or no.,no,overlap,2,ood_palette,palette,"{'objects': ['obj_5', 'obj_3'], 'relation': 'overlap'}",no,no,no,True,0.04883752437501698,
ood_palette_000014_q04,ood_palette_000014,images/ood_palette/ood_palette_000014.png,Which object is immediately below the pink rectangle?,orange rectangle,above_below,2,ood_palette,palette,"{'anchor': 'obj_3', 'target': 'obj_1', 'relation': 'below'}",orange rectangle,orange rectangle,orange rectangle,True,0.04883752437501698,
ood_palette_000015_q01,ood_palette_000015,images/ood_palette/ood_palette_000015.png,"Which object is closer to the center of the image, the orange rectangle or the purple rectangle?",purple rectangle,center_proximity,2,ood_palette,palette,"{'objects': ['obj_1', 'obj_3'], 'target': 'obj_3', 'relation': 'center_proximity'}",orange rectangle,purple rectangle,orange rectangle,False,0.04883752437501698,ood_failure
ood_palette_000015_q02,ood_palette_000015,images/ood_palette/ood_palette_000015.png,Which object is both below the cyan rectangle and right of the purple rectangle?,orange rectangle,multi_hop,4,ood_palette,palette,"{'anchors': ['obj_5', 'obj_3'], 'target': 'obj_1', 'relations': ['below', 'right of']}",orange rectangle,orange rectangle,orange rectangle,True,0.04883752437501698,
ood_palette_000015_q03,ood_palette_000015,images/ood_palette/ood_palette_000015.png,Which object is immediately above the cyan rectangle?,purple circle,above_below,2,ood_palette,palette,"{'anchor': 'obj_5', 'target': 'obj_2', 'relation': 'above'}",purple circle,purple circle,purple circle,True,0.04883752437501698,
ood_palette_000015_q04,ood_palette_000015,images/ood_palette/ood_palette_000015.png,Which object is immediately left of the pink circle?,orange rectangle,left_right,2,ood_palette,palette,"{'anchor': 'obj_4', 'target': 'obj_1', 'relation': 'left'}",blue rectangle,orange rectangle,blue rectangle,False,0.04883752437501698,ood_failure
ood_palette_000016_q01,ood_palette_000016,images/ood_palette/ood_palette_000016.png,Which object is between the pink rectangle and the pink circle?,orange circle,between,3,ood_palette,palette,"{'objects': ['obj_5', 'obj_3'], 'target': 'obj_1', 'relation': 'between'}",orange circle,orange circle,orange circle,True,0.04105450324999538,
ood_palette_000016_q02,ood_palette_000016,images/ood_palette/ood_palette_000016.png,Which object is both left of the pink rectangle and below the orange circle?,pink circle,multi_hop,4,ood_palette,palette,"{'anchors': ['obj_5', 'obj_1'], 'target': 'obj_3', 'relations': ['left of', 'below']}",red circle,pink circle,red circle,False,0.04105450324999538,ood_failure
ood_palette_000016_q03,ood_palette_000016,images/ood_palette/ood_palette_000016.png,Which object is immediately left of the pink rectangle?,orange circle,left_right,2,ood_palette,palette,"{'anchor': 'obj_5', 'target': 'obj_1', 'relation': 'left'}",orange circle,orange circle,orange circle,True,0.04105450324999538,
ood_palette_000016_q04,ood_palette_000016,images/ood_palette/ood_palette_000016.png,Which object is the bottommost in the image?,pink circle,relative_ordering,2,ood_palette,palette,"{'target': 'obj_3', 'relation': 'bottommost'}",red circle,pink circle,red circle,False,0.04105450324999538,ood_failure
ood_palette_000017_q01,ood_palette_000017,images/ood_palette/ood_palette_000017.png,Do the cyan triangle and the orange circle overlap? Answer yes or no.,no,overlap,2,ood_palette,palette,"{'objects': ['obj_5', 'obj_3'], 'relation': 'overlap'}",no,no,no,True,0.04105450324999538,
ood_palette_000017_q02,ood_palette_000017,images/ood_palette/ood_palette_000017.png,Which object is both below the pink triangle and above the purple rectangle?,orange circle,multi_hop,4,ood_palette,palette,"{'anchors': ['obj_2', 'obj_4'], 'target': 'obj_3', 'relations': ['below', 'above']}",red circle,orange circle,red circle,False,0.04105450324999538,ood_failure
ood_palette_000017_q03,ood_palette_000017,images/ood_palette/ood_palette_000017.png,How many rectangle objects are in the image?,2,counting,1,ood_palette,palette,{'filter': {'shape': 'rectangle'}},1,2,1,False,0.04105450324999538,ood_failure
ood_palette_000017_q04,ood_palette_000017,images/ood_palette/ood_palette_000017.png,"Which object is closer to the center of the image, the orange circle or the cyan triangle?",orange circle,center_proximity,2,ood_palette,palette,"{'objects': ['obj_3', 'obj_5'], 'target': 'obj_3', 'relation': 'center_proximity'}",orange circle,orange circle,orange circle,True,0.04105450324999538,
ood_palette_000018_q01,ood_palette_000018,images/ood_palette/ood_palette_000018.png,Which object is the rightmost in the image?,cyan circle,relative_ordering,2,ood_palette,palette,"{'target': 'obj_2', 'relation': 'rightmost'}",blue triangle,cyan circle,blue triangle,False,0.04065813549999575,ood_failure
ood_palette_000018_q02,ood_palette_000018,images/ood_palette/ood_palette_000018.png,Which object is immediately right of the orange circle?,cyan rectangle,left_right,2,ood_palette,palette,"{'anchor': 'obj_3', 'target': 'obj_1', 'relation': 'right'}",blue triangle,cyan rectangle,blue triangle,False,0.04065813549999575,ood_failure
ood_palette_000018_q03,ood_palette_000018,images/ood_palette/ood_palette_000018.png,Is the cyan triangle completely inside the cyan circle? Answer yes or no.,no,inside_outside,2,ood_palette,palette,"{'objects': ['obj_4', 'obj_2'], 'relation': 'inside'}",no,no,no,True,0.04065813549999575,
ood_palette_000018_q04,ood_palette_000018,images/ood_palette/ood_palette_000018.png,Which object is immediately below the orange circle?,cyan circle,above_below,2,ood_palette,palette,"{'anchor': 'obj_3', 'target': 'obj_2', 'relation': 'below'}",blue rectangle,cyan circle,blue rectangle,False,0.04065813549999575,ood_failure
ood_palette_000019_q01,ood_palette_000019,images/ood_palette/ood_palette_000019.png,Which object is both left of the purple rectangle and above the pink rectangle?,orange circle,multi_hop,4,ood_palette,palette,"{'anchors': ['obj_3', 'obj_2'], 'target': 'obj_4', 'relations': ['left of', 'above']}",orange circle,orange circle,orange circle,True,0.04065813549999575,
ood_palette_000019_q02,ood_palette_000019,images/ood_palette/ood_palette_000019.png,Which object is nearest from the orange rectangle?,pink rectangle,nearest_farthest,2,ood_palette,palette,"{'anchor': 'obj_1', 'target': 'obj_2', 'relation': 'nearest'}",red circle,pink rectangle,red circle,False,0.04065813549999575,ood_failure
ood_palette_000019_q03,ood_palette_000019,images/ood_palette/ood_palette_000019.png,Which object is between the pink rectangle and the orange circle?,purple rectangle,between,3,ood_palette,palette,"{'objects': ['obj_2', 'obj_4'], 'target': 'obj_3', 'relation': 'between'}",red circle,purple rectangle,red circle,False,0.04065813549999575,ood_failure
ood_palette_000019_q04,ood_palette_000019,images/ood_palette/ood_palette_000019.png,Which object is immediately left of the pink rectangle?,purple rectangle,left_right,2,ood_palette,palette,"{'anchor': 'obj_2', 'target': 'obj_3', 'relation': 'left'}",orange rectangle,purple rectangle,orange rectangle,False,0.04065813549999575,ood_failure
ood_palette_000020_q01,ood_palette_000020,images/ood_palette/ood_palette_000020.png,Which object is between the pink triangle and the purple circle?,orange triangle,between,3,ood_palette,palette,"{'objects': ['obj_2', 'obj_1'], 'target': 'obj_3', 'relation': 'between'}",orange triangle,orange triangle,orange triangle,True,0.040914970874950995,
ood_palette_000020_q02,ood_palette_000020,images/ood_palette/ood_palette_000020.png,Which object is both above the pink triangle and right of the orange triangle?,purple circle,multi_hop,4,ood_palette,palette,"{'anchors': ['obj_2', 'obj_3'], 'target': 'obj_1', 'relations': ['above', 'right of']}",purple circle,purple circle,purple circle,True,0.040914970874950995,
ood_palette_000020_q03,ood_palette_000020,images/ood_palette/ood_palette_000020.png,"Which object is closer to the center of the image, the pink triangle or the orange triangle?",orange triangle,center_proximity,2,ood_palette,palette,"{'objects': ['obj_2', 'obj_3'], 'target': 'obj_3', 'relation': 'center_proximity'}",pink triangle,orange triangle,pink triangle,False,0.040914970874950995,ood_failure
ood_palette_000020_q04,ood_palette_000020,images/ood_palette/ood_palette_000020.png,Is the orange triangle completely inside the purple circle? Answer yes or no.,no,inside_outside,2,ood_palette,palette,"{'objects': ['obj_3', 'obj_1'], 'relation': 'inside'}",no,no,no,True,0.040914970874950995,
ood_palette_000021_q01,ood_palette_000021,images/ood_palette/ood_palette_000021.png,Which object is immediately above the orange circle?,pink circle,above_below,2,ood_palette,palette,"{'anchor': 'obj_2', 'target': 'obj_4', 'relation': 'above'}",red circle,pink circle,red circle,False,0.040914970874950995,ood_failure
ood_palette_000021_q02,ood_palette_000021,images/ood_palette/ood_palette_000021.png,"Which object is closer to the center of the image, the pink circle or the orange circle?",orange circle,center_proximity,2,ood_palette,palette,"{'objects': ['obj_4', 'obj_2'], 'target': 'obj_2', 'relation': 'center_proximity'}",orange circle,orange circle,orange circle,True,0.040914970874950995,
ood_palette_000021_q03,ood_palette_000021,images/ood_palette/ood_palette_000021.png,Is the orange circle completely inside the purple rectangle? Answer yes or no.,no,inside_outside,2,ood_palette,palette,"{'objects': ['obj_2', 'obj_3'], 'relation': 'inside'}",no,no,no,True,0.040914970874950995,
ood_palette_000021_q04,ood_palette_000021,images/ood_palette/ood_palette_000021.png,Which object is between the purple triangle and the pink circle?,orange circle,between,3,ood_palette,palette,"{'objects': ['obj_1', 'obj_4'], 'target': 'obj_2', 'relation': 'between'}",orange circle,orange circle,orange circle,True,0.040914970874950995,
ood_palette_000022_q01,ood_palette_000022,images/ood_palette/ood_palette_000022.png,"Which object is smaller, the cyan triangle or the purple rectangle?",cyan triangle,relative_size,2,ood_palette,palette,"{'objects': ['obj_1', 'obj_2'], 'target': 'obj_1', 'relation': 'smaller'}",cyan triangle,cyan triangle,cyan triangle,True,0.04068906500003777,
ood_palette_000022_q02,ood_palette_000022,images/ood_palette/ood_palette_000022.png,Which object is both above the purple triangle and left of the purple rectangle?,cyan triangle,multi_hop,4,ood_palette,palette,"{'anchors': ['obj_3', 'obj_2'], 'target': 'obj_1', 'relations': ['above', 'left of']}",green triangle,cyan triangle,green triangle,False,0.04068906500003777,ood_failure
ood_palette_000022_q03,ood_palette_000022,images/ood_palette/ood_palette_000022.png,Which object is the leftmost in the image?,cyan triangle,relative_ordering,2,ood_palette,palette,"{'target': 'obj_1', 'relation': 'leftmost'}",triangle,cyan triangle,triangle,False,0.04068906500003777,ood_failure
ood_palette_000022_q04,ood_palette_000022,images/ood_palette/ood_palette_000022.png,How many rectangle objects are in the image?,1,counting,1,ood_palette,palette,{'filter': {'shape': 'rectangle'}},2,1,2,False,0.04068906500003777,ood_failure
ood_palette_000023_q01,ood_palette_000023,images/ood_palette/ood_palette_000023.png,Which object is immediately left of the pink circle?,pink triangle,left_right,2,ood_palette,palette,"{'anchor': 'obj_1', 'target': 'obj_5', 'relation': 'left'}",orange square,pink triangle,orange square,False,0.04068906500003777,ood_failure
ood_palette_000023_q02,ood_palette_000023,images/ood_palette/ood_palette_000023.png,Which object is both above the pink circle and right of the orange rectangle?,pink triangle,multi_hop,4,ood_palette,palette,"{'anchors': ['obj_1', 'obj_3'], 'target': 'obj_5', 'relations': ['above', 'right of']}",red circle,pink triangle,red circle,False,0.04068906500003777,ood_failure
ood_palette_000023_q03,ood_palette_000023,images/ood_palette/ood_palette_000023.png,Do the pink triangle and the orange rectangle overlap? Answer yes or no.,no,overlap,2,ood_palette,palette,"{'objects': ['obj_5', 'obj_3'], 'relation': 'overlap'}",no,no,no,True,0.04068906500003777,
ood_palette_000023_q04,ood_palette_000023,images/ood_palette/ood_palette_000023.png,Which object is immediately below the orange rectangle?,orange circle,above_below,2,ood_palette,palette,"{'anchor': 'obj_3', 'target': 'obj_2', 'relation': 'below'}",red circle,orange circle,red circle,False,0.04068906500003777,ood_failure
ood_palette_000024_q01,ood_palette_000024,images/ood_palette/ood_palette_000024.png,Which object is both above the orange triangle and left of the purple circle?,purple rectangle,multi_hop,4,ood_palette,palette,"{'anchors': ['obj_1', 'obj_3'], 'target': 'obj_2', 'relations': ['above', 'left of']}",square,purple rectangle,square,False,0.04803667562504188,ood_failure
ood_palette_000024_q02,ood_palette_000024,images/ood_palette/ood_palette_000024.png,Which object is immediately above the orange triangle?,purple rectangle,above_below,2,ood_palette,palette,"{'anchor': 'obj_1', 'target': 'obj_2', 'relation': 'above'}",purple rectangle,purple rectangle,purple rectangle,True,0.04803667562504188,
ood_palette_000024_q03,ood_palette_000024,images/ood_palette/ood_palette_000024.png,Is the orange triangle completely inside the purple circle? Answer yes or no.,no,inside_outside,2,ood_palette,palette,"{'objects': ['obj_1', 'obj_3'], 'relation': 'inside'}",no,no,no,True,0.04803667562504188,
ood_palette_000024_q04,ood_palette_000024,images/ood_palette/ood_palette_000024.png,Which object is the bottommost in the image?,orange triangle,relative_ordering,2,ood_palette,palette,"{'target': 'obj_1', 'relation': 'bottommost'}",triangle,orange triangle,triangle,False,0.04803667562504188,ood_failure
ood_palette_000025_q01,ood_palette_000025,images/ood_palette/ood_palette_000025.png,Which object is between the pink triangle and the pink circle?,purple circle,between,3,ood_palette,palette,"{'objects': ['obj_5', 'obj_4'], 'target': 'obj_2', 'relation': 'between'}",red circle,purple circle,red circle,False,0.04803667562504188,ood_failure
ood_palette_000025_q02,ood_palette_000025,images/ood_palette/ood_palette_000025.png,Which object is both above the pink triangle and left of the pink circle?,cyan triangle,multi_hop,4,ood_palette,palette,"{'anchors': ['obj_5', 'obj_4'], 'target': 'obj_1', 'relations': ['above', 'left of']}",teal triangle,cyan triangle,teal triangle,False,0.04803667562504188,ood_failure
ood_palette_000025_q03,ood_palette_000025,images/ood_palette/ood_palette_000025.png,Which object is the bottommost in the image?,pink triangle,relative_ordering,2,ood_palette,palette,"{'target': 'obj_5', 'relation': 'bottommost'}",red triangle,pink triangle,red triangle,False,0.04803667562504188,ood_failure
ood_palette_000025_q04,ood_palette_000025,images/ood_palette/ood_palette_000025.png,"Which object is smaller, the purple circle or the cyan rectangle?",cyan rectangle,relative_size,2,ood_palette,palette,"{'objects': ['obj_2', 'obj_3'], 'target': 'obj_3', 'relation': 'smaller'}",purple circle,cyan rectangle,purple circle,False,0.04803667562504188,ood_failure
ood_palette_000026_q01,ood_palette_000026,images/ood_palette/ood_palette_000026.png,Do the orange rectangle and the orange triangle overlap? Answer yes or no.,no,overlap,2,ood_palette,palette,"{'objects': ['obj_3', 'obj_2'], 'relation': 'overlap'}",no,no,no,True,0.048439223000002585,
ood_palette_000026_q02,ood_palette_000026,images/ood_palette/ood_palette_000026.png,Which object is both right of the orange rectangle and below the orange circle?,orange triangle,multi_hop,4,ood_palette,palette,"{'anchors': ['obj_3', 'obj_1'], 'target': 'obj_2', 'relations': ['right of', 'below']}",triangle,orange triangle,triangle,False,0.048439223000002585,ood_failure
ood_palette_000026_q03,ood_palette_000026,images/ood_palette/ood_palette_000026.png,How many objects are above the orange rectangle?,2,counting,2,ood_palette,palette,"{'anchor': 'obj_3', 'relation': 'above'}",2,2,2,True,0.048439223000002585,
ood_palette_000026_q04,ood_palette_000026,images/ood_palette/ood_palette_000026.png,"Which object is closer to the center of the image, the orange circle or the orange triangle?",orange triangle,center_proximity,2,ood_palette,palette,"{'objects': ['obj_1', 'obj_2'], 'target': 'obj_2', 'relation': 'center_proximity'}",orange circle,orange triangle,orange circle,False,0.048439223000002585,ood_failure
ood_palette_000027_q01,ood_palette_000027,images/ood_palette/ood_palette_000027.png,Which object is the rightmost in the image?,cyan circle,relative_ordering,2,ood_palette,palette,"{'target': 'obj_4', 'relation': 'rightmost'}",teal circle,cyan circle,teal circle,False,0.048439223000002585,ood_failure
ood_palette_000027_q02,ood_palette_000027,images/ood_palette/ood_palette_000027.png,Which object is immediately right of the cyan rectangle?,cyan circle,left_right,2,ood_palette,palette,"{'anchor': 'obj_5', 'target': 'obj_4', 'relation': 'right'}",red rectangle,cyan circle,red rectangle,False,0.048439223000002585,ood_failure
ood_palette_000027_q03,ood_palette_000027,images/ood_palette/ood_palette_000027.png,Is the purple triangle completely inside the cyan circle? Answer yes or no.,no,inside_outside,2,ood_palette,palette,"{'objects': ['obj_3', 'obj_4'], 'relation': 'inside'}",no,no,no,True,0.048439223000002585,
ood_palette_000027_q04,ood_palette_000027,images/ood_palette/ood_palette_000027.png,Which object is immediately below the purple triangle?,orange rectangle,above_below,2,ood_palette,palette,"{'anchor': 'obj_3', 'target': 'obj_2', 'relation': 'below'}",orange square,orange rectangle,orange square,False,0.048439223000002585,ood_failure
ood_palette_000028_q01,ood_palette_000028,images/ood_palette/ood_palette_000028.png,Which object is both left of the orange rectangle and above the cyan circle?,cyan rectangle,multi_hop,4,ood_palette,palette,"{'anchors': ['obj_5', 'obj_4'], 'target': 'obj_1', 'relations': ['left of', 'above']}",red rectangle,cyan rectangle,red rectangle,False,0.040933660999996846,ood_failure
ood_palette_000028_q02,ood_palette_000028,images/ood_palette/ood_palette_000028.png,Which object is farthest from the cyan circle?,cyan triangle,nearest_farthest,2,ood_palette,palette,"{'anchor': 'obj_4', 'target': 'obj_2', 'relation': 'farthest'}",red rectangle,cyan triangle,red rectangle,False,0.040933660999996846,ood_failure
ood_palette_000028_q03,ood_palette_000028,images/ood_palette/ood_palette_000028.png,Which object is between the cyan triangle and the cyan rectangle?,pink rectangle,between,3,ood_palette,palette,"{'objects': ['obj_2', 'obj_1'], 'target': 'obj_3', 'relation': 'between'}",red rectangle,pink rectangle,red rectangle,False,0.040933660999996846,ood_failure
ood_palette_000028_q04,ood_palette_000028,images/ood_palette/ood_palette_000028.png,Which object is immediately left of the cyan rectangle?,cyan circle,left_right,2,ood_palette,palette,"{'anchor': 'obj_1', 'target': 'obj_4', 'relation': 'left'}",red triangle,cyan circle,red triangle,False,0.040933660999996846,ood_failure
ood_palette_000029_q01,ood_palette_000029,images/ood_palette/ood_palette_000029.png,Is the purple circle completely inside the cyan rectangle? Answer yes or no.,no,inside_outside,2,ood_palette,palette,"{'objects': ['obj_2', 'obj_1'], 'relation': 'inside'}",no,no,no,True,0.040933660999996846,
ood_palette_000029_q02,ood_palette_000029,images/ood_palette/ood_palette_000029.png,Which object is both left of the cyan rectangle and right of the purple circle?,purple triangle,multi_hop,4,ood_palette,palette,"{'anchors': ['obj_1', 'obj_2'], 'target': 'obj_3', 'relations': ['left of', 'right of']}",triangle,purple triangle,triangle,False,0.040933660999996846,ood_failure
ood_palette_000029_q03,ood_palette_000029,images/ood_palette/ood_palette_000029.png,Which object is the leftmost in the image?,purple circle,relative_ordering,2,ood_palette,palette,"{'target': 'obj_2', 'relation': 'leftmost'}",red circle,purple circle,red circle,False,0.040933660999996846,ood_failure
ood_palette_000029_q04,ood_palette_000029,images/ood_palette/ood_palette_000029.png,Do the purple triangle and the purple circle overlap? Answer yes or no.,no,overlap,2,ood_palette,palette,"{'objects': ['obj_3', 'obj_2'], 'relation': 'overlap'}",no,no,no,True,0.040933660999996846,
ood_palette_000030_q01,ood_palette_000030,images/ood_palette/ood_palette_000030.png,"Which object is closer to the center of the image, the orange rectangle or the cyan rectangle?",cyan rectangle,center_proximity,2,ood_palette,palette,"{'objects': ['obj_2', 'obj_3'], 'target': 'obj_3', 'relation': 'center_proximity'}",orange rectangle,cyan rectangle,orange rectangle,False,0.041304773750027834,ood_failure
ood_palette_000030_q02,ood_palette_000030,images/ood_palette/ood_palette_000030.png,Is the cyan circle completely inside the orange rectangle? Answer yes or no.,no,inside_outside,2,ood_palette,palette,"{'objects': ['obj_1', 'obj_2'], 'relation': 'inside'}",no,no,no,True,0.041304773750027834,
ood_palette_000030_q03,ood_palette_000030,images/ood_palette/ood_palette_000030.png,How many circle objects are in the image?,1,counting,1,ood_palette,palette,{'filter': {'shape': 'circle'}},1,1,1,True,0.041304773750027834,
ood_palette_000030_q04,ood_palette_000030,images/ood_palette/ood_palette_000030.png,Do the cyan circle and the cyan rectangle overlap? Answer yes or no.,no,overlap,2,ood_palette,palette,"{'objects': ['obj_1', 'obj_3'], 'relation': 'overlap'}",no,no,no,True,0.041304773750027834,
ood_palette_000031_q01,ood_palette_000031,images/ood_palette/ood_palette_000031.png,Which object is immediately left of the orange rectangle?,pink circle,left_right,2,ood_palette,palette,"{'anchor': 'obj_3', 'target': 'obj_2', 'relation': 'left'}",red rectangle,pink circle,red rectangle,False,0.041304773750027834,ood_failure
ood_palette_000031_q02,ood_palette_000031,images/ood_palette/ood_palette_000031.png,"Which object is larger, the purple triangle or the orange rectangle?",purple triangle,relative_size,2,ood_palette,palette,"{'objects': ['obj_4', 'obj_3'], 'target': 'obj_4', 'relation': 'larger'}",orange rectangle,purple triangle,orange rectangle,False,0.041304773750027834,ood_failure
ood_palette_000031_q03,ood_palette_000031,images/ood_palette/ood_palette_000031.png,Which object is both below the cyan triangle and right of the pink circle?,purple triangle,multi_hop,4,ood_palette,palette,"{'anchors': ['obj_5', 'obj_2'], 'target': 'obj_4', 'relations': ['below', 'right of']}",orange square,purple triangle,orange square,False,0.041304773750027834,ood_failure
ood_palette_000031_q04,ood_palette_000031,images/ood_palette/ood_palette_000031.png,Which object is the leftmost in the image?,pink rectangle,relative_ordering,2,ood_palette,palette,"{'target': 'obj_1', 'relation': 'leftmost'}",red rectangle,pink rectangle,red rectangle,False,0.041304773750027834,ood_failure
ood_palette_000032_q01,ood_palette_000032,images/ood_palette/ood_palette_000032.png,Which object is both above the purple circle and right of the orange rectangle?,cyan rectangle,multi_hop,4,ood_palette,palette,"{'anchors': ['obj_1', 'obj_3'], 'target': 'obj_2', 'relations': ['above', 'right of']}",teal rectangle,cyan rectangle,teal rectangle,False,0.0485880240000256,ood_failure
ood_palette_000032_q02,ood_palette_000032,images/ood_palette/ood_palette_000032.png,Do the pink rectangle and the orange rectangle overlap? Answer yes or no.,no,overlap,2,ood_palette,palette,"{'objects': ['obj_5', 'obj_3'], 'relation': 'overlap'}",no,no,no,True,0.0485880240000256,
ood_palette_000032_q03,ood_palette_000032,images/ood_palette/ood_palette_000032.png,"Which object is smaller, the orange rectangle or the purple circle?",purple circle,relative_size,2,ood_palette,palette,"{'objects': ['obj_3', 'obj_1'], 'target': 'obj_1', 'relation': 'smaller'}",orange rectangle,purple circle,orange rectangle,False,0.0485880240000256,ood_failure
ood_palette_000032_q04,ood_palette_000032,images/ood_palette/ood_palette_000032.png,How many rectangle objects are in the image?,3,counting,1,ood_palette,palette,{'filter': {'shape': 'rectangle'}},2,3,2,False,0.0485880240000256,ood_failure
ood_palette_000033_q01,ood_palette_000033,images/ood_palette/ood_palette_000033.png,"Which object is closer to the center of the image, the orange triangle or the pink rectangle?",orange triangle,center_proximity,2,ood_palette,palette,"{'objects': ['obj_3', 'obj_1'], 'target': 'obj_3', 'relation': 'center_proximity'}",orange triangle,orange triangle,orange triangle,True,0.0485880240000256,
ood_palette_000033_q02,ood_palette_000033,images/ood_palette/ood_palette_000033.png,Which object is both above the pink rectangle and left of the orange triangle?,cyan triangle,multi_hop,4,ood_palette,palette,"{'anchors': ['obj_1', 'obj_3'], 'target': 'obj_2', 'relations': ['above', 'left of']}",teal triangle,cyan triangle,teal triangle,False,0.0485880240000256,ood_failure
ood_palette_000033_q03,ood_palette_000033,images/ood_palette/ood_palette_000033.png,Which object is immediately above the pink rectangle?,cyan triangle,above_below,2,ood_palette,palette,"{'anchor': 'obj_1', 'target': 'obj_2', 'relation': 'above'}",blue triangle,cyan triangle,blue triangle,False,0.0485880240000256,ood_failure
ood_palette_000033_q04,ood_palette_000033,images/ood_palette/ood_palette_000033.png,Which object is immediately right of the pink rectangle?,orange triangle,left_right,2,ood_palette,palette,"{'anchor': 'obj_1', 'target': 'obj_3', 'relation': 'right'}",orange triangle,orange triangle,orange triangle,True,0.0485880240000256,
ood_palette_000034_q01,ood_palette_000034,images/ood_palette/ood_palette_000034.png,Which object is between the purple circle and the pink triangle?,cyan triangle,between,3,ood_palette,palette,"{'objects': ['obj_5', 'obj_4'], 'target': 'obj_2', 'relation': 'between'}",orange triangle,cyan triangle,orange triangle,False,0.04852148487498198,ood_failure
ood_palette_000034_q02,ood_palette_000034,images/ood_palette/ood_palette_000034.png,Which object is both below the cyan circle and right of the orange triangle?,cyan triangle,multi_hop,4,ood_palette,palette,"{'anchors': ['obj_1', 'obj_3'], 'target': 'obj_2', 'relations': ['below', 'right of']}",red triangle,cyan triangle,red triangle,False,0.04852148487498198,ood_failure
ood_palette_000034_q03,ood_palette_000034,images/ood_palette/ood_palette_000034.png,Which object is immediately right of the orange triangle?,cyan triangle,left_right,2,ood_palette,palette,"{'anchor': 'obj_3', 'target': 'obj_2', 'relation': 'right'}",blue triangle,cyan triangle,blue triangle,False,0.04852148487498198,ood_failure
ood_palette_000034_q04,ood_palette_000034,images/ood_palette/ood_palette_000034.png,Which object is the rightmost in the image?,cyan circle,relative_ordering,2,ood_palette,palette,"{'target': 'obj_1', 'relation': 'rightmost'}",teal circle,cyan circle,teal circle,False,0.04852148487498198,ood_failure
ood_palette_000035_q01,ood_palette_000035,images/ood_palette/ood_palette_000035.png,Do the orange circle and the cyan triangle overlap? Answer yes or no.,no,overlap,2,ood_palette,palette,"{'objects': ['obj_3', 'obj_2'], 'relation': 'overlap'}",no,no,no,True,0.04852148487498198,
ood_palette_000035_q02,ood_palette_000035,images/ood_palette/ood_palette_000035.png,Which object is both below the cyan rectangle and above the cyan triangle?,orange circle,multi_hop,4,ood_palette,palette,"{'anchors': ['obj_1', 'obj_2'], 'target': 'obj_3', 'relations': ['below', 'above']}",red circle,orange circle,red circle,False,0.04852148487498198,ood_failure
ood_palette_000035_q03,ood_palette_000035,images/ood_palette/ood_palette_000035.png,How many rectangle objects are in the image?,1,counting,1,ood_palette,palette,{'filter': {'shape': 'rectangle'}},1,1,1,True,0.04852148487498198,
ood_palette_000035_q04,ood_palette_000035,images/ood_palette/ood_palette_000035.png,"Which object is closer to the center of the image, the orange circle or the cyan triangle?",cyan triangle,center_proximity,2,ood_palette,palette,"{'objects': ['obj_3', 'obj_2'], 'target': 'obj_2', 'relation': 'center_proximity'}",cyan triangle,cyan triangle,cyan triangle,True,0.04852148487498198,
ood_palette_000036_q01,ood_palette_000036,images/ood_palette/ood_palette_000036.png,Which object is the rightmost in the image?,cyan circle,relative_ordering,2,ood_palette,palette,"{'target': 'obj_1', 'relation': 'rightmost'}",purple rectangle,cyan circle,purple rectangle,False,0.04810718725002516,ood_failure
ood_palette_000036_q02,ood_palette_000036,images/ood_palette/ood_palette_000036.png,Which object is immediately right of the purple rectangle?,cyan circle,left_right,2,ood_palette,palette,"{'anchor': 'obj_3', 'target': 'obj_1', 'relation': 'right'}",teal circle,cyan circle,teal circle,False,0.04810718725002516,ood_failure
ood_palette_000036_q03,ood_palette_000036,images/ood_palette/ood_palette_000036.png,Is the orange triangle completely inside the pink circle? Answer yes or no.,no,inside_outside,2,ood_palette,palette,"{'objects': ['obj_4', 'obj_2'], 'relation': 'inside'}",no,no,no,True,0.04810718725002516,
ood_palette_000036_q04,ood_palette_000036,images/ood_palette/ood_palette_000036.png,Which object is immediately below the purple rectangle?,pink circle,above_below,2,ood_palette,palette,"{'anchor': 'obj_3', 'target': 'obj_2', 'relation': 'below'}",red circle,pink circle,red circle,False,0.04810718725002516,ood_failure
ood_palette_000037_q01,ood_palette_000037,images/ood_palette/ood_palette_000037.png,Which object is farthest from the cyan triangle?,purple triangle,nearest_farthest,2,ood_palette,palette,"{'anchor': 'obj_1', 'target': 'obj_4', 'relation': 'farthest'}",red square,purple triangle,red square,False,0.04810718725002516,ood_failure
ood_palette_000037_q02,ood_palette_000037,images/ood_palette/ood_palette_000037.png,Which object is between the cyan rectangle and the orange triangle?,cyan triangle,between,3,ood_palette,palette,"{'objects': ['obj_2', 'obj_5'], 'target': 'obj_1', 'relation': 'between'}",red rectangle,cyan triangle,red rectangle,False,0.04810718725002516,ood_failure
ood_palette_000037_q03,ood_palette_000037,images/ood_palette/ood_palette_000037.png,Which object is immediately above the cyan triangle?,purple triangle,above_below,2,ood_palette,palette,"{'anchor': 'obj_1', 'target': 'obj_4', 'relation': 'above'}",red square,purple triangle,red square,False,0.04810718725002516,ood_failure
ood_palette_000037_q04,ood_palette_000037,images/ood_palette/ood_palette_000037.png,"Which object is smaller, the orange triangle or the pink rectangle?",pink rectangle,relative_size,2,ood_palette,palette,"{'objects': ['obj_5', 'obj_3'], 'target': 'obj_3', 'relation': 'smaller'}",orange triangle,pink rectangle,orange triangle,False,0.04810718725002516,ood_failure
ood_palette_000038_q01,ood_palette_000038,images/ood_palette/ood_palette_000038.png,Is the cyan triangle completely inside the pink triangle? Answer yes or no.,no,inside_outside,2,ood_palette,palette,"{'objects': ['obj_3', 'obj_1'], 'relation': 'inside'}",no,no,no,True,0.04096270662500956,
ood_palette_000038_q02,ood_palette_000038,images/ood_palette/ood_palette_000038.png,Which object is both above the cyan triangle and left of the pink triangle?,orange circle,multi_hop,4,ood_palette,palette,"{'anchors': ['obj_3', 'obj_1'], 'target': 'obj_2', 'relations': ['above', 'left of']}",orange circle,orange circle,orange circle,True,0.04096270662500956,
ood_palette_000038_q03,ood_palette_000038,images/ood_palette/ood_palette_000038.png,Which object is the topmost in the image?,purple triangle,relative_ordering,2,ood_palette,palette,"{'target': 'obj_4', 'relation': 'topmost'}",triangle,purple triangle,triangle,False,0.04096270662500956,ood_failure
ood_palette_000038_q04,ood_palette_000038,images/ood_palette/ood_palette_000038.png,Do the orange circle and the cyan triangle overlap? Answer yes or no.,no,overlap,2,ood_palette,palette,"{'objects': ['obj_2', 'obj_3'], 'relation': 'overlap'}",no,no,no,True,0.04096270662500956,
ood_palette_000039_q01,ood_palette_000039,images/ood_palette/ood_palette_000039.png,Do the purple triangle and the cyan circle overlap? Answer yes or no.,no,overlap,2,ood_palette,palette,"{'objects': ['obj_2', 'obj_3'], 'relation': 'overlap'}",no,no,no,True,0.04096270662500956,
ood_palette_000039_q02,ood_palette_000039,images/ood_palette/ood_palette_000039.png,"Which object is closer to the center of the image, the purple triangle or the cyan circle?",cyan circle,center_proximity,2,ood_palette,palette,"{'objects': ['obj_2', 'obj_3'], 'target': 'obj_3', 'relation': 'center_proximity'}",cyan circle,cyan circle,cyan circle,True,0.04096270662500956,
ood_palette_000039_q03,ood_palette_000039,images/ood_palette/ood_palette_000039.png,Which object is both below the cyan circle and right of the cyan rectangle?,purple triangle,multi_hop,4,ood_palette,palette,"{'anchors': ['obj_3', 'obj_1'], 'target': 'obj_2', 'relations': ['below', 'right of']}",triangle,purple triangle,triangle,False,0.04096270662500956,ood_failure
ood_palette_000039_q04,ood_palette_000039,images/ood_palette/ood_palette_000039.png,"Which object is smaller, the purple triangle or the cyan rectangle?",cyan rectangle,relative_size,2,ood_palette,palette,"{'objects': ['obj_2', 'obj_1'], 'target': 'obj_1', 'relation': 'smaller'}",purple triangle,cyan rectangle,purple triangle,False,0.04096270662500956,ood_failure
ood_palette_000040_q01,ood_palette_000040,images/ood_palette/ood_palette_000040.png,"Which object is smaller, the purple rectangle or the cyan rectangle?",purple rectangle,relative_size,2,ood_palette,palette,"{'objects': ['obj_1', 'obj_2'], 'target': 'obj_1', 'relation': 'smaller'}",purple rectangle,purple rectangle,purple rectangle,True,0.040441323499976534,
ood_palette_000040_q02,ood_palette_000040,images/ood_palette/ood_palette_000040.png,Which object is both right of the cyan rectangle and above the purple rectangle?,orange circle,multi_hop,4,ood_palette,palette,"{'anchors': ['obj_2', 'obj_1'], 'target': 'obj_3', 'relations': ['right of', 'above']}",orange circle,orange circle,orange circle,True,0.040441323499976534,
ood_palette_000040_q03,ood_palette_000040,images/ood_palette/ood_palette_000040.png,Which object is the bottommost in the image?,purple rectangle,relative_ordering,2,ood_palette,palette,"{'target': 'obj_1', 'relation': 'bottommost'}",purple rectangle,purple rectangle,purple rectangle,True,0.040441323499976534,
ood_palette_000040_q04,ood_palette_000040,images/ood_palette/ood_palette_000040.png,How many objects are above the orange circle?,0,counting,2,ood_palette,palette,"{'anchor': 'obj_3', 'relation': 'above'}",2,0,2,False,0.040441323499976534,ood_failure
ood_palette_000041_q01,ood_palette_000041,images/ood_palette/ood_palette_000041.png,Which object is both above the pink triangle and right of the purple rectangle?,orange triangle,multi_hop,4,ood_palette,palette,"{'anchors': ['obj_1', 'obj_2'], 'target': 'obj_4', 'relations': ['above', 'right of']}",orange triangle,orange triangle,orange triangle,True,0.040441323499976534,
ood_palette_000041_q02,ood_palette_000041,images/ood_palette/ood_palette_000041.png,Do the pink rectangle and the purple rectangle overlap? Answer yes or no.,no,overlap,2,ood_palette,palette,"{'objects': ['obj_3', 'obj_2'], 'relation': 'overlap'}",no,no,no,True,0.040441323499976534,
ood_palette_000041_q03,ood_palette_000041,images/ood_palette/ood_palette_000041.png,Which object is immediately below the orange triangle?,pink triangle,above_below,2,ood_palette,palette,"{'anchor': 'obj_4', 'target': 'obj_1', 'relation': 'below'}",purple rectangle,pink triangle,purple rectangle,False,0.040441323499976534,ood_failure
ood_palette_000041_q04,ood_palette_000041,images/ood_palette/ood_palette_000041.png,"Which object is larger, the pink triangle or the purple rectangle?",purple rectangle,relative_size,2,ood_palette,palette,"{'objects': ['obj_1', 'obj_2'], 'target': 'obj_2', 'relation': 'larger'}",purple rectangle,purple rectangle,purple rectangle,True,0.040441323499976534,
ood_palette_000042_q01,ood_palette_000042,images/ood_palette/ood_palette_000042.png,"Which object is closer to the center of the image, the orange rectangle or the purple triangle?",orange rectangle,center_proximity,2,ood_palette,palette,"{'objects': ['obj_3', 'obj_1'], 'target': 'obj_3', 'relation': 'center_proximity'}",orange rectangle,orange rectangle,orange rectangle,True,0.04127450175002423,
ood_palette_000042_q02,ood_palette_000042,images/ood_palette/ood_palette_000042.png,Which object is both above the orange rectangle and below the purple triangle?,pink rectangle,multi_hop,4,ood_palette,palette,"{'anchors': ['obj_3', 'obj_1'], 'target': 'obj_2', 'relations': ['above', 'below']}",red rectangle,pink rectangle,red rectangle,False,0.04127450175002423,ood_failure
ood_palette_000042_q03,ood_palette_000042,images/ood_palette/ood_palette_000042.png,Which object is immediately right of the orange rectangle?,purple triangle,left_right,2,ood_palette,palette,"{'anchor': 'obj_3', 'target': 'obj_1', 'relation': 'right'}",red rectangle,purple triangle,red rectangle,False,0.04127450175002423,ood_failure
ood_palette_000042_q04,ood_palette_000042,images/ood_palette/ood_palette_000042.png,Is the purple triangle completely inside the orange rectangle? Answer yes or no.,no,inside_outside,2,ood_palette,palette,"{'objects': ['obj_1', 'obj_3'], 'relation': 'inside'}",no,no,no,True,0.04127450175002423,
ood_palette_000043_q01,ood_palette_000043,images/ood_palette/ood_palette_000043.png,Which object is between the pink rectangle and the purple circle?,cyan triangle,between,3,ood_palette,palette,"{'objects': ['obj_1', 'obj_3'], 'target': 'obj_5', 'relation': 'between'}",blue triangle,cyan triangle,blue triangle,False,0.04127450175002423,ood_failure
ood_palette_000043_q02,ood_palette_000043,images/ood_palette/ood_palette_000043.png,Which object is both left of the pink circle and below the cyan triangle?,pink rectangle,multi_hop,4,ood_palette,palette,"{'anchors': ['obj_2', 'obj_5'], 'target': 'obj_1', 'relations': ['left of', 'below']}",red square,pink rectangle,red square,False,0.04127450175002423,ood_failure
ood_palette_000043_q03,ood_palette_000043,images/ood_palette/ood_palette_000043.png,Which object is immediately left of the purple circle?,cyan triangle,left_right,2,ood_palette,palette,"{'anchor': 'obj_3', 'target': 'obj_5', 'relation': 'left'}",red square,cyan triangle,red square,False,0.04127450175002423,ood_failure
ood_palette_000043_q04,ood_palette_000043,images/ood_palette/ood_palette_000043.png,Which object is the bottommost in the image?,pink circle,relative_ordering,2,ood_palette,palette,"{'target': 'obj_2', 'relation': 'bottommost'}",red circle,pink circle,red circle,False,0.04127450175002423,ood_failure
ood_palette_000044_q01,ood_palette_000044,images/ood_palette/ood_palette_000044.png,Do the pink triangle and the pink rectangle overlap? Answer yes or no.,no,overlap,2,ood_palette,palette,"{'objects': ['obj_5', 'obj_3'], 'relation': 'overlap'}",no,no,no,True,0.04127133924998816,
ood_palette_000044_q02,ood_palette_000044,images/ood_palette/ood_palette_000044.png,Which object is both left of the pink rectangle and above the cyan circle?,purple triangle,multi_hop,4,ood_palette,palette,"{'anchors': ['obj_3', 'obj_2'], 'target': 'obj_4', 'relations': ['left of', 'above']}",purple triangle,purple triangle,purple triangle,True,0.04127133924998816,
ood_palette_000044_q03,ood_palette_000044,images/ood_palette/ood_palette_000044.png,How many purple objects are in the image?,2,counting,1,ood_palette,palette,{'filter': {'color': 'purple'}},2,2,2,True,0.04127133924998816,
ood_palette_000044_q04,ood_palette_000044,images/ood_palette/ood_palette_000044.png,"Which object is closer to the center of the image, the pink rectangle or the purple triangle?",pink rectangle,center_proximity,2,ood_palette,palette,"{'objects': ['obj_3', 'obj_4'], 'target': 'obj_3', 'relation': 'center_proximity'}",pink rectangle,pink rectangle,pink rectangle,True,0.04127133924998816,
ood_palette_000045_q01,ood_palette_000045,images/ood_palette/ood_palette_000045.png,Which object is the rightmost in the image?,purple triangle,relative_ordering,2,ood_palette,palette,"{'target': 'obj_4', 'relation': 'rightmost'}",triangle,purple triangle,triangle,False,0.04127133924998816,ood_failure
ood_palette_000045_q02,ood_palette_000045,images/ood_palette/ood_palette_000045.png,Which object is immediately right of the cyan rectangle?,purple triangle,left_right,2,ood_palette,palette,"{'anchor': 'obj_3', 'target': 'obj_4', 'relation': 'right'}",red triangle,purple triangle,red triangle,False,0.04127133924998816,ood_failure
ood_palette_000045_q03,ood_palette_000045,images/ood_palette/ood_palette_000045.png,Is the purple triangle completely inside the purple rectangle? Answer yes or no.,no,inside_outside,2,ood_palette,palette,"{'objects': ['obj_4', 'obj_2'], 'relation': 'inside'}",yes,no,yes,False,0.04127133924998816,ood_failure
ood_palette_000045_q04,ood_palette_000045,images/ood_palette/ood_palette_000045.png,"Which object is closer to the center of the image, the cyan rectangle or the pink triangle?",pink triangle,center_proximity,2,ood_palette,palette,"{'objects': ['obj_3', 'obj_1'], 'target': 'obj_1', 'relation': 'center_proximity'}",cyan rectangle,pink triangle,cyan rectangle,False,0.04127133924998816,ood_failure
ood_palette_000046_q01,ood_palette_000046,images/ood_palette/ood_palette_000046.png,Which object is both left of the cyan circle and below the orange triangle?,orange rectangle,multi_hop,4,ood_palette,palette,"{'anchors': ['obj_4', 'obj_2'], 'target': 'obj_3', 'relations': ['left of', 'below']}",orange square,orange rectangle,orange square,False,0.04083652912498792,ood_failure
ood_palette_000046_q02,ood_palette_000046,images/ood_palette/ood_palette_000046.png,Which object is nearest from the orange triangle?,cyan circle,nearest_farthest,2,ood_palette,palette,"{'anchor': 'obj_2', 'target': 'obj_4', 'relation': 'nearest'}",orange square,cyan circle,orange square,False,0.04083652912498792,ood_failure
ood_palette_000046_q03,ood_palette_000046,images/ood_palette/ood_palette_000046.png,Which object is immediately left of the orange triangle?,pink rectangle,left_right,2,ood_palette,palette,"{'anchor': 'obj_2', 'target': 'obj_1', 'relation': 'left'}",orange square,pink rectangle,orange square,False,0.04083652912498792,ood_failure
ood_palette_000046_q04,ood_palette_000046,images/ood_palette/ood_palette_000046.png,"Which object is larger, the orange rectangle or the cyan circle?",orange rectangle,relative_size,2,ood_palette,palette,"{'objects': ['obj_3', 'obj_4'], 'target': 'obj_3', 'relation': 'larger'}",orange rectangle,orange rectangle,orange rectangle,True,0.04083652912498792,
ood_palette_000047_q01,ood_palette_000047,images/ood_palette/ood_palette_000047.png,Is the orange rectangle completely inside the purple circle? Answer yes or no.,no,inside_outside,2,ood_palette,palette,"{'objects': ['obj_2', 'obj_1'], 'relation': 'inside'}",no,no,no,True,0.04083652912498792,
ood_palette_000047_q02,ood_palette_000047,images/ood_palette/ood_palette_000047.png,Which object is both left of the purple circle and above the orange rectangle?,purple triangle,multi_hop,4,ood_palette,palette,"{'anchors': ['obj_1', 'obj_2'], 'target': 'obj_3', 'relations': ['left of', 'above']}",triangle,purple triangle,triangle,False,0.04083652912498792,ood_failure
ood_palette_000047_q03,ood_palette_000047,images/ood_palette/ood_palette_000047.png,Which object is the rightmost in the image?,purple circle,relative_ordering,2,ood_palette,palette,"{'target': 'obj_1', 'relation': 'rightmost'}",red circle,purple circle,red circle,False,0.04083652912498792,ood_failure
ood_palette_000047_q04,ood_palette_000047,images/ood_palette/ood_palette_000047.png,Do the purple triangle and the orange rectangle overlap? Answer yes or no.,no,overlap,2,ood_palette,palette,"{'objects': ['obj_3', 'obj_2'], 'relation': 'overlap'}",no,no,no,True,0.04083652912498792,
ood_palette_000048_q01,ood_palette_000048,images/ood_palette/ood_palette_000048.png,Do the pink triangle and the orange circle overlap? Answer yes or no.,no,overlap,2,ood_palette,palette,"{'objects': ['obj_3', 'obj_2'], 'relation': 'overlap'}",no,no,no,True,0.04077552174999255,
ood_palette_000048_q02,ood_palette_000048,images/ood_palette/ood_palette_000048.png,Which object is both right of the purple triangle and left of the pink triangle?,pink circle,multi_hop,4,ood_palette,palette,"{'anchors': ['obj_4', 'obj_3'], 'target': 'obj_1', 'relations': ['right of', 'left of']}",red circle,pink circle,red circle,False,0.04077552174999255,ood_failure
ood_palette_000048_q03,ood_palette_000048,images/ood_palette/ood_palette_000048.png,"Which object is larger, the pink circle or the pink triangle?",pink circle,relative_size,2,ood_palette,palette,"{'objects': ['obj_1', 'obj_3'], 'target': 'obj_1', 'relation': 'larger'}",pink circle,pink circle,pink circle,True,0.04077552174999255,
ood_palette_000048_q04,ood_palette_000048,images/ood_palette/ood_palette_000048.png,Is the pink circle completely inside the purple triangle? Answer yes or no.,no,inside_outside,2,ood_palette,palette,"{'objects': ['obj_1', 'obj_4'], 'relation': 'inside'}",no,no,no,True,0.04077552174999255,
ood_palette_000049_q01,ood_palette_000049,images/ood_palette/ood_palette_000049.png,Which object is farthest from the pink triangle?,orange triangle,nearest_farthest,2,ood_palette,palette,"{'anchor': 'obj_2', 'target': 'obj_3', 'relation': 'farthest'}",orange triangle,orange triangle,orange triangle,True,0.04077552174999255,
ood_palette_000049_q02,ood_palette_000049,images/ood_palette/ood_palette_000049.png,"Which object is closer to the center of the image, the orange triangle or the pink triangle?",pink triangle,center_proximity,2,ood_palette,palette,"{'objects': ['obj_3', 'obj_2'], 'target': 'obj_2', 'relation': 'center_proximity'}",orange triangle,pink triangle,orange triangle,False,0.04077552174999255,ood_failure
ood_palette_000049_q03,ood_palette_000049,images/ood_palette/ood_palette_000049.png,Which object is immediately below the pink rectangle?,pink triangle,above_below,2,ood_palette,palette,"{'anchor': 'obj_1', 'target': 'obj_2', 'relation': 'below'}",triangle,pink triangle,triangle,False,0.04077552174999255,ood_failure
ood_palette_000049_q04,ood_palette_000049,images/ood_palette/ood_palette_000049.png,Which object is the leftmost in the image?,orange triangle,relative_ordering,2,ood_palette,palette,"{'target': 'obj_3', 'relation': 'leftmost'}",triangle,orange triangle,triangle,False,0.04077552174999255,ood_failure
ood_count_000000_q01,ood_count_000000,images/ood_count/ood_count_000000.png,Which object is the bottommost in the image?,green triangle,relative_ordering,2,ood_count,count,"{'target': 'obj_8', 'relation': 'bottommost'}",green triangle,green triangle,green triangle,True,0.041736142249988006,
ood_count_000000_q02,ood_count_000000,images/ood_count/ood_count_000000.png,How many circle objects are in the image?,1,counting,1,ood_count,count,{'filter': {'shape': 'circle'}},1,1,1,True,0.041736142249988006,
ood_count_000000_q03,ood_count_000000,images/ood_count/ood_count_000000.png,Is the red rectangle completely inside the yellow triangle? Answer yes or no.,no,inside_outside,2,ood_count,count,"{'objects': ['obj_7', 'obj_5'], 'relation': 'inside'}",no,no,no,True,0.041736142249988006,
ood_count_000000_q04,ood_count_000000,images/ood_count/ood_count_000000.png,Which object is immediately below the green rectangle?,green triangle,above_below,2,ood_count,count,"{'anchor': 'obj_4', 'target': 'obj_8', 'relation': 'below'}",red circle,green triangle,red circle,False,0.041736142249988006,ood_failure
ood_count_000001_q01,ood_count_000001,images/ood_count/ood_count_000001.png,Is the green rectangle completely inside the red triangle? Answer yes or no.,no,inside_outside,2,ood_count,count,"{'objects': ['obj_2', 'obj_7'], 'relation': 'inside'}",no,no,no,True,0.041736142249988006,
ood_count_000001_q02,ood_count_000001,images/ood_count/ood_count_000001.png,"Which object is closer to the center of the image, the red circle or the blue rectangle?",red circle,center_proximity,2,ood_count,count,"{'objects': ['obj_4', 'obj_1'], 'target': 'obj_4', 'relation': 'center_proximity'}",red circle,red circle,red circle,True,0.041736142249988006,
ood_count_000001_q03,ood_count_000001,images/ood_count/ood_count_000001.png,Which object is both below the blue triangle and right of the yellow rectangle?,green rectangle,multi_hop,4,ood_count,count,"{'anchors': ['obj_3', 'obj_6'], 'target': 'obj_2', 'relations': ['below', 'right of']}",green rectangle,green rectangle,green rectangle,True,0.041736142249988006,
ood_count_000001_q04,ood_count_000001,images/ood_count/ood_count_000001.png,Which object is the rightmost in the image?,blue triangle,relative_ordering,2,ood_count,count,"{'target': 'obj_3', 'relation': 'rightmost'}",blue triangle,blue triangle,blue triangle,True,0.041736142249988006,
ood_count_000002_q01,ood_count_000002,images/ood_count/ood_count_000002.png,Which object is immediately above the red circle?,green rectangle,above_below,2,ood_count,count,"{'anchor': 'obj_7', 'target': 'obj_4', 'relation': 'above'}",green triangle,green rectangle,green triangle,False,0.040982577375018536,ood_failure
ood_count_000002_q02,ood_count_000002,images/ood_count/ood_count_000002.png,"Which object is larger, the red circle or the green triangle?",red circle,relative_size,2,ood_count,count,"{'objects': ['obj_7', 'obj_6'], 'target': 'obj_7', 'relation': 'larger'}",red circle,red circle,red circle,True,0.040982577375018536,
ood_count_000002_q03,ood_count_000002,images/ood_count/ood_count_000002.png,How many red objects are in the image?,1,counting,1,ood_count,count,{'filter': {'color': 'red'}},1,1,1,True,0.040982577375018536,
ood_count_000002_q04,ood_count_000002,images/ood_count/ood_count_000002.png,Which object is between the yellow circle and the red circle?,yellow rectangle,between,3,ood_count,count,"{'objects': ['obj_2', 'obj_7'], 'target': 'obj_1', 'relation': 'between'}",green rectangle,yellow rectangle,green rectangle,False,0.040982577375018536,ood_failure
ood_count_000003_q01,ood_count_000003,images/ood_count/ood_count_000003.png,Do the yellow triangle and the green circle overlap? Answer yes or no.,no,overlap,2,ood_count,count,"{'objects': ['obj_5', 'obj_6'], 'relation': 'overlap'}",no,no,no,True,0.040982577375018536,
ood_count_000003_q02,ood_count_000003,images/ood_count/ood_count_000003.png,Which object is the leftmost in the image?,yellow circle,relative_ordering,2,ood_count,count,"{'target': 'obj_3', 'relation': 'leftmost'}",red circle,yellow circle,red circle,False,0.040982577375018536,ood_failure
ood_count_000003_q03,ood_count_000003,images/ood_count/ood_count_000003.png,Which object is between the yellow circle and the red rectangle?,yellow rectangle,between,3,ood_count,count,"{'objects': ['obj_3', 'obj_8'], 'target': 'obj_1', 'relation': 'between'}",green rectangle,yellow rectangle,green rectangle,False,0.040982577375018536,ood_failure
ood_count_000003_q04,ood_count_000003,images/ood_count/ood_count_000003.png,"Which object is larger, the red circle or the blue triangle?",red circle,relative_size,2,ood_count,count,"{'objects': ['obj_7', 'obj_9'], 'target': 'obj_7', 'relation': 'larger'}",red circle,red circle,red circle,True,0.040982577375018536,
ood_count_000004_q01,ood_count_000004,images/ood_count/ood_count_000004.png,Which object is the rightmost in the image?,blue circle,relative_ordering,2,ood_count,count,"{'target': 'obj_4', 'relation': 'rightmost'}",blue circle,blue circle,blue circle,True,0.04089765025003089,
ood_count_000004_q02,ood_count_000004,images/ood_count/ood_count_000004.png,"Which object is smaller, the yellow rectangle or the blue triangle?",yellow rectangle,relative_size,2,ood_count,count,"{'objects': ['obj_6', 'obj_3'], 'target': 'obj_6', 'relation': 'smaller'}",blue triangle,yellow rectangle,blue triangle,False,0.04089765025003089,ood_failure
ood_count_000004_q03,ood_count_000004,images/ood_count/ood_count_000004.png,Which object is both right of the green triangle and above the red circle?,yellow rectangle,multi_hop,4,ood_count,count,"{'anchors': ['obj_2', 'obj_7'], 'target': 'obj_6', 'relations': ['right of', 'above']}",yellow circle,yellow rectangle,yellow circle,False,0.04089765025003089,ood_failure
ood_count_000004_q04,ood_count_000004,images/ood_count/ood_count_000004.png,Which object is immediately below the red circle?,blue triangle,above_below,2,ood_count,count,"{'anchor': 'obj_7', 'target': 'obj_3', 'relation': 'below'}",blue circle,blue triangle,blue circle,False,0.04089765025003089,ood_failure
ood_count_000005_q01,ood_count_000005,images/ood_count/ood_count_000005.png,Which object is both left of the red circle and right of the green rectangle?,blue rectangle,multi_hop,4,ood_count,count,"{'anchors': ['obj_3', 'obj_2'], 'target': 'obj_5', 'relations': ['left of', 'right of']}",blue rectangle,blue rectangle,blue rectangle,True,0.04089765025003089,
ood_count_000005_q02,ood_count_000005,images/ood_count/ood_count_000005.png,How many yellow objects are in the image?,1,counting,1,ood_count,count,{'filter': {'color': 'yellow'}},1,1,1,True,0.04089765025003089,
ood_count_000005_q03,ood_count_000005,images/ood_count/ood_count_000005.png,Which object is the bottommost in the image?,green rectangle,relative_ordering,2,ood_count,count,"{'target': 'obj_2', 'relation': 'bottommost'}",triangle,green rectangle,triangle,False,0.04089765025003089,ood_failure
ood_count_000005_q04,ood_count_000005,images/ood_count/ood_count_000005.png,Which object is nearest from the yellow triangle?,green rectangle,nearest_farthest,2,ood_count,count,"{'anchor': 'obj_6', 'target': 'obj_2', 'relation': 'nearest'}",red circle,green rectangle,red circle,False,0.04089765025003089,ood_failure
ood_count_000006_q01,ood_count_000006,images/ood_count/ood_count_000006.png,Is the blue triangle completely inside the red rectangle? Answer yes or no.,no,inside_outside,2,ood_count,count,"{'objects': ['obj_6', 'obj_7'], 'relation': 'inside'}",no,no,no,True,0.041078578750045835,
ood_count_000006_q02,ood_count_000006,images/ood_count/ood_count_000006.png,Which object is the topmost in the image?,red triangle,relative_ordering,2,ood_count,count,"{'target': 'obj_5', 'relation': 'topmost'}",red triangle,red triangle,red triangle,True,0.041078578750045835,
ood_count_000006_q03,ood_count_000006,images/ood_count/ood_count_000006.png,"Which object is closer to the center of the image, the blue rectangle or the yellow triangle?",yellow triangle,center_proximity,2,ood_count,count,"{'objects': ['obj_2', 'obj_3'], 'target': 'obj_3', 'relation': 'center_proximity'}",blue rectangle,yellow triangle,blue rectangle,False,0.041078578750045835,ood_failure
ood_count_000006_q04,ood_count_000006,images/ood_count/ood_count_000006.png,Do the green triangle and the green rectangle overlap? Answer yes or no.,no,overlap,2,ood_count,count,"{'objects': ['obj_4', 'obj_8'], 'relation': 'overlap'}",no,no,no,True,0.041078578750045835,
ood_count_000007_q01,ood_count_000007,images/ood_count/ood_count_000007.png,"Which object is closer to the center of the image, the green triangle or the yellow circle?",green triangle,center_proximity,2,ood_count,count,"{'objects': ['obj_4', 'obj_5'], 'target': 'obj_4', 'relation': 'center_proximity'}",green triangle,green triangle,green triangle,True,0.041078578750045835,
ood_count_000007_q02,ood_count_000007,images/ood_count/ood_count_000007.png,Which object is nearest from the blue triangle?,blue rectangle,nearest_farthest,2,ood_count,count,"{'anchor': 'obj_1', 'target': 'obj_6', 'relation': 'nearest'}",blue triangle,blue rectangle,blue triangle,False,0.041078578750045835,ood_failure
ood_count_000007_q03,ood_count_000007,images/ood_count/ood_count_000007.png,Which object is immediately left of the yellow rectangle?,red rectangle,left_right,2,ood_count,count,"{'anchor': 'obj_3', 'target': 'obj_7', 'relation': 'left'}",red triangle,red rectangle,red triangle,False,0.041078578750045835,ood_failure
ood_count_000007_q04,ood_count_000007,images/ood_count/ood_count_000007.png,Which object is the rightmost in the image?,yellow circle,relative_ordering,2,ood_count,count,"{'target': 'obj_5', 'relation': 'rightmost'}",yellow circle,yellow circle,yellow circle,True,0.041078578750045835,
ood_count_000008_q01,ood_count_000008,images/ood_count/ood_count_000008.png,How many objects are left of the green rectangle?,7,counting,2,ood_count,count,"{'anchor': 'obj_8', 'relation': 'left'}",3,7,3,False,0.0413449463749771,ood_failure
ood_count_000008_q02,ood_count_000008,images/ood_count/ood_count_000008.png,Which object is both below the yellow rectangle and right of the blue rectangle?,green circle,multi_hop,4,ood_count,count,"{'anchors': ['obj_1', 'obj_2'], 'target': 'obj_4', 'relations': ['below', 'right of']}",green circle,green circle,green circle,True,0.0413449463749771,
ood_count_000008_q03,ood_count_000008,images/ood_count/ood_count_000008.png,"Which object is larger, the blue triangle or the yellow rectangle?",blue triangle,relative_size,2,ood_count,count,"{'objects': ['obj_7', 'obj_1'], 'target': 'obj_7', 'relation': 'larger'}",yellow rectangle,blue triangle,yellow rectangle,False,0.0413449463749771,ood_failure
ood_count_000008_q04,ood_count_000008,images/ood_count/ood_count_000008.png,Is the blue rectangle completely inside the blue triangle? Answer yes or no.,no,inside_outside,2,ood_count,count,"{'objects': ['obj_2', 'obj_7'], 'relation': 'inside'}",no,no,no,True,0.0413449463749771,
ood_count_000009_q01,ood_count_000009,images/ood_count/ood_count_000009.png,Which object is the bottommost in the image?,blue rectangle,relative_ordering,2,ood_count,count,"{'target': 'obj_7', 'relation': 'bottommost'}",red circle,blue rectangle,red circle,False,0.0413449463749771,ood_failure
ood_count_000009_q02,ood_count_000009,images/ood_count/ood_count_000009.png,Is the red circle completely inside the blue triangle? Answer yes or no.,no,inside_outside,2,ood_count,count,"{'objects': ['obj_1', 'obj_6'], 'relation': 'inside'}",no,no,no,True,0.0413449463749771,
ood_count_000009_q03,ood_count_000009,images/ood_count/ood_count_000009.png,How many objects are left of the red circle?,3,counting,2,ood_count,count,"{'anchor': 'obj_1', 'relation': 'left'}",2,3,2,False,0.0413449463749771,ood_failure
ood_count_000009_q04,ood_count_000009,images/ood_count/ood_count_000009.png,"Which object is closer to the center of the image, the red circle or the blue circle?",red circle,center_proximity,2,ood_count,count,"{'objects': ['obj_1', 'obj_3'], 'target': 'obj_1', 'relation': 'center_proximity'}",red circle,red circle,red circle,True,0.0413449463749771,
ood_count_000010_q01,ood_count_000010,images/ood_count/ood_count_000010.png,Is the red rectangle completely inside the green triangle? Answer yes or no.,no,inside_outside,2,ood_count,count,"{'objects': ['obj_2', 'obj_7'], 'relation': 'inside'}",no,no,no,True,0.03997348112500276,
ood_count_000010_q02,ood_count_000010,images/ood_count/ood_count_000010.png,"Which object is closer to the center of the image, the blue rectangle or the yellow circle?",blue rectangle,center_proximity,2,ood_count,count,"{'objects': ['obj_4', 'obj_1'], 'target': 'obj_4', 'relation': 'center_proximity'}",blue rectangle,blue rectangle,blue rectangle,True,0.03997348112500276,
ood_count_000010_q03,ood_count_000010,images/ood_count/ood_count_000010.png,Which object is both right of the green triangle and above the yellow circle?,yellow triangle,multi_hop,4,ood_count,count,"{'anchors': ['obj_7', 'obj_1'], 'target': 'obj_6', 'relations': ['right of', 'above']}",red rectangle,yellow triangle,red rectangle,False,0.03997348112500276,ood_failure
ood_count_000010_q04,ood_count_000010,images/ood_count/ood_count_000010.png,Which object is the topmost in the image?,yellow triangle,relative_ordering,2,ood_count,count,"{'target': 'obj_6', 'relation': 'topmost'}",blue triangle,yellow triangle,blue triangle,False,0.03997348112500276,ood_failure
ood_count_000011_q01,ood_count_000011,images/ood_count/ood_count_000011.png,Which object is immediately above the red rectangle?,blue triangle,above_below,2,ood_count,count,"{'anchor': 'obj_2', 'target': 'obj_6', 'relation': 'above'}",blue triangle,blue triangle,blue triangle,True,0.03997348112500276,
ood_count_000011_q02,ood_count_000011,images/ood_count/ood_count_000011.png,"Which object is larger, the red rectangle or the blue triangle?",blue triangle,relative_size,2,ood_count,count,"{'objects': ['obj_2', 'obj_6'], 'target': 'obj_6', 'relation': 'larger'}",red rectangle,blue triangle,red rectangle,False,0.03997348112500276,ood_failure
ood_count_000011_q03,ood_count_000011,images/ood_count/ood_count_000011.png,How many green objects are in the image?,3,counting,1,ood_count,count,{'filter': {'color': 'green'}},1,3,1,False,0.03997348112500276,ood_failure
ood_count_000011_q04,ood_count_000011,images/ood_count/ood_count_000011.png,Which object is between the red circle and the blue rectangle?,green circle,between,3,ood_count,count,"{'objects': ['obj_4', 'obj_7'], 'target': 'obj_1', 'relation': 'between'}",green square,green circle,green square,False,0.03997348112500276,ood_failure
ood_count_000012_q01,ood_count_000012,images/ood_count/ood_count_000012.png,Do the blue circle and the red rectangle overlap? Answer yes or no.,no,overlap,2,ood_count,count,"{'objects': ['obj_5', 'obj_6'], 'relation': 'overlap'}",yes,no,yes,False,0.04151974274998338,ood_failure
ood_count_000012_q02,ood_count_000012,images/ood_count/ood_count_000012.png,Which object is the leftmost in the image?,red rectangle,relative_ordering,2,ood_count,count,"{'target': 'obj_6', 'relation': 'leftmost'}",red rectangle,red rectangle,red rectangle,True,0.04151974274998338,
ood_count_000012_q03,ood_count_000012,images/ood_count/ood_count_000012.png,Which object is between the green rectangle and the red rectangle?,red triangle,between,3,ood_count,count,"{'objects': ['obj_8', 'obj_6'], 'target': 'obj_1', 'relation': 'between'}",blue rectangle,red triangle,blue rectangle,False,0.04151974274998338,ood_failure
ood_count_000012_q04,ood_count_000012,images/ood_count/ood_count_000012.png,"Which object is larger, the yellow circle or the red circle?",red circle,relative_size,2,ood_count,count,"{'objects': ['obj_7', 'obj_9'], 'target': 'obj_9', 'relation': 'larger'}",red circle,red circle,red circle,True,0.04151974274998338,
ood_count_000013_q01,ood_count_000013,images/ood_count/ood_count_000013.png,Which object is the rightmost in the image?,blue triangle,relative_ordering,2,ood_count,count,"{'target': 'obj_2', 'relation': 'rightmost'}",red triangle,blue triangle,red triangle,False,0.04151974274998338,ood_failure
ood_count_000013_q02,ood_count_000013,images/ood_count/ood_count_000013.png,"Which object is smaller, the yellow rectangle or the blue circle?",yellow rectangle,relative_size,2,ood_count,count,"{'objects': ['obj_6', 'obj_3'], 'target': 'obj_6', 'relation': 'smaller'}",yellow rectangle,yellow rectangle,yellow rectangle,True,0.04151974274998338,
ood_count_000013_q03,ood_count_000013,images/ood_count/ood_count_000013.png,Which object is both above the yellow rectangle and left of the green triangle?,red circle,multi_hop,4,ood_count,count,"{'anchors': ['obj_6', 'obj_1'], 'target': 'obj_4', 'relations': ['above', 'left of']}",red circle,red circle,red circle,True,0.04151974274998338,
ood_count_000013_q04,ood_count_000013,images/ood_count/ood_count_000013.png,Is the blue triangle completely inside the yellow rectangle? Answer yes or no.,no,inside_outside,2,ood_count,count,"{'objects': ['obj_2', 'obj_6'], 'relation': 'inside'}",no,no,no,True,0.04151974274998338,
ood_count_000014_q01,ood_count_000014,images/ood_count/ood_count_000014.png,Which object is both above the blue circle and below the blue rectangle?,red rectangle,multi_hop,4,ood_count,count,"{'anchors': ['obj_5', 'obj_6'], 'target': 'obj_3', 'relations': ['above', 'below']}",red circle,red rectangle,red circle,False,0.04308395399999654,ood_failure
ood_count_000014_q02,ood_count_000014,images/ood_count/ood_count_000014.png,How many circle objects are in the image?,4,counting,1,ood_count,count,{'filter': {'shape': 'circle'}},3,4,3,False,0.04308395399999654,ood_failure
ood_count_000014_q03,ood_count_000014,images/ood_count/ood_count_000014.png,Which object is the leftmost in the image?,green circle,relative_ordering,2,ood_count,count,"{'target': 'obj_8', 'relation': 'leftmost'}",yellow circle,green circle,yellow circle,False,0.04308395399999654,ood_failure
ood_count_000014_q04,ood_count_000014,images/ood_count/ood_count_000014.png,Which object is farthest from the blue circle?,green circle,nearest_farthest,2,ood_count,count,"{'anchor': 'obj_5', 'target': 'obj_8', 'relation': 'farthest'}",red circle,green circle,red circle,False,0.04308395399999654,ood_failure
ood_count_000015_q01,ood_count_000015,images/ood_count/ood_count_000015.png,Is the yellow triangle completely inside the yellow rectangle? Answer yes or no.,no,inside_outside,2,ood_count,count,"{'objects': ['obj_6', 'obj_5'], 'relation': 'inside'}",yes,no,yes,False,0.04308395399999654,ood_failure
ood_count_000015_q02,ood_count_000015,images/ood_count/ood_count_000015.png,Which object is the leftmost in the image?,blue circle,relative_ordering,2,ood_count,count,"{'target': 'obj_4', 'relation': 'leftmost'}",red circle,blue circle,red circle,False,0.04308395399999654,ood_failure
ood_count_000015_q03,ood_count_000015,images/ood_count/ood_count_000015.png,"Which object is closer to the center of the image, the yellow triangle or the blue circle?",yellow triangle,center_proximity,2,ood_count,count,"{'objects': ['obj_6', 'obj_4'], 'target': 'obj_6', 'relation': 'center_proximity'}",yellow triangle,yellow triangle,yellow triangle,True,0.04308395399999654,
ood_count_000015_q04,ood_count_000015,images/ood_count/ood_count_000015.png,Do the red circle and the blue triangle overlap? Answer yes or no.,no,overlap,2,ood_count,count,"{'objects': ['obj_7', 'obj_9'], 'relation': 'overlap'}",no,no,no,True,0.04308395399999654,
ood_count_000016_q01,ood_count_000016,images/ood_count/ood_count_000016.png,"Which object is closer to the center of the image, the yellow triangle or the red triangle?",yellow triangle,center_proximity,2,ood_count,count,"{'objects': ['obj_2', 'obj_5'], 'target': 'obj_2', 'relation': 'center_proximity'}",yellow triangle,yellow triangle,yellow triangle,True,0.04103775612497884,
ood_count_000016_q02,ood_count_000016,images/ood_count/ood_count_000016.png,Which object is nearest from the yellow rectangle?,blue rectangle,nearest_farthest,2,ood_count,count,"{'anchor': 'obj_6', 'target': 'obj_4', 'relation': 'nearest'}",blue rectangle,blue rectangle,blue rectangle,True,0.04103775612497884,
ood_count_000016_q03,ood_count_000016,images/ood_count/ood_count_000016.png,Which object is immediately left of the green triangle?,yellow rectangle,left_right,2,ood_count,count,"{'anchor': 'obj_1', 'target': 'obj_6', 'relation': 'left'}",yellow square,yellow rectangle,yellow square,False,0.04103775612497884,ood_failure
ood_count_000016_q04,ood_count_000016,images/ood_count/ood_count_000016.png,Which object is the leftmost in the image?,red triangle,relative_ordering,2,ood_count,count,"{'target': 'obj_5', 'relation': 'leftmost'}",blue square,red triangle,blue square,False,0.04103775612497884,ood_failure
ood_count_000017_q01,ood_count_000017,images/ood_count/ood_count_000017.png,How many objects are left of the blue circle?,1,counting,2,ood_count,count,"{'anchor': 'obj_8', 'relation': 'left'}",2,1,2,False,0.04103775612497884,ood_failure
ood_count_000017_q02,ood_count_000017,images/ood_count/ood_count_000017.png,Which object is both above the green rectangle and right of the blue rectangle?,yellow triangle,multi_hop,4,ood_count,count,"{'anchors': ['obj_5', 'obj_3'], 'target': 'obj_7', 'relations': ['above', 'right of']}",yellow triangle,yellow triangle,yellow triangle,True,0.04103775612497884,
ood_count_000017_q03,ood_count_000017,images/ood_count/ood_count_000017.png,Which object is immediately right of the red rectangle?,blue triangle,left_right,2,ood_count,count,"{'anchor': 'obj_6', 'target': 'obj_1', 'relation': 'right'}",green triangle,blue triangle,green triangle,False,0.04103775612497884,ood_failure
ood_count_000017_q04,ood_count_000017,images/ood_count/ood_count_000017.png,"Which object is smaller, the yellow rectangle or the green rectangle?",yellow rectangle,relative_size,2,ood_count,count,"{'objects': ['obj_4', 'obj_5'], 'target': 'obj_4', 'relation': 'smaller'}",yellow rectangle,yellow rectangle,yellow rectangle,True,0.04103775612497884,
ood_count_000018_q01,ood_count_000018,images/ood_count/ood_count_000018.png,Which object is the bottommost in the image?,green rectangle,relative_ordering,2,ood_count,count,"{'target': 'obj_5', 'relation': 'bottommost'}",green square,green rectangle,green square,False,0.04227298162504667,ood_failure
ood_count_000018_q02,ood_count_000018,images/ood_count/ood_count_000018.png,Is the red circle completely inside the yellow circle? Answer yes or no.,no,inside_outside,2,ood_count,count,"{'objects': ['obj_1', 'obj_6'], 'relation': 'inside'}",no,no,no,True,0.04227298162504667,
ood_count_000018_q03,ood_count_000018,images/ood_count/ood_count_000018.png,How many objects are left of the red circle?,2,counting,2,ood_count,count,"{'anchor': 'obj_1', 'relation': 'left'}",3,2,3,False,0.04227298162504667,ood_failure
ood_count_000018_q04,ood_count_000018,images/ood_count/ood_count_000018.png,"Which object is closer to the center of the image, the red circle or the red triangle?",red triangle,center_proximity,2,ood_count,count,"{'objects': ['obj_1', 'obj_3'], 'target': 'obj_3', 'relation': 'center_proximity'}",red triangle,red triangle,red triangle,True,0.04227298162504667,
ood_count_000019_q01,ood_count_000019,images/ood_count/ood_count_000019.png,How many objects are above the blue rectangle?,8,counting,2,ood_count,count,"{'anchor': 'obj_9', 'relation': 'above'}",3,8,3,False,0.04227298162504667,ood_failure
ood_count_000019_q02,ood_count_000019,images/ood_count/ood_count_000019.png,Which object is immediately below the yellow triangle?,yellow rectangle,above_below,2,ood_count,count,"{'anchor': 'obj_1', 'target': 'obj_4', 'relation': 'below'}",blue rectangle,yellow rectangle,blue rectangle,False,0.04227298162504667,ood_failure
ood_count_000019_q03,ood_count_000019,images/ood_count/ood_count_000019.png,Which object is between the blue circle and the yellow circle?,red circle,between,3,ood_count,count,"{'objects': ['obj_6', 'obj_7'], 'target': 'obj_5', 'relation': 'between'}",red circle,red circle,red circle,True,0.04227298162504667,
ood_count_000019_q04,ood_count_000019,images/ood_count/ood_count_000019.png,"Which object is larger, the blue triangle or the yellow rectangle?",yellow rectangle,relative_size,2,ood_count,count,"{'objects': ['obj_2', 'obj_4'], 'target': 'obj_4', 'relation': 'larger'}",yellow rectangle,yellow rectangle,yellow rectangle,True,0.04227298162504667,
ood_count_000020_q01,ood_count_000020,images/ood_count/ood_count_000020.png,Which object is immediately above the green rectangle?,red triangle,above_below,2,ood_count,count,"{'anchor': 'obj_2', 'target': 'obj_4', 'relation': 'above'}",blue circle,red triangle,blue circle,False,0.04191326237497606,ood_failure
ood_count_000020_q02,ood_count_000020,images/ood_count/ood_count_000020.png,"Which object is larger, the green rectangle or the red circle?",red circle,relative_size,2,ood_count,count,"{'objects': ['obj_2', 'obj_6'], 'target': 'obj_6', 'relation': 'larger'}",red circle,red circle,red circle,True,0.04191326237497606,
ood_count_000020_q03,ood_count_000020,images/ood_count/ood_count_000020.png,How many green objects are in the image?,3,counting,1,ood_count,count,{'filter': {'color': 'green'}},2,3,2,False,0.04191326237497606,ood_failure
ood_count_000020_q04,ood_count_000020,images/ood_count/ood_count_000020.png,Which object is between the yellow triangle and the red circle?,blue circle,between,3,ood_count,count,"{'objects': ['obj_9', 'obj_6'], 'target': 'obj_1', 'relation': 'between'}",green circle,blue circle,green circle,False,0.04191326237497606,ood_failure
ood_count_000021_q01,ood_count_000021,images/ood_count/ood_count_000021.png,Do the yellow circle and the green rectangle overlap? Answer yes or no.,no,overlap,2,ood_count,count,"{'objects': ['obj_5', 'obj_7'], 'relation': 'overlap'}",no,no,no,True,0.04191326237497606,
ood_count_000021_q02,ood_count_000021,images/ood_count/ood_count_000021.png,Which object is the topmost in the image?,blue triangle,relative_ordering,2,ood_count,count,"{'target': 'obj_4', 'relation': 'topmost'}",blue triangle,blue triangle,blue triangle,True,0.04191326237497606,
ood_count_000021_q03,ood_count_000021,images/ood_count/ood_count_000021.png,Which object is between the blue triangle and the blue circle?,yellow circle,between,3,ood_count,count,"{'objects': ['obj_4', 'obj_3'], 'target': 'obj_5', 'relation': 'between'}",red circle,yellow circle,red circle,False,0.04191326237497606,ood_failure
ood_count_000021_q04,ood_count_000021,images/ood_count/ood_count_000021.png,"Which object is smaller, the yellow rectangle or the blue rectangle?",blue rectangle,relative_size,2,ood_count,count,"{'objects': ['obj_8', 'obj_6'], 'target': 'obj_6', 'relation': 'smaller'}",yellow rectangle,blue rectangle,yellow rectangle,False,0.04191326237497606,ood_failure
ood_count_000022_q01,ood_count_000022,images/ood_count/ood_count_000022.png,Which object is the rightmost in the image?,red rectangle,relative_ordering,2,ood_count,count,"{'target': 'obj_5', 'relation': 'rightmost'}",red rectangle,red rectangle,red rectangle,True,0.04180180412504342,
ood_count_000022_q02,ood_count_000022,images/ood_count/ood_count_000022.png,"Which object is smaller, the blue triangle or the red triangle?",red triangle,relative_size,2,ood_count,count,"{'objects': ['obj_6', 'obj_3'], 'target': 'obj_3', 'relation': 'smaller'}",blue triangle,red triangle,blue triangle,False,0.04180180412504342,ood_failure
ood_count_000022_q03,ood_count_000022,images/ood_count/ood_count_000022.png,Which object is both below the yellow triangle and above the green rectangle?,red rectangle,multi_hop,4,ood_count,count,"{'anchors': ['obj_2', 'obj_7'], 'target': 'obj_5', 'relations': ['below', 'above']}",red circle,red rectangle,red circle,False,0.04180180412504342,ood_failure
ood_count_000022_q04,ood_count_000022,images/ood_count/ood_count_000022.png,Is the red triangle completely inside the yellow circle? Answer yes or no.,no,inside_outside,2,ood_count,count,"{'objects': ['obj_3', 'obj_1'], 'relation': 'inside'}",yes,no,yes,False,0.04180180412504342,ood_failure
ood_count_000023_q01,ood_count_000023,images/ood_count/ood_count_000023.png,Which object is both right of the green triangle and left of the green circle?,red rectangle,multi_hop,4,ood_count,count,"{'anchors': ['obj_4', 'obj_3'], 'target': 'obj_2', 'relations': ['right of', 'left of']}",red circle,red rectangle,red circle,False,0.04180180412504342,ood_failure
ood_count_000023_q02,ood_count_000023,images/ood_count/ood_count_000023.png,How many circle objects are in the image?,3,counting,1,ood_count,count,{'filter': {'shape': 'circle'}},3,3,3,True,0.04180180412504342,
ood_count_000023_q03,ood_count_000023,images/ood_count/ood_count_000023.png,Which object is the bottommost in the image?,yellow circle,relative_ordering,2,ood_count,count,"{'target': 'obj_1', 'relation': 'bottommost'}",red circle,yellow circle,red circle,False,0.04180180412504342,ood_failure
ood_count_000023_q04,ood_count_000023,images/ood_count/ood_count_000023.png,Which object is nearest from the green triangle?,yellow rectangle,nearest_farthest,2,ood_count,count,"{'anchor': 'obj_4', 'target': 'obj_5', 'relation': 'nearest'}",red circle,yellow rectangle,red circle,False,0.04180180412504342,ood_failure
ood_count_000024_q01,ood_count_000024,images/ood_count/ood_count_000024.png,Is the green triangle completely inside the blue circle? Answer yes or no.,no,inside_outside,2,ood_count,count,"{'objects': ['obj_6', 'obj_5'], 'relation': 'inside'}",no,no,no,True,0.04153684462499996,
ood_count_000024_q02,ood_count_000024,images/ood_count/ood_count_000024.png,Which object is the leftmost in the image?,blue circle,relative_ordering,2,ood_count,count,"{'target': 'obj_5', 'relation': 'leftmost'}",red circle,blue circle,red circle,False,0.04153684462499996,ood_failure
ood_count_000024_q03,ood_count_000024,images/ood_count/ood_count_000024.png,"Which object is closer to the center of the image, the green triangle or the red circle?",red circle,center_proximity,2,ood_count,count,"{'objects': ['obj_6', 'obj_4'], 'target': 'obj_4', 'relation': 'center_proximity'}",red circle,red circle,red circle,True,0.04153684462499996,
ood_count_000024_q04,ood_count_000024,images/ood_count/ood_count_000024.png,Do the red triangle and the yellow rectangle overlap? Answer yes or no.,no,overlap,2,ood_count,count,"{'objects': ['obj_7', 'obj_9'], 'relation': 'overlap'}",no,no,no,True,0.04153684462499996,
ood_count_000025_q01,ood_count_000025,images/ood_count/ood_count_000025.png,"Which object is closer to the center of the image, the yellow circle or the blue circle?",blue circle,center_proximity,2,ood_count,count,"{'objects': ['obj_2', 'obj_5'], 'target': 'obj_5', 'relation': 'center_proximity'}",blue circle,blue circle,blue circle,True,0.04153684462499996,
ood_count_000025_q02,ood_count_000025,images/ood_count/ood_count_000025.png,Which object is nearest from the red triangle?,blue circle,nearest_farthest,2,ood_count,count,"{'anchor': 'obj_6', 'target': 'obj_5', 'relation': 'nearest'}",blue circle,blue circle,blue circle,True,0.04153684462499996,
ood_count_000025_q03,ood_count_000025,images/ood_count/ood_count_000025.png,Which object is the leftmost in the image?,green circle,relative_ordering,2,ood_count,count,"{'target': 'obj_1', 'relation': 'leftmost'}",green circle,green circle,green circle,True,0.04153684462499996,
ood_count_000025_q04,ood_count_000025,images/ood_count/ood_count_000025.png,Which object is between the yellow circle and the green circle?,yellow rectangle,between,3,ood_count,count,"{'objects': ['obj_2', 'obj_1'], 'target': 'obj_3', 'relation': 'between'}",red circle,yellow rectangle,red circle,False,0.04153684462499996,ood_failure
ood_count_000026_q01,ood_count_000026,images/ood_count/ood_count_000026.png,How many objects are left of the blue rectangle?,7,counting,2,ood_count,count,"{'anchor': 'obj_8', 'relation': 'left'}",3,7,3,False,0.040472085125031754,ood_failure
ood_count_000026_q02,ood_count_000026,images/ood_count/ood_count_000026.png,Which object is both below the blue triangle and left of the red circle?,red rectangle,multi_hop,4,ood_count,count,"{'anchors': ['obj_3', 'obj_9'], 'target': 'obj_1', 'relations': ['below', 'left of']}",green square,red rectangle,green square,False,0.040472085125031754,ood_failure
ood_count_000026_q03,ood_count_000026,images/ood_count/ood_count_000026.png,Which object is immediately left of the red circle?,red rectangle,left_right,2,ood_count,count,"{'anchor': 'obj_9', 'target': 'obj_1', 'relation': 'left'}",green square,red rectangle,green square,False,0.040472085125031754,ood_failure
ood_count_000026_q04,ood_count_000026,images/ood_count/ood_count_000026.png,"Which object is larger, the green triangle or the red circle?",red circle,relative_size,2,ood_count,count,"{'objects': ['obj_6', 'obj_9'], 'target': 'obj_9', 'relation': 'larger'}",red circle,red circle,red circle,True,0.040472085125031754,
ood_count_000027_q01,ood_count_000027,images/ood_count/ood_count_000027.png,Which object is the bottommost in the image?,blue rectangle,relative_ordering,2,ood_count,count,"{'target': 'obj_5', 'relation': 'bottommost'}",blue rectangle,blue rectangle,blue rectangle,True,0.040472085125031754,
ood_count_000027_q02,ood_count_000027,images/ood_count/ood_count_000027.png,Is the green rectangle completely inside the blue triangle? Answer yes or no.,no,inside_outside,2,ood_count,count,"{'objects': ['obj_1', 'obj_6'], 'relation': 'inside'}",no,no,no,True,0.040472085125031754,
ood_count_000027_q03,ood_count_000027,images/ood_count/ood_count_000027.png,How many objects are left of the green triangle?,2,counting,2,ood_count,count,"{'anchor': 'obj_2', 'relation': 'left'}",2,2,2,True,0.040472085125031754,
ood_count_000027_q04,ood_count_000027,images/ood_count/ood_count_000027.png,"Which object is closer to the center of the image, the green triangle or the yellow circle?",green triangle,center_proximity,2,ood_count,count,"{'objects': ['obj_2', 'obj_3'], 'target': 'obj_2', 'relation': 'center_proximity'}",green triangle,green triangle,green triangle,True,0.040472085125031754,
ood_count_000028_q01,ood_count_000028,images/ood_count/ood_count_000028.png,How many objects are above the blue rectangle?,1,counting,2,ood_count,count,"{'anchor': 'obj_5', 'relation': 'above'}",3,1,3,False,0.04213214200001403,ood_failure
ood_count_000028_q02,ood_count_000028,images/ood_count/ood_count_000028.png,Which object is between the blue rectangle and the red rectangle?,yellow triangle,between,3,ood_count,count,"{'objects': ['obj_5', 'obj_6'], 'target': 'obj_3', 'relation': 'between'}",green rectangle,yellow triangle,green rectangle,False,0.04213214200001403,ood_failure
ood_count_000028_q03,ood_count_000028,images/ood_count/ood_count_000028.png,"Which object is larger, the blue rectangle or the green rectangle?",blue rectangle,relative_size,2,ood_count,count,"{'objects': ['obj_5', 'obj_2'], 'target': 'obj_5', 'relation': 'larger'}",blue rectangle,blue rectangle,blue rectangle,True,0.04213214200001403,
ood_count_000028_q04,ood_count_000028,images/ood_count/ood_count_000028.png,Which object is both right of the blue circle and below the blue rectangle?,red rectangle,multi_hop,4,ood_count,count,"{'anchors': ['obj_1', 'obj_5'], 'target': 'obj_6', 'relations': ['right of', 'below']}",red circle,red rectangle,red circle,False,0.04213214200001403,ood_failure
ood_count_000029_q01,ood_count_000029,images/ood_count/ood_count_000029.png,Which object is immediately right of the yellow rectangle?,yellow circle,left_right,2,ood_count,count,"{'anchor': 'obj_4', 'target': 'obj_3', 'relation': 'right'}",red triangle,yellow circle,red triangle,False,0.04213214200001403,ood_failure
ood_count_000029_q02,ood_count_000029,images/ood_count/ood_count_000029.png,Is the blue triangle completely inside the yellow rectangle? Answer yes or no.,no,inside_outside,2,ood_count,count,"{'objects': ['obj_6', 'obj_4'], 'relation': 'inside'}",no,no,no,True,0.04213214200001403,
ood_count_000029_q03,ood_count_000029,images/ood_count/ood_count_000029.png,"Which object is smaller, the yellow rectangle or the yellow circle?",yellow rectangle,relative_size,2,ood_count,count,"{'objects': ['obj_4', 'obj_3'], 'target': 'obj_4', 'relation': 'smaller'}",yellow circle,yellow rectangle,yellow circle,False,0.04213214200001403,ood_failure
ood_count_000029_q04,ood_count_000029,images/ood_count/ood_count_000029.png,"Which object is closer to the center of the image, the green triangle or the yellow circle?",yellow circle,center_proximity,2,ood_count,count,"{'objects': ['obj_1', 'obj_3'], 'target': 'obj_3', 'relation': 'center_proximity'}",yellow circle,yellow circle,yellow circle,True,0.04213214200001403,
ood_count_000030_q01,ood_count_000030,images/ood_count/ood_count_000030.png,Do the red rectangle and the blue triangle overlap? Answer yes or no.,no,overlap,2,ood_count,count,"{'objects': ['obj_6', 'obj_3'], 'relation': 'overlap'}",no,no,no,True,0.04091218624995463,
ood_count_000030_q02,ood_count_000030,images/ood_count/ood_count_000030.png,Which object is the topmost in the image?,blue triangle,relative_ordering,2,ood_count,count,"{'target': 'obj_3', 'relation': 'topmost'}",triangle,blue triangle,triangle,False,0.04091218624995463,ood_failure
ood_count_000030_q03,ood_count_000030,images/ood_count/ood_count_000030.png,Which object is between the green rectangle and the red circle?,yellow rectangle,between,3,ood_count,count,"{'objects': ['obj_1', 'obj_5'], 'target': 'obj_2', 'relation': 'between'}",yellow circle,yellow rectangle,yellow circle,False,0.04091218624995463,ood_failure
ood_count_000030_q04,ood_count_000030,images/ood_count/ood_count_000030.png,Which object is immediately right of the yellow circle?,green triangle,left_right,2,ood_count,count,"{'anchor': 'obj_7', 'target': 'obj_4', 'relation': 'right'}",red circle,green triangle,red circle,False,0.04091218624995463,ood_failure
ood_count_000031_q01,ood_count_000031,images/ood_count/ood_count_000031.png,Which object is the rightmost in the image?,green rectangle,relative_ordering,2,ood_count,count,"{'target': 'obj_4', 'relation': 'rightmost'}",green rectangle,green rectangle,green rectangle,True,0.04091218624995463,
ood_count_000031_q02,ood_count_000031,images/ood_count/ood_count_000031.png,"Which object is smaller, the blue rectangle or the blue triangle?",blue rectangle,relative_size,2,ood_count,count,"{'objects': ['obj_6', 'obj_3'], 'target': 'obj_6', 'relation': 'smaller'}",blue triangle,blue rectangle,blue triangle,False,0.04091218624995463,ood_failure
ood_count_000031_q03,ood_count_000031,images/ood_count/ood_count_000031.png,Which object is both above the red triangle and below the green rectangle?,yellow triangle,multi_hop,4,ood_count,count,"{'anchors': ['obj_2', 'obj_4'], 'target': 'obj_1', 'relations': ['above', 'below']}",blue rectangle,yellow triangle,blue rectangle,False,0.04091218624995463,ood_failure
ood_count_000031_q04,ood_count_000031,images/ood_count/ood_count_000031.png,Is the blue triangle completely inside the yellow triangle? Answer yes or no.,no,inside_outside,2,ood_count,count,"{'objects': ['obj_3', 'obj_1'], 'relation': 'inside'}",no,no,no,True,0.04091218624995463,
ood_count_000032_q01,ood_count_000032,images/ood_count/ood_count_000032.png,Which object is both below the green rectangle and left of the red circle?,blue rectangle,multi_hop,4,ood_count,count,"{'anchors': ['obj_5', 'obj_4'], 'target': 'obj_3', 'relations': ['below', 'left of']}",blue circle,blue rectangle,blue circle,False,0.04099204775002363,ood_failure
ood_count_000032_q02,ood_count_000032,images/ood_count/ood_count_000032.png,How many red objects are in the image?,2,counting,1,ood_count,count,{'filter': {'color': 'red'}},1,2,1,False,0.04099204775002363,ood_failure
ood_count_000032_q03,ood_count_000032,images/ood_count/ood_count_000032.png,Which object is the topmost in the image?,blue circle,relative_ordering,2,ood_count,count,"{'target': 'obj_2', 'relation': 'topmost'}",blue circle,blue circle,blue circle,True,0.04099204775002363,
ood_count_000032_q04,ood_count_000032,images/ood_count/ood_count_000032.png,Which object is farthest from the green triangle?,blue circle,nearest_farthest,2,ood_count,count,"{'anchor': 'obj_7', 'target': 'obj_2', 'relation': 'farthest'}",blue circle,blue circle,blue circle,True,0.04099204775002363,
ood_count_000033_q01,ood_count_000033,images/ood_count/ood_count_000033.png,Is the yellow rectangle completely inside the blue rectangle? Answer yes or no.,no,inside_outside,2,ood_count,count,"{'objects': ['obj_3', 'obj_6'], 'relation': 'inside'}",no,no,no,True,0.04099204775002363,
ood_count_000033_q02,ood_count_000033,images/ood_count/ood_count_000033.png,Which object is the leftmost in the image?,blue rectangle,relative_ordering,2,ood_count,count,"{'target': 'obj_6', 'relation': 'leftmost'}",blue circle,blue rectangle,blue circle,False,0.04099204775002363,ood_failure
ood_count_000033_q03,ood_count_000033,images/ood_count/ood_count_000033.png,"Which object is closer to the center of the image, the yellow rectangle or the yellow circle?",yellow rectangle,center_proximity,2,ood_count,count,"{'objects': ['obj_3', 'obj_2'], 'target': 'obj_3', 'relation': 'center_proximity'}",yellow rectangle,yellow rectangle,yellow rectangle,True,0.04099204775002363,
ood_count_000033_q04,ood_count_000033,images/ood_count/ood_count_000033.png,Do the red triangle and the blue circle overlap? Answer yes or no.,no,overlap,2,ood_count,count,"{'objects': ['obj_4', 'obj_5'], 'relation': 'overlap'}",yes,no,yes,False,0.04099204775002363,ood_failure
ood_count_000034_q01,ood_count_000034,images/ood_count/ood_count_000034.png,"Which object is closer to the center of the image, the yellow triangle or the green circle?",green circle,center_proximity,2,ood_count,count,"{'objects': ['obj_2', 'obj_5'], 'target': 'obj_5', 'relation': 'center_proximity'}",green circle,green circle,green circle,True,0.04055259825003077,
ood_count_000034_q02,ood_count_000034,images/ood_count/ood_count_000034.png,Which object is nearest from the blue triangle?,red rectangle,nearest_farthest,2,ood_count,count,"{'anchor': 'obj_6', 'target': 'obj_3', 'relation': 'nearest'}",red square,red rectangle,red square,False,0.04055259825003077,ood_failure
ood_count_000034_q03,ood_count_000034,images/ood_count/ood_count_000034.png,Which object is immediately left of the red triangle?,red circle,left_right,2,ood_count,count,"{'anchor': 'obj_1', 'target': 'obj_4', 'relation': 'left'}",red circle,red circle,red circle,True,0.04055259825003077,
ood_count_000034_q04,ood_count_000034,images/ood_count/ood_count_000034.png,Which object is the leftmost in the image?,green circle,relative_ordering,2,ood_count,count,"{'target': 'obj_5', 'relation': 'leftmost'}",red circle,green circle,red circle,False,0.04055259825003077,ood_failure
ood_count_000035_q01,ood_count_000035,images/ood_count/ood_count_000035.png,How many objects are left of the yellow rectangle?,0,counting,2,ood_count,count,"{'anchor': 'obj_7', 'relation': 'left'}",3,0,3,False,0.04055259825003077,ood_failure
ood_count_000035_q02,ood_count_000035,images/ood_count/ood_count_000035.png,Which object is both above the yellow triangle and below the green triangle?,red rectangle,multi_hop,4,ood_count,count,"{'anchors': ['obj_4', 'obj_1'], 'target': 'obj_2', 'relations': ['above', 'below']}",red rectangle,red rectangle,red rectangle,True,0.04055259825003077,
ood_count_000035_q03,ood_count_000035,images/ood_count/ood_count_000035.png,Which object is immediately right of the red rectangle?,green triangle,left_right,2,ood_count,count,"{'anchor': 'obj_2', 'target': 'obj_1', 'relation': 'right'}",red rectangle,green triangle,red rectangle,False,0.04055259825003077,ood_failure
ood_count_000035_q04,ood_count_000035,images/ood_count/ood_count_000035.png,"Which object is smaller, the yellow triangle or the red triangle?",yellow triangle,relative_size,2,ood_count,count,"{'objects': ['obj_4', 'obj_5'], 'target': 'obj_4', 'relation': 'smaller'}",yellow triangle,yellow triangle,yellow triangle,True,0.04055259825003077,
ood_count_000036_q01,ood_count_000036,images/ood_count/ood_count_000036.png,Which object is the bottommost in the image?,yellow circle,relative_ordering,2,ood_count,count,"{'target': 'obj_1', 'relation': 'bottommost'}",red circle,yellow circle,red circle,False,0.041494850374988346,ood_failure
ood_count_000036_q02,ood_count_000036,images/ood_count/ood_count_000036.png,Is the yellow circle completely inside the blue triangle? Answer yes or no.,no,inside_outside,2,ood_count,count,"{'objects': ['obj_1', 'obj_6'], 'relation': 'inside'}",yes,no,yes,False,0.041494850374988346,ood_failure
ood_count_000036_q03,ood_count_000036,images/ood_count/ood_count_000036.png,How many objects are left of the yellow circle?,1,counting,2,ood_count,count,"{'anchor': 'obj_1', 'relation': 'left'}",3,1,3,False,0.041494850374988346,ood_failure
ood_count_000036_q04,ood_count_000036,images/ood_count/ood_count_000036.png,"Which object is closer to the center of the image, the yellow circle or the yellow triangle?",yellow triangle,center_proximity,2,ood_count,count,"{'objects': ['obj_1', 'obj_3'], 'target': 'obj_3', 'relation': 'center_proximity'}",yellow circle,yellow triangle,yellow circle,False,0.041494850374988346,ood_failure
ood_count_000037_q01,ood_count_000037,images/ood_count/ood_count_000037.png,How many objects are above the yellow triangle?,0,counting,2,ood_count,count,"{'anchor': 'obj_1', 'relation': 'above'}",2,0,2,False,0.041494850374988346,ood_failure
ood_count_000037_q02,ood_count_000037,images/ood_count/ood_count_000037.png,Which object is immediately above the red rectangle?,green rectangle,above_below,2,ood_count,count,"{'anchor': 'obj_7', 'target': 'obj_6', 'relation': 'above'}",yellow rectangle,green rectangle,yellow rectangle,False,0.041494850374988346,ood_failure
ood_count_000037_q03,ood_count_000037,images/ood_count/ood_count_000037.png,Which object is between the yellow triangle and the red rectangle?,red circle,between,3,ood_count,count,"{'objects': ['obj_1', 'obj_7'], 'target': 'obj_2', 'relation': 'between'}",blue circle,red circle,blue circle,False,0.041494850374988346,ood_failure
ood_count_000037_q04,ood_count_000037,images/ood_count/ood_count_000037.png,"Which object is larger, the yellow triangle or the yellow rectangle?",yellow rectangle,relative_size,2,ood_count,count,"{'objects': ['obj_1', 'obj_5'], 'target': 'obj_5', 'relation': 'larger'}",yellow rectangle,yellow rectangle,yellow rectangle,True,0.041494850374988346,
ood_count_000038_q01,ood_count_000038,images/ood_count/ood_count_000038.png,Which object is immediately right of the yellow triangle?,green triangle,left_right,2,ood_count,count,"{'anchor': 'obj_4', 'target': 'obj_3', 'relation': 'right'}",green triangle,green triangle,green triangle,True,0.04091702024999222,
ood_count_000038_q02,ood_count_000038,images/ood_count/ood_count_000038.png,Is the green rectangle completely inside the red triangle? Answer yes or no.,no,inside_outside,2,ood_count,count,"{'objects': ['obj_6', 'obj_7'], 'relation': 'inside'}",no,no,no,True,0.04091702024999222,
ood_count_000038_q03,ood_count_000038,images/ood_count/ood_count_000038.png,Which object is both below the green triangle and left of the red circle?,red triangle,multi_hop,4,ood_count,count,"{'anchors': ['obj_3', 'obj_5'], 'target': 'obj_7', 'relations': ['below', 'left of']}",red triangle,red triangle,red triangle,True,0.04091702024999222,
ood_count_000038_q04,ood_count_000038,images/ood_count/ood_count_000038.png,How many objects are above the green circle?,4,counting,2,ood_count,count,"{'anchor': 'obj_1', 'relation': 'above'}",4,4,4,True,0.04091702024999222,
ood_count_000039_q01,ood_count_000039,images/ood_count/ood_count_000039.png,Which object is the rightmost in the image?,blue rectangle,relative_ordering,2,ood_count,count,"{'target': 'obj_2', 'relation': 'rightmost'}",blue triangle,blue rectangle,blue triangle,False,0.04091702024999222,ood_failure
ood_count_000039_q02,ood_count_000039,images/ood_count/ood_count_000039.png,Which object is immediately above the green triangle?,yellow circle,above_below,2,ood_count,count,"{'anchor': 'obj_6', 'target': 'obj_7', 'relation': 'above'}",blue square,yellow circle,blue square,False,0.04091702024999222,ood_failure
ood_count_000039_q03,ood_count_000039,images/ood_count/ood_count_000039.png,Do the green triangle and the yellow circle overlap? Answer yes or no.,no,overlap,2,ood_count,count,"{'objects': ['obj_6', 'obj_7'], 'relation': 'overlap'}",no,no,no,True,0.04091702024999222,
ood_count_000039_q04,ood_count_000039,images/ood_count/ood_count_000039.png,"Which object is closer to the center of the image, the red rectangle or the green triangle?",red rectangle,center_proximity,2,ood_count,count,"{'objects': ['obj_3', 'obj_6'], 'target': 'obj_3', 'relation': 'center_proximity'}",red rectangle,red rectangle,red rectangle,True,0.04091702024999222,
ood_count_000040_q01,ood_count_000040,images/ood_count/ood_count_000040.png,Which object is the rightmost in the image?,green triangle,relative_ordering,2,ood_count,count,"{'target': 'obj_1', 'relation': 'rightmost'}",yellow circle,green triangle,yellow circle,False,0.04067154712504362,ood_failure
ood_count_000040_q02,ood_count_000040,images/ood_count/ood_count_000040.png,"Which object is smaller, the yellow circle or the blue rectangle?",yellow circle,relative_size,2,ood_count,count,"{'objects': ['obj_6', 'obj_3'], 'target': 'obj_6', 'relation': 'smaller'}",yellow circle,yellow circle,yellow circle,True,0.04067154712504362,
ood_count_000040_q03,ood_count_000040,images/ood_count/ood_count_000040.png,Which object is both below the red rectangle and left of the blue rectangle?,green circle,multi_hop,4,ood_count,count,"{'anchors': ['obj_4', 'obj_3'], 'target': 'obj_2', 'relations': ['below', 'left of']}",yellow circle,green circle,yellow circle,False,0.04067154712504362,ood_failure
ood_count_000040_q04,ood_count_000040,images/ood_count/ood_count_000040.png,Which object is immediately below the green circle?,yellow circle,above_below,2,ood_count,count,"{'anchor': 'obj_2', 'target': 'obj_6', 'relation': 'below'}",yellow circle,yellow circle,yellow circle,True,0.04067154712504362,
ood_count_000041_q01,ood_count_000041,images/ood_count/ood_count_000041.png,Which object is both below the red rectangle and right of the green circle?,red circle,multi_hop,4,ood_count,count,"{'anchors': ['obj_6', 'obj_7'], 'target': 'obj_3', 'relations': ['below', 'right of']}",red circle,red circle,red circle,True,0.04067154712504362,
ood_count_000041_q02,ood_count_000041,images/ood_count/ood_count_000041.png,How many objects are left of the blue triangle?,1,counting,2,ood_count,count,"{'anchor': 'obj_2', 'relation': 'left'}",3,1,3,False,0.04067154712504362,ood_failure
ood_count_000041_q03,ood_count_000041,images/ood_count/ood_count_000041.png,Which object is the rightmost in the image?,red circle,relative_ordering,2,ood_count,count,"{'target': 'obj_3', 'relation': 'rightmost'}",red circle,red circle,red circle,True,0.04067154712504362,
ood_count_000041_q04,ood_count_000041,images/ood_count/ood_count_000041.png,Which object is nearest from the yellow circle?,green circle,nearest_farthest,2,ood_count,count,"{'anchor': 'obj_1', 'target': 'obj_7', 'relation': 'nearest'}",green circle,green circle,green circle,True,0.04067154712504362,
ood_count_000042_q01,ood_count_000042,images/ood_count/ood_count_000042.png,Is the blue rectangle completely inside the blue triangle? Answer yes or no.,no,inside_outside,2,ood_count,count,"{'objects': ['obj_7', 'obj_3'], 'relation': 'inside'}",no,no,no,True,0.03995706100005236,
ood_count_000042_q02,ood_count_000042,images/ood_count/ood_count_000042.png,Which object is the topmost in the image?,red triangle,relative_ordering,2,ood_count,count,"{'target': 'obj_1', 'relation': 'topmost'}",triangle,red triangle,triangle,False,0.03995706100005236,ood_failure
ood_count_000042_q03,ood_count_000042,images/ood_count/ood_count_000042.png,"Which object is closer to the center of the image, the green circle or the red circle?",red circle,center_proximity,2,ood_count,count,"{'objects': ['obj_6', 'obj_5'], 'target': 'obj_5', 'relation': 'center_proximity'}",red circle,red circle,red circle,True,0.03995706100005236,
ood_count_000042_q04,ood_count_000042,images/ood_count/ood_count_000042.png,Do the red triangle and the blue triangle overlap? Answer yes or no.,no,overlap,2,ood_count,count,"{'objects': ['obj_1', 'obj_3'], 'relation': 'overlap'}",no,no,no,True,0.03995706100005236,
ood_count_000043_q01,ood_count_000043,images/ood_count/ood_count_000043.png,"Which object is closer to the center of the image, the red rectangle or the red circle?",red rectangle,center_proximity,2,ood_count,count,"{'objects': ['obj_4', 'obj_5'], 'target': 'obj_4', 'relation': 'center_proximity'}",red circle,red rectangle,red circle,False,0.03995706100005236,ood_failure
ood_count_000043_q02,ood_count_000043,images/ood_count/ood_count_000043.png,Which object is nearest from the green circle?,green rectangle,nearest_farthest,2,ood_count,count,"{'anchor': 'obj_1', 'target': 'obj_8', 'relation': 'nearest'}",red circle,green rectangle,red circle,False,0.03995706100005236,ood_failure
ood_count_000043_q03,ood_count_000043,images/ood_count/ood_count_000043.png,Which object is immediately left of the yellow triangle?,blue rectangle,left_right,2,ood_count,count,"{'anchor': 'obj_3', 'target': 'obj_2', 'relation': 'left'}",blue square,blue rectangle,blue square,False,0.03995706100005236,ood_failure
ood_count_000043_q04,ood_count_000043,images/ood_count/ood_count_000043.png,Which object is the rightmost in the image?,green rectangle,relative_ordering,2,ood_count,count,"{'target': 'obj_8', 'relation': 'rightmost'}",green circle,green rectangle,green circle,False,0.03995706100005236,ood_failure
ood_count_000044_q01,ood_count_000044,images/ood_count/ood_count_000044.png,How many objects are left of the blue triangle?,7,counting,2,ood_count,count,"{'anchor': 'obj_8', 'relation': 'left'}",3,7,3,False,0.04005934324999316,ood_failure
ood_count_000044_q02,ood_count_000044,images/ood_count/ood_count_000044.png,Which object is both right of the red circle and above the blue triangle?,yellow circle,multi_hop,4,ood_count,count,"{'anchors': ['obj_6', 'obj_8'], 'target': 'obj_7', 'relations': ['right of', 'above']}",yellow circle,yellow circle,yellow circle,True,0.04005934324999316,
ood_count_000044_q03,ood_count_000044,images/ood_count/ood_count_000044.png,Which object is immediately left of the yellow circle?,blue triangle,left_right,2,ood_count,count,"{'anchor': 'obj_7', 'target': 'obj_8', 'relation': 'left'}",red circle,blue triangle,red circle,False,0.04005934324999316,ood_failure
ood_count_000044_q04,ood_count_000044,images/ood_count/ood_count_000044.png,"Which object is larger, the yellow rectangle or the blue triangle?",blue triangle,relative_size,2,ood_count,count,"{'objects': ['obj_2', 'obj_8'], 'target': 'obj_8', 'relation': 'larger'}",yellow rectangle,blue triangle,yellow rectangle,False,0.04005934324999316,ood_failure
ood_count_000045_q01,ood_count_000045,images/ood_count/ood_count_000045.png,Which object is the bottommost in the image?,red circle,relative_ordering,2,ood_count,count,"{'target': 'obj_1', 'relation': 'bottommost'}",red circle,red circle,red circle,True,0.04005934324999316,
ood_count_000045_q02,ood_count_000045,images/ood_count/ood_count_000045.png,Is the red circle completely inside the yellow circle? Answer yes or no.,no,inside_outside,2,ood_count,count,"{'objects': ['obj_1', 'obj_4'], 'relation': 'inside'}",no,no,no,True,0.04005934324999316,
ood_count_000045_q03,ood_count_000045,images/ood_count/ood_count_000045.png,How many blue objects are in the image?,2,counting,1,ood_count,count,{'filter': {'color': 'blue'}},2,2,2,True,0.04005934324999316,
ood_count_000045_q04,ood_count_000045,images/ood_count/ood_count_000045.png,Do the yellow circle and the green rectangle overlap? Answer yes or no.,no,overlap,2,ood_count,count,"{'objects': ['obj_4', 'obj_5'], 'relation': 'overlap'}",no,no,no,True,0.04005934324999316,
ood_count_000046_q01,ood_count_000046,images/ood_count/ood_count_000046.png,How many objects are above the yellow rectangle?,2,counting,2,ood_count,count,"{'anchor': 'obj_1', 'relation': 'above'}",4,2,4,False,0.04193388649997587,ood_failure
ood_count_000046_q02,ood_count_000046,images/ood_count/ood_count_000046.png,Which object is immediately above the blue circle?,green triangle,above_below,2,ood_count,count,"{'anchor': 'obj_7', 'target': 'obj_2', 'relation': 'above'}",green triangle,green triangle,green triangle,True,0.04193388649997587,
ood_count_000046_q03,ood_count_000046,images/ood_count/ood_count_000046.png,"Which object is larger, the yellow triangle or the green triangle?",green triangle,relative_size,2,ood_count,count,"{'objects': ['obj_4', 'obj_2'], 'target': 'obj_2', 'relation': 'larger'}",yellow triangle,green triangle,yellow triangle,False,0.04193388649997587,ood_failure
ood_count_000046_q04,ood_count_000046,images/ood_count/ood_count_000046.png,Which object is both below the red triangle and right of the yellow rectangle?,blue triangle,multi_hop,4,ood_count,count,"{'anchors': ['obj_5', 'obj_1'], 'target': 'obj_6', 'relations': ['below', 'right of']}",blue square,blue triangle,blue square,False,0.04193388649997587,ood_failure
ood_count_000047_q01,ood_count_000047,images/ood_count/ood_count_000047.png,Which object is immediately right of the red rectangle?,yellow rectangle,left_right,2,ood_count,count,"{'anchor': 'obj_4', 'target': 'obj_2', 'relation': 'right'}",yellow square,yellow rectangle,yellow square,False,0.04193388649997587,ood_failure
ood_count_000047_q02,ood_count_000047,images/ood_count/ood_count_000047.png,Is the green rectangle completely inside the yellow triangle? Answer yes or no.,no,inside_outside,2,ood_count,count,"{'objects': ['obj_6', 'obj_7'], 'relation': 'inside'}",no,no,no,True,0.04193388649997587,
ood_count_000047_q03,ood_count_000047,images/ood_count/ood_count_000047.png,"Which object is closer to the center of the image, the yellow triangle or the green rectangle?",yellow triangle,center_proximity,2,ood_count,count,"{'objects': ['obj_7', 'obj_6'], 'target': 'obj_7', 'relation': 'center_proximity'}",yellow triangle,yellow triangle,yellow triangle,True,0.04193388649997587,
ood_count_000047_q04,ood_count_000047,images/ood_count/ood_count_000047.png,Which object is both below the yellow rectangle and above the yellow triangle?,yellow circle,multi_hop,4,ood_count,count,"{'anchors': ['obj_2', 'obj_7'], 'target': 'obj_1', 'relations': ['below', 'above']}",green circle,yellow circle,green circle,False,0.04193388649997587,ood_failure
ood_count_000048_q01,ood_count_000048,images/ood_count/ood_count_000048.png,Which object is the rightmost in the image?,blue triangle,relative_ordering,2,ood_count,count,"{'target': 'obj_5', 'relation': 'rightmost'}",blue triangle,blue triangle,blue triangle,True,0.04243689087502389,
ood_count_000048_q02,ood_count_000048,images/ood_count/ood_count_000048.png,Which object is immediately below the green rectangle?,green triangle,above_below,2,ood_count,count,"{'anchor': 'obj_3', 'target': 'obj_8', 'relation': 'below'}",blue circle,green triangle,blue circle,False,0.04243689087502389,ood_failure
ood_count_000048_q03,ood_count_000048,images/ood_count/ood_count_000048.png,Do the blue circle and the green circle overlap? Answer yes or no.,no,overlap,2,ood_count,count,"{'objects': ['obj_4', 'obj_6'], 'relation': 'overlap'}",no,no,no,True,0.04243689087502389,
ood_count_000048_q04,ood_count_000048,images/ood_count/ood_count_000048.png,"Which object is closer to the center of the image, the green circle or the blue triangle?",green circle,center_proximity,2,ood_count,count,"{'objects': ['obj_6', 'obj_5'], 'target': 'obj_6', 'relation': 'center_proximity'}",blue triangle,green circle,blue triangle,False,0.04243689087502389,ood_failure
ood_count_000049_q01,ood_count_000049,images/ood_count/ood_count_000049.png,Which object is both right of the yellow rectangle and above the green triangle?,yellow triangle,multi_hop,4,ood_count,count,"{'anchors': ['obj_6', 'obj_5'], 'target': 'obj_3', 'relations': ['right of', 'above']}",red triangle,yellow triangle,red triangle,False,0.04243689087502389,ood_failure
ood_count_000049_q02,ood_count_000049,images/ood_count/ood_count_000049.png,"Which object is closer to the center of the image, the yellow circle or the red triangle?",red triangle,center_proximity,2,ood_count,count,"{'objects': ['obj_2', 'obj_1'], 'target': 'obj_1', 'relation': 'center_proximity'}",yellow circle,red triangle,yellow circle,False,0.04243689087502389,ood_failure
ood_count_000049_q03,ood_count_000049,images/ood_count/ood_count_000049.png,Which object is farthest from the yellow rectangle?,yellow circle,nearest_farthest,2,ood_count,count,"{'anchor': 'obj_6', 'target': 'obj_2', 'relation': 'farthest'}",red triangle,yellow circle,red triangle,False,0.04243689087502389,ood_failure
ood_count_000049_q04,ood_count_000049,images/ood_count/ood_count_000049.png,Which object is the leftmost in the image?,yellow circle,relative_ordering,2,ood_count,count,"{'target': 'obj_2', 'relation': 'leftmost'}",red triangle,yellow circle,red triangle,False,0.04243689087502389,ood_failure
ood_background_000000_q01,ood_background_000000,images/ood_background/ood_background_000000.png,Which object is both right of the red circle and left of the yellow rectangle?,red rectangle,multi_hop,4,ood_background,background,"{'anchors': ['obj_2', 'obj_3'], 'target': 'obj_1', 'relations': ['right of', 'left of']}",red square,red rectangle,red square,False,0.041036602625013074,ood_failure
ood_background_000000_q02,ood_background_000000,images/ood_background/ood_background_000000.png,Which object is between the green rectangle and the yellow rectangle?,red circle,between,3,ood_background,background,"{'objects': ['obj_4', 'obj_3'], 'target': 'obj_2', 'relation': 'between'}",red square,red circle,red square,False,0.041036602625013074,ood_failure
ood_background_000000_q03,ood_background_000000,images/ood_background/ood_background_000000.png,Which object is farthest from the red rectangle?,yellow rectangle,nearest_farthest,2,ood_background,background,"{'anchor': 'obj_1', 'target': 'obj_3', 'relation': 'farthest'}",yellow square,yellow rectangle,yellow square,False,0.041036602625013074,ood_failure
ood_background_000000_q04,ood_background_000000,images/ood_background/ood_background_000000.png,Do the green rectangle and the blue rectangle overlap? Answer yes or no.,yes,overlap,2,ood_background,background,"{'objects': ['obj_4', 'obj_5'], 'relation': 'overlap'}",yes,yes,yes,True,0.041036602625013074,
ood_background_000001_q01,ood_background_000001,images/ood_background/ood_background_000001.png,Which object is both right of the green circle and left of the blue triangle?,green rectangle,multi_hop,4,ood_background,background,"{'anchors': ['obj_4', 'obj_3'], 'target': 'obj_2', 'relations': ['right of', 'left of']}",green rectangle,green rectangle,green rectangle,True,0.041036602625013074,
ood_background_000001_q02,ood_background_000001,images/ood_background/ood_background_000001.png,Do the blue triangle and the green circle overlap? Answer yes or no.,no,overlap,2,ood_background,background,"{'objects': ['obj_3', 'obj_4'], 'relation': 'overlap'}",no,no,no,True,0.041036602625013074,
ood_background_000001_q03,ood_background_000001,images/ood_background/ood_background_000001.png,Which object is the rightmost in the image?,blue triangle,relative_ordering,2,ood_background,background,"{'target': 'obj_3', 'relation': 'rightmost'}",blue triangle,blue triangle,blue triangle,True,0.041036602625013074,
ood_background_000001_q04,ood_background_000001,images/ood_background/ood_background_000001.png,"Which object is closer to the center of the image, the green rectangle or the green circle?",green rectangle,center_proximity,2,ood_background,background,"{'objects': ['obj_2', 'obj_4'], 'target': 'obj_2', 'relation': 'center_proximity'}",green circle,green rectangle,green circle,False,0.041036602625013074,ood_failure
ood_background_000002_q01,ood_background_000002,images/ood_background/ood_background_000002.png,Which object is the topmost in the image?,yellow circle,relative_ordering,2,ood_background,background,"{'target': 'obj_3', 'relation': 'topmost'}",yellow circle,yellow circle,yellow circle,True,0.04075528300000997,
ood_background_000002_q02,ood_background_000002,images/ood_background/ood_background_000002.png,Is the yellow circle completely inside the green triangle? Answer yes or no.,no,inside_outside,2,ood_background,background,"{'objects': ['obj_3', 'obj_2'], 'relation': 'inside'}",no,no,no,True,0.04075528300000997,
ood_background_000002_q03,ood_background_000002,images/ood_background/ood_background_000002.png,Do the green triangle and the yellow circle overlap? Answer yes or no.,no,overlap,2,ood_background,background,"{'objects': ['obj_2', 'obj_3'], 'relation': 'overlap'}",no,no,no,True,0.04075528300000997,
ood_background_000002_q04,ood_background_000002,images/ood_background/ood_background_000002.png,"Which object is smaller, the green circle or the green triangle?",green triangle,relative_size,2,ood_background,background,"{'objects': ['obj_1', 'obj_2'], 'target': 'obj_2', 'relation': 'smaller'}",green triangle,green triangle,green triangle,True,0.04075528300000997,
ood_background_000003_q01,ood_background_000003,images/ood_background/ood_background_000003.png,Which object is the topmost in the image?,blue circle,relative_ordering,2,ood_background,background,"{'target': 'obj_2', 'relation': 'topmost'}",blue circle,blue circle,blue circle,True,0.04075528300000997,
ood_background_000003_q02,ood_background_000003,images/ood_background/ood_background_000003.png,Which object is nearest from the blue triangle?,blue circle,nearest_farthest,2,ood_background,background,"{'anchor': 'obj_4', 'target': 'obj_2', 'relation': 'nearest'}",red circle,blue circle,red circle,False,0.04075528300000997,ood_failure
ood_background_000003_q03,ood_background_000003,images/ood_background/ood_background_000003.png,Is the yellow circle completely inside the yellow triangle? Answer yes or no.,no,inside_outside,2,ood_background,background,"{'objects': ['obj_1', 'obj_3'], 'relation': 'inside'}",no,no,no,True,0.04075528300000997,
ood_background_000003_q04,ood_background_000003,images/ood_background/ood_background_000003.png,How many circle objects are in the image?,3,counting,1,ood_background,background,{'filter': {'shape': 'circle'}},2,3,2,False,0.04075528300000997,ood_failure
ood_background_000004_q01,ood_background_000004,images/ood_background/ood_background_000004.png,Which object is the rightmost in the image?,green triangle,relative_ordering,2,ood_background,background,"{'target': 'obj_1', 'relation': 'rightmost'}",green triangle,green triangle,green triangle,True,0.041392949874989426,
ood_background_000004_q02,ood_background_000004,images/ood_background/ood_background_000004.png,"Which object is closer to the center of the image, the green circle or the red rectangle?",green circle,center_proximity,2,ood_background,background,"{'objects': ['obj_5', 'obj_3'], 'target': 'obj_5', 'relation': 'center_proximity'}",red rectangle,green circle,red rectangle,False,0.041392949874989426,ood_failure
ood_background_000004_q03,ood_background_000004,images/ood_background/ood_background_000004.png,"Which object is smaller, the green circle or the red rectangle?",red rectangle,relative_size,2,ood_background,background,"{'objects': ['obj_5', 'obj_3'], 'target': 'obj_3', 'relation': 'smaller'}",red rectangle,red rectangle,red rectangle,True,0.041392949874989426,
ood_background_000004_q04,ood_background_000004,images/ood_background/ood_background_000004.png,Is the red rectangle completely inside the green circle? Answer yes or no.,no,inside_outside,2,ood_background,background,"{'objects': ['obj_3', 'obj_5'], 'relation': 'inside'}",no,no,no,True,0.041392949874989426,
ood_background_000005_q01,ood_background_000005,images/ood_background/ood_background_000005.png,Is the yellow rectangle completely inside the red circle? Answer yes or no.,no,inside_outside,2,ood_background,background,"{'objects': ['obj_1', 'obj_2'], 'relation': 'inside'}",no,no,no,True,0.041392949874989426,
ood_background_000005_q02,ood_background_000005,images/ood_background/ood_background_000005.png,Which object is immediately left of the red circle?,yellow rectangle,left_right,2,ood_background,background,"{'anchor': 'obj_2', 'target': 'obj_1', 'relation': 'left'}",yellow square,yellow rectangle,yellow square,False,0.041392949874989426,ood_failure
ood_background_000005_q03,ood_background_000005,images/ood_background/ood_background_000005.png,Do the green rectangle and the yellow circle overlap? Answer yes or no.,no,overlap,2,ood_background,background,"{'objects': ['obj_3', 'obj_4'], 'relation': 'overlap'}",no,no,no,True,0.041392949874989426,
ood_background_000005_q04,ood_background_000005,images/ood_background/ood_background_000005.png,Which object is the leftmost in the image?,yellow rectangle,relative_ordering,2,ood_background,background,"{'target': 'obj_1', 'relation': 'leftmost'}",yellow square,yellow rectangle,yellow square,False,0.041392949874989426,ood_failure
ood_background_000006_q01,ood_background_000006,images/ood_background/ood_background_000006.png,"Which object is larger, the green rectangle or the blue triangle?",green rectangle,relative_size,2,ood_background,background,"{'objects': ['obj_5', 'obj_1'], 'target': 'obj_5', 'relation': 'larger'}",green rectangle,green rectangle,green rectangle,True,0.04087168425002119,
ood_background_000006_q02,ood_background_000006,images/ood_background/ood_background_000006.png,Which object is farthest from the blue triangle?,green rectangle,nearest_farthest,2,ood_background,background,"{'anchor': 'obj_1', 'target': 'obj_5', 'relation': 'farthest'}",yellow square,green rectangle,yellow square,False,0.04087168425002119,ood_failure
ood_background_000006_q03,ood_background_000006,images/ood_background/ood_background_000006.png,Is the blue triangle completely inside the yellow circle? Answer yes or no.,no,inside_outside,2,ood_background,background,"{'objects': ['obj_1', 'obj_4'], 'relation': 'inside'}",no,no,no,True,0.04087168425002119,
ood_background_000006_q04,ood_background_000006,images/ood_background/ood_background_000006.png,How many rectangle objects are in the image?,3,counting,1,ood_background,background,{'filter': {'shape': 'rectangle'}},1,3,1,False,0.04087168425002119,ood_failure
ood_background_000007_q01,ood_background_000007,images/ood_background/ood_background_000007.png,"Which object is closer to the center of the image, the yellow triangle or the yellow circle?",yellow triangle,center_proximity,2,ood_background,background,"{'objects': ['obj_3', 'obj_4'], 'target': 'obj_3', 'relation': 'center_proximity'}",yellow circle,yellow triangle,yellow circle,False,0.04087168425002119,ood_failure
ood_background_000007_q02,ood_background_000007,images/ood_background/ood_background_000007.png,Which object is both above the blue circle and left of the green rectangle?,yellow circle,multi_hop,4,ood_background,background,"{'anchors': ['obj_2', 'obj_1'], 'target': 'obj_4', 'relations': ['above', 'left of']}",yellow circle,yellow circle,yellow circle,True,0.04087168425002119,
ood_background_000007_q03,ood_background_000007,images/ood_background/ood_background_000007.png,Which object is the rightmost in the image?,yellow triangle,relative_ordering,2,ood_background,background,"{'target': 'obj_3', 'relation': 'rightmost'}",triangle,yellow triangle,triangle,False,0.04087168425002119,ood_failure
ood_background_000007_q04,ood_background_000007,images/ood_background/ood_background_000007.png,"Which object is larger, the yellow circle or the green rectangle?",green rectangle,relative_size,2,ood_background,background,"{'objects': ['obj_4', 'obj_1'], 'target': 'obj_1', 'relation': 'larger'}",green rectangle,green rectangle,green rectangle,True,0.04087168425002119,
ood_background_000008_q01,ood_background_000008,images/ood_background/ood_background_000008.png,Do the yellow triangle and the yellow rectangle overlap? Answer yes or no.,no,overlap,2,ood_background,background,"{'objects': ['obj_2', 'obj_3'], 'relation': 'overlap'}",no,no,no,True,0.04094009349995531,
ood_background_000008_q02,ood_background_000008,images/ood_background/ood_background_000008.png,Is the yellow triangle completely inside the yellow circle? Answer yes or no.,no,inside_outside,2,ood_background,background,"{'objects': ['obj_2', 'obj_4'], 'relation': 'inside'}",no,no,no,True,0.04094009349995531,
ood_background_000008_q03,ood_background_000008,images/ood_background/ood_background_000008.png,Which object is immediately left of the yellow circle?,green rectangle,left_right,2,ood_background,background,"{'anchor': 'obj_4', 'target': 'obj_1', 'relation': 'left'}",green square,green rectangle,green square,False,0.04094009349995531,ood_failure
ood_background_000008_q04,ood_background_000008,images/ood_background/ood_background_000008.png,"Which object is larger, the green rectangle or the yellow triangle?",yellow triangle,relative_size,2,ood_background,background,"{'objects': ['obj_1', 'obj_2'], 'target': 'obj_2', 'relation': 'larger'}",yellow triangle,yellow triangle,yellow triangle,True,0.04094009349995531,
ood_background_000009_q01,ood_background_000009,images/ood_background/ood_background_000009.png,"Which object is smaller, the green rectangle or the red circle?",green rectangle,relative_size,2,ood_background,background,"{'objects': ['obj_3', 'obj_2'], 'target': 'obj_3', 'relation': 'smaller'}",green rectangle,green rectangle,green rectangle,True,0.04094009349995531,
ood_background_000009_q02,ood_background_000009,images/ood_background/ood_background_000009.png,How many objects are left of the red circle?,3,counting,2,ood_background,background,"{'anchor': 'obj_2', 'relation': 'left'}",3,3,3,True,0.04094009349995531,
ood_background_000009_q03,ood_background_000009,images/ood_background/ood_background_000009.png,Which object is both left of the blue rectangle and right of the green rectangle?,red circle,multi_hop,4,ood_background,background,"{'anchors': ['obj_1', 'obj_3'], 'target': 'obj_2', 'relations': ['left of', 'right of']}",red circle,red circle,red circle,True,0.04094009349995531,
ood_background_000009_q04,ood_background_000009,images/ood_background/ood_background_000009.png,Which object is immediately right of the blue circle?,yellow circle,left_right,2,ood_background,background,"{'anchor': 'obj_4', 'target': 'obj_5', 'relation': 'right'}",red circle,yellow circle,red circle,False,0.04094009349995531,ood_failure
ood_background_000010_q01,ood_background_000010,images/ood_background/ood_background_000010.png,Which object is both right of the yellow circle and left of the red circle?,yellow rectangle,multi_hop,4,ood_background,background,"{'anchors': ['obj_1', 'obj_2'], 'target': 'obj_3', 'relations': ['right of', 'left of']}",yellow square,yellow rectangle,yellow square,False,0.04113798324999607,ood_failure
ood_background_000010_q02,ood_background_000010,images/ood_background/ood_background_000010.png,Do the yellow circle and the yellow rectangle overlap? Answer yes or no.,no,overlap,2,ood_background,background,"{'objects': ['obj_1', 'obj_3'], 'relation': 'overlap'}",no,no,no,True,0.04113798324999607,
ood_background_000010_q03,ood_background_000010,images/ood_background/ood_background_000010.png,Which object is the bottommost in the image?,yellow rectangle,relative_ordering,2,ood_background,background,"{'target': 'obj_3', 'relation': 'bottommost'}",yellow square,yellow rectangle,yellow square,False,0.04113798324999607,ood_failure
ood_background_000010_q04,ood_background_000010,images/ood_background/ood_background_000010.png,Which object is immediately right of the yellow rectangle?,red circle,left_right,2,ood_background,background,"{'anchor': 'obj_3', 'target': 'obj_2', 'relation': 'right'}",red circle,red circle,red circle,True,0.04113798324999607,
ood_background_000011_q01,ood_background_000011,images/ood_background/ood_background_000011.png,Which object is the topmost in the image?,yellow triangle,relative_ordering,2,ood_background,background,"{'target': 'obj_2', 'relation': 'topmost'}",yellow triangle,yellow triangle,yellow triangle,True,0.04113798324999607,
ood_background_000011_q02,ood_background_000011,images/ood_background/ood_background_000011.png,Is the yellow rectangle completely inside the red rectangle? Answer yes or no.,no,inside_outside,2,ood_background,background,"{'objects': ['obj_5', 'obj_3'], 'relation': 'inside'}",no,no,no,True,0.04113798324999607,
ood_background_000011_q03,ood_background_000011,images/ood_background/ood_background_000011.png,Do the red triangle and the yellow rectangle overlap? Answer yes or no.,yes,overlap,2,ood_background,background,"{'objects': ['obj_4', 'obj_5'], 'relation': 'overlap'}",yes,yes,yes,True,0.04113798324999607,
ood_background_000011_q04,ood_background_000011,images/ood_background/ood_background_000011.png,"Which object is smaller, the blue rectangle or the red rectangle?",red rectangle,relative_size,2,ood_background,background,"{'objects': ['obj_1', 'obj_3'], 'target': 'obj_3', 'relation': 'smaller'}",blue rectangle,red rectangle,blue rectangle,False,0.04113798324999607,ood_failure
ood_background_000012_q01,ood_background_000012,images/ood_background/ood_background_000012.png,Which object is the topmost in the image?,green circle,relative_ordering,2,ood_background,background,"{'target': 'obj_2', 'relation': 'topmost'}",green circle,green circle,green circle,True,0.04101003275002313,
ood_background_000012_q02,ood_background_000012,images/ood_background/ood_background_000012.png,Which object is nearest from the blue circle?,yellow triangle,nearest_farthest,2,ood_background,background,"{'anchor': 'obj_4', 'target': 'obj_3', 'relation': 'nearest'}",blue circle,yellow triangle,blue circle,False,0.04101003275002313,ood_failure
ood_background_000012_q03,ood_background_000012,images/ood_background/ood_background_000012.png,Is the yellow circle completely inside the yellow triangle? Answer yes or no.,no,inside_outside,2,ood_background,background,"{'objects': ['obj_1', 'obj_3'], 'relation': 'inside'}",no,no,no,True,0.04101003275002313,
ood_background_000012_q04,ood_background_000012,images/ood_background/ood_background_000012.png,How many objects are above the green circle?,0,counting,2,ood_background,background,"{'anchor': 'obj_2', 'relation': 'above'}",3,0,3,False,0.04101003275002313,ood_failure
ood_background_000013_q01,ood_background_000013,images/ood_background/ood_background_000013.png,Which object is the rightmost in the image?,green circle,relative_ordering,2,ood_background,background,"{'target': 'obj_4', 'relation': 'rightmost'}",green circle,green circle,green circle,True,0.04101003275002313,
ood_background_000013_q02,ood_background_000013,images/ood_background/ood_background_000013.png,"Which object is closer to the center of the image, the yellow rectangle or the red triangle?",red triangle,center_proximity,2,ood_background,background,"{'objects': ['obj_5', 'obj_3'], 'target': 'obj_3', 'relation': 'center_proximity'}",red triangle,red triangle,red triangle,True,0.04101003275002313,
ood_background_000013_q03,ood_background_000013,images/ood_background/ood_background_000013.png,"Which object is smaller, the yellow rectangle or the red triangle?",yellow rectangle,relative_size,2,ood_background,background,"{'objects': ['obj_5', 'obj_3'], 'target': 'obj_5', 'relation': 'smaller'}",red triangle,yellow rectangle,red triangle,False,0.04101003275002313,ood_failure
ood_background_000013_q04,ood_background_000013,images/ood_background/ood_background_000013.png,Which object is immediately below the red triangle?,red circle,above_below,2,ood_background,background,"{'anchor': 'obj_3', 'target': 'obj_2', 'relation': 'below'}",red circle,red circle,red circle,True,0.04101003275002313,
ood_background_000014_q01,ood_background_000014,images/ood_background/ood_background_000014.png,Is the yellow circle completely inside the blue triangle? Answer yes or no.,no,inside_outside,2,ood_background,background,"{'objects': ['obj_1', 'obj_2'], 'relation': 'inside'}",no,no,no,True,0.04147760449995985,
ood_background_000014_q02,ood_background_000014,images/ood_background/ood_background_000014.png,Do the red rectangle and the red circle overlap? Answer yes or no.,no,overlap,2,ood_background,background,"{'objects': ['obj_3', 'obj_4'], 'relation': 'overlap'}",no,no,no,True,0.04147760449995985,
ood_background_000014_q03,ood_background_000014,images/ood_background/ood_background_000014.png,Which object is the leftmost in the image?,blue triangle,relative_ordering,2,ood_background,background,"{'target': 'obj_2', 'relation': 'leftmost'}",blue triangle,blue triangle,blue triangle,True,0.04147760449995985,
ood_background_000014_q04,ood_background_000014,images/ood_background/ood_background_000014.png,Which object is between the blue triangle and the red rectangle?,yellow circle,between,3,ood_background,background,"{'objects': ['obj_2', 'obj_3'], 'target': 'obj_1', 'relation': 'between'}",yellow circle,yellow circle,yellow circle,True,0.04147760449995985,
ood_background_000015_q01,ood_background_000015,images/ood_background/ood_background_000015.png,"Which object is larger, the red rectangle or the yellow circle?",red rectangle,relative_size,2,ood_background,background,"{'objects': ['obj_1', 'obj_4'], 'target': 'obj_1', 'relation': 'larger'}",red rectangle,red rectangle,red rectangle,True,0.04147760449995985,
ood_background_000015_q02,ood_background_000015,images/ood_background/ood_background_000015.png,Which object is nearest from the yellow circle?,blue triangle,nearest_farthest,2,ood_background,background,"{'anchor': 'obj_4', 'target': 'obj_2', 'relation': 'nearest'}",blue triangle,blue triangle,blue triangle,True,0.04147760449995985,
ood_background_000015_q03,ood_background_000015,images/ood_background/ood_background_000015.png,Is the yellow circle completely inside the red rectangle? Answer yes or no.,no,inside_outside,2,ood_background,background,"{'objects': ['obj_4', 'obj_1'], 'relation': 'inside'}",no,no,no,True,0.04147760449995985,
ood_background_000015_q04,ood_background_000015,images/ood_background/ood_background_000015.png,How many objects are left of the red rectangle?,0,counting,2,ood_background,background,"{'anchor': 'obj_1', 'relation': 'left'}",1,0,1,False,0.04147760449995985,ood_failure
ood_background_000016_q01,ood_background_000016,images/ood_background/ood_background_000016.png,"Which object is closer to the center of the image, the blue rectangle or the red circle?",red circle,center_proximity,2,ood_background,background,"{'objects': ['obj_3', 'obj_4'], 'target': 'obj_4', 'relation': 'center_proximity'}",blue rectangle,red circle,blue rectangle,False,0.04091696274997503,ood_failure
ood_background_000016_q02,ood_background_000016,images/ood_background/ood_background_000016.png,Which object is both above the red circle and right of the blue rectangle?,yellow circle,multi_hop,4,ood_background,background,"{'anchors': ['obj_4', 'obj_3'], 'target': 'obj_1', 'relations': ['above', 'right of']}",yellow circle,yellow circle,yellow circle,True,0.04091696274997503,
ood_background_000016_q03,ood_background_000016,images/ood_background/ood_background_000016.png,Which object is the topmost in the image?,yellow circle,relative_ordering,2,ood_background,background,"{'target': 'obj_1', 'relation': 'topmost'}",red circle,yellow circle,red circle,False,0.04091696274997503,ood_failure
ood_background_000016_q04,ood_background_000016,images/ood_background/ood_background_000016.png,"Which object is larger, the blue rectangle or the red circle?",blue rectangle,relative_size,2,ood_background,background,"{'objects': ['obj_3', 'obj_4'], 'target': 'obj_3', 'relation': 'larger'}",blue rectangle,blue rectangle,blue rectangle,True,0.04091696274997503,
ood_background_000017_q01,ood_background_000017,images/ood_background/ood_background_000017.png,Do the yellow circle and the blue rectangle overlap? Answer yes or no.,no,overlap,2,ood_background,background,"{'objects': ['obj_2', 'obj_3'], 'relation': 'overlap'}",no,no,no,True,0.04091696274997503,
ood_background_000017_q02,ood_background_000017,images/ood_background/ood_background_000017.png,Is the yellow circle completely inside the blue triangle? Answer yes or no.,no,inside_outside,2,ood_background,background,"{'objects': ['obj_2', 'obj_4'], 'relation': 'inside'}",no,no,no,True,0.04091696274997503,
ood_background_000017_q03,ood_background_000017,images/ood_background/ood_background_000017.png,Which object is immediately left of the blue triangle?,blue circle,left_right,2,ood_background,background,"{'anchor': 'obj_4', 'target': 'obj_1', 'relation': 'left'}",yellow circle,blue circle,yellow circle,False,0.04091696274997503,ood_failure
ood_background_000017_q04,ood_background_000017,images/ood_background/ood_background_000017.png,"Which object is larger, the blue circle or the yellow circle?",yellow circle,relative_size,2,ood_background,background,"{'objects': ['obj_1', 'obj_2'], 'target': 'obj_2', 'relation': 'larger'}",yellow circle,yellow circle,yellow circle,True,0.04091696274997503,
ood_background_000018_q01,ood_background_000018,images/ood_background/ood_background_000018.png,"Which object is smaller, the yellow rectangle or the green triangle?",green triangle,relative_size,2,ood_background,background,"{'objects': ['obj_3', 'obj_2'], 'target': 'obj_2', 'relation': 'smaller'}",green triangle,green triangle,green triangle,True,0.04103207162495437,
ood_background_000018_q02,ood_background_000018,images/ood_background/ood_background_000018.png,How many objects are left of the green triangle?,4,counting,2,ood_background,background,"{'anchor': 'obj_2', 'relation': 'left'}",3,4,3,False,0.04103207162495437,ood_failure
ood_background_000018_q03,ood_background_000018,images/ood_background/ood_background_000018.png,Which object is both above the blue triangle and left of the green rectangle?,yellow rectangle,multi_hop,4,ood_background,background,"{'anchors': ['obj_4', 'obj_5'], 'target': 'obj_3', 'relations': ['above', 'left of']}",yellow square,yellow rectangle,yellow square,False,0.04103207162495437,ood_failure
ood_background_000018_q04,ood_background_000018,images/ood_background/ood_background_000018.png,Which object is immediately left of the green triangle?,blue triangle,left_right,2,ood_background,background,"{'anchor': 'obj_2', 'target': 'obj_4', 'relation': 'left'}",square,blue triangle,square,False,0.04103207162495437,ood_failure
ood_background_000019_q01,ood_background_000019,images/ood_background/ood_background_000019.png,Is the green circle completely inside the yellow rectangle? Answer yes or no.,no,inside_outside,2,ood_background,background,"{'objects': ['obj_2', 'obj_4'], 'relation': 'inside'}",no,no,no,True,0.04103207162495437,
ood_background_000019_q02,ood_background_000019,images/ood_background/ood_background_000019.png,How many triangle objects are in the image?,2,counting,1,ood_background,background,{'filter': {'shape': 'triangle'}},2,2,2,True,0.04103207162495437,
ood_background_000019_q03,ood_background_000019,images/ood_background/ood_background_000019.png,Which object is both right of the green circle and left of the blue triangle?,yellow rectangle,multi_hop,4,ood_background,background,"{'anchors': ['obj_2', 'obj_3'], 'target': 'obj_4', 'relations': ['right of', 'left of']}",yellow square,yellow rectangle,yellow square,False,0.04103207162495437,ood_failure
ood_background_000019_q04,ood_background_000019,images/ood_background/ood_background_000019.png,"Which object is larger, the yellow rectangle or the green circle?",yellow rectangle,relative_size,2,ood_background,background,"{'objects': ['obj_4', 'obj_2'], 'target': 'obj_4', 'relation': 'larger'}",yellow rectangle,yellow rectangle,yellow rectangle,True,0.04103207162495437,
ood_background_000020_q01,ood_background_000020,images/ood_background/ood_background_000020.png,Which object is the topmost in the image?,green triangle,relative_ordering,2,ood_background,background,"{'target': 'obj_1', 'relation': 'topmost'}",triangle,green triangle,triangle,False,0.04073339624994787,ood_failure
ood_background_000020_q02,ood_background_000020,images/ood_background/ood_background_000020.png,Is the yellow triangle completely inside the red circle? Answer yes or no.,no,inside_outside,2,ood_background,background,"{'objects': ['obj_5', 'obj_3'], 'relation': 'inside'}",no,no,no,True,0.04073339624994787,
ood_background_000020_q03,ood_background_000020,images/ood_background/ood_background_000020.png,Do the blue rectangle and the yellow triangle overlap? Answer yes or no.,no,overlap,2,ood_background,background,"{'objects': ['obj_4', 'obj_5'], 'relation': 'overlap'}",no,no,no,True,0.04073339624994787,
ood_background_000020_q04,ood_background_000020,images/ood_background/ood_background_000020.png,Which object is between the green triangle and the yellow triangle?,blue circle,between,3,ood_background,background,"{'objects': ['obj_1', 'obj_5'], 'target': 'obj_2', 'relation': 'between'}",blue circle,blue circle,blue circle,True,0.04073339624994787,
ood_background_000021_q01,ood_background_000021,images/ood_background/ood_background_000021.png,Which object is the topmost in the image?,yellow circle,relative_ordering,2,ood_background,background,"{'target': 'obj_1', 'relation': 'topmost'}",yellow circle,yellow circle,yellow circle,True,0.04073339624994787,
ood_background_000021_q02,ood_background_000021,images/ood_background/ood_background_000021.png,Which object is nearest from the yellow triangle?,yellow circle,nearest_farthest,2,ood_background,background,"{'anchor': 'obj_2', 'target': 'obj_1', 'relation': 'nearest'}",red square,yellow circle,red square,False,0.04073339624994787,ood_failure
ood_background_000021_q03,ood_background_000021,images/ood_background/ood_background_000021.png,Is the red rectangle completely inside the yellow circle? Answer yes or no.,no,inside_outside,2,ood_background,background,"{'objects': ['obj_3', 'obj_1'], 'relation': 'inside'}",no,no,no,True,0.04073339624994787,
ood_background_000021_q04,ood_background_000021,images/ood_background/ood_background_000021.png,How many objects are above the yellow circle?,0,counting,2,ood_background,background,"{'anchor': 'obj_1', 'relation': 'above'}",2,0,2,False,0.04073339624994787,ood_failure
ood_background_000022_q01,ood_background_000022,images/ood_background/ood_background_000022.png,Which object is the rightmost in the image?,yellow rectangle,relative_ordering,2,ood_background,background,"{'target': 'obj_4', 'relation': 'rightmost'}",yellow square,yellow rectangle,yellow square,False,0.04010964862499122,ood_failure
ood_background_000022_q02,ood_background_000022,images/ood_background/ood_background_000022.png,"Which object is closer to the center of the image, the green circle or the yellow rectangle?",green circle,center_proximity,2,ood_background,background,"{'objects': ['obj_3', 'obj_4'], 'target': 'obj_3', 'relation': 'center_proximity'}",green circle,green circle,green circle,True,0.04010964862499122,
ood_background_000022_q03,ood_background_000022,images/ood_background/ood_background_000022.png,"Which object is smaller, the green circle or the green rectangle?",green rectangle,relative_size,2,ood_background,background,"{'objects': ['obj_3', 'obj_2'], 'target': 'obj_2', 'relation': 'smaller'}",green rectangle,green rectangle,green rectangle,True,0.04010964862499122,
ood_background_000022_q04,ood_background_000022,images/ood_background/ood_background_000022.png,Which object is immediately below the green circle?,yellow rectangle,above_below,2,ood_background,background,"{'anchor': 'obj_3', 'target': 'obj_4', 'relation': 'below'}",yellow circle,yellow rectangle,yellow circle,False,0.04010964862499122,ood_failure
ood_background_000023_q01,ood_background_000023,images/ood_background/ood_background_000023.png,Is the red rectangle completely inside the blue rectangle? Answer yes or no.,no,inside_outside,2,ood_background,background,"{'objects': ['obj_1', 'obj_2'], 'relation': 'inside'}",no,no,no,True,0.04010964862499122,
ood_background_000023_q02,ood_background_000023,images/ood_background/ood_background_000023.png,Which object is immediately left of the blue rectangle?,blue triangle,left_right,2,ood_background,background,"{'anchor': 'obj_2', 'target': 'obj_4', 'relation': 'left'}",red square,blue triangle,red square,False,0.04010964862499122,ood_failure
ood_background_000023_q03,ood_background_000023,images/ood_background/ood_background_000023.png,Do the yellow circle and the blue triangle overlap? Answer yes or no.,no,overlap,2,ood_background,background,"{'objects': ['obj_3', 'obj_4'], 'relation': 'overlap'}",no,no,no,True,0.04010964862499122,
ood_background_000023_q04,ood_background_000023,images/ood_background/ood_background_000023.png,Which object is the leftmost in the image?,red rectangle,relative_ordering,2,ood_background,background,"{'target': 'obj_1', 'relation': 'leftmost'}",red square,red rectangle,red square,False,0.04010964862499122,ood_failure
ood_background_000024_q01,ood_background_000024,images/ood_background/ood_background_000024.png,"Which object is larger, the blue rectangle or the green triangle?",blue rectangle,relative_size,2,ood_background,background,"{'objects': ['obj_3', 'obj_1'], 'target': 'obj_3', 'relation': 'larger'}",blue rectangle,blue rectangle,blue rectangle,True,0.040852355875017565,
ood_background_000024_q02,ood_background_000024,images/ood_background/ood_background_000024.png,Which object is farthest from the green triangle?,yellow circle,nearest_farthest,2,ood_background,background,"{'anchor': 'obj_1', 'target': 'obj_2', 'relation': 'farthest'}",blue square,yellow circle,blue square,False,0.040852355875017565,ood_failure
ood_background_000024_q03,ood_background_000024,images/ood_background/ood_background_000024.png,Is the green triangle completely inside the yellow circle? Answer yes or no.,no,inside_outside,2,ood_background,background,"{'objects': ['obj_1', 'obj_2'], 'relation': 'inside'}",no,no,no,True,0.040852355875017565,
ood_background_000024_q04,ood_background_000024,images/ood_background/ood_background_000024.png,How many rectangle objects are in the image?,1,counting,1,ood_background,background,{'filter': {'shape': 'rectangle'}},1,1,1,True,0.040852355875017565,
ood_background_000025_q01,ood_background_000025,images/ood_background/ood_background_000025.png,"Which object is closer to the center of the image, the green rectangle or the blue rectangle?",blue rectangle,center_proximity,2,ood_background,background,"{'objects': ['obj_3', 'obj_2'], 'target': 'obj_2', 'relation': 'center_proximity'}",blue rectangle,blue rectangle,blue rectangle,True,0.040852355875017565,
ood_background_000025_q02,ood_background_000025,images/ood_background/ood_background_000025.png,Which object is both below the green rectangle and left of the blue rectangle?,red triangle,multi_hop,4,ood_background,background,"{'anchors': ['obj_3', 'obj_2'], 'target': 'obj_4', 'relations': ['below', 'left of']}",red triangle,red triangle,red triangle,True,0.040852355875017565,
ood_background_000025_q03,ood_background_000025,images/ood_background/ood_background_000025.png,Which object is immediately below the blue rectangle?,yellow rectangle,above_below,2,ood_background,background,"{'anchor': 'obj_2', 'target': 'obj_5', 'relation': 'below'}",yellow rectangle,yellow rectangle,yellow rectangle,True,0.040852355875017565,
ood_background_000025_q04,ood_background_000025,images/ood_background/ood_background_000025.png,Which object is the leftmost in the image?,red triangle,relative_ordering,2,ood_background,background,"{'target': 'obj_4', 'relation': 'leftmost'}",red triangle,red triangle,red triangle,True,0.040852355875017565,
ood_background_000026_q01,ood_background_000026,images/ood_background/ood_background_000026.png,Do the blue rectangle and the green rectangle overlap? Answer yes or no.,no,overlap,2,ood_background,background,"{'objects': ['obj_2', 'obj_3'], 'relation': 'overlap'}",no,no,no,True,0.0407140873749654,
ood_background_000026_q02,ood_background_000026,images/ood_background/ood_background_000026.png,Is the blue rectangle completely inside the blue circle? Answer yes or no.,no,inside_outside,2,ood_background,background,"{'objects': ['obj_2', 'obj_4'], 'relation': 'inside'}",no,no,no,True,0.0407140873749654,
ood_background_000026_q03,ood_background_000026,images/ood_background/ood_background_000026.png,Which object is immediately left of the blue circle?,blue triangle,left_right,2,ood_background,background,"{'anchor': 'obj_4', 'target': 'obj_1', 'relation': 'left'}",triangle,blue triangle,triangle,False,0.0407140873749654,ood_failure
ood_background_000026_q04,ood_background_000026,images/ood_background/ood_background_000026.png,"Which object is larger, the blue triangle or the blue rectangle?",blue triangle,relative_size,2,ood_background,background,"{'objects': ['obj_1', 'obj_2'], 'target': 'obj_1', 'relation': 'larger'}",blue rectangle,blue triangle,blue rectangle,False,0.0407140873749654,ood_failure
ood_background_000027_q01,ood_background_000027,images/ood_background/ood_background_000027.png,"Which object is smaller, the green triangle or the blue circle?",blue circle,relative_size,2,ood_background,background,"{'objects': ['obj_2', 'obj_1'], 'target': 'obj_1', 'relation': 'smaller'}",blue circle,blue circle,blue circle,True,0.0407140873749654,
ood_background_000027_q02,ood_background_000027,images/ood_background/ood_background_000027.png,How many objects are left of the blue rectangle?,0,counting,2,ood_background,background,"{'anchor': 'obj_3', 'relation': 'left'}",1,0,1,False,0.0407140873749654,ood_failure
ood_background_000027_q03,ood_background_000027,images/ood_background/ood_background_000027.png,Which object is both below the blue rectangle and left of the green triangle?,blue circle,multi_hop,4,ood_background,background,"{'anchors': ['obj_3', 'obj_2'], 'target': 'obj_1', 'relations': ['below', 'left of']}",blue rectangle,blue circle,blue rectangle,False,0.0407140873749654,ood_failure
ood_background_000027_q04,ood_background_000027,images/ood_background/ood_background_000027.png,Do the blue rectangle and the blue circle overlap? Answer yes or no.,yes,overlap,2,ood_background,background,"{'objects': ['obj_3', 'obj_1'], 'relation': 'overlap'}",no,yes,no,False,0.0407140873749654,ood_failure
ood_background_000028_q01,ood_background_000028,images/ood_background/ood_background_000028.png,Is the green circle completely inside the yellow rectangle? Answer yes or no.,no,inside_outside,2,ood_background,background,"{'objects': ['obj_2', 'obj_4'], 'relation': 'inside'}",no,no,no,True,0.04200107725000635,
ood_background_000028_q02,ood_background_000028,images/ood_background/ood_background_000028.png,How many triangle objects are in the image?,1,counting,1,ood_background,background,{'filter': {'shape': 'triangle'}},1,1,1,True,0.04200107725000635,
ood_background_000028_q03,ood_background_000028,images/ood_background/ood_background_000028.png,Which object is both below the yellow rectangle and above the red triangle?,green circle,multi_hop,4,ood_background,background,"{'anchors': ['obj_4', 'obj_1'], 'target': 'obj_2', 'relations': ['below', 'above']}",green circle,green circle,green circle,True,0.04200107725000635,
ood_background_000028_q04,ood_background_000028,images/ood_background/ood_background_000028.png,"Which object is smaller, the yellow rectangle or the green circle?",yellow rectangle,relative_size,2,ood_background,background,"{'objects': ['obj_4', 'obj_2'], 'target': 'obj_4', 'relation': 'smaller'}",yellow rectangle,yellow rectangle,yellow rectangle,True,0.04200107725000635,
ood_background_000029_q01,ood_background_000029,images/ood_background/ood_background_000029.png,Do the green circle and the green rectangle overlap? Answer yes or no.,no,overlap,2,ood_background,background,"{'objects': ['obj_1', 'obj_2'], 'relation': 'overlap'}",no,no,no,True,0.04200107725000635,
ood_background_000029_q02,ood_background_000029,images/ood_background/ood_background_000029.png,How many objects are above the green circle?,0,counting,2,ood_background,background,"{'anchor': 'obj_1', 'relation': 'above'}",2,0,2,False,0.04200107725000635,ood_failure
ood_background_000029_q03,ood_background_000029,images/ood_background/ood_background_000029.png,Which object is the bottommost in the image?,blue circle,relative_ordering,2,ood_background,background,"{'target': 'obj_5', 'relation': 'bottommost'}",blue circle,blue circle,blue circle,True,0.04200107725000635,
ood_background_000029_q04,ood_background_000029,images/ood_background/ood_background_000029.png,"Which object is closer to the center of the image, the blue circle or the red rectangle?",blue circle,center_proximity,2,ood_background,background,"{'objects': ['obj_5', 'obj_3'], 'target': 'obj_5', 'relation': 'center_proximity'}",blue circle,blue circle,blue circle,True,0.04200107725000635,
ood_background_000030_q01,ood_background_000030,images/ood_background/ood_background_000030.png,Which object is the topmost in the image?,yellow triangle,relative_ordering,2,ood_background,background,"{'target': 'obj_1', 'relation': 'topmost'}",triangle,yellow triangle,triangle,False,0.04154157749997012,ood_failure
ood_background_000030_q02,ood_background_000030,images/ood_background/ood_background_000030.png,Which object is nearest from the blue rectangle?,yellow triangle,nearest_farthest,2,ood_background,background,"{'anchor': 'obj_2', 'target': 'obj_1', 'relation': 'nearest'}",blue rectangle,yellow triangle,blue rectangle,False,0.04154157749997012,ood_failure
ood_background_000030_q03,ood_background_000030,images/ood_background/ood_background_000030.png,Is the yellow rectangle completely inside the yellow triangle? Answer yes or no.,no,inside_outside,2,ood_background,background,"{'objects': ['obj_3', 'obj_1'], 'relation': 'inside'}",no,no,no,True,0.04154157749997012,
ood_background_000030_q04,ood_background_000030,images/ood_background/ood_background_000030.png,How many objects are above the yellow triangle?,0,counting,2,ood_background,background,"{'anchor': 'obj_1', 'relation': 'above'}",2,0,2,False,0.04154157749997012,ood_failure
ood_background_000031_q01,ood_background_000031,images/ood_background/ood_background_000031.png,Which object is the rightmost in the image?,green triangle,relative_ordering,2,ood_background,background,"{'target': 'obj_3', 'relation': 'rightmost'}",green triangle,green triangle,green triangle,True,0.04154157749997012,
ood_background_000031_q02,ood_background_000031,images/ood_background/ood_background_000031.png,"Which object is closer to the center of the image, the red rectangle or the green triangle?",red rectangle,center_proximity,2,ood_background,background,"{'objects': ['obj_5', 'obj_3'], 'target': 'obj_5', 'relation': 'center_proximity'}",red rectangle,red rectangle,red rectangle,True,0.04154157749997012,
ood_background_000031_q03,ood_background_000031,images/ood_background/ood_background_000031.png,"Which object is smaller, the red rectangle or the green triangle?",green triangle,relative_size,2,ood_background,background,"{'objects': ['obj_5', 'obj_3'], 'target': 'obj_3', 'relation': 'smaller'}",red rectangle,green triangle,red rectangle,False,0.04154157749997012,ood_failure
ood_background_000031_q04,ood_background_000031,images/ood_background/ood_background_000031.png,Which object is immediately below the green triangle?,blue rectangle,above_below,2,ood_background,background,"{'anchor': 'obj_3', 'target': 'obj_4', 'relation': 'below'}",blue square,blue rectangle,blue square,False,0.04154157749997012,ood_failure
ood_background_000032_q01,ood_background_000032,images/ood_background/ood_background_000032.png,Is the red triangle completely inside the yellow triangle? Answer yes or no.,no,inside_outside,2,ood_background,background,"{'objects': ['obj_3', 'obj_1'], 'relation': 'inside'}",no,no,no,True,0.04088285650004764,
ood_background_000032_q02,ood_background_000032,images/ood_background/ood_background_000032.png,Do the yellow triangle and the yellow circle overlap? Answer yes or no.,no,overlap,2,ood_background,background,"{'objects': ['obj_1', 'obj_2'], 'relation': 'overlap'}",no,no,no,True,0.04088285650004764,
ood_background_000032_q03,ood_background_000032,images/ood_background/ood_background_000032.png,Which object is the leftmost in the image?,yellow circle,relative_ordering,2,ood_background,background,"{'target': 'obj_2', 'relation': 'leftmost'}",yellow circle,yellow circle,yellow circle,True,0.04088285650004764,
ood_background_000032_q04,ood_background_000032,images/ood_background/ood_background_000032.png,Which object is nearest from the red triangle?,yellow triangle,nearest_farthest,2,ood_background,background,"{'anchor': 'obj_3', 'target': 'obj_1', 'relation': 'nearest'}",yellow circle,yellow triangle,yellow circle,False,0.04088285650004764,ood_failure
ood_background_000033_q01,ood_background_000033,images/ood_background/ood_background_000033.png,"Which object is larger, the blue rectangle or the yellow triangle?",blue rectangle,relative_size,2,ood_background,background,"{'objects': ['obj_1', 'obj_4'], 'target': 'obj_1', 'relation': 'larger'}",blue rectangle,blue rectangle,blue rectangle,True,0.04088285650004764,
ood_background_000033_q02,ood_background_000033,images/ood_background/ood_background_000033.png,Which object is nearest from the yellow triangle?,blue rectangle,nearest_farthest,2,ood_background,background,"{'anchor': 'obj_4', 'target': 'obj_1', 'relation': 'nearest'}",blue square,blue rectangle,blue square,False,0.04088285650004764,ood_failure
ood_background_000033_q03,ood_background_000033,images/ood_background/ood_background_000033.png,Is the yellow triangle completely inside the blue rectangle? Answer yes or no.,no,inside_outside,2,ood_background,background,"{'objects': ['obj_4', 'obj_1'], 'relation': 'inside'}",no,no,no,True,0.04088285650004764,
ood_background_000033_q04,ood_background_000033,images/ood_background/ood_background_000033.png,How many objects are left of the blue rectangle?,1,counting,2,ood_background,background,"{'anchor': 'obj_1', 'relation': 'left'}",1,1,1,True,0.04088285650004764,
ood_background_000034_q01,ood_background_000034,images/ood_background/ood_background_000034.png,"Which object is closer to the center of the image, the green rectangle or the yellow circle?",yellow circle,center_proximity,2,ood_background,background,"{'objects': ['obj_3', 'obj_2'], 'target': 'obj_2', 'relation': 'center_proximity'}",green rectangle,yellow circle,green rectangle,False,0.04130854375000581,ood_failure
ood_background_000034_q02,ood_background_000034,images/ood_background/ood_background_000034.png,Which object is both right of the green triangle and left of the yellow circle?,red circle,multi_hop,4,ood_background,background,"{'anchors': ['obj_4', 'obj_2'], 'target': 'obj_5', 'relations': ['right of', 'left of']}",red triangle,red circle,red triangle,False,0.04130854375000581,ood_failure
ood_background_000034_q03,ood_background_000034,images/ood_background/ood_background_000034.png,Which object is the leftmost in the image?,red triangle,relative_ordering,2,ood_background,background,"{'target': 'obj_1', 'relation': 'leftmost'}",red triangle,red triangle,red triangle,True,0.04130854375000581,
ood_background_000034_q04,ood_background_000034,images/ood_background/ood_background_000034.png,"Which object is smaller, the red triangle or the green rectangle?",green rectangle,relative_size,2,ood_background,background,"{'objects': ['obj_1', 'obj_3'], 'target': 'obj_3', 'relation': 'smaller'}",green rectangle,green rectangle,green rectangle,True,0.04130854375000581,
ood_background_000035_q01,ood_background_000035,images/ood_background/ood_background_000035.png,Do the yellow triangle and the red triangle overlap? Answer yes or no.,no,overlap,2,ood_background,background,"{'objects': ['obj_1', 'obj_3'], 'relation': 'overlap'}",no,no,no,True,0.04130854375000581,
ood_background_000035_q02,ood_background_000035,images/ood_background/ood_background_000035.png,Is the blue triangle completely inside the red triangle? Answer yes or no.,no,inside_outside,2,ood_background,background,"{'objects': ['obj_2', 'obj_3'], 'relation': 'inside'}",no,no,no,True,0.04130854375000581,
ood_background_000035_q03,ood_background_000035,images/ood_background/ood_background_000035.png,Which object is immediately left of the yellow triangle?,blue triangle,left_right,2,ood_background,background,"{'anchor': 'obj_1', 'target': 'obj_2', 'relation': 'left'}",blue triangle,blue triangle,blue triangle,True,0.04130854375000581,
ood_background_000035_q04,ood_background_000035,images/ood_background/ood_background_000035.png,"Which object is smaller, the blue triangle or the yellow triangle?",yellow triangle,relative_size,2,ood_background,background,"{'objects': ['obj_2', 'obj_1'], 'target': 'obj_1', 'relation': 'smaller'}",blue triangle,yellow triangle,blue triangle,False,0.04130854375000581,ood_failure
ood_background_000036_q01,ood_background_000036,images/ood_background/ood_background_000036.png,"Which object is smaller, the red triangle or the blue rectangle?",red triangle,relative_size,2,ood_background,background,"{'objects': ['obj_3', 'obj_2'], 'target': 'obj_3', 'relation': 'smaller'}",red triangle,red triangle,red triangle,True,0.041926964375022635,
ood_background_000036_q02,ood_background_000036,images/ood_background/ood_background_000036.png,How many objects are left of the blue rectangle?,3,counting,2,ood_background,background,"{'anchor': 'obj_2', 'relation': 'left'}",3,3,3,True,0.041926964375022635,
ood_background_000036_q03,ood_background_000036,images/ood_background/ood_background_000036.png,Which object is both left of the red triangle and above the yellow circle?,blue circle,multi_hop,4,ood_background,background,"{'anchors': ['obj_3', 'obj_5'], 'target': 'obj_1', 'relations': ['left of', 'above']}",blue square,blue circle,blue square,False,0.041926964375022635,ood_failure
ood_background_000036_q04,ood_background_000036,images/ood_background/ood_background_000036.png,Do the blue rectangle and the blue circle overlap? Answer yes or no.,no,overlap,2,ood_background,background,"{'objects': ['obj_2', 'obj_1'], 'relation': 'overlap'}",no,no,no,True,0.041926964375022635,
ood_background_000037_q01,ood_background_000037,images/ood_background/ood_background_000037.png,Is the red circle completely inside the yellow circle? Answer yes or no.,no,inside_outside,2,ood_background,background,"{'objects': ['obj_3', 'obj_1'], 'relation': 'inside'}",no,no,no,True,0.041926964375022635,
ood_background_000037_q02,ood_background_000037,images/ood_background/ood_background_000037.png,How many objects are above the yellow circle?,2,counting,2,ood_background,background,"{'anchor': 'obj_1', 'relation': 'above'}",2,2,2,True,0.041926964375022635,
ood_background_000037_q03,ood_background_000037,images/ood_background/ood_background_000037.png,Which object is both below the yellow rectangle and right of the red circle?,yellow circle,multi_hop,4,ood_background,background,"{'anchors': ['obj_2', 'obj_3'], 'target': 'obj_1', 'relations': ['below', 'right of']}",yellow circle,yellow circle,yellow circle,True,0.041926964375022635,
ood_background_000037_q04,ood_background_000037,images/ood_background/ood_background_000037.png,"Which object is larger, the yellow rectangle or the yellow circle?",yellow rectangle,relative_size,2,ood_background,background,"{'objects': ['obj_2', 'obj_1'], 'target': 'obj_2', 'relation': 'larger'}",yellow rectangle,yellow rectangle,yellow rectangle,True,0.041926964375022635,
ood_background_000038_q01,ood_background_000038,images/ood_background/ood_background_000038.png,Do the blue circle and the green circle overlap? Answer yes or no.,no,overlap,2,ood_background,background,"{'objects': ['obj_1', 'obj_4'], 'relation': 'overlap'}",no,no,no,True,0.04045747987498771,
ood_background_000038_q02,ood_background_000038,images/ood_background/ood_background_000038.png,How many objects are above the blue circle?,3,counting,2,ood_background,background,"{'anchor': 'obj_1', 'relation': 'above'}",3,3,3,True,0.04045747987498771,
ood_background_000038_q03,ood_background_000038,images/ood_background/ood_background_000038.png,Which object is the bottommost in the image?,blue circle,relative_ordering,2,ood_background,background,"{'target': 'obj_1', 'relation': 'bottommost'}",blue circle,blue circle,blue circle,True,0.04045747987498771,
ood_background_000038_q04,ood_background_000038,images/ood_background/ood_background_000038.png,"Which object is closer to the center of the image, the green triangle or the green circle?",green triangle,center_proximity,2,ood_background,background,"{'objects': ['obj_3', 'obj_4'], 'target': 'obj_3', 'relation': 'center_proximity'}",green circle,green triangle,green circle,False,0.04045747987498771,ood_failure
ood_background_000039_q01,ood_background_000039,images/ood_background/ood_background_000039.png,Is the yellow rectangle completely inside the red rectangle? Answer yes or no.,no,inside_outside,2,ood_background,background,"{'objects': ['obj_3', 'obj_4'], 'relation': 'inside'}",no,no,no,True,0.04045747987498771,
ood_background_000039_q02,ood_background_000039,images/ood_background/ood_background_000039.png,"Which object is closer to the center of the image, the blue triangle or the red rectangle?",blue triangle,center_proximity,2,ood_background,background,"{'objects': ['obj_2', 'obj_4'], 'target': 'obj_2', 'relation': 'center_proximity'}",blue triangle,blue triangle,blue triangle,True,0.04045747987498771,
ood_background_000039_q03,ood_background_000039,images/ood_background/ood_background_000039.png,Which object is immediately right of the yellow rectangle?,red rectangle,left_right,2,ood_background,background,"{'anchor': 'obj_3', 'target': 'obj_4', 'relation': 'right'}",red square,red rectangle,red square,False,0.04045747987498771,ood_failure
ood_background_000039_q04,ood_background_000039,images/ood_background/ood_background_000039.png,Which object is both above the blue triangle and left of the yellow rectangle?,green circle,multi_hop,4,ood_background,background,"{'anchors': ['obj_2', 'obj_3'], 'target': 'obj_1', 'relations': ['above', 'left of']}",red square,green circle,red square,False,0.04045747987498771,ood_failure
ood_background_000040_q01,ood_background_000040,images/ood_background/ood_background_000040.png,Which object is the rightmost in the image?,blue rectangle,relative_ordering,2,ood_background,background,"{'target': 'obj_1', 'relation': 'rightmost'}",yellow circle,blue rectangle,yellow circle,False,0.04174400524999555,ood_failure
ood_background_000040_q02,ood_background_000040,images/ood_background/ood_background_000040.png,"Which object is closer to the center of the image, the yellow circle or the red triangle?",red triangle,center_proximity,2,ood_background,background,"{'objects': ['obj_3', 'obj_2'], 'target': 'obj_2', 'relation': 'center_proximity'}",yellow circle,red triangle,yellow circle,False,0.04174400524999555,ood_failure
ood_background_000040_q03,ood_background_000040,images/ood_background/ood_background_000040.png,"Which object is smaller, the yellow circle or the red triangle?",red triangle,relative_size,2,ood_background,background,"{'objects': ['obj_3', 'obj_2'], 'target': 'obj_2', 'relation': 'smaller'}",red triangle,red triangle,red triangle,True,0.04174400524999555,
ood_background_000040_q04,ood_background_000040,images/ood_background/ood_background_000040.png,Which object is immediately below the red triangle?,yellow circle,above_below,2,ood_background,background,"{'anchor': 'obj_2', 'target': 'obj_3', 'relation': 'below'}",yellow circle,yellow circle,yellow circle,True,0.04174400524999555,
ood_background_000041_q01,ood_background_000041,images/ood_background/ood_background_000041.png,Is the yellow circle completely inside the yellow triangle? Answer yes or no.,no,inside_outside,2,ood_background,background,"{'objects': ['obj_1', 'obj_2'], 'relation': 'inside'}",no,no,no,True,0.04174400524999555,
ood_background_000041_q02,ood_background_000041,images/ood_background/ood_background_000041.png,Which object is immediately left of the yellow triangle?,green circle,left_right,2,ood_background,background,"{'anchor': 'obj_2', 'target': 'obj_3', 'relation': 'left'}",green circle,green circle,green circle,True,0.04174400524999555,
ood_background_000041_q03,ood_background_000041,images/ood_background/ood_background_000041.png,Do the green circle and the blue rectangle overlap? Answer yes or no.,no,overlap,2,ood_background,background,"{'objects': ['obj_3', 'obj_4'], 'relation': 'overlap'}",no,no,no,True,0.04174400524999555,
ood_background_000041_q04,ood_background_000041,images/ood_background/ood_background_000041.png,Which object is the leftmost in the image?,green circle,relative_ordering,2,ood_background,background,"{'target': 'obj_3', 'relation': 'leftmost'}",green circle,green circle,green circle,True,0.04174400524999555,
ood_background_000042_q01,ood_background_000042,images/ood_background/ood_background_000042.png,"Which object is larger, the red circle or the green circle?",green circle,relative_size,2,ood_background,background,"{'objects': ['obj_1', 'obj_4'], 'target': 'obj_4', 'relation': 'larger'}",red circle,green circle,red circle,False,0.04099915750003902,ood_failure
ood_background_000042_q02,ood_background_000042,images/ood_background/ood_background_000042.png,Which object is nearest from the green circle?,red circle,nearest_farthest,2,ood_background,background,"{'anchor': 'obj_4', 'target': 'obj_1', 'relation': 'nearest'}",red circle,red circle,red circle,True,0.04099915750003902,
ood_background_000042_q03,ood_background_000042,images/ood_background/ood_background_000042.png,Is the green circle completely inside the red circle? Answer yes or no.,no,inside_outside,2,ood_background,background,"{'objects': ['obj_4', 'obj_1'], 'relation': 'inside'}",no,no,no,True,0.04099915750003902,
ood_background_000042_q04,ood_background_000042,images/ood_background/ood_background_000042.png,How many objects are left of the red circle?,3,counting,2,ood_background,background,"{'anchor': 'obj_1', 'relation': 'left'}",2,3,2,False,0.04099915750003902,ood_failure
ood_background_000043_q01,ood_background_000043,images/ood_background/ood_background_000043.png,"Which object is closer to the center of the image, the blue circle or the red circle?",blue circle,center_proximity,2,ood_background,background,"{'objects': ['obj_3', 'obj_4'], 'target': 'obj_3', 'relation': 'center_proximity'}",blue circle,blue circle,blue circle,True,0.04099915750003902,
ood_background_000043_q02,ood_background_000043,images/ood_background/ood_background_000043.png,Which object is both right of the yellow rectangle and below the blue circle?,red circle,multi_hop,4,ood_background,background,"{'anchors': ['obj_1', 'obj_3'], 'target': 'obj_4', 'relations': ['right of', 'below']}",red circle,red circle,red circle,True,0.04099915750003902,
ood_background_000043_q03,ood_background_000043,images/ood_background/ood_background_000043.png,Which object is immediately above the green rectangle?,yellow rectangle,above_below,2,ood_background,background,"{'anchor': 'obj_2', 'target': 'obj_1', 'relation': 'above'}",yellow rectangle,yellow rectangle,yellow rectangle,True,0.04099915750003902,
ood_background_000043_q04,ood_background_000043,images/ood_background/ood_background_000043.png,Which object is the leftmost in the image?,yellow rectangle,relative_ordering,2,ood_background,background,"{'target': 'obj_1', 'relation': 'leftmost'}",yellow rectangle,yellow rectangle,yellow rectangle,True,0.04099915750003902,
ood_background_000044_q01,ood_background_000044,images/ood_background/ood_background_000044.png,Do the yellow rectangle and the red rectangle overlap? Answer yes or no.,no,overlap,2,ood_background,background,"{'objects': ['obj_1', 'obj_3'], 'relation': 'overlap'}",no,no,no,True,0.041243906374972994,
ood_background_000044_q02,ood_background_000044,images/ood_background/ood_background_000044.png,Is the green rectangle completely inside the red rectangle? Answer yes or no.,no,inside_outside,2,ood_background,background,"{'objects': ['obj_2', 'obj_3'], 'relation': 'inside'}",no,no,no,True,0.041243906374972994,
ood_background_000044_q03,ood_background_000044,images/ood_background/ood_background_000044.png,Which object is immediately left of the yellow rectangle?,red rectangle,left_right,2,ood_background,background,"{'anchor': 'obj_1', 'target': 'obj_3', 'relation': 'left'}",red rectangle,red rectangle,red rectangle,True,0.041243906374972994,
ood_background_000044_q04,ood_background_000044,images/ood_background/ood_background_000044.png,"Which object is smaller, the green rectangle or the yellow rectangle?",yellow rectangle,relative_size,2,ood_background,background,"{'objects': ['obj_2', 'obj_1'], 'target': 'obj_1', 'relation': 'smaller'}",yellow rectangle,yellow rectangle,yellow rectangle,True,0.041243906374972994,
ood_background_000045_q01,ood_background_000045,images/ood_background/ood_background_000045.png,"Which object is larger, the yellow triangle or the red circle?",yellow triangle,relative_size,2,ood_background,background,"{'objects': ['obj_3', 'obj_4'], 'target': 'obj_3', 'relation': 'larger'}",yellow triangle,yellow triangle,yellow triangle,True,0.041243906374972994,
ood_background_000045_q02,ood_background_000045,images/ood_background/ood_background_000045.png,How many objects are left of the red circle?,0,counting,2,ood_background,background,"{'anchor': 'obj_4', 'relation': 'left'}",2,0,2,False,0.041243906374972994,ood_failure
ood_background_000045_q03,ood_background_000045,images/ood_background/ood_background_000045.png,Which object is both right of the red circle and above the yellow triangle?,blue circle,multi_hop,4,ood_background,background,"{'anchors': ['obj_4', 'obj_3'], 'target': 'obj_2', 'relations': ['right of', 'above']}",blue circle,blue circle,blue circle,True,0.041243906374972994,
ood_background_000045_q04,ood_background_000045,images/ood_background/ood_background_000045.png,Which object is immediately right of the red circle?,blue circle,left_right,2,ood_background,background,"{'anchor': 'obj_4', 'target': 'obj_2', 'relation': 'right'}",yellow circle,blue circle,yellow circle,False,0.041243906374972994,ood_failure
ood_background_000046_q01,ood_background_000046,images/ood_background/ood_background_000046.png,Is the blue rectangle completely inside the green circle? Answer yes or no.,no,inside_outside,2,ood_background,background,"{'objects': ['obj_2', 'obj_4'], 'relation': 'inside'}",no,no,no,True,0.040981048749983984,
ood_background_000046_q02,ood_background_000046,images/ood_background/ood_background_000046.png,How many circle objects are in the image?,2,counting,1,ood_background,background,{'filter': {'shape': 'circle'}},3,2,3,False,0.040981048749983984,ood_failure
ood_background_000046_q03,ood_background_000046,images/ood_background/ood_background_000046.png,Which object is both above the yellow circle and left of the red rectangle?,green circle,multi_hop,4,ood_background,background,"{'anchors': ['obj_3', 'obj_1'], 'target': 'obj_4', 'relations': ['above', 'left of']}",blue rectangle,green circle,blue rectangle,False,0.040981048749983984,ood_failure
ood_background_000046_q04,ood_background_000046,images/ood_background/ood_background_000046.png,"Which object is larger, the blue rectangle or the red rectangle?",blue rectangle,relative_size,2,ood_background,background,"{'objects': ['obj_2', 'obj_1'], 'target': 'obj_2', 'relation': 'larger'}",blue rectangle,blue rectangle,blue rectangle,True,0.040981048749983984,
ood_background_000047_q01,ood_background_000047,images/ood_background/ood_background_000047.png,Do the blue circle and the green circle overlap? Answer yes or no.,yes,overlap,2,ood_background,background,"{'objects': ['obj_1', 'obj_3'], 'relation': 'overlap'}",yes,yes,yes,True,0.040981048749983984,
ood_background_000047_q02,ood_background_000047,images/ood_background/ood_background_000047.png,How many objects are above the blue circle?,1,counting,2,ood_background,background,"{'anchor': 'obj_1', 'relation': 'above'}",2,1,2,False,0.040981048749983984,ood_failure
ood_background_000047_q03,ood_background_000047,images/ood_background/ood_background_000047.png,Which object is the bottommost in the image?,green circle,relative_ordering,2,ood_background,background,"{'target': 'obj_3', 'relation': 'bottommost'}",green circle,green circle,green circle,True,0.040981048749983984,
ood_background_000047_q04,ood_background_000047,images/ood_background/ood_background_000047.png,Which object is immediately left of the green circle?,blue circle,left_right,2,ood_background,background,"{'anchor': 'obj_3', 'target': 'obj_1', 'relation': 'left'}",blue circle,blue circle,blue circle,True,0.040981048749983984,
ood_background_000048_q01,ood_background_000048,images/ood_background/ood_background_000048.png,Is the yellow rectangle completely inside the red rectangle? Answer yes or no.,no,inside_outside,2,ood_background,background,"{'objects': ['obj_3', 'obj_2'], 'relation': 'inside'}",no,no,no,True,0.04108615799998461,
ood_background_000048_q02,ood_background_000048,images/ood_background/ood_background_000048.png,"Which object is closer to the center of the image, the yellow rectangle or the green rectangle?",green rectangle,center_proximity,2,ood_background,background,"{'objects': ['obj_3', 'obj_1'], 'target': 'obj_1', 'relation': 'center_proximity'}",green rectangle,green rectangle,green rectangle,True,0.04108615799998461,
ood_background_000048_q03,ood_background_000048,images/ood_background/ood_background_000048.png,Which object is both above the red rectangle and left of the green rectangle?,yellow rectangle,multi_hop,4,ood_background,background,"{'anchors': ['obj_2', 'obj_1'], 'target': 'obj_3', 'relations': ['above', 'left of']}",yellow rectangle,yellow rectangle,yellow rectangle,True,0.04108615799998461,
ood_background_000048_q04,ood_background_000048,images/ood_background/ood_background_000048.png,"Which object is larger, the green rectangle or the red rectangle?",red rectangle,relative_size,2,ood_background,background,"{'objects': ['obj_1', 'obj_2'], 'target': 'obj_2', 'relation': 'larger'}",red rectangle,red rectangle,red rectangle,True,0.04108615799998461,
ood_background_000049_q01,ood_background_000049,images/ood_background/ood_background_000049.png,Which object is the rightmost in the image?,yellow triangle,relative_ordering,2,ood_background,background,"{'target': 'obj_2', 'relation': 'rightmost'}",yellow triangle,yellow triangle,yellow triangle,True,0.04108615799998461,
ood_background_000049_q02,ood_background_000049,images/ood_background/ood_background_000049.png,Is the red rectangle completely inside the blue circle? Answer yes or no.,no,inside_outside,2,ood_background,background,"{'objects': ['obj_1', 'obj_4'], 'relation': 'inside'}",no,no,no,True,0.04108615799998461,
ood_background_000049_q03,ood_background_000049,images/ood_background/ood_background_000049.png,Which object is farthest from the yellow triangle?,blue circle,nearest_farthest,2,ood_background,background,"{'anchor': 'obj_2', 'target': 'obj_4', 'relation': 'farthest'}",red square,blue circle,red square,False,0.04108615799998461,ood_failure
ood_background_000049_q04,ood_background_000049,images/ood_background/ood_background_000049.png,Which object is between the blue circle and the yellow triangle?,red circle,between,3,ood_background,background,"{'objects': ['obj_4', 'obj_2'], 'target': 'obj_3', 'relation': 'between'}",red circle,red circle,red circle,True,0.04108615799998461,
ood_occlusion_000000_q01,ood_occlusion_000000,images/ood_occlusion/ood_occlusion_000000.png,Which object is immediately right of the yellow circle?,green triangle,left_right,2,ood_occlusion,occlusion,"{'anchor': 'obj_3', 'target': 'obj_2', 'relation': 'right'}",green triangle,green triangle,green triangle,True,0.041000735625004836,
ood_occlusion_000000_q02,ood_occlusion_000000,images/ood_occlusion/ood_occlusion_000000.png,Which object is the rightmost in the image?,green triangle,relative_ordering,2,ood_occlusion,occlusion,"{'target': 'obj_2', 'relation': 'rightmost'}",green triangle,green triangle,green triangle,True,0.041000735625004836,
ood_occlusion_000000_q03,ood_occlusion_000000,images/ood_occlusion/ood_occlusion_000000.png,Which object is both left of the green triangle and right of the red circle?,yellow circle,multi_hop,4,ood_occlusion,occlusion,"{'anchors': ['obj_2', 'obj_1'], 'target': 'obj_3', 'relations': ['left of', 'right of']}",yellow circle,yellow circle,yellow circle,True,0.041000735625004836,
ood_occlusion_000000_q04,ood_occlusion_000000,images/ood_occlusion/ood_occlusion_000000.png,Which object is immediately below the red circle?,green triangle,above_below,2,ood_occlusion,occlusion,"{'anchor': 'obj_1', 'target': 'obj_2', 'relation': 'below'}",green triangle,green triangle,green triangle,True,0.041000735625004836,
ood_occlusion_000001_q01,ood_occlusion_000001,images/ood_occlusion/ood_occlusion_000001.png,Which object is between the green triangle and the red rectangle?,blue triangle,between,3,ood_occlusion,occlusion,"{'objects': ['obj_4', 'obj_3'], 'target': 'obj_1', 'relation': 'between'}",green circle,blue triangle,green circle,False,0.041000735625004836,ood_failure
ood_occlusion_000001_q02,ood_occlusion_000001,images/ood_occlusion/ood_occlusion_000001.png,Which object is both left of the blue triangle and right of the red rectangle?,green circle,multi_hop,4,ood_occlusion,occlusion,"{'anchors': ['obj_1', 'obj_3'], 'target': 'obj_2', 'relations': ['left of', 'right of']}",green circle,green circle,green circle,True,0.041000735625004836,
ood_occlusion_000001_q03,ood_occlusion_000001,images/ood_occlusion/ood_occlusion_000001.png,"Which object is larger, the red rectangle or the green circle?",green circle,relative_size,2,ood_occlusion,occlusion,"{'objects': ['obj_3', 'obj_2'], 'target': 'obj_2', 'relation': 'larger'}",red rectangle,green circle,red rectangle,False,0.041000735625004836,ood_failure
ood_occlusion_000001_q04,ood_occlusion_000001,images/ood_occlusion/ood_occlusion_000001.png,How many objects are above the blue triangle?,1,counting,2,ood_occlusion,occlusion,"{'anchor': 'obj_1', 'relation': 'above'}",2,1,2,False,0.041000735625004836,ood_failure
ood_occlusion_000002_q01,ood_occlusion_000002,images/ood_occlusion/ood_occlusion_000002.png,Which object is the leftmost in the image?,blue triangle,relative_ordering,2,ood_occlusion,occlusion,"{'target': 'obj_3', 'relation': 'leftmost'}",blue triangle,blue triangle,blue triangle,True,0.04098520550002149,
ood_occlusion_000002_q02,ood_occlusion_000002,images/ood_occlusion/ood_occlusion_000002.png,Which object is immediately left of the yellow circle?,yellow rectangle,left_right,2,ood_occlusion,occlusion,"{'anchor': 'obj_2', 'target': 'obj_1', 'relation': 'left'}",blue triangle,yellow rectangle,blue triangle,False,0.04098520550002149,ood_failure
ood_occlusion_000002_q03,ood_occlusion_000002,images/ood_occlusion/ood_occlusion_000002.png,Which object is immediately above the yellow rectangle?,yellow circle,above_below,2,ood_occlusion,occlusion,"{'anchor': 'obj_1', 'target': 'obj_2', 'relation': 'above'}",blue triangle,yellow circle,blue triangle,False,0.04098520550002149,ood_failure
ood_occlusion_000002_q04,ood_occlusion_000002,images/ood_occlusion/ood_occlusion_000002.png,How many objects are above the blue triangle?,1,counting,2,ood_occlusion,occlusion,"{'anchor': 'obj_3', 'relation': 'above'}",2,1,2,False,0.04098520550002149,ood_failure
ood_occlusion_000003_q01,ood_occlusion_000003,images/ood_occlusion/ood_occlusion_000003.png,Which object is both left of the yellow circle and below the yellow triangle?,blue rectangle,multi_hop,4,ood_occlusion,occlusion,"{'anchors': ['obj_5', 'obj_2'], 'target': 'obj_3', 'relations': ['left of', 'below']}",green rectangle,blue rectangle,green rectangle,False,0.04098520550002149,ood_failure
ood_occlusion_000003_q02,ood_occlusion_000003,images/ood_occlusion/ood_occlusion_000003.png,How many objects are above the blue rectangle?,2,counting,2,ood_occlusion,occlusion,"{'anchor': 'obj_3', 'relation': 'above'}",2,2,2,True,0.04098520550002149,
ood_occlusion_000003_q03,ood_occlusion_000003,images/ood_occlusion/ood_occlusion_000003.png,"Which object is smaller, the green triangle or the yellow triangle?",yellow triangle,relative_size,2,ood_occlusion,occlusion,"{'objects': ['obj_1', 'obj_2'], 'target': 'obj_2', 'relation': 'smaller'}",yellow triangle,yellow triangle,yellow triangle,True,0.04098520550002149,
ood_occlusion_000003_q04,ood_occlusion_000003,images/ood_occlusion/ood_occlusion_000003.png,Is the yellow triangle completely inside the yellow circle? Answer yes or no.,no,inside_outside,2,ood_occlusion,occlusion,"{'objects': ['obj_2', 'obj_5'], 'relation': 'inside'}",no,no,no,True,0.04098520550002149,
ood_occlusion_000004_q01,ood_occlusion_000004,images/ood_occlusion/ood_occlusion_000004.png,How many objects are above the red triangle?,0,counting,2,ood_occlusion,occlusion,"{'anchor': 'obj_1', 'relation': 'above'}",2,0,2,False,0.04037099150002632,ood_failure
ood_occlusion_000004_q02,ood_occlusion_000004,images/ood_occlusion/ood_occlusion_000004.png,Which object is the bottommost in the image?,green circle,relative_ordering,2,ood_occlusion,occlusion,"{'target': 'obj_3', 'relation': 'bottommost'}",green circle,green circle,green circle,True,0.04037099150002632,
ood_occlusion_000004_q03,ood_occlusion_000004,images/ood_occlusion/ood_occlusion_000004.png,Which object is farthest from the yellow circle?,green circle,nearest_farthest,2,ood_occlusion,occlusion,"{'anchor': 'obj_4', 'target': 'obj_3', 'relation': 'farthest'}",green circle,green circle,green circle,True,0.04037099150002632,
ood_occlusion_000004_q04,ood_occlusion_000004,images/ood_occlusion/ood_occlusion_000004.png,"Which object is smaller, the yellow circle or the red triangle?",yellow circle,relative_size,2,ood_occlusion,occlusion,"{'objects': ['obj_4', 'obj_1'], 'target': 'obj_4', 'relation': 'smaller'}",yellow circle,yellow circle,yellow circle,True,0.04037099150002632,
ood_occlusion_000005_q01,ood_occlusion_000005,images/ood_occlusion/ood_occlusion_000005.png,Which object is both right of the red rectangle and below the blue rectangle?,yellow triangle,multi_hop,4,ood_occlusion,occlusion,"{'anchors': ['obj_3', 'obj_1'], 'target': 'obj_2', 'relations': ['right of', 'below']}",red triangle,yellow triangle,red triangle,False,0.04037099150002632,ood_failure
ood_occlusion_000005_q02,ood_occlusion_000005,images/ood_occlusion/ood_occlusion_000005.png,Which object is immediately below the yellow triangle?,red rectangle,above_below,2,ood_occlusion,occlusion,"{'anchor': 'obj_2', 'target': 'obj_3', 'relation': 'below'}",red rectangle,red rectangle,red rectangle,True,0.04037099150002632,
ood_occlusion_000005_q03,ood_occlusion_000005,images/ood_occlusion/ood_occlusion_000005.png,Which object is between the red triangle and the blue rectangle?,blue circle,between,3,ood_occlusion,occlusion,"{'objects': ['obj_4', 'obj_1'], 'target': 'obj_5', 'relation': 'between'}",yellow triangle,blue circle,yellow triangle,False,0.04037099150002632,ood_failure
ood_occlusion_000005_q04,ood_occlusion_000005,images/ood_occlusion/ood_occlusion_000005.png,"Which object is larger, the blue circle or the red rectangle?",blue circle,relative_size,2,ood_occlusion,occlusion,"{'objects': ['obj_5', 'obj_3'], 'target': 'obj_5', 'relation': 'larger'}",blue circle,blue circle,blue circle,True,0.04037099150002632,
ood_occlusion_000006_q01,ood_occlusion_000006,images/ood_occlusion/ood_occlusion_000006.png,Which object is between the green triangle and the yellow rectangle?,blue circle,between,3,ood_occlusion,occlusion,"{'objects': ['obj_2', 'obj_3'], 'target': 'obj_1', 'relation': 'between'}",blue circle,blue circle,blue circle,True,0.03995743125000217,
ood_occlusion_000006_q02,ood_occlusion_000006,images/ood_occlusion/ood_occlusion_000006.png,Which object is the bottommost in the image?,yellow rectangle,relative_ordering,2,ood_occlusion,occlusion,"{'target': 'obj_3', 'relation': 'bottommost'}",yellow square,yellow rectangle,yellow square,False,0.03995743125000217,ood_failure
ood_occlusion_000006_q03,ood_occlusion_000006,images/ood_occlusion/ood_occlusion_000006.png,Which object is both below the green triangle and left of the blue circle?,yellow rectangle,multi_hop,4,ood_occlusion,occlusion,"{'anchors': ['obj_2', 'obj_1'], 'target': 'obj_3', 'relations': ['below', 'left of']}",yellow square,yellow rectangle,yellow square,False,0.03995743125000217,ood_failure
ood_occlusion_000006_q04,ood_occlusion_000006,images/ood_occlusion/ood_occlusion_000006.png,Which object is immediately left of the green triangle?,blue circle,left_right,2,ood_occlusion,occlusion,"{'anchor': 'obj_2', 'target': 'obj_1', 'relation': 'left'}",yellow square,blue circle,yellow square,False,0.03995743125000217,ood_failure
ood_occlusion_000007_q01,ood_occlusion_000007,images/ood_occlusion/ood_occlusion_000007.png,Do the blue circle and the green rectangle overlap? Answer yes or no.,no,overlap,2,ood_occlusion,occlusion,"{'objects': ['obj_1', 'obj_2'], 'relation': 'overlap'}",no,no,no,True,0.03995743125000217,
ood_occlusion_000007_q02,ood_occlusion_000007,images/ood_occlusion/ood_occlusion_000007.png,Which object is both left of the green rectangle and above the blue circle?,red rectangle,multi_hop,4,ood_occlusion,occlusion,"{'anchors': ['obj_2', 'obj_1'], 'target': 'obj_3', 'relations': ['left of', 'above']}",red rectangle,red rectangle,red rectangle,True,0.03995743125000217,
ood_occlusion_000007_q03,ood_occlusion_000007,images/ood_occlusion/ood_occlusion_000007.png,Which object is immediately above the green rectangle?,blue circle,above_below,2,ood_occlusion,occlusion,"{'anchor': 'obj_2', 'target': 'obj_1', 'relation': 'above'}",red rectangle,blue circle,red rectangle,False,0.03995743125000217,ood_failure
ood_occlusion_000007_q04,ood_occlusion_000007,images/ood_occlusion/ood_occlusion_000007.png,"Which object is smaller, the blue circle or the red rectangle?",blue circle,relative_size,2,ood_occlusion,occlusion,"{'objects': ['obj_1', 'obj_3'], 'target': 'obj_1', 'relation': 'smaller'}",red rectangle,blue circle,red rectangle,False,0.03995743125000217,ood_failure
ood_occlusion_000008_q01,ood_occlusion_000008,images/ood_occlusion/ood_occlusion_000008.png,Do the red circle and the green triangle overlap? Answer yes or no.,no,overlap,2,ood_occlusion,occlusion,"{'objects': ['obj_1', 'obj_3'], 'relation': 'overlap'}",no,no,no,True,0.04049524449999353,
ood_occlusion_000008_q02,ood_occlusion_000008,images/ood_occlusion/ood_occlusion_000008.png,"Which object is closer to the center of the image, the red rectangle or the blue rectangle?",blue rectangle,center_proximity,2,ood_occlusion,occlusion,"{'objects': ['obj_2', 'obj_4'], 'target': 'obj_4', 'relation': 'center_proximity'}",red rectangle,blue rectangle,red rectangle,False,0.04049524449999353,ood_failure
ood_occlusion_000008_q03,ood_occlusion_000008,images/ood_occlusion/ood_occlusion_000008.png,Which object is between the red rectangle and the red circle?,blue rectangle,between,3,ood_occlusion,occlusion,"{'objects': ['obj_2', 'obj_1'], 'target': 'obj_4', 'relation': 'between'}",blue rectangle,blue rectangle,blue rectangle,True,0.04049524449999353,
ood_occlusion_000008_q04,ood_occlusion_000008,images/ood_occlusion/ood_occlusion_000008.png,Which object is nearest from the red circle?,blue rectangle,nearest_farthest,2,ood_occlusion,occlusion,"{'anchor': 'obj_1', 'target': 'obj_4', 'relation': 'nearest'}",blue rectangle,blue rectangle,blue rectangle,True,0.04049524449999353,
ood_occlusion_000009_q01,ood_occlusion_000009,images/ood_occlusion/ood_occlusion_000009.png,Which object is immediately right of the blue triangle?,blue circle,left_right,2,ood_occlusion,occlusion,"{'anchor': 'obj_4', 'target': 'obj_5', 'relation': 'right'}",blue rectangle,blue circle,blue rectangle,False,0.04049524449999353,ood_failure
ood_occlusion_000009_q02,ood_occlusion_000009,images/ood_occlusion/ood_occlusion_000009.png,Which object is both below the yellow circle and left of the blue rectangle?,blue triangle,multi_hop,4,ood_occlusion,occlusion,"{'anchors': ['obj_3', 'obj_1'], 'target': 'obj_4', 'relations': ['below', 'left of']}",triangle,blue triangle,triangle,False,0.04049524449999353,ood_failure
ood_occlusion_000009_q03,ood_occlusion_000009,images/ood_occlusion/ood_occlusion_000009.png,How many blue objects are in the image?,3,counting,1,ood_occlusion,occlusion,{'filter': {'color': 'blue'}},2,3,2,False,0.04049524449999353,ood_failure
ood_occlusion_000009_q04,ood_occlusion_000009,images/ood_occlusion/ood_occlusion_000009.png,Which object is the rightmost in the image?,blue rectangle,relative_ordering,2,ood_occlusion,occlusion,"{'target': 'obj_1', 'relation': 'rightmost'}",blue rectangle,blue rectangle,blue rectangle,True,0.04049524449999353,
ood_occlusion_000010_q01,ood_occlusion_000010,images/ood_occlusion/ood_occlusion_000010.png,Which object is between the red triangle and the blue triangle?,green circle,between,3,ood_occlusion,occlusion,"{'objects': ['obj_3', 'obj_1'], 'target': 'obj_4', 'relation': 'between'}",green circle,green circle,green circle,True,0.041069907874998535,
ood_occlusion_000010_q02,ood_occlusion_000010,images/ood_occlusion/ood_occlusion_000010.png,Which object is both above the blue triangle and below the red triangle?,green circle,multi_hop,4,ood_occlusion,occlusion,"{'anchors': ['obj_1', 'obj_3'], 'target': 'obj_4', 'relations': ['above', 'below']}",green circle,green circle,green circle,True,0.041069907874998535,
ood_occlusion_000010_q03,ood_occlusion_000010,images/ood_occlusion/ood_occlusion_000010.png,"Which object is larger, the red triangle or the blue triangle?",blue triangle,relative_size,2,ood_occlusion,occlusion,"{'objects': ['obj_3', 'obj_1'], 'target': 'obj_1', 'relation': 'larger'}",red triangle,blue triangle,red triangle,False,0.041069907874998535,ood_failure
ood_occlusion_000010_q04,ood_occlusion_000010,images/ood_occlusion/ood_occlusion_000010.png,How many objects are above the green circle?,2,counting,2,ood_occlusion,occlusion,"{'anchor': 'obj_4', 'relation': 'above'}",2,2,2,True,0.041069907874998535,
ood_occlusion_000011_q01,ood_occlusion_000011,images/ood_occlusion/ood_occlusion_000011.png,Which object is the leftmost in the image?,red rectangle,relative_ordering,2,ood_occlusion,occlusion,"{'target': 'obj_2', 'relation': 'leftmost'}",red square,red rectangle,red square,False,0.041069907874998535,ood_failure
ood_occlusion_000011_q02,ood_occlusion_000011,images/ood_occlusion/ood_occlusion_000011.png,Which object is immediately left of the red triangle?,green triangle,left_right,2,ood_occlusion,occlusion,"{'anchor': 'obj_4', 'target': 'obj_3', 'relation': 'left'}",red circle,green triangle,red circle,False,0.041069907874998535,ood_failure
ood_occlusion_000011_q03,ood_occlusion_000011,images/ood_occlusion/ood_occlusion_000011.png,Which object is immediately above the yellow rectangle?,green triangle,above_below,2,ood_occlusion,occlusion,"{'anchor': 'obj_1', 'target': 'obj_3', 'relation': 'above'}",red circle,green triangle,red circle,False,0.041069907874998535,ood_failure
ood_occlusion_000011_q04,ood_occlusion_000011,images/ood_occlusion/ood_occlusion_000011.png,How many objects are above the red rectangle?,0,counting,2,ood_occlusion,occlusion,"{'anchor': 'obj_2', 'relation': 'above'}",3,0,3,False,0.041069907874998535,ood_failure
ood_occlusion_000012_q01,ood_occlusion_000012,images/ood_occlusion/ood_occlusion_000012.png,Which object is both below the green triangle and above the red circle?,yellow circle,multi_hop,4,ood_occlusion,occlusion,"{'anchors': ['obj_2', 'obj_1'], 'target': 'obj_3', 'relations': ['below', 'above']}",red circle,yellow circle,red circle,False,0.04088035362497067,ood_failure
ood_occlusion_000012_q02,ood_occlusion_000012,images/ood_occlusion/ood_occlusion_000012.png,How many yellow objects are in the image?,1,counting,1,ood_occlusion,occlusion,{'filter': {'color': 'yellow'}},1,1,1,True,0.04088035362497067,
ood_occlusion_000012_q03,ood_occlusion_000012,images/ood_occlusion/ood_occlusion_000012.png,"Which object is larger, the red circle or the yellow circle?",yellow circle,relative_size,2,ood_occlusion,occlusion,"{'objects': ['obj_1', 'obj_3'], 'target': 'obj_3', 'relation': 'larger'}",yellow circle,yellow circle,yellow circle,True,0.04088035362497067,
ood_occlusion_000012_q04,ood_occlusion_000012,images/ood_occlusion/ood_occlusion_000012.png,Is the yellow circle completely inside the red circle? Answer yes or no.,no,inside_outside,2,ood_occlusion,occlusion,"{'objects': ['obj_3', 'obj_1'], 'relation': 'inside'}",no,no,no,True,0.04088035362497067,
ood_occlusion_000013_q01,ood_occlusion_000013,images/ood_occlusion/ood_occlusion_000013.png,Which object is immediately below the green circle?,blue circle,above_below,2,ood_occlusion,occlusion,"{'anchor': 'obj_3', 'target': 'obj_2', 'relation': 'below'}",blue circle,blue circle,blue circle,True,0.04088035362497067,
ood_occlusion_000013_q02,ood_occlusion_000013,images/ood_occlusion/ood_occlusion_000013.png,How many objects are above the red circle?,2,counting,2,ood_occlusion,occlusion,"{'anchor': 'obj_1', 'relation': 'above'}",2,2,2,True,0.04088035362497067,
ood_occlusion_000013_q03,ood_occlusion_000013,images/ood_occlusion/ood_occlusion_000013.png,Which object is the bottommost in the image?,red circle,relative_ordering,2,ood_occlusion,occlusion,"{'target': 'obj_1', 'relation': 'bottommost'}",yellow rectangle,red circle,yellow rectangle,False,0.04088035362497067,ood_failure
ood_occlusion_000013_q04,ood_occlusion_000013,images/ood_occlusion/ood_occlusion_000013.png,Which object is farthest from the yellow rectangle?,green circle,nearest_farthest,2,ood_occlusion,occlusion,"{'anchor': 'obj_4', 'target': 'obj_3', 'relation': 'farthest'}",blue circle,green circle,blue circle,False,0.04088035362497067,ood_failure
ood_occlusion_000014_q01,ood_occlusion_000014,images/ood_occlusion/ood_occlusion_000014.png,Which object is both below the blue rectangle and right of the yellow triangle?,red triangle,multi_hop,4,ood_occlusion,occlusion,"{'anchors': ['obj_1', 'obj_2'], 'target': 'obj_3', 'relations': ['below', 'right of']}",red triangle,red triangle,red triangle,True,0.04113170037499003,
ood_occlusion_000014_q02,ood_occlusion_000014,images/ood_occlusion/ood_occlusion_000014.png,Which object is between the blue rectangle and the yellow triangle?,red triangle,between,3,ood_occlusion,occlusion,"{'objects': ['obj_1', 'obj_2'], 'target': 'obj_3', 'relation': 'between'}",red triangle,red triangle,red triangle,True,0.04113170037499003,
ood_occlusion_000014_q03,ood_occlusion_000014,images/ood_occlusion/ood_occlusion_000014.png,Which object is immediately left of the blue rectangle?,yellow triangle,left_right,2,ood_occlusion,occlusion,"{'anchor': 'obj_1', 'target': 'obj_2', 'relation': 'left'}",yellow triangle,yellow triangle,yellow triangle,True,0.04113170037499003,
ood_occlusion_000014_q04,ood_occlusion_000014,images/ood_occlusion/ood_occlusion_000014.png,"Which object is smaller, the red triangle or the yellow triangle?",yellow triangle,relative_size,2,ood_occlusion,occlusion,"{'objects': ['obj_3', 'obj_2'], 'target': 'obj_2', 'relation': 'smaller'}",red triangle,yellow triangle,red triangle,False,0.04113170037499003,ood_failure
ood_occlusion_000015_q01,ood_occlusion_000015,images/ood_occlusion/ood_occlusion_000015.png,Which object is the leftmost in the image?,yellow circle,relative_ordering,2,ood_occlusion,occlusion,"{'target': 'obj_3', 'relation': 'leftmost'}",red circle,yellow circle,red circle,False,0.04113170037499003,ood_failure
ood_occlusion_000015_q02,ood_occlusion_000015,images/ood_occlusion/ood_occlusion_000015.png,Which object is both left of the blue circle and above the yellow circle?,red circle,multi_hop,4,ood_occlusion,occlusion,"{'anchors': ['obj_1', 'obj_3'], 'target': 'obj_2', 'relations': ['left of', 'above']}",red circle,red circle,red circle,True,0.04113170037499003,
ood_occlusion_000015_q03,ood_occlusion_000015,images/ood_occlusion/ood_occlusion_000015.png,Which object is immediately left of the blue circle?,red circle,left_right,2,ood_occlusion,occlusion,"{'anchor': 'obj_1', 'target': 'obj_2', 'relation': 'left'}",red triangle,red circle,red triangle,False,0.04113170037499003,ood_failure
ood_occlusion_000015_q04,ood_occlusion_000015,images/ood_occlusion/ood_occlusion_000015.png,Do the red triangle and the red circle overlap? Answer yes or no.,no,overlap,2,ood_occlusion,occlusion,"{'objects': ['obj_4', 'obj_2'], 'relation': 'overlap'}",yes,no,yes,False,0.04113170037499003,ood_failure
ood_occlusion_000016_q01,ood_occlusion_000016,images/ood_occlusion/ood_occlusion_000016.png,Which object is immediately left of the red circle?,yellow circle,left_right,2,ood_occlusion,occlusion,"{'anchor': 'obj_3', 'target': 'obj_2', 'relation': 'left'}",yellow circle,yellow circle,yellow circle,True,0.04202841037499638,
ood_occlusion_000016_q02,ood_occlusion_000016,images/ood_occlusion/ood_occlusion_000016.png,Do the yellow triangle and the yellow circle overlap? Answer yes or no.,no,overlap,2,ood_occlusion,occlusion,"{'objects': ['obj_1', 'obj_2'], 'relation': 'overlap'}",no,no,no,True,0.04202841037499638,
ood_occlusion_000016_q03,ood_occlusion_000016,images/ood_occlusion/ood_occlusion_000016.png,Which object is both above the yellow triangle and below the yellow circle?,red circle,multi_hop,4,ood_occlusion,occlusion,"{'anchors': ['obj_1', 'obj_2'], 'target': 'obj_3', 'relations': ['above', 'below']}",red circle,red circle,red circle,True,0.04202841037499638,
ood_occlusion_000016_q04,ood_occlusion_000016,images/ood_occlusion/ood_occlusion_000016.png,Which object is immediately above the yellow triangle?,red circle,above_below,2,ood_occlusion,occlusion,"{'anchor': 'obj_1', 'target': 'obj_3', 'relation': 'above'}",red circle,red circle,red circle,True,0.04202841037499638,
ood_occlusion_000017_q01,ood_occlusion_000017,images/ood_occlusion/ood_occlusion_000017.png,Which object is immediately left of the yellow circle?,blue circle,left_right,2,ood_occlusion,occlusion,"{'anchor': 'obj_2', 'target': 'obj_1', 'relation': 'left'}",green rectangle,blue circle,green rectangle,False,0.04202841037499638,ood_failure
ood_occlusion_000017_q02,ood_occlusion_000017,images/ood_occlusion/ood_occlusion_000017.png,Do the blue circle and the green rectangle overlap? Answer yes or no.,no,overlap,2,ood_occlusion,occlusion,"{'objects': ['obj_1', 'obj_3'], 'relation': 'overlap'}",no,no,no,True,0.04202841037499638,
ood_occlusion_000017_q03,ood_occlusion_000017,images/ood_occlusion/ood_occlusion_000017.png,"Which object is closer to the center of the image, the yellow circle or the blue rectangle?",yellow circle,center_proximity,2,ood_occlusion,occlusion,"{'objects': ['obj_2', 'obj_4'], 'target': 'obj_2', 'relation': 'center_proximity'}",blue rectangle,yellow circle,blue rectangle,False,0.04202841037499638,ood_failure
ood_occlusion_000017_q04,ood_occlusion_000017,images/ood_occlusion/ood_occlusion_000017.png,Which object is between the yellow circle and the blue rectangle?,blue circle,between,3,ood_occlusion,occlusion,"{'objects': ['obj_2', 'obj_4'], 'target': 'obj_1', 'relation': 'between'}",green rectangle,blue circle,green rectangle,False,0.04202841037499638,ood_failure
ood_occlusion_000018_q01,ood_occlusion_000018,images/ood_occlusion/ood_occlusion_000018.png,Which object is both above the red circle and right of the green circle?,green triangle,multi_hop,4,ood_occlusion,occlusion,"{'anchors': ['obj_2', 'obj_3'], 'target': 'obj_4', 'relations': ['above', 'right of']}",red circle,green triangle,red circle,False,0.04175341037495173,ood_failure
ood_occlusion_000018_q02,ood_occlusion_000018,images/ood_occlusion/ood_occlusion_000018.png,How many objects are above the red circle?,2,counting,2,ood_occlusion,occlusion,"{'anchor': 'obj_2', 'relation': 'above'}",2,2,2,True,0.04175341037495173,
ood_occlusion_000018_q03,ood_occlusion_000018,images/ood_occlusion/ood_occlusion_000018.png,Which object is the topmost in the image?,green circle,relative_ordering,2,ood_occlusion,occlusion,"{'target': 'obj_3', 'relation': 'topmost'}",green circle,green circle,green circle,True,0.04175341037495173,
ood_occlusion_000018_q04,ood_occlusion_000018,images/ood_occlusion/ood_occlusion_000018.png,Which object is farthest from the red rectangle?,green triangle,nearest_farthest,2,ood_occlusion,occlusion,"{'anchor': 'obj_1', 'target': 'obj_4', 'relation': 'farthest'}",red circle,green triangle,red circle,False,0.04175341037495173,ood_failure
ood_occlusion_000019_q01,ood_occlusion_000019,images/ood_occlusion/ood_occlusion_000019.png,Which object is between the green circle and the yellow triangle?,green triangle,between,3,ood_occlusion,occlusion,"{'objects': ['obj_2', 'obj_1'], 'target': 'obj_3', 'relation': 'between'}",white triangle,green triangle,white triangle,False,0.04175341037495173,ood_failure
ood_occlusion_000019_q02,ood_occlusion_000019,images/ood_occlusion/ood_occlusion_000019.png,"Which object is closer to the center of the image, the yellow triangle or the green triangle?",green triangle,center_proximity,2,ood_occlusion,occlusion,"{'objects': ['obj_1', 'obj_3'], 'target': 'obj_3', 'relation': 'center_proximity'}",green triangle,green triangle,green triangle,True,0.04175341037495173,
ood_occlusion_000019_q03,ood_occlusion_000019,images/ood_occlusion/ood_occlusion_000019.png,Which object is the rightmost in the image?,yellow triangle,relative_ordering,2,ood_occlusion,occlusion,"{'target': 'obj_1', 'relation': 'rightmost'}",triangle,yellow triangle,triangle,False,0.04175341037495173,ood_failure
ood_occlusion_000019_q04,ood_occlusion_000019,images/ood_occlusion/ood_occlusion_000019.png,Is the yellow triangle completely inside the green circle? Answer yes or no.,no,inside_outside,2,ood_occlusion,occlusion,"{'objects': ['obj_1', 'obj_2'], 'relation': 'inside'}",no,no,no,True,0.04175341037495173,
ood_occlusion_000020_q01,ood_occlusion_000020,images/ood_occlusion/ood_occlusion_000020.png,Which object is the leftmost in the image?,green circle,relative_ordering,2,ood_occlusion,occlusion,"{'target': 'obj_2', 'relation': 'leftmost'}",green circle,green circle,green circle,True,0.04092124687502974,
ood_occlusion_000020_q02,ood_occlusion_000020,images/ood_occlusion/ood_occlusion_000020.png,Which object is immediately above the blue triangle?,green circle,above_below,2,ood_occlusion,occlusion,"{'anchor': 'obj_1', 'target': 'obj_2', 'relation': 'above'}",green circle,green circle,green circle,True,0.04092124687502974,
ood_occlusion_000020_q03,ood_occlusion_000020,images/ood_occlusion/ood_occlusion_000020.png,How many objects are above the green triangle?,1,counting,2,ood_occlusion,occlusion,"{'anchor': 'obj_3', 'relation': 'above'}",1,1,1,True,0.04092124687502974,
ood_occlusion_000020_q04,ood_occlusion_000020,images/ood_occlusion/ood_occlusion_000020.png,"Which object is closer to the center of the image, the green triangle or the blue triangle?",green triangle,center_proximity,2,ood_occlusion,occlusion,"{'objects': ['obj_3', 'obj_1'], 'target': 'obj_3', 'relation': 'center_proximity'}",green triangle,green triangle,green triangle,True,0.04092124687502974,
ood_occlusion_000021_q01,ood_occlusion_000021,images/ood_occlusion/ood_occlusion_000021.png,Which object is both below the red triangle and above the blue circle?,yellow rectangle,multi_hop,4,ood_occlusion,occlusion,"{'anchors': ['obj_2', 'obj_1'], 'target': 'obj_3', 'relations': ['below', 'above']}",red triangle,yellow rectangle,red triangle,False,0.04092124687502974,ood_failure
ood_occlusion_000021_q02,ood_occlusion_000021,images/ood_occlusion/ood_occlusion_000021.png,How many yellow objects are in the image?,1,counting,1,ood_occlusion,occlusion,{'filter': {'color': 'yellow'}},1,1,1,True,0.04092124687502974,
ood_occlusion_000021_q03,ood_occlusion_000021,images/ood_occlusion/ood_occlusion_000021.png,"Which object is larger, the blue circle or the yellow rectangle?",blue circle,relative_size,2,ood_occlusion,occlusion,"{'objects': ['obj_1', 'obj_3'], 'target': 'obj_1', 'relation': 'larger'}",blue circle,blue circle,blue circle,True,0.04092124687502974,
ood_occlusion_000021_q04,ood_occlusion_000021,images/ood_occlusion/ood_occlusion_000021.png,Is the yellow rectangle completely inside the blue circle? Answer yes or no.,yes,inside_outside,2,ood_occlusion,occlusion,"{'objects': ['obj_3', 'obj_1'], 'relation': 'inside'}",yes,yes,yes,True,0.04092124687502974,
ood_occlusion_000022_q01,ood_occlusion_000022,images/ood_occlusion/ood_occlusion_000022.png,How many objects are above the green triangle?,0,counting,2,ood_occlusion,occlusion,"{'anchor': 'obj_2', 'relation': 'above'}",2,0,2,False,0.0411963204999779,ood_failure
ood_occlusion_000022_q02,ood_occlusion_000022,images/ood_occlusion/ood_occlusion_000022.png,Which object is the leftmost in the image?,green triangle,relative_ordering,2,ood_occlusion,occlusion,"{'target': 'obj_2', 'relation': 'leftmost'}",green triangle,green triangle,green triangle,True,0.0411963204999779,
ood_occlusion_000022_q03,ood_occlusion_000022,images/ood_occlusion/ood_occlusion_000022.png,Which object is farthest from the yellow triangle?,green triangle,nearest_farthest,2,ood_occlusion,occlusion,"{'anchor': 'obj_3', 'target': 'obj_2', 'relation': 'farthest'}",green triangle,green triangle,green triangle,True,0.0411963204999779,
ood_occlusion_000022_q04,ood_occlusion_000022,images/ood_occlusion/ood_occlusion_000022.png,"Which object is smaller, the green triangle or the yellow triangle?",green triangle,relative_size,2,ood_occlusion,occlusion,"{'objects': ['obj_2', 'obj_3'], 'target': 'obj_2', 'relation': 'smaller'}",green triangle,green triangle,green triangle,True,0.0411963204999779,
ood_occlusion_000023_q01,ood_occlusion_000023,images/ood_occlusion/ood_occlusion_000023.png,Which object is both above the blue triangle and right of the blue circle?,red triangle,multi_hop,4,ood_occlusion,occlusion,"{'anchors': ['obj_2', 'obj_3'], 'target': 'obj_1', 'relations': ['above', 'right of']}",red triangle,red triangle,red triangle,True,0.0411963204999779,
ood_occlusion_000023_q02,ood_occlusion_000023,images/ood_occlusion/ood_occlusion_000023.png,Which object is immediately below the blue circle?,blue triangle,above_below,2,ood_occlusion,occlusion,"{'anchor': 'obj_3', 'target': 'obj_2', 'relation': 'below'}",triangle,blue triangle,triangle,False,0.0411963204999779,ood_failure
ood_occlusion_000023_q03,ood_occlusion_000023,images/ood_occlusion/ood_occlusion_000023.png,Which object is immediately right of the red triangle?,blue triangle,left_right,2,ood_occlusion,occlusion,"{'anchor': 'obj_1', 'target': 'obj_2', 'relation': 'right'}",blue triangle,blue triangle,blue triangle,True,0.0411963204999779,
ood_occlusion_000023_q04,ood_occlusion_000023,images/ood_occlusion/ood_occlusion_000023.png,"Which object is larger, the blue triangle or the blue circle?",blue circle,relative_size,2,ood_occlusion,occlusion,"{'objects': ['obj_2', 'obj_3'], 'target': 'obj_3', 'relation': 'larger'}",blue circle,blue circle,blue circle,True,0.0411963204999779,
ood_occlusion_000024_q01,ood_occlusion_000024,images/ood_occlusion/ood_occlusion_000024.png,Which object is between the red rectangle and the yellow circle?,green circle,between,3,ood_occlusion,occlusion,"{'objects': ['obj_3', 'obj_4'], 'target': 'obj_2', 'relation': 'between'}",green circle,green circle,green circle,True,0.041365096874983465,
ood_occlusion_000024_q02,ood_occlusion_000024,images/ood_occlusion/ood_occlusion_000024.png,Which object is the leftmost in the image?,red rectangle,relative_ordering,2,ood_occlusion,occlusion,"{'target': 'obj_3', 'relation': 'leftmost'}",red circle,red rectangle,red circle,False,0.041365096874983465,ood_failure
ood_occlusion_000024_q03,ood_occlusion_000024,images/ood_occlusion/ood_occlusion_000024.png,Which object is both above the green circle and left of the green rectangle?,red rectangle,multi_hop,4,ood_occlusion,occlusion,"{'anchors': ['obj_2', 'obj_1'], 'target': 'obj_3', 'relations': ['above', 'left of']}",red circle,red rectangle,red circle,False,0.041365096874983465,ood_failure
ood_occlusion_000024_q04,ood_occlusion_000024,images/ood_occlusion/ood_occlusion_000024.png,Which object is immediately right of the red rectangle?,green circle,left_right,2,ood_occlusion,occlusion,"{'anchor': 'obj_3', 'target': 'obj_2', 'relation': 'right'}",blue circle,green circle,blue circle,False,0.041365096874983465,ood_failure
ood_occlusion_000025_q01,ood_occlusion_000025,images/ood_occlusion/ood_occlusion_000025.png,Do the red triangle and the red circle overlap? Answer yes or no.,no,overlap,2,ood_occlusion,occlusion,"{'objects': ['obj_1', 'obj_2'], 'relation': 'overlap'}",yes,no,yes,False,0.041365096874983465,ood_failure
ood_occlusion_000025_q02,ood_occlusion_000025,images/ood_occlusion/ood_occlusion_000025.png,Which object is both above the red triangle and below the red circle?,yellow triangle,multi_hop,4,ood_occlusion,occlusion,"{'anchors': ['obj_1', 'obj_2'], 'target': 'obj_3', 'relations': ['above', 'below']}",white triangle,yellow triangle,white triangle,False,0.041365096874983465,ood_failure
ood_occlusion_000025_q03,ood_occlusion_000025,images/ood_occlusion/ood_occlusion_000025.png,Which object is immediately above the red triangle?,yellow triangle,above_below,2,ood_occlusion,occlusion,"{'anchor': 'obj_1', 'target': 'obj_3', 'relation': 'above'}",red circle,yellow triangle,red circle,False,0.041365096874983465,ood_failure
ood_occlusion_000025_q04,ood_occlusion_000025,images/ood_occlusion/ood_occlusion_000025.png,Which object is between the red triangle and the red circle?,yellow triangle,between,3,ood_occlusion,occlusion,"{'objects': ['obj_1', 'obj_2'], 'target': 'obj_3', 'relation': 'between'}",white triangle,yellow triangle,white triangle,False,0.041365096874983465,ood_failure
ood_occlusion_000026_q01,ood_occlusion_000026,images/ood_occlusion/ood_occlusion_000026.png,Which object is immediately left of the red triangle?,yellow circle,left_right,2,ood_occlusion,occlusion,"{'anchor': 'obj_1', 'target': 'obj_2', 'relation': 'left'}",yellow circle,yellow circle,yellow circle,True,0.04116646900001797,
ood_occlusion_000026_q02,ood_occlusion_000026,images/ood_occlusion/ood_occlusion_000026.png,Do the red triangle and the blue circle overlap? Answer yes or no.,yes,overlap,2,ood_occlusion,occlusion,"{'objects': ['obj_1', 'obj_3'], 'relation': 'overlap'}",yes,yes,yes,True,0.04116646900001797,
ood_occlusion_000026_q03,ood_occlusion_000026,images/ood_occlusion/ood_occlusion_000026.png,"Which object is closer to the center of the image, the yellow circle or the red triangle?",red triangle,center_proximity,2,ood_occlusion,occlusion,"{'objects': ['obj_2', 'obj_1'], 'target': 'obj_1', 'relation': 'center_proximity'}",yellow circle,red triangle,yellow circle,False,0.04116646900001797,ood_failure
ood_occlusion_000026_q04,ood_occlusion_000026,images/ood_occlusion/ood_occlusion_000026.png,Which object is between the yellow circle and the blue circle?,red triangle,between,3,ood_occlusion,occlusion,"{'objects': ['obj_2', 'obj_3'], 'target': 'obj_1', 'relation': 'between'}",red triangle,red triangle,red triangle,True,0.04116646900001797,
ood_occlusion_000027_q01,ood_occlusion_000027,images/ood_occlusion/ood_occlusion_000027.png,Which object is both below the red rectangle and left of the blue rectangle?,blue circle,multi_hop,4,ood_occlusion,occlusion,"{'anchors': ['obj_3', 'obj_1'], 'target': 'obj_2', 'relations': ['below', 'left of']}",blue circle,blue circle,blue circle,True,0.04116646900001797,
ood_occlusion_000027_q02,ood_occlusion_000027,images/ood_occlusion/ood_occlusion_000027.png,"Which object is closer to the center of the image, the blue rectangle or the red rectangle?",red rectangle,center_proximity,2,ood_occlusion,occlusion,"{'objects': ['obj_1', 'obj_3'], 'target': 'obj_3', 'relation': 'center_proximity'}",red rectangle,red rectangle,red rectangle,True,0.04116646900001797,
ood_occlusion_000027_q03,ood_occlusion_000027,images/ood_occlusion/ood_occlusion_000027.png,How many blue objects are in the image?,2,counting,1,ood_occlusion,occlusion,{'filter': {'color': 'blue'}},1,2,1,False,0.04116646900001797,ood_failure
ood_occlusion_000027_q04,ood_occlusion_000027,images/ood_occlusion/ood_occlusion_000027.png,Which object is the leftmost in the image?,red rectangle,relative_ordering,2,ood_occlusion,occlusion,"{'target': 'obj_3', 'relation': 'leftmost'}",red rectangle,red rectangle,red rectangle,True,0.04116646900001797,
ood_occlusion_000028_q01,ood_occlusion_000028,images/ood_occlusion/ood_occlusion_000028.png,Which object is between the green circle and the yellow circle?,red circle,between,3,ood_occlusion,occlusion,"{'objects': ['obj_4', 'obj_5'], 'target': 'obj_1', 'relation': 'between'}",red circle,red circle,red circle,True,0.041066599249973024,
ood_occlusion_000028_q02,ood_occlusion_000028,images/ood_occlusion/ood_occlusion_000028.png,"Which object is closer to the center of the image, the blue circle or the yellow triangle?",yellow triangle,center_proximity,2,ood_occlusion,occlusion,"{'objects': ['obj_2', 'obj_3'], 'target': 'obj_3', 'relation': 'center_proximity'}",blue circle,yellow triangle,blue circle,False,0.041066599249973024,ood_failure
ood_occlusion_000028_q03,ood_occlusion_000028,images/ood_occlusion/ood_occlusion_000028.png,Which object is the rightmost in the image?,green circle,relative_ordering,2,ood_occlusion,occlusion,"{'target': 'obj_4', 'relation': 'rightmost'}",green circle,green circle,green circle,True,0.041066599249973024,
ood_occlusion_000028_q04,ood_occlusion_000028,images/ood_occlusion/ood_occlusion_000028.png,Is the yellow triangle completely inside the green circle? Answer yes or no.,no,inside_outside,2,ood_occlusion,occlusion,"{'objects': ['obj_3', 'obj_4'], 'relation': 'inside'}",no,no,no,True,0.041066599249973024,
ood_occlusion_000029_q01,ood_occlusion_000029,images/ood_occlusion/ood_occlusion_000029.png,"Which object is closer to the center of the image, the green rectangle or the yellow triangle?",green rectangle,center_proximity,2,ood_occlusion,occlusion,"{'objects': ['obj_2', 'obj_4'], 'target': 'obj_2', 'relation': 'center_proximity'}",green rectangle,green rectangle,green rectangle,True,0.041066599249973024,
ood_occlusion_000029_q02,ood_occlusion_000029,images/ood_occlusion/ood_occlusion_000029.png,Which object is farthest from the green rectangle?,red triangle,nearest_farthest,2,ood_occlusion,occlusion,"{'anchor': 'obj_2', 'target': 'obj_3', 'relation': 'farthest'}",red triangle,red triangle,red triangle,True,0.041066599249973024,
ood_occlusion_000029_q03,ood_occlusion_000029,images/ood_occlusion/ood_occlusion_000029.png,Which object is the leftmost in the image?,red triangle,relative_ordering,2,ood_occlusion,occlusion,"{'target': 'obj_3', 'relation': 'leftmost'}",red triangle,red triangle,red triangle,True,0.041066599249973024,
ood_occlusion_000029_q04,ood_occlusion_000029,images/ood_occlusion/ood_occlusion_000029.png,"Which object is larger, the yellow triangle or the green rectangle?",yellow triangle,relative_size,2,ood_occlusion,occlusion,"{'objects': ['obj_4', 'obj_2'], 'target': 'obj_4', 'relation': 'larger'}",green rectangle,yellow triangle,green rectangle,False,0.041066599249973024,ood_failure
ood_occlusion_000030_q01,ood_occlusion_000030,images/ood_occlusion/ood_occlusion_000030.png,Which object is both right of the yellow circle and below the green circle?,blue circle,multi_hop,4,ood_occlusion,occlusion,"{'anchors': ['obj_1', 'obj_2'], 'target': 'obj_3', 'relations': ['right of', 'below']}",blue circle,blue circle,blue circle,True,0.04136886912499449,
ood_occlusion_000030_q02,ood_occlusion_000030,images/ood_occlusion/ood_occlusion_000030.png,How many objects are left of the yellow circle?,1,counting,2,ood_occlusion,occlusion,"{'anchor': 'obj_1', 'relation': 'left'}",2,1,2,False,0.04136886912499449,ood_failure
ood_occlusion_000030_q03,ood_occlusion_000030,images/ood_occlusion/ood_occlusion_000030.png,"Which object is larger, the green circle or the blue circle?",green circle,relative_size,2,ood_occlusion,occlusion,"{'objects': ['obj_2', 'obj_3'], 'target': 'obj_2', 'relation': 'larger'}",green circle,green circle,green circle,True,0.04136886912499449,
ood_occlusion_000030_q04,ood_occlusion_000030,images/ood_occlusion/ood_occlusion_000030.png,Is the blue circle completely inside the green circle? Answer yes or no.,no,inside_outside,2,ood_occlusion,occlusion,"{'objects': ['obj_3', 'obj_2'], 'relation': 'inside'}",no,no,no,True,0.04136886912499449,
ood_occlusion_000031_q01,ood_occlusion_000031,images/ood_occlusion/ood_occlusion_000031.png,Which object is immediately below the red triangle?,blue triangle,above_below,2,ood_occlusion,occlusion,"{'anchor': 'obj_3', 'target': 'obj_2', 'relation': 'below'}",yellow circle,blue triangle,yellow circle,False,0.04136886912499449,ood_failure
ood_occlusion_000031_q02,ood_occlusion_000031,images/ood_occlusion/ood_occlusion_000031.png,How many objects are above the blue circle?,0,counting,2,ood_occlusion,occlusion,"{'anchor': 'obj_1', 'relation': 'above'}",2,0,2,False,0.04136886912499449,ood_failure
ood_occlusion_000031_q03,ood_occlusion_000031,images/ood_occlusion/ood_occlusion_000031.png,Which object is the bottommost in the image?,yellow circle,relative_ordering,2,ood_occlusion,occlusion,"{'target': 'obj_4', 'relation': 'bottommost'}",yellow circle,yellow circle,yellow circle,True,0.04136886912499449,
ood_occlusion_000031_q04,ood_occlusion_000031,images/ood_occlusion/ood_occlusion_000031.png,Which object is farthest from the yellow circle?,green circle,nearest_farthest,2,ood_occlusion,occlusion,"{'anchor': 'obj_4', 'target': 'obj_5', 'relation': 'farthest'}",blue triangle,green circle,blue triangle,False,0.04136886912499449,ood_failure
ood_occlusion_000032_q01,ood_occlusion_000032,images/ood_occlusion/ood_occlusion_000032.png,Which object is both right of the green circle and below the yellow triangle?,green triangle,multi_hop,4,ood_occlusion,occlusion,"{'anchors': ['obj_1', 'obj_2'], 'target': 'obj_3', 'relations': ['right of', 'below']}",white rectangle,green triangle,white rectangle,False,0.04143999849998181,ood_failure
ood_occlusion_000032_q02,ood_occlusion_000032,images/ood_occlusion/ood_occlusion_000032.png,Which object is immediately above the green triangle?,yellow triangle,above_below,2,ood_occlusion,occlusion,"{'anchor': 'obj_3', 'target': 'obj_2', 'relation': 'above'}",red circle,yellow triangle,red circle,False,0.04143999849998181,ood_failure
ood_occlusion_000032_q03,ood_occlusion_000032,images/ood_occlusion/ood_occlusion_000032.png,Which object is between the green circle and the yellow triangle?,green triangle,between,3,ood_occlusion,occlusion,"{'objects': ['obj_1', 'obj_2'], 'target': 'obj_3', 'relation': 'between'}",white circle,green triangle,white circle,False,0.04143999849998181,ood_failure
ood_occlusion_000032_q04,ood_occlusion_000032,images/ood_occlusion/ood_occlusion_000032.png,"Which object is smaller, the green triangle or the green circle?",green triangle,relative_size,2,ood_occlusion,occlusion,"{'objects': ['obj_3', 'obj_1'], 'target': 'obj_3', 'relation': 'smaller'}",green triangle,green triangle,green triangle,True,0.04143999849998181,
ood_occlusion_000033_q01,ood_occlusion_000033,images/ood_occlusion/ood_occlusion_000033.png,Which object is between the red circle and the green circle?,green rectangle,between,3,ood_occlusion,occlusion,"{'objects': ['obj_3', 'obj_2'], 'target': 'obj_1', 'relation': 'between'}",blue triangle,green rectangle,blue triangle,False,0.04143999849998181,ood_failure
ood_occlusion_000033_q02,ood_occlusion_000033,images/ood_occlusion/ood_occlusion_000033.png,Which object is the topmost in the image?,red rectangle,relative_ordering,2,ood_occlusion,occlusion,"{'target': 'obj_4', 'relation': 'topmost'}",red rectangle,red rectangle,red rectangle,True,0.04143999849998181,
ood_occlusion_000033_q03,ood_occlusion_000033,images/ood_occlusion/ood_occlusion_000033.png,Which object is both right of the green circle and below the green rectangle?,red circle,multi_hop,4,ood_occlusion,occlusion,"{'anchors': ['obj_2', 'obj_1'], 'target': 'obj_3', 'relations': ['right of', 'below']}",red circle,red circle,red circle,True,0.04143999849998181,
ood_occlusion_000033_q04,ood_occlusion_000033,images/ood_occlusion/ood_occlusion_000033.png,Which object is immediately left of the red rectangle?,green rectangle,left_right,2,ood_occlusion,occlusion,"{'anchor': 'obj_4', 'target': 'obj_1', 'relation': 'left'}",blue triangle,green rectangle,blue triangle,False,0.04143999849998181,ood_failure
ood_occlusion_000034_q01,ood_occlusion_000034,images/ood_occlusion/ood_occlusion_000034.png,Which object is immediately left of the green triangle?,yellow triangle,left_right,2,ood_occlusion,occlusion,"{'anchor': 'obj_5', 'target': 'obj_1', 'relation': 'left'}",yellow circle,yellow triangle,yellow circle,False,0.04153811037497235,ood_failure
ood_occlusion_000034_q02,ood_occlusion_000034,images/ood_occlusion/ood_occlusion_000034.png,Do the blue rectangle and the green circle overlap? Answer yes or no.,no,overlap,2,ood_occlusion,occlusion,"{'objects': ['obj_2', 'obj_3'], 'relation': 'overlap'}",no,no,no,True,0.04153811037497235,
ood_occlusion_000034_q03,ood_occlusion_000034,images/ood_occlusion/ood_occlusion_000034.png,Which object is both above the yellow circle and left of the green circle?,yellow triangle,multi_hop,4,ood_occlusion,occlusion,"{'anchors': ['obj_4', 'obj_3'], 'target': 'obj_1', 'relations': ['above', 'left of']}",blue rectangle,yellow triangle,blue rectangle,False,0.04153811037497235,ood_failure
ood_occlusion_000034_q04,ood_occlusion_000034,images/ood_occlusion/ood_occlusion_000034.png,Which object is immediately above the green circle?,yellow circle,above_below,2,ood_occlusion,occlusion,"{'anchor': 'obj_3', 'target': 'obj_4', 'relation': 'above'}",blue rectangle,yellow circle,blue rectangle,False,0.04153811037497235,ood_failure
ood_occlusion_000035_q01,ood_occlusion_000035,images/ood_occlusion/ood_occlusion_000035.png,Which object is immediately left of the green circle?,red circle,left_right,2,ood_occlusion,occlusion,"{'anchor': 'obj_1', 'target': 'obj_3', 'relation': 'left'}",blue rectangle,red circle,blue rectangle,False,0.04153811037497235,ood_failure
ood_occlusion_000035_q02,ood_occlusion_000035,images/ood_occlusion/ood_occlusion_000035.png,Do the green circle and the red circle overlap? Answer yes or no.,yes,overlap,2,ood_occlusion,occlusion,"{'objects': ['obj_1', 'obj_3'], 'relation': 'overlap'}",no,yes,no,False,0.04153811037497235,ood_failure
ood_occlusion_000035_q03,ood_occlusion_000035,images/ood_occlusion/ood_occlusion_000035.png,Which object is between the green circle and the blue rectangle?,red circle,between,3,ood_occlusion,occlusion,"{'objects': ['obj_1', 'obj_2'], 'target': 'obj_3', 'relation': 'between'}",red circle,red circle,red circle,True,0.04153811037497235,
ood_occlusion_000035_q04,ood_occlusion_000035,images/ood_occlusion/ood_occlusion_000035.png,Which object is nearest from the blue rectangle?,red circle,nearest_farthest,2,ood_occlusion,occlusion,"{'anchor': 'obj_2', 'target': 'obj_3', 'relation': 'nearest'}",red circle,red circle,red circle,True,0.04153811037497235,
ood_occlusion_000036_q01,ood_occlusion_000036,images/ood_occlusion/ood_occlusion_000036.png,Which object is both below the green rectangle and right of the yellow circle?,yellow triangle,multi_hop,4,ood_occlusion,occlusion,"{'anchors': ['obj_4', 'obj_3'], 'target': 'obj_1', 'relations': ['below', 'right of']}",blue triangle,yellow triangle,blue triangle,False,0.041002622625001095,ood_failure
ood_occlusion_000036_q02,ood_occlusion_000036,images/ood_occlusion/ood_occlusion_000036.png,"Which object is closer to the center of the image, the blue triangle or the green rectangle?",green rectangle,center_proximity,2,ood_occlusion,occlusion,"{'objects': ['obj_2', 'obj_4'], 'target': 'obj_4', 'relation': 'center_proximity'}",green rectangle,green rectangle,green rectangle,True,0.041002622625001095,
ood_occlusion_000036_q03,ood_occlusion_000036,images/ood_occlusion/ood_occlusion_000036.png,How many rectangle objects are in the image?,1,counting,1,ood_occlusion,occlusion,{'filter': {'shape': 'rectangle'}},1,1,1,True,0.041002622625001095,
ood_occlusion_000036_q04,ood_occlusion_000036,images/ood_occlusion/ood_occlusion_000036.png,Which object is the bottommost in the image?,yellow triangle,relative_ordering,2,ood_occlusion,occlusion,"{'target': 'obj_1', 'relation': 'bottommost'}",green rectangle,yellow triangle,green rectangle,False,0.041002622625001095,ood_failure
ood_occlusion_000037_q01,ood_occlusion_000037,images/ood_occlusion/ood_occlusion_000037.png,"Which object is closer to the center of the image, the red rectangle or the green triangle?",green triangle,center_proximity,2,ood_occlusion,occlusion,"{'objects': ['obj_1', 'obj_3'], 'target': 'obj_3', 'relation': 'center_proximity'}",red rectangle,green triangle,red rectangle,False,0.041002622625001095,ood_failure
ood_occlusion_000037_q02,ood_occlusion_000037,images/ood_occlusion/ood_occlusion_000037.png,Which object is the leftmost in the image?,green triangle,relative_ordering,2,ood_occlusion,occlusion,"{'target': 'obj_3', 'relation': 'leftmost'}",triangle,green triangle,triangle,False,0.041002622625001095,ood_failure
ood_occlusion_000037_q03,ood_occlusion_000037,images/ood_occlusion/ood_occlusion_000037.png,Is the yellow rectangle completely inside the yellow circle? Answer yes or no.,no,inside_outside,2,ood_occlusion,occlusion,"{'objects': ['obj_4', 'obj_2'], 'relation': 'inside'}",no,no,no,True,0.041002622625001095,
ood_occlusion_000037_q04,ood_occlusion_000037,images/ood_occlusion/ood_occlusion_000037.png,How many objects are above the red rectangle?,0,counting,2,ood_occlusion,occlusion,"{'anchor': 'obj_1', 'relation': 'above'}",2,0,2,False,0.041002622625001095,ood_failure
ood_occlusion_000038_q01,ood_occlusion_000038,images/ood_occlusion/ood_occlusion_000038.png,Which object is between the yellow circle and the blue circle?,green rectangle,between,3,ood_occlusion,occlusion,"{'objects': ['obj_1', 'obj_3'], 'target': 'obj_4', 'relation': 'between'}",green square,green rectangle,green square,False,0.041227899375030574,ood_failure
ood_occlusion_000038_q02,ood_occlusion_000038,images/ood_occlusion/ood_occlusion_000038.png,Which object is immediately below the blue circle?,green triangle,above_below,2,ood_occlusion,occlusion,"{'anchor': 'obj_3', 'target': 'obj_2', 'relation': 'below'}",green square,green triangle,green square,False,0.041227899375030574,ood_failure
ood_occlusion_000038_q03,ood_occlusion_000038,images/ood_occlusion/ood_occlusion_000038.png,"Which object is closer to the center of the image, the green triangle or the green rectangle?",green rectangle,center_proximity,2,ood_occlusion,occlusion,"{'objects': ['obj_2', 'obj_4'], 'target': 'obj_4', 'relation': 'center_proximity'}",green triangle,green rectangle,green triangle,False,0.041227899375030574,ood_failure
ood_occlusion_000038_q04,ood_occlusion_000038,images/ood_occlusion/ood_occlusion_000038.png,Which object is farthest from the green triangle?,yellow circle,nearest_farthest,2,ood_occlusion,occlusion,"{'anchor': 'obj_2', 'target': 'obj_1', 'relation': 'farthest'}",blue circle,yellow circle,blue circle,False,0.041227899375030574,ood_failure
ood_occlusion_000039_q01,ood_occlusion_000039,images/ood_occlusion/ood_occlusion_000039.png,Which object is farthest from the blue rectangle?,green triangle,nearest_farthest,2,ood_occlusion,occlusion,"{'anchor': 'obj_4', 'target': 'obj_1', 'relation': 'farthest'}",red triangle,green triangle,red triangle,False,0.041227899375030574,ood_failure
ood_occlusion_000039_q02,ood_occlusion_000039,images/ood_occlusion/ood_occlusion_000039.png,Which object is both below the blue rectangle and left of the yellow triangle?,red triangle,multi_hop,4,ood_occlusion,occlusion,"{'anchors': ['obj_4', 'obj_2'], 'target': 'obj_3', 'relations': ['below', 'left of']}",red triangle,red triangle,red triangle,True,0.041227899375030574,
ood_occlusion_000039_q03,ood_occlusion_000039,images/ood_occlusion/ood_occlusion_000039.png,How many objects are left of the yellow circle?,1,counting,2,ood_occlusion,occlusion,"{'anchor': 'obj_5', 'relation': 'left'}",2,1,2,False,0.041227899375030574,ood_failure
ood_occlusion_000039_q04,ood_occlusion_000039,images/ood_occlusion/ood_occlusion_000039.png,Which object is the bottommost in the image?,red triangle,relative_ordering,2,ood_occlusion,occlusion,"{'target': 'obj_3', 'relation': 'bottommost'}",red triangle,red triangle,red triangle,True,0.041227899375030574,
ood_occlusion_000040_q01,ood_occlusion_000040,images/ood_occlusion/ood_occlusion_000040.png,How many objects are above the blue rectangle?,2,counting,2,ood_occlusion,occlusion,"{'anchor': 'obj_1', 'relation': 'above'}",3,2,3,False,0.04141701662501873,ood_failure
ood_occlusion_000040_q02,ood_occlusion_000040,images/ood_occlusion/ood_occlusion_000040.png,Which object is the bottommost in the image?,blue circle,relative_ordering,2,ood_occlusion,occlusion,"{'target': 'obj_3', 'relation': 'bottommost'}",blue circle,blue circle,blue circle,True,0.04141701662501873,
ood_occlusion_000040_q03,ood_occlusion_000040,images/ood_occlusion/ood_occlusion_000040.png,Which object is farthest from the green circle?,blue rectangle,nearest_farthest,2,ood_occlusion,occlusion,"{'anchor': 'obj_4', 'target': 'obj_1', 'relation': 'farthest'}",blue triangle,blue rectangle,blue triangle,False,0.04141701662501873,ood_failure
ood_occlusion_000040_q04,ood_occlusion_000040,images/ood_occlusion/ood_occlusion_000040.png,"Which object is smaller, the green circle or the blue triangle?",blue triangle,relative_size,2,ood_occlusion,occlusion,"{'objects': ['obj_4', 'obj_2'], 'target': 'obj_2', 'relation': 'smaller'}",blue triangle,blue triangle,blue triangle,True,0.04141701662501873,
ood_occlusion_000041_q01,ood_occlusion_000041,images/ood_occlusion/ood_occlusion_000041.png,Which object is both below the red circle and right of the blue circle?,yellow rectangle,multi_hop,4,ood_occlusion,occlusion,"{'anchors': ['obj_1', 'obj_2'], 'target': 'obj_3', 'relations': ['below', 'right of']}",yellow rectangle,yellow rectangle,yellow rectangle,True,0.04141701662501873,
ood_occlusion_000041_q02,ood_occlusion_000041,images/ood_occlusion/ood_occlusion_000041.png,"Which object is smaller, the yellow rectangle or the blue circle?",yellow rectangle,relative_size,2,ood_occlusion,occlusion,"{'objects': ['obj_3', 'obj_2'], 'target': 'obj_3', 'relation': 'smaller'}",blue circle,yellow rectangle,blue circle,False,0.04141701662501873,ood_failure
ood_occlusion_000041_q03,ood_occlusion_000041,images/ood_occlusion/ood_occlusion_000041.png,How many circle objects are in the image?,2,counting,1,ood_occlusion,occlusion,{'filter': {'shape': 'circle'}},1,2,1,False,0.04141701662501873,ood_failure
ood_occlusion_000041_q04,ood_occlusion_000041,images/ood_occlusion/ood_occlusion_000041.png,Which object is the rightmost in the image?,yellow rectangle,relative_ordering,2,ood_occlusion,occlusion,"{'target': 'obj_3', 'relation': 'rightmost'}",yellow rectangle,yellow rectangle,yellow rectangle,True,0.04141701662501873,
ood_occlusion_000042_q01,ood_occlusion_000042,images/ood_occlusion/ood_occlusion_000042.png,Which object is between the yellow rectangle and the green rectangle?,red triangle,between,3,ood_occlusion,occlusion,"{'objects': ['obj_2', 'obj_3'], 'target': 'obj_1', 'relation': 'between'}",red triangle,red triangle,red triangle,True,0.041374951374962166,
ood_occlusion_000042_q02,ood_occlusion_000042,images/ood_occlusion/ood_occlusion_000042.png,Which object is the bottommost in the image?,green rectangle,relative_ordering,2,ood_occlusion,occlusion,"{'target': 'obj_3', 'relation': 'bottommost'}",green rectangle,green rectangle,green rectangle,True,0.041374951374962166,
ood_occlusion_000042_q03,ood_occlusion_000042,images/ood_occlusion/ood_occlusion_000042.png,Which object is both above the red triangle and left of the green rectangle?,yellow rectangle,multi_hop,4,ood_occlusion,occlusion,"{'anchors': ['obj_1', 'obj_3'], 'target': 'obj_2', 'relations': ['above', 'left of']}",yellow rectangle,yellow rectangle,yellow rectangle,True,0.041374951374962166,
ood_occlusion_000042_q04,ood_occlusion_000042,images/ood_occlusion/ood_occlusion_000042.png,Which object is immediately right of the yellow rectangle?,red triangle,left_right,2,ood_occlusion,occlusion,"{'anchor': 'obj_2', 'target': 'obj_1', 'relation': 'right'}",green rectangle,red triangle,green rectangle,False,0.041374951374962166,ood_failure
ood_occlusion_000043_q01,ood_occlusion_000043,images/ood_occlusion/ood_occlusion_000043.png,Which object is immediately left of the green triangle?,yellow circle,left_right,2,ood_occlusion,occlusion,"{'anchor': 'obj_5', 'target': 'obj_4', 'relation': 'left'}",blue rectangle,yellow circle,blue rectangle,False,0.041374951374962166,ood_failure
ood_occlusion_000043_q02,ood_occlusion_000043,images/ood_occlusion/ood_occlusion_000043.png,Do the blue circle and the blue rectangle overlap? Answer yes or no.,yes,overlap,2,ood_occlusion,occlusion,"{'objects': ['obj_2', 'obj_3'], 'relation': 'overlap'}",yes,yes,yes,True,0.041374951374962166,
ood_occlusion_000043_q03,ood_occlusion_000043,images/ood_occlusion/ood_occlusion_000043.png,Which object is both right of the green triangle and left of the blue rectangle?,red triangle,multi_hop,4,ood_occlusion,occlusion,"{'anchors': ['obj_5', 'obj_3'], 'target': 'obj_1', 'relations': ['right of', 'left of']}",blue rectangle,red triangle,blue rectangle,False,0.041374951374962166,ood_failure
ood_occlusion_000043_q04,ood_occlusion_000043,images/ood_occlusion/ood_occlusion_000043.png,"Which object is closer to the center of the image, the green triangle or the blue rectangle?",blue rectangle,center_proximity,2,ood_occlusion,occlusion,"{'objects': ['obj_5', 'obj_3'], 'target': 'obj_3', 'relation': 'center_proximity'}",blue rectangle,blue rectangle,blue rectangle,True,0.041374951374962166,
ood_occlusion_000044_q01,ood_occlusion_000044,images/ood_occlusion/ood_occlusion_000044.png,Which object is immediately left of the yellow circle?,green triangle,left_right,2,ood_occlusion,occlusion,"{'anchor': 'obj_2', 'target': 'obj_3', 'relation': 'left'}",blue square,green triangle,blue square,False,0.0432777175000183,ood_failure
ood_occlusion_000044_q02,ood_occlusion_000044,images/ood_occlusion/ood_occlusion_000044.png,Do the green circle and the yellow circle overlap? Answer yes or no.,no,overlap,2,ood_occlusion,occlusion,"{'objects': ['obj_1', 'obj_2'], 'relation': 'overlap'}",yes,no,yes,False,0.0432777175000183,ood_failure
ood_occlusion_000044_q03,ood_occlusion_000044,images/ood_occlusion/ood_occlusion_000044.png,"Which object is closer to the center of the image, the green triangle or the green circle?",green circle,center_proximity,2,ood_occlusion,occlusion,"{'objects': ['obj_3', 'obj_1'], 'target': 'obj_1', 'relation': 'center_proximity'}",green circle,green circle,green circle,True,0.0432777175000183,
ood_occlusion_000044_q04,ood_occlusion_000044,images/ood_occlusion/ood_occlusion_000044.png,Which object is between the green circle and the green triangle?,yellow circle,between,3,ood_occlusion,occlusion,"{'objects': ['obj_1', 'obj_3'], 'target': 'obj_2', 'relation': 'between'}",yellow circle,yellow circle,yellow circle,True,0.0432777175000183,
ood_occlusion_000045_q01,ood_occlusion_000045,images/ood_occlusion/ood_occlusion_000045.png,Which object is both right of the yellow circle and above the red rectangle?,blue triangle,multi_hop,4,ood_occlusion,occlusion,"{'anchors': ['obj_1', 'obj_3'], 'target': 'obj_4', 'relations': ['right of', 'above']}",blue triangle,blue triangle,blue triangle,True,0.0432777175000183,
ood_occlusion_000045_q02,ood_occlusion_000045,images/ood_occlusion/ood_occlusion_000045.png,"Which object is closer to the center of the image, the green rectangle or the red rectangle?",green rectangle,center_proximity,2,ood_occlusion,occlusion,"{'objects': ['obj_2', 'obj_3'], 'target': 'obj_2', 'relation': 'center_proximity'}",red rectangle,green rectangle,red rectangle,False,0.0432777175000183,ood_failure
ood_occlusion_000045_q03,ood_occlusion_000045,images/ood_occlusion/ood_occlusion_000045.png,How many circle objects are in the image?,1,counting,1,ood_occlusion,occlusion,{'filter': {'shape': 'circle'}},2,1,2,False,0.0432777175000183,ood_failure
ood_occlusion_000045_q04,ood_occlusion_000045,images/ood_occlusion/ood_occlusion_000045.png,Which object is the topmost in the image?,blue triangle,relative_ordering,2,ood_occlusion,occlusion,"{'target': 'obj_4', 'relation': 'topmost'}",blue triangle,blue triangle,blue triangle,True,0.0432777175000183,
ood_occlusion_000046_q01,ood_occlusion_000046,images/ood_occlusion/ood_occlusion_000046.png,Which object is between the red rectangle and the yellow triangle?,red circle,between,3,ood_occlusion,occlusion,"{'objects': ['obj_2', 'obj_1'], 'target': 'obj_3', 'relation': 'between'}",red circle,red circle,red circle,True,0.04159194987499859,
ood_occlusion_000046_q02,ood_occlusion_000046,images/ood_occlusion/ood_occlusion_000046.png,Which object is the rightmost in the image?,yellow triangle,relative_ordering,2,ood_occlusion,occlusion,"{'target': 'obj_1', 'relation': 'rightmost'}",red circle,yellow triangle,red circle,False,0.04159194987499859,ood_failure
ood_occlusion_000046_q03,ood_occlusion_000046,images/ood_occlusion/ood_occlusion_000046.png,Is the yellow triangle completely inside the red rectangle? Answer yes or no.,no,inside_outside,2,ood_occlusion,occlusion,"{'objects': ['obj_1', 'obj_2'], 'relation': 'inside'}",no,no,no,True,0.04159194987499859,
ood_occlusion_000046_q04,ood_occlusion_000046,images/ood_occlusion/ood_occlusion_000046.png,How many red objects are in the image?,2,counting,1,ood_occlusion,occlusion,{'filter': {'color': 'red'}},2,2,2,True,0.04159194987499859,
ood_occlusion_000047_q01,ood_occlusion_000047,images/ood_occlusion/ood_occlusion_000047.png,Which object is between the green rectangle and the green triangle?,blue triangle,between,3,ood_occlusion,occlusion,"{'objects': ['obj_1', 'obj_2'], 'target': 'obj_3', 'relation': 'between'}",blue triangle,blue triangle,blue triangle,True,0.04159194987499859,
ood_occlusion_000047_q02,ood_occlusion_000047,images/ood_occlusion/ood_occlusion_000047.png,Which object is immediately left of the green rectangle?,blue triangle,left_right,2,ood_occlusion,occlusion,"{'anchor': 'obj_1', 'target': 'obj_3', 'relation': 'left'}",triangle,blue triangle,triangle,False,0.04159194987499859,ood_failure
ood_occlusion_000047_q03,ood_occlusion_000047,images/ood_occlusion/ood_occlusion_000047.png,Which object is immediately below the green rectangle?,blue triangle,above_below,2,ood_occlusion,occlusion,"{'anchor': 'obj_1', 'target': 'obj_3', 'relation': 'below'}",blue triangle,blue triangle,blue triangle,True,0.04159194987499859,
ood_occlusion_000047_q04,ood_occlusion_000047,images/ood_occlusion/ood_occlusion_000047.png,"Which object is closer to the center of the image, the green rectangle or the blue triangle?",blue triangle,center_proximity,2,ood_occlusion,occlusion,"{'objects': ['obj_1', 'obj_3'], 'target': 'obj_3', 'relation': 'center_proximity'}",green rectangle,blue triangle,green rectangle,False,0.04159194987499859,ood_failure
ood_occlusion_000048_q01,ood_occlusion_000048,images/ood_occlusion/ood_occlusion_000048.png,Which object is farthest from the red rectangle?,blue circle,nearest_farthest,2,ood_occlusion,occlusion,"{'anchor': 'obj_2', 'target': 'obj_1', 'relation': 'farthest'}",blue circle,blue circle,blue circle,True,0.04193121637496233,
ood_occlusion_000048_q02,ood_occlusion_000048,images/ood_occlusion/ood_occlusion_000048.png,Which object is both below the red triangle and above the red rectangle?,blue circle,multi_hop,4,ood_occlusion,occlusion,"{'anchors': ['obj_3', 'obj_2'], 'target': 'obj_1', 'relations': ['below', 'above']}",blue circle,blue circle,blue circle,True,0.04193121637496233,
ood_occlusion_000048_q03,ood_occlusion_000048,images/ood_occlusion/ood_occlusion_000048.png,How many objects are above the red triangle?,0,counting,2,ood_occlusion,occlusion,"{'anchor': 'obj_3', 'relation': 'above'}",2,0,2,False,0.04193121637496233,ood_failure
ood_occlusion_000048_q04,ood_occlusion_000048,images/ood_occlusion/ood_occlusion_000048.png,Which object is the rightmost in the image?,red rectangle,relative_ordering,2,ood_occlusion,occlusion,"{'target': 'obj_2', 'relation': 'rightmost'}",red rectangle,red rectangle,red rectangle,True,0.04193121637496233,
ood_occlusion_000049_q01,ood_occlusion_000049,images/ood_occlusion/ood_occlusion_000049.png,How many yellow objects are in the image?,1,counting,1,ood_occlusion,occlusion,{'filter': {'color': 'yellow'}},1,1,1,True,0.04193121637496233,
ood_occlusion_000049_q02,ood_occlusion_000049,images/ood_occlusion/ood_occlusion_000049.png,Which object is farthest from the yellow circle?,green circle,nearest_farthest,2,ood_occlusion,occlusion,"{'anchor': 'obj_2', 'target': 'obj_4', 'relation': 'farthest'}",blue triangle,green circle,blue triangle,False,0.04193121637496233,ood_failure
ood_occlusion_000049_q03,ood_occlusion_000049,images/ood_occlusion/ood_occlusion_000049.png,Which object is both above the green circle and right of the blue triangle?,blue rectangle,multi_hop,4,ood_occlusion,occlusion,"{'anchors': ['obj_4', 'obj_5'], 'target': 'obj_1', 'relations': ['above', 'right of']}",yellow circle,blue rectangle,yellow circle,False,0.04193121637496233,ood_failure
ood_occlusion_000049_q04,ood_occlusion_000049,images/ood_occlusion/ood_occlusion_000049.png,"Which object is closer to the center of the image, the blue rectangle or the green triangle?",green triangle,center_proximity,2,ood_occlusion,occlusion,"{'objects': ['obj_1', 'obj_3'], 'target': 'obj_3', 'relation': 'center_proximity'}",green triangle,green triangle,green triangle,True,0.04193121637496233,
