sample_id,scene_id,image,question,answer,task,difficulty,split,ood_type,metadata,prediction,normalized_ground_truth,normalized_prediction,correct,latency_seconds,error_type,ood_failure
test_000000_q01,test_000000,images/test/test_000000.png,Do the red rectangle and the yellow triangle overlap? Answer yes or no.,no,overlap,2,test,,"{'objects': ['obj_2', 'obj_3'], 'relation': 'overlap'}","{""answer"": ""no""}",no,no,True,1.1842850649999264,,False
test_000000_q02,test_000000,images/test/test_000000.png,Which object is immediately right of the red rectangle?,yellow rectangle,left_right,2,test,,"{'anchor': 'obj_2', 'target': 'obj_5', 'relation': 'right'}","```json
{""answer"": ""yellow square""}
```",yellow rectangle,yellow square,False,0.6788946850000457,spatial_inversion,False
test_000000_q03,test_000000,images/test/test_000000.png,Which object is between the blue circle and the yellow rectangle?,green triangle,between,3,test,,"{'objects': ['obj_4', 'obj_5'], 'target': 'obj_1', 'relation': 'between'}","```json
{""answer"": ""green triangle""}
```",green triangle,green triangle,True,0.6853281639999977,,False
test_000000_q04,test_000000,images/test/test_000000.png,Which object is farthest from the blue circle?,yellow triangle,nearest_farthest,2,test,,"{'anchor': 'obj_4', 'target': 'obj_3', 'relation': 'farthest'}","```json
{""answer"": ""red square""}
```",yellow triangle,red square,False,0.6896212179999566,distance_reasoning_error,False
test_000001_q01,test_000001,images/test/test_000001.png,Is the blue circle completely inside the green triangle? Answer yes or no.,no,inside_outside,2,test,,"{'objects': ['obj_1', 'obj_3'], 'relation': 'inside'}","{""answer"": ""no""}",no,no,True,0.42642280199993365,,False
test_000001_q02,test_000001,images/test/test_000001.png,"Which object is smaller, the blue circle or the blue rectangle?",blue circle,relative_size,2,test,,"{'objects': ['obj_1', 'obj_4'], 'target': 'obj_1', 'relation': 'smaller'}","```json
{""answer"": ""blue circle""}
```",blue circle,blue circle,True,0.6728403710000066,,False
test_000001_q03,test_000001,images/test/test_000001.png,Which object is between the green triangle and the blue circle?,blue rectangle,between,3,test,,"{'objects': ['obj_3', 'obj_1'], 'target': 'obj_4', 'relation': 'between'}","```json
{""answer"": ""square""}
```",blue rectangle,square,False,0.6201939950000224,other,False
test_000001_q04,test_000001,images/test/test_000001.png,Which object is farthest from the blue rectangle?,green triangle,nearest_farthest,2,test,,"{'anchor': 'obj_4', 'target': 'obj_3', 'relation': 'farthest'}","```json
{""answer"": ""green triangle""}
```",green triangle,green triangle,True,0.6763234070000408,,False
test_000002_q01,test_000002,images/test/test_000002.png,Which object is immediately below the yellow triangle?,blue triangle,above_below,2,test,,"{'anchor': 'obj_4', 'target': 'obj_2', 'relation': 'below'}","```json
{""answer"": ""blue circle""}
```",blue triangle,blue circle,False,0.6716815320000933,spatial_inversion,False
test_000002_q02,test_000002,images/test/test_000002.png,Which object is both left of the blue circle and above the blue triangle?,yellow triangle,multi_hop,4,test,,"{'anchors': ['obj_1', 'obj_2'], 'target': 'obj_4', 'relations': ['left of', 'above']}","```json
{""answer"": ""yellow square""}
```",yellow triangle,yellow square,False,0.6798251839999239,relation_chain_failure,False
test_000002_q03,test_000002,images/test/test_000002.png,How many objects are above the red triangle?,4,counting,2,test,,"{'anchor': 'obj_5', 'relation': 'above'}","```json
{""answer"": ""2""}
```",4,2,False,0.64085272300008,counting_error,False
test_000002_q04,test_000002,images/test/test_000002.png,Which object is nearest from the red triangle?,yellow triangle,nearest_farthest,2,test,,"{'anchor': 'obj_5', 'target': 'obj_4', 'relation': 'nearest'}","```json
{""answer"": ""yellow square""}
```",yellow triangle,yellow square,False,0.6868593369999871,distance_reasoning_error,False
test_000003_q01,test_000003,images/test/test_000003.png,Which object is immediately above the red circle?,red rectangle,above_below,2,test,,"{'anchor': 'obj_4', 'target': 'obj_3', 'relation': 'above'}","```json
{""answer"": ""rectangle""}
```",red rectangle,rectangle,False,0.6311474520000502,spatial_inversion,False
test_000003_q02,test_000003,images/test/test_000003.png,Which object is farthest from the red rectangle?,blue circle,nearest_farthest,2,test,,"{'anchor': 'obj_3', 'target': 'obj_1', 'relation': 'farthest'}","```json
{""answer"": ""blue circle""}
```",blue circle,blue circle,True,0.6800714830000061,,False
test_000003_q03,test_000003,images/test/test_000003.png,Is the red circle completely inside the red rectangle? Answer yes or no.,no,inside_outside,2,test,,"{'objects': ['obj_4', 'obj_3'], 'relation': 'inside'}","{""answer"": ""no""}",no,no,True,0.42516378000004806,,False
test_000003_q04,test_000003,images/test/test_000003.png,"Which object is closer to the center of the image, the blue rectangle or the red rectangle?",blue rectangle,center_proximity,2,test,,"{'objects': ['obj_2', 'obj_3'], 'target': 'obj_2', 'relation': 'center_proximity'}","```json
{""answer"": ""blue rectangle""}
```",blue rectangle,blue rectangle,True,0.6768390650000811,,False
test_000004_q01,test_000004,images/test/test_000004.png,Which object is both right of the yellow triangle and below the yellow rectangle?,blue circle,multi_hop,4,test,,"{'anchors': ['obj_2', 'obj_1'], 'target': 'obj_4', 'relations': ['right of', 'below']}","```json
{""answer"": ""blue circle""}
```",blue circle,blue circle,True,0.6734656890000679,,False
test_000004_q02,test_000004,images/test/test_000004.png,Is the blue circle completely inside the green triangle? Answer yes or no.,no,inside_outside,2,test,,"{'objects': ['obj_4', 'obj_5'], 'relation': 'inside'}","{""answer"": ""no""}",no,no,True,0.42511032400000204,,False
test_000004_q03,test_000004,images/test/test_000004.png,Which object is immediately left of the green rectangle?,yellow triangle,left_right,2,test,,"{'anchor': 'obj_3', 'target': 'obj_2', 'relation': 'left'}","```json
{""answer"": ""triangle""}
```",yellow triangle,triangle,False,0.6265303139999787,spatial_inversion,False
test_000004_q04,test_000004,images/test/test_000004.png,How many objects are left of the yellow triangle?,0,counting,2,test,,"{'anchor': 'obj_2', 'relation': 'left'}","```json
{""answer"": ""2""}
```",0,2,False,0.6325814140000148,counting_error,False
test_000005_q01,test_000005,images/test/test_000005.png,Which object is both left of the green rectangle and below the yellow rectangle?,blue triangle,multi_hop,4,test,,"{'anchors': ['obj_4', 'obj_5'], 'target': 'obj_3', 'relations': ['left of', 'below']}","```json
{""answer"": ""blue triangle""}
```",blue triangle,blue triangle,True,0.6737772189999305,,False
test_000005_q02,test_000005,images/test/test_000005.png,Which object is immediately above the yellow rectangle?,green rectangle,above_below,2,test,,"{'anchor': 'obj_5', 'target': 'obj_4', 'relation': 'above'}","```json
{""answer"": ""triangle""}
```",green rectangle,triangle,False,0.6279154100000142,spatial_inversion,False
test_000005_q03,test_000005,images/test/test_000005.png,How many triangle objects are in the image?,3,counting,1,test,,{'filter': {'shape': 'triangle'}},"```json
{""answer"": ""1""}
```",3,1,False,0.6250727539999161,counting_error,False
test_000005_q04,test_000005,images/test/test_000005.png,Which object is between the yellow triangle and the blue triangle?,yellow rectangle,between,3,test,,"{'objects': ['obj_1', 'obj_3'], 'target': 'obj_5', 'relation': 'between'}","```json
{""answer"": ""square""}
```",yellow rectangle,square,False,0.6273199629999908,other,False
test_000006_q01,test_000006,images/test/test_000006.png,Which object is nearest from the blue rectangle?,green rectangle,nearest_farthest,2,test,,"{'anchor': 'obj_2', 'target': 'obj_1', 'relation': 'nearest'}","```json
{""answer"": ""green rectangle""}
```",green rectangle,green rectangle,True,0.6744012720000683,,False
test_000006_q02,test_000006,images/test/test_000006.png,"Which object is smaller, the green rectangle or the blue rectangle?",green rectangle,relative_size,2,test,,"{'objects': ['obj_1', 'obj_2'], 'target': 'obj_1', 'relation': 'smaller'}","```json
{""answer"": ""green rectangle""}
```",green rectangle,green rectangle,True,0.6772474029999103,,False
test_000006_q03,test_000006,images/test/test_000006.png,Which object is the leftmost in the image?,green rectangle,relative_ordering,2,test,,"{'target': 'obj_1', 'relation': 'leftmost'}","```json
{""answer"": ""green""}
```",green rectangle,green,False,0.6276037510000378,spatial_inversion,False
test_000006_q04,test_000006,images/test/test_000006.png,Is the green rectangle completely inside the red circle? Answer yes or no.,no,inside_outside,2,test,,"{'objects': ['obj_1', 'obj_3'], 'relation': 'inside'}","{""answer"": ""no""}",no,no,True,0.42917752500000006,,False
test_000007_q01,test_000007,images/test/test_000007.png,"Which object is closer to the center of the image, the green rectangle or the blue rectangle?",blue rectangle,center_proximity,2,test,,"{'objects': ['obj_1', 'obj_3'], 'target': 'obj_3', 'relation': 'center_proximity'}","```json
{""answer"": ""blue rectangle""}
```",blue rectangle,blue rectangle,True,0.6835244110000076,,False
test_000007_q02,test_000007,images/test/test_000007.png,How many red objects are in the image?,1,counting,1,test,,{'filter': {'color': 'red'}},"```json
{""answer"": ""1""}
```",1,1,True,0.6343916230000559,,False
test_000007_q03,test_000007,images/test/test_000007.png,Which object is the bottommost in the image?,green rectangle,relative_ordering,2,test,,"{'target': 'obj_1', 'relation': 'bottommost'}","```json
{""answer"": ""square""}
```",green rectangle,square,False,0.6275340890000507,spatial_inversion,False
test_000007_q04,test_000007,images/test/test_000007.png,Which object is immediately above the red triangle?,green circle,above_below,2,test,,"{'anchor': 'obj_4', 'target': 'obj_2', 'relation': 'above'}","```json
{""answer"": ""blue square""}
```",green circle,blue square,False,0.6783413890000247,spatial_inversion,False
test_000008_q01,test_000008,images/test/test_000008.png,How many blue objects are in the image?,1,counting,1,test,,{'filter': {'color': 'blue'}},"```json
{""answer"": ""1""}
```",1,1,True,0.6212134470000592,,False
test_000008_q02,test_000008,images/test/test_000008.png,"Which object is smaller, the yellow circle or the yellow rectangle?",yellow rectangle,relative_size,2,test,,"{'objects': ['obj_2', 'obj_1'], 'target': 'obj_1', 'relation': 'smaller'}","```json
{""answer"": ""yellow rectangle""}
```",yellow rectangle,yellow rectangle,True,0.673865552000052,,False
test_000008_q03,test_000008,images/test/test_000008.png,Do the yellow triangle and the yellow rectangle overlap? Answer yes or no.,no,overlap,2,test,,"{'objects': ['obj_5', 'obj_1'], 'relation': 'overlap'}","{""answer"": ""no""}",no,no,True,0.4266184229999226,,False
test_000008_q04,test_000008,images/test/test_000008.png,Which object is nearest from the red triangle?,yellow circle,nearest_farthest,2,test,,"{'anchor': 'obj_3', 'target': 'obj_2', 'relation': 'nearest'}","```json
{""answer"": ""triangle""}
```",yellow circle,triangle,False,0.6252028849999078,distance_reasoning_error,False
test_000009_q01,test_000009,images/test/test_000009.png,Do the blue circle and the blue triangle overlap? Answer yes or no.,no,overlap,2,test,,"{'objects': ['obj_3', 'obj_2'], 'relation': 'overlap'}","{""answer"": ""no""}",no,no,True,0.4219393460000447,,False
test_000009_q02,test_000009,images/test/test_000009.png,Which object is immediately right of the yellow triangle?,yellow circle,left_right,2,test,,"{'anchor': 'obj_5', 'target': 'obj_1', 'relation': 'right'}","```json
{""answer"": ""square""}
```",yellow circle,square,False,0.6319449289999284,spatial_inversion,False
test_000009_q03,test_000009,images/test/test_000009.png,Which object is both left of the red rectangle and above the blue triangle?,yellow triangle,multi_hop,4,test,,"{'anchors': ['obj_4', 'obj_2'], 'target': 'obj_5', 'relations': ['left of', 'above']}","```json
{""answer"": ""yellow triangle""}
```",yellow triangle,yellow triangle,True,0.6757701930000621,,False
test_000009_q04,test_000009,images/test/test_000009.png,Which object is the bottommost in the image?,yellow circle,relative_ordering,2,test,,"{'target': 'obj_1', 'relation': 'bottommost'}","```json
{""answer"": ""square""}
```",yellow circle,square,False,0.6289930049999839,spatial_inversion,False
test_000010_q01,test_000010,images/test/test_000010.png,Is the blue rectangle completely inside the blue circle? Answer yes or no.,no,inside_outside,2,test,,"{'objects': ['obj_1', 'obj_3'], 'relation': 'inside'}","{""answer"": ""no""}",no,no,True,0.4277483079999911,,False
test_000010_q02,test_000010,images/test/test_000010.png,"Which object is smaller, the blue rectangle or the green triangle?",blue rectangle,relative_size,2,test,,"{'objects': ['obj_1', 'obj_4'], 'target': 'obj_1', 'relation': 'smaller'}","```json
{""answer"": ""blue rectangle""}
```",blue rectangle,blue rectangle,True,0.6750508260000743,,False
test_000010_q03,test_000010,images/test/test_000010.png,Which object is farthest from the green triangle?,blue rectangle,nearest_farthest,2,test,,"{'anchor': 'obj_4', 'target': 'obj_1', 'relation': 'farthest'}","```json
{""answer"": ""blue square""}
```",blue rectangle,blue square,False,0.675924818999988,distance_reasoning_error,False
test_000010_q04,test_000010,images/test/test_000010.png,Which object is the leftmost in the image?,green triangle,relative_ordering,2,test,,"{'target': 'obj_4', 'relation': 'leftmost'}","```json
{""answer"": ""triangle""}
```",green triangle,triangle,False,0.6246483529999978,spatial_inversion,False
test_000011_q01,test_000011,images/test/test_000011.png,Which object is both right of the blue rectangle and below the red rectangle?,blue triangle,multi_hop,4,test,,"{'anchors': ['obj_1', 'obj_3'], 'target': 'obj_4', 'relations': ['right of', 'below']}","```json
{""answer"": ""blue triangle""}
```",blue triangle,blue triangle,True,0.6764201120000735,,False
test_000011_q02,test_000011,images/test/test_000011.png,How many objects are left of the red rectangle?,2,counting,2,test,,"{'anchor': 'obj_3', 'relation': 'left'}","```json
{""answer"": ""2""}
```",2,2,True,0.6284477960000459,,False
test_000011_q03,test_000011,images/test/test_000011.png,Which object is nearest from the red rectangle?,blue rectangle,nearest_farthest,2,test,,"{'anchor': 'obj_3', 'target': 'obj_1', 'relation': 'nearest'}","```json
{""answer"": ""triangle""}
```",blue rectangle,triangle,False,0.6222531349999372,distance_reasoning_error,False
test_000011_q04,test_000011,images/test/test_000011.png,Which object is immediately left of the blue triangle?,red rectangle,left_right,2,test,,"{'anchor': 'obj_4', 'target': 'obj_3', 'relation': 'left'}","```json
{""answer"": ""blue rectangle""}
```",red rectangle,blue rectangle,False,0.6868787280000106,spatial_inversion,False
test_000012_q01,test_000012,images/test/test_000012.png,Which object is immediately below the green triangle?,blue circle,above_below,2,test,,"{'anchor': 'obj_3', 'target': 'obj_1', 'relation': 'below'}","```json
{""answer"": ""blue circle""}
```",blue circle,blue circle,True,0.684388174999981,,False
test_000012_q02,test_000012,images/test/test_000012.png,Which object is immediately left of the blue circle?,green triangle,left_right,2,test,,"{'anchor': 'obj_1', 'target': 'obj_3', 'relation': 'left'}","```json
{""answer"": ""triangle""}
```",green triangle,triangle,False,0.6380611719999933,spatial_inversion,False
test_000012_q03,test_000012,images/test/test_000012.png,Which object is farthest from the yellow triangle?,green triangle,nearest_farthest,2,test,,"{'anchor': 'obj_2', 'target': 'obj_3', 'relation': 'farthest'}","```json
{""answer"": ""blue circle""}
```",green triangle,blue circle,False,0.6821358969999665,distance_reasoning_error,False
test_000012_q04,test_000012,images/test/test_000012.png,Is the yellow triangle completely inside the green triangle? Answer yes or no.,no,inside_outside,2,test,,"{'objects': ['obj_2', 'obj_3'], 'relation': 'inside'}","{""answer"": ""no""}",no,no,True,0.4267631299999266,,False
test_000013_q01,test_000013,images/test/test_000013.png,Which object is both above the yellow rectangle and left of the green rectangle?,red triangle,multi_hop,4,test,,"{'anchors': ['obj_4', 'obj_5'], 'target': 'obj_2', 'relations': ['above', 'left of']}","```json
{""answer"": ""triangle""}
```",red triangle,triangle,False,0.6276707970000643,relation_chain_failure,False
test_000013_q02,test_000013,images/test/test_000013.png,Is the green rectangle completely inside the yellow rectangle? Answer yes or no.,no,inside_outside,2,test,,"{'objects': ['obj_5', 'obj_4'], 'relation': 'inside'}","{""answer"": ""no""}",no,no,True,0.43290039500004696,,False
test_000013_q03,test_000013,images/test/test_000013.png,Which object is immediately right of the red triangle?,green rectangle,left_right,2,test,,"{'anchor': 'obj_2', 'target': 'obj_5', 'relation': 'right'}","```json
{""answer"": ""blue square""}
```",green rectangle,blue square,False,0.6740749890000188,spatial_inversion,False
test_000013_q04,test_000013,images/test/test_000013.png,How many objects are above the yellow rectangle?,4,counting,2,test,,"{'anchor': 'obj_4', 'relation': 'above'}","```json
{""answer"": ""3""}
```",4,3,False,0.6366019199999755,counting_error,False
test_000014_q01,test_000014,images/test/test_000014.png,Which object is immediately right of the red circle?,red rectangle,left_right,2,test,,"{'anchor': 'obj_2', 'target': 'obj_1', 'relation': 'right'}","```json
{""answer"": ""blue rectangle""}
```",red rectangle,blue rectangle,False,0.662350229000026,spatial_inversion,False
test_000014_q02,test_000014,images/test/test_000014.png,Which object is both above the blue rectangle and right of the yellow triangle?,red circle,multi_hop,4,test,,"{'anchors': ['obj_4', 'obj_3'], 'target': 'obj_2', 'relations': ['above', 'right of']}","```json
{""answer"": ""red circle""}
```",red circle,red circle,True,0.6816708589999507,,False
test_000014_q03,test_000014,images/test/test_000014.png,Which object is immediately below the red circle?,blue rectangle,above_below,2,test,,"{'anchor': 'obj_2', 'target': 'obj_4', 'relation': 'below'}","```json
{""answer"": ""blue rectangle""}
```",blue rectangle,blue rectangle,True,0.6676377900000716,,False
test_000014_q04,test_000014,images/test/test_000014.png,How many red objects are in the image?,2,counting,1,test,,{'filter': {'color': 'red'}},"```json
{""answer"": ""2""}
```",2,2,True,0.6180000580000069,,False
test_000015_q01,test_000015,images/test/test_000015.png,Which object is nearest from the blue circle?,blue rectangle,nearest_farthest,2,test,,"{'anchor': 'obj_3', 'target': 'obj_4', 'relation': 'nearest'}","```json
{""answer"": ""triangle""}
```",blue rectangle,triangle,False,0.6261833119999665,distance_reasoning_error,False
test_000015_q02,test_000015,images/test/test_000015.png,"Which object is smaller, the yellow triangle or the blue rectangle?",blue rectangle,relative_size,2,test,,"{'objects': ['obj_2', 'obj_4'], 'target': 'obj_4', 'relation': 'smaller'}","```json
{""answer"": ""yellow triangle""}
```",blue rectangle,yellow triangle,False,0.6733607080000183,object_confusion,False
test_000015_q03,test_000015,images/test/test_000015.png,Which object is the leftmost in the image?,yellow circle,relative_ordering,2,test,,"{'target': 'obj_1', 'relation': 'leftmost'}","```json
{""answer"": ""circle""}
```",yellow circle,circle,False,0.6167215519999445,spatial_inversion,False
test_000015_q04,test_000015,images/test/test_000015.png,Which object is between the blue circle and the yellow circle?,blue rectangle,between,3,test,,"{'objects': ['obj_3', 'obj_1'], 'target': 'obj_4', 'relation': 'between'}","```json
{""answer"": ""triangle""}
```",blue rectangle,triangle,False,0.621469816000058,object_confusion,False
test_000016_q01,test_000016,images/test/test_000016.png,"Which object is closer to the center of the image, the blue rectangle or the green triangle?",blue rectangle,center_proximity,2,test,,"{'objects': ['obj_1', 'obj_3'], 'target': 'obj_1', 'relation': 'center_proximity'}","```json
{""answer"": ""blue rectangle""}
```",blue rectangle,blue rectangle,True,0.6668209829999796,,False
test_000016_q02,test_000016,images/test/test_000016.png,How many objects are above the blue rectangle?,0,counting,2,test,,"{'anchor': 'obj_1', 'relation': 'above'}","```json
{""answer"": ""2""}
```",0,2,False,0.6142897930000117,counting_error,False
test_000016_q03,test_000016,images/test/test_000016.png,Which object is the bottommost in the image?,yellow triangle,relative_ordering,2,test,,"{'target': 'obj_4', 'relation': 'bottommost'}","```json
{""answer"": ""circle""}
```",yellow triangle,circle,False,0.6288956689999168,spatial_inversion,False
test_000016_q04,test_000016,images/test/test_000016.png,Which object is immediately above the yellow triangle?,blue circle,above_below,2,test,,"{'anchor': 'obj_4', 'target': 'obj_2', 'relation': 'above'}","```json
{""answer"": ""blue square""}
```",blue circle,blue square,False,0.6830919919999587,spatial_inversion,False
test_000017_q01,test_000017,images/test/test_000017.png,How many green objects are in the image?,2,counting,1,test,,{'filter': {'color': 'green'}},"```json
{""answer"": ""2""}
```",2,2,True,0.6265412849999166,,False
test_000017_q02,test_000017,images/test/test_000017.png,"Which object is smaller, the green rectangle or the yellow triangle?",green rectangle,relative_size,2,test,,"{'objects': ['obj_2', 'obj_1'], 'target': 'obj_2', 'relation': 'smaller'}","```json
{""answer"": ""green rectangle""}
```",green rectangle,green rectangle,True,0.6708253030000151,,False
test_000017_q03,test_000017,images/test/test_000017.png,Do the red triangle and the yellow triangle overlap? Answer yes or no.,no,overlap,2,test,,"{'objects': ['obj_5', 'obj_1'], 'relation': 'overlap'}","{""answer"": ""no""}",no,no,True,0.4190388359999133,,False
test_000017_q04,test_000017,images/test/test_000017.png,Which object is nearest from the blue rectangle?,red triangle,nearest_farthest,2,test,,"{'anchor': 'obj_3', 'target': 'obj_5', 'relation': 'nearest'}","```json
{""answer"": ""triangle""}
```",red triangle,triangle,False,0.6198053309999523,distance_reasoning_error,False
test_000018_q01,test_000018,images/test/test_000018.png,Do the blue rectangle and the red circle overlap? Answer yes or no.,no,overlap,2,test,,"{'objects': ['obj_3', 'obj_2'], 'relation': 'overlap'}","{""answer"": ""no""}",no,no,True,0.4151698040000156,,False
test_000018_q02,test_000018,images/test/test_000018.png,Which object is immediately right of the green circle?,blue triangle,left_right,2,test,,"{'anchor': 'obj_5', 'target': 'obj_4', 'relation': 'right'}","```json
{""answer"": ""red circle""}
```",blue triangle,red circle,False,0.666708442000072,spatial_inversion,False
test_000018_q03,test_000018,images/test/test_000018.png,Which object is both right of the green circle and above the blue rectangle?,blue triangle,multi_hop,4,test,,"{'anchors': ['obj_5', 'obj_3'], 'target': 'obj_4', 'relations': ['right of', 'above']}","```json
{""answer"": ""red circle""}
```",blue triangle,red circle,False,0.6674490909999804,relation_chain_failure,False
test_000018_q04,test_000018,images/test/test_000018.png,Which object is the bottommost in the image?,red circle,relative_ordering,2,test,,"{'target': 'obj_2', 'relation': 'bottommost'}","```json
{""answer"": ""red circle""}
```",red circle,red circle,True,0.6661057349999737,,False
test_000019_q01,test_000019,images/test/test_000019.png,Which object is between the red rectangle and the red triangle?,blue rectangle,between,3,test,,"{'objects': ['obj_3', 'obj_2'], 'target': 'obj_4', 'relation': 'between'}","```json
{""answer"": ""square""}
```",blue rectangle,square,False,0.6231942489999938,other,False
test_000019_q02,test_000019,images/test/test_000019.png,Is the red triangle completely inside the blue circle? Answer yes or no.,no,inside_outside,2,test,,"{'objects': ['obj_2', 'obj_1'], 'relation': 'inside'}","{""answer"": ""no""}",no,no,True,0.4194408650000696,,False
test_000019_q03,test_000019,images/test/test_000019.png,Which object is farthest from the red triangle?,red rectangle,nearest_farthest,2,test,,"{'anchor': 'obj_2', 'target': 'obj_3', 'relation': 'farthest'}","```json
{""answer"": ""blue circle""}
```",red rectangle,blue circle,False,0.6696764679999205,distance_reasoning_error,False
test_000019_q04,test_000019,images/test/test_000019.png,Which object is both above the blue rectangle and right of the blue circle?,red rectangle,multi_hop,4,test,,"{'anchors': ['obj_4', 'obj_1'], 'target': 'obj_3', 'relations': ['above', 'right of']}","```json
{""answer"": ""square""}
```",red rectangle,square,False,0.6192466850000073,relation_chain_failure,False
test_000020_q01,test_000020,images/test/test_000020.png,Which object is immediately below the blue circle?,yellow circle,above_below,2,test,,"{'anchor': 'obj_3', 'target': 'obj_2', 'relation': 'below'}","```json
{""answer"": ""square""}
```",yellow circle,square,False,0.6179541730000437,spatial_inversion,False
test_000020_q02,test_000020,images/test/test_000020.png,Which object is both below the blue circle and above the blue rectangle?,yellow circle,multi_hop,4,test,,"{'anchors': ['obj_3', 'obj_1'], 'target': 'obj_2', 'relations': ['below', 'above']}","```json
{""answer"": ""blue circle""}
```",yellow circle,blue circle,False,0.6724343659999477,relation_chain_failure,False
test_000020_q03,test_000020,images/test/test_000020.png,How many blue objects are in the image?,2,counting,1,test,,{'filter': {'color': 'blue'}},"```json
{""answer"": ""2""}
```",2,2,True,0.6182794660001036,,False
test_000020_q04,test_000020,images/test/test_000020.png,Which object is nearest from the blue rectangle?,yellow circle,nearest_farthest,2,test,,"{'anchor': 'obj_1', 'target': 'obj_2', 'relation': 'nearest'}","```json
{""answer"": ""blue circle""}
```",yellow circle,blue circle,False,0.6672216619999745,distance_reasoning_error,False
test_000021_q01,test_000021,images/test/test_000021.png,Which object is farthest from the blue triangle?,yellow circle,nearest_farthest,2,test,,"{'anchor': 'obj_3', 'target': 'obj_4', 'relation': 'farthest'}","```json
{""answer"": ""green circle""}
```",yellow circle,green circle,False,0.6673163809999778,distance_reasoning_error,False
test_000021_q02,test_000021,images/test/test_000021.png,Is the yellow circle completely inside the blue triangle? Answer yes or no.,no,inside_outside,2,test,,"{'objects': ['obj_4', 'obj_3'], 'relation': 'inside'}","{""answer"": ""no""}",no,no,True,0.42605659399998785,,False
test_000021_q03,test_000021,images/test/test_000021.png,"Which object is closer to the center of the image, the red circle or the blue triangle?",red circle,center_proximity,2,test,,"{'objects': ['obj_2', 'obj_3'], 'target': 'obj_2', 'relation': 'center_proximity'}","```json
{""answer"": ""red circle""}
```",red circle,red circle,True,0.6697430389999681,,False
test_000021_q04,test_000021,images/test/test_000021.png,Do the yellow circle and the green circle overlap? Answer yes or no.,no,overlap,2,test,,"{'objects': ['obj_4', 'obj_1'], 'relation': 'overlap'}","{""answer"": ""no""}",no,no,True,0.4227665180000031,,False
test_000022_q01,test_000022,images/test/test_000022.png,Which object is both below the yellow rectangle and right of the blue circle?,green triangle,multi_hop,4,test,,"{'anchors': ['obj_2', 'obj_1'], 'target': 'obj_3', 'relations': ['below', 'right of']}","```json
{""answer"": ""triangle""}
```",green triangle,triangle,False,0.624552537999989,relation_chain_failure,False
test_000022_q02,test_000022,images/test/test_000022.png,Is the blue circle completely inside the yellow rectangle? Answer yes or no.,no,inside_outside,2,test,,"{'objects': ['obj_1', 'obj_2'], 'relation': 'inside'}","{""answer"": ""no""}",no,no,True,0.41846461999989515,,False
test_000022_q03,test_000022,images/test/test_000022.png,How many rectangle objects are in the image?,1,counting,1,test,,{'filter': {'shape': 'rectangle'}},"```json
{""answer"": ""1""}
```",1,1,True,0.6122006550000378,,False
test_000022_q04,test_000022,images/test/test_000022.png,"Which object is closer to the center of the image, the green triangle or the yellow rectangle?",green triangle,center_proximity,2,test,,"{'objects': ['obj_3', 'obj_2'], 'target': 'obj_3', 'relation': 'center_proximity'}","```json
{""answer"": ""green triangle""}
```",green triangle,green triangle,True,0.666579486000046,,False
test_000023_q01,test_000023,images/test/test_000023.png,Which object is immediately right of the yellow rectangle?,blue rectangle,left_right,2,test,,"{'anchor': 'obj_1', 'target': 'obj_2', 'relation': 'right'}","```json
{""answer"": ""blue rectangle""}
```",blue rectangle,blue rectangle,True,0.6659798240000327,,False
test_000023_q02,test_000023,images/test/test_000023.png,Which object is both below the yellow rectangle and right of the blue rectangle?,red rectangle,multi_hop,4,test,,"{'anchors': ['obj_1', 'obj_2'], 'target': 'obj_3', 'relations': ['below', 'right of']}","```json
{""answer"": ""red rectangle""}
```",red rectangle,red rectangle,True,0.675913696000066,,False
test_000023_q03,test_000023,images/test/test_000023.png,How many rectangle objects are in the image?,3,counting,1,test,,{'filter': {'shape': 'rectangle'}},"```json
{""answer"": ""3""}
```",3,3,True,0.6207821770000237,,False
test_000023_q04,test_000023,images/test/test_000023.png,Which object is between the red rectangle and the yellow rectangle?,blue rectangle,between,3,test,,"{'objects': ['obj_3', 'obj_1'], 'target': 'obj_2', 'relation': 'between'}","```json
{""answer"": ""blue rectangle""}
```",blue rectangle,blue rectangle,True,0.6706058219999704,,False
test_000024_q01,test_000024,images/test/test_000024.png,Which object is nearest from the blue circle?,green triangle,nearest_farthest,2,test,,"{'anchor': 'obj_2', 'target': 'obj_1', 'relation': 'nearest'}","```json
{""answer"": ""triangle""}
```",green triangle,triangle,False,0.6190337139998974,distance_reasoning_error,False
test_000024_q02,test_000024,images/test/test_000024.png,"Which object is smaller, the green triangle or the blue circle?",blue circle,relative_size,2,test,,"{'objects': ['obj_1', 'obj_2'], 'target': 'obj_2', 'relation': 'smaller'}","```json
{""answer"": ""green triangle""}
```",blue circle,green triangle,False,0.6727433999999448,object_confusion,False
test_000024_q03,test_000024,images/test/test_000024.png,Which object is the leftmost in the image?,blue triangle,relative_ordering,2,test,,"{'target': 'obj_3', 'relation': 'leftmost'}","```json
{""answer"": ""triangle""}
```",blue triangle,triangle,False,0.6168571440000505,spatial_inversion,False
test_000024_q04,test_000024,images/test/test_000024.png,Is the green triangle completely inside the blue triangle? Answer yes or no.,no,inside_outside,2,test,,"{'objects': ['obj_1', 'obj_3'], 'relation': 'inside'}","{""answer"": ""no""}",no,no,True,0.420887668999967,,False
test_000025_q01,test_000025,images/test/test_000025.png,"Which object is closer to the center of the image, the yellow circle or the green circle?",yellow circle,center_proximity,2,test,,"{'objects': ['obj_1', 'obj_2'], 'target': 'obj_1', 'relation': 'center_proximity'}","```json
{""answer"": ""yellow circle""}
```",yellow circle,yellow circle,True,0.6685859929999651,,False
test_000025_q02,test_000025,images/test/test_000025.png,How many yellow objects are in the image?,1,counting,1,test,,{'filter': {'color': 'yellow'}},"```json
{""answer"": ""1""}
```",1,1,True,0.6198161140000593,,False
test_000025_q03,test_000025,images/test/test_000025.png,Which object is the bottommost in the image?,green circle,relative_ordering,2,test,,"{'target': 'obj_2', 'relation': 'bottommost'}","```json
{""answer"": ""green circle""}
```",green circle,green circle,True,0.6779339480000317,,False
test_000025_q04,test_000025,images/test/test_000025.png,Which object is between the green rectangle and the green circle?,yellow circle,between,3,test,,"{'objects': ['obj_3', 'obj_2'], 'target': 'obj_1', 'relation': 'between'}","```json
{""answer"": ""orange circle""}
```",yellow circle,orange circle,False,0.6765077119999887,object_confusion,False
test_000026_q01,test_000026,images/test/test_000026.png,How many blue objects are in the image?,1,counting,1,test,,{'filter': {'color': 'blue'}},"```json
{""answer"": ""1""}
```",1,1,True,0.6235734989999173,,False
test_000026_q02,test_000026,images/test/test_000026.png,"Which object is smaller, the blue circle or the yellow triangle?",blue circle,relative_size,2,test,,"{'objects': ['obj_1', 'obj_3'], 'target': 'obj_1', 'relation': 'smaller'}","```json
{""answer"": ""yellow triangle""}
```",blue circle,yellow triangle,False,0.6728712959999257,object_confusion,False
test_000026_q03,test_000026,images/test/test_000026.png,Do the yellow triangle and the blue circle overlap? Answer yes or no.,no,overlap,2,test,,"{'objects': ['obj_3', 'obj_1'], 'relation': 'overlap'}","{""answer"": ""no""}",no,no,True,0.42009355999994114,,False
test_000026_q04,test_000026,images/test/test_000026.png,Which object is nearest from the yellow circle?,blue circle,nearest_farthest,2,test,,"{'anchor': 'obj_2', 'target': 'obj_1', 'relation': 'nearest'}","```json
{""answer"": ""triangle""}
```",blue circle,triangle,False,0.6221249090000356,distance_reasoning_error,False
test_000027_q01,test_000027,images/test/test_000027.png,Do the green triangle and the yellow rectangle overlap? Answer yes or no.,no,overlap,2,test,,"{'objects': ['obj_3', 'obj_2'], 'relation': 'overlap'}","{""answer"": ""no""}",no,no,True,0.4184764940000605,,False
test_000027_q02,test_000027,images/test/test_000027.png,Which object is immediately right of the red triangle?,yellow rectangle,left_right,2,test,,"{'anchor': 'obj_5', 'target': 'obj_2', 'relation': 'right'}","```json
{""answer"": ""square""}
```",yellow rectangle,square,False,0.6187322619999804,spatial_inversion,False
test_000027_q03,test_000027,images/test/test_000027.png,Which object is both below the green triangle and above the green rectangle?,red triangle,multi_hop,4,test,,"{'anchors': ['obj_3', 'obj_4'], 'target': 'obj_5', 'relations': ['below', 'above']}","```json
{""answer"": ""triangle""}
```",red triangle,triangle,False,0.6228263220000372,relation_chain_failure,False
test_000027_q04,test_000027,images/test/test_000027.png,Which object is the rightmost in the image?,yellow rectangle,relative_ordering,2,test,,"{'target': 'obj_2', 'relation': 'rightmost'}","```json
{""answer"": ""square""}
```",yellow rectangle,square,False,0.6211326990000998,spatial_inversion,False
test_000028_q01,test_000028,images/test/test_000028.png,Is the green circle completely inside the green triangle? Answer yes or no.,no,inside_outside,2,test,,"{'objects': ['obj_3', 'obj_1'], 'relation': 'inside'}","{""answer"": ""no""}",no,no,True,0.4209460909999052,,False
test_000028_q02,test_000028,images/test/test_000028.png,Which object is farthest from the green circle?,green triangle,nearest_farthest,2,test,,"{'anchor': 'obj_3', 'target': 'obj_1', 'relation': 'farthest'}","```json
{""answer"": ""blue circle""}
```",green triangle,blue circle,False,0.6679591170000094,distance_reasoning_error,False
test_000028_q03,test_000028,images/test/test_000028.png,Which object is both left of the green triangle and above the green circle?,blue circle,multi_hop,4,test,,"{'anchors': ['obj_1', 'obj_3'], 'target': 'obj_2', 'relations': ['left of', 'above']}","```json
{""answer"": ""blue circle""}
```",blue circle,blue circle,True,0.6665538199999901,,False
test_000028_q04,test_000028,images/test/test_000028.png,How many objects are above the green triangle?,2,counting,2,test,,"{'anchor': 'obj_1', 'relation': 'above'}","```json
{""answer"": ""2""}
```",2,2,True,0.6165420349999522,,False
test_000029_q01,test_000029,images/test/test_000029.png,Which object is nearest from the red circle?,green circle,nearest_farthest,2,test,,"{'anchor': 'obj_1', 'target': 'obj_4', 'relation': 'nearest'}","```json
{""answer"": ""triangle""}
```",green circle,triangle,False,0.6180331240000214,distance_reasoning_error,False
test_000029_q02,test_000029,images/test/test_000029.png,"Which object is closer to the center of the image, the red circle or the red triangle?",red circle,center_proximity,2,test,,"{'objects': ['obj_1', 'obj_2'], 'target': 'obj_1', 'relation': 'center_proximity'}","```json
{""answer"": ""red circle""}
```",red circle,red circle,True,0.6686389739999186,,False
test_000029_q03,test_000029,images/test/test_000029.png,Is the red circle completely inside the green circle? Answer yes or no.,no,inside_outside,2,test,,"{'objects': ['obj_1', 'obj_4'], 'relation': 'inside'}","{""answer"": ""no""}",no,no,True,0.41802423499996166,,False
test_000029_q04,test_000029,images/test/test_000029.png,How many triangle objects are in the image?,2,counting,1,test,,{'filter': {'shape': 'triangle'}},"```json
{""answer"": ""1""}
```",2,1,False,0.6187370789999704,counting_error,False
test_000030_q01,test_000030,images/test/test_000030.png,Which object is immediately above the yellow circle?,blue circle,above_below,2,test,,"{'anchor': 'obj_4', 'target': 'obj_1', 'relation': 'above'}","```json
{""answer"": ""triangle""}
```",blue circle,triangle,False,0.6157868650000182,spatial_inversion,False
test_000030_q02,test_000030,images/test/test_000030.png,Which object is immediately right of the blue circle?,red circle,left_right,2,test,,"{'anchor': 'obj_1', 'target': 'obj_3', 'relation': 'right'}","```json
{""answer"": ""triangle""}
```",red circle,triangle,False,0.618674972000008,spatial_inversion,False
test_000030_q03,test_000030,images/test/test_000030.png,Which object is farthest from the red circle?,blue triangle,nearest_farthest,2,test,,"{'anchor': 'obj_3', 'target': 'obj_2', 'relation': 'farthest'}","```json
{""answer"": ""triangle""}
```",blue triangle,triangle,False,0.6169350530000202,distance_reasoning_error,False
test_000030_q04,test_000030,images/test/test_000030.png,Is the yellow circle completely inside the red circle? Answer yes or no.,no,inside_outside,2,test,,"{'objects': ['obj_4', 'obj_3'], 'relation': 'inside'}","{""answer"": ""no""}",no,no,True,0.4163752229999318,,False
test_000031_q01,test_000031,images/test/test_000031.png,Which object is both left of the yellow rectangle and below the red rectangle?,blue rectangle,multi_hop,4,test,,"{'anchors': ['obj_4', 'obj_3'], 'target': 'obj_1', 'relations': ['left of', 'below']}","```json
{""answer"": ""blue rectangle""}
```",blue rectangle,blue rectangle,True,0.6750601400000278,,False
test_000031_q02,test_000031,images/test/test_000031.png,Is the green triangle completely inside the blue rectangle? Answer yes or no.,no,inside_outside,2,test,,"{'objects': ['obj_2', 'obj_1'], 'relation': 'inside'}","{""answer"": ""no""}",no,no,True,0.42095366200010176,,False
test_000031_q03,test_000031,images/test/test_000031.png,How many rectangle objects are in the image?,3,counting,1,test,,{'filter': {'shape': 'rectangle'}},"```json
{""answer"": ""3""}
```",3,3,True,0.6212881920000655,,False
test_000031_q04,test_000031,images/test/test_000031.png,"Which object is closer to the center of the image, the red rectangle or the yellow rectangle?",yellow rectangle,center_proximity,2,test,,"{'objects': ['obj_3', 'obj_4'], 'target': 'obj_4', 'relation': 'center_proximity'}","```json
{""answer"": ""yellow rectangle""}
```",yellow rectangle,yellow rectangle,True,0.6708384899999373,,False
test_000032_q01,test_000032,images/test/test_000032.png,Which object is both right of the green circle and below the green triangle?,red triangle,multi_hop,4,test,,"{'anchors': ['obj_4', 'obj_1'], 'target': 'obj_2', 'relations': ['right of', 'below']}","```json
{""answer"": ""triangle""}
```",red triangle,triangle,False,0.6153527940000458,relation_chain_failure,False
test_000032_q02,test_000032,images/test/test_000032.png,Which object is immediately above the red triangle?,green triangle,above_below,2,test,,"{'anchor': 'obj_2', 'target': 'obj_1', 'relation': 'above'}","```json
{""answer"": ""circle""}
```",green triangle,circle,False,0.6199614780000502,spatial_inversion,False
test_000032_q03,test_000032,images/test/test_000032.png,How many objects are left of the red triangle?,3,counting,2,test,,"{'anchor': 'obj_2', 'relation': 'left'}","```json
{""answer"": ""2""}
```",3,2,False,0.6196796979999135,counting_error,False
test_000032_q04,test_000032,images/test/test_000032.png,Which object is farthest from the red triangle?,green triangle,nearest_farthest,2,test,,"{'anchor': 'obj_2', 'target': 'obj_1', 'relation': 'farthest'}","```json
{""answer"": ""circle""}
```",green triangle,circle,False,0.6229322089999414,distance_reasoning_error,False
test_000033_q01,test_000033,images/test/test_000033.png,Which object is nearest from the blue circle?,green rectangle,nearest_farthest,2,test,,"{'anchor': 'obj_3', 'target': 'obj_4', 'relation': 'nearest'}","```json
{""answer"": ""blue circle""}
```",green rectangle,blue circle,False,0.6743705330000012,distance_reasoning_error,False
test_000033_q02,test_000033,images/test/test_000033.png,"Which object is smaller, the yellow rectangle or the green rectangle?",green rectangle,relative_size,2,test,,"{'objects': ['obj_2', 'obj_4'], 'target': 'obj_4', 'relation': 'smaller'}","```json
{""answer"": ""green rectangle""}
```",green rectangle,green rectangle,True,0.6747399820000055,,False
test_000033_q03,test_000033,images/test/test_000033.png,Which object is the leftmost in the image?,blue circle,relative_ordering,2,test,,"{'target': 'obj_3', 'relation': 'leftmost'}","```json
{""answer"": ""circle""}
```",blue circle,circle,False,0.6247914399999672,spatial_inversion,False
test_000033_q04,test_000033,images/test/test_000033.png,Which object is between the green rectangle and the blue triangle?,yellow rectangle,between,3,test,,"{'objects': ['obj_4', 'obj_1'], 'target': 'obj_2', 'relation': 'between'}","```json
{""answer"": ""square""}
```",yellow rectangle,square,False,0.6228827270000465,other,False
test_000034_q01,test_000034,images/test/test_000034.png,"Which object is closer to the center of the image, the blue triangle or the green circle?",green circle,center_proximity,2,test,,"{'objects': ['obj_1', 'obj_3'], 'target': 'obj_3', 'relation': 'center_proximity'}","```json
{""answer"": ""blue triangle""}
```",green circle,blue triangle,False,0.6814628660000608,distance_reasoning_error,False
test_000034_q02,test_000034,images/test/test_000034.png,How many red objects are in the image?,2,counting,1,test,,{'filter': {'color': 'red'}},"```json
{""answer"": ""2""}
```",2,2,True,0.6270228099999713,,False
test_000034_q03,test_000034,images/test/test_000034.png,Which object is the bottommost in the image?,green rectangle,relative_ordering,2,test,,"{'target': 'obj_5', 'relation': 'bottommost'}","```json
{""answer"": ""green square""}
```",green rectangle,green square,False,0.6715318349999961,spatial_inversion,False
test_000034_q04,test_000034,images/test/test_000034.png,Which object is between the blue triangle and the green circle?,red rectangle,between,3,test,,"{'objects': ['obj_1', 'obj_3'], 'target': 'obj_2', 'relation': 'between'}","```json
{""answer"": ""square""}
```",red rectangle,square,False,0.6293996240000297,other,False
test_000035_q01,test_000035,images/test/test_000035.png,How many green objects are in the image?,2,counting,1,test,,{'filter': {'color': 'green'}},"```json
{""answer"": ""1""}
```",2,1,False,0.6214002770000207,counting_error,False
test_000035_q02,test_000035,images/test/test_000035.png,"Which object is smaller, the blue rectangle or the red circle?",red circle,relative_size,2,test,,"{'objects': ['obj_2', 'obj_1'], 'target': 'obj_1', 'relation': 'smaller'}","```json
{""answer"": ""red circle""}
```",red circle,red circle,True,0.6709426779999603,,False
test_000035_q03,test_000035,images/test/test_000035.png,Do the green triangle and the red circle overlap? Answer yes or no.,no,overlap,2,test,,"{'objects': ['obj_5', 'obj_1'], 'relation': 'overlap'}","{""answer"": ""no""}",no,no,True,0.42631290700001045,,False
test_000035_q04,test_000035,images/test/test_000035.png,Which object is nearest from the yellow triangle?,red circle,nearest_farthest,2,test,,"{'anchor': 'obj_3', 'target': 'obj_1', 'relation': 'nearest'}","```json
{""answer"": ""red circle""}
```",red circle,red circle,True,0.6892145880000271,,False
test_000036_q01,test_000036,images/test/test_000036.png,Do the yellow circle and the red circle overlap? Answer yes or no.,no,overlap,2,test,,"{'objects': ['obj_3', 'obj_1'], 'relation': 'overlap'}","{""answer"": ""no""}",no,no,True,0.4211692149999635,,False
test_000036_q02,test_000036,images/test/test_000036.png,Which object is immediately right of the green triangle?,red circle,left_right,2,test,,"{'anchor': 'obj_4', 'target': 'obj_1', 'relation': 'right'}","```json
{""answer"": ""red triangle""}
```",red circle,red triangle,False,0.6996540580000783,spatial_inversion,False
test_000036_q03,test_000036,images/test/test_000036.png,Which object is both right of the green triangle and below the red triangle?,red circle,multi_hop,4,test,,"{'anchors': ['obj_4', 'obj_2'], 'target': 'obj_1', 'relations': ['right of', 'below']}","```json
{""answer"": ""red triangle""}
```",red circle,red triangle,False,0.6722589539999717,relation_chain_failure,False
test_000036_q04,test_000036,images/test/test_000036.png,Which object is the leftmost in the image?,yellow circle,relative_ordering,2,test,,"{'target': 'obj_3', 'relation': 'leftmost'}","```json
{""answer"": ""circle""}
```",yellow circle,circle,False,0.6267172689999825,spatial_inversion,False
test_000037_q01,test_000037,images/test/test_000037.png,Which object is between the blue rectangle and the green triangle?,red triangle,between,3,test,,"{'objects': ['obj_4', 'obj_1'], 'target': 'obj_2', 'relation': 'between'}","```json
{""answer"": ""red triangle""}
```",red triangle,red triangle,True,0.6625885370000333,,False
test_000037_q02,test_000037,images/test/test_000037.png,Is the blue circle completely inside the green triangle? Answer yes or no.,no,inside_outside,2,test,,"{'objects': ['obj_3', 'obj_1'], 'relation': 'inside'}","{""answer"": ""no""}",no,no,True,0.41219564100003936,,False
test_000037_q03,test_000037,images/test/test_000037.png,Which object is nearest from the blue circle?,green triangle,nearest_farthest,2,test,,"{'anchor': 'obj_3', 'target': 'obj_1', 'relation': 'nearest'}","```json
{""answer"": ""triangle""}
```",green triangle,triangle,False,0.6048006649999706,distance_reasoning_error,False
test_000037_q04,test_000037,images/test/test_000037.png,Which object is both above the blue circle and left of the blue rectangle?,green triangle,multi_hop,4,test,,"{'anchors': ['obj_3', 'obj_4'], 'target': 'obj_1', 'relations': ['above', 'left of']}","```json
{""answer"": ""triangle""}
```",green triangle,triangle,False,0.6168874060000462,relation_chain_failure,False
test_000038_q01,test_000038,images/test/test_000038.png,Which object is nearest from the blue rectangle?,blue circle,nearest_farthest,2,test,,"{'anchor': 'obj_1', 'target': 'obj_2', 'relation': 'nearest'}","```json
{""answer"": ""blue circle""}
```",blue circle,blue circle,True,0.6674529260000099,,False
test_000038_q02,test_000038,images/test/test_000038.png,"Which object is closer to the center of the image, the blue rectangle or the blue circle?",blue circle,center_proximity,2,test,,"{'objects': ['obj_1', 'obj_2'], 'target': 'obj_2', 'relation': 'center_proximity'}","```json
{""answer"": ""blue circle""}
```",blue circle,blue circle,True,0.672887414999991,,False
test_000038_q03,test_000038,images/test/test_000038.png,Is the blue rectangle completely inside the green triangle? Answer yes or no.,no,inside_outside,2,test,,"{'objects': ['obj_1', 'obj_4'], 'relation': 'inside'}","{""answer"": ""no""}",no,no,True,0.42272172600007707,,False
test_000038_q04,test_000038,images/test/test_000038.png,How many triangle objects are in the image?,2,counting,1,test,,{'filter': {'shape': 'triangle'}},"```json
{""answer"": ""1""}
```",2,1,False,0.6285378509999191,counting_error,False
test_000039_q01,test_000039,images/test/test_000039.png,Which object is between the yellow triangle and the yellow rectangle?,green circle,between,3,test,,"{'objects': ['obj_1', 'obj_2'], 'target': 'obj_3', 'relation': 'between'}","```json
{""answer"": ""blue square""}
```",green circle,blue square,False,0.6608837949999042,other,False
test_000039_q02,test_000039,images/test/test_000039.png,Is the yellow triangle completely inside the yellow rectangle? Answer yes or no.,no,inside_outside,2,test,,"{'objects': ['obj_1', 'obj_2'], 'relation': 'inside'}","{""answer"": ""no""}",no,no,True,0.4196537110000236,,False
test_000039_q03,test_000039,images/test/test_000039.png,Which object is both below the yellow rectangle and right of the blue rectangle?,green circle,multi_hop,4,test,,"{'anchors': ['obj_2', 'obj_4'], 'target': 'obj_3', 'relations': ['below', 'right of']}","```json
{""answer"": ""green circle""}
```",green circle,green circle,True,0.6632069949999959,,False
test_000039_q04,test_000039,images/test/test_000039.png,Which object is immediately below the yellow rectangle?,blue rectangle,above_below,2,test,,"{'anchor': 'obj_2', 'target': 'obj_4', 'relation': 'below'}","```json
{""answer"": ""blue rectangle""}
```",blue rectangle,blue rectangle,True,0.6657768210000086,,False
test_000040_q01,test_000040,images/test/test_000040.png,Which object is both right of the yellow circle and below the green circle?,blue circle,multi_hop,4,test,,"{'anchors': ['obj_1', 'obj_3'], 'target': 'obj_2', 'relations': ['right of', 'below']}","```json
{""answer"": ""blue circle""}
```",blue circle,blue circle,True,0.6651394809999829,,False
test_000040_q02,test_000040,images/test/test_000040.png,Is the blue circle completely inside the green circle? Answer yes or no.,no,inside_outside,2,test,,"{'objects': ['obj_2', 'obj_3'], 'relation': 'inside'}","{""answer"": ""no""}",no,no,True,0.41844648500000403,,False
test_000040_q03,test_000040,images/test/test_000040.png,Which object is immediately left of the blue circle?,green circle,left_right,2,test,,"{'anchor': 'obj_2', 'target': 'obj_3', 'relation': 'left'}","```json
{""answer"": ""yellow circle""}
```",green circle,yellow circle,False,0.6654936859999907,spatial_inversion,False
test_000040_q04,test_000040,images/test/test_000040.png,How many objects are left of the yellow circle?,0,counting,2,test,,"{'anchor': 'obj_1', 'relation': 'left'}","```json
{""answer"": ""1""}
```",0,1,False,0.6304611309999473,counting_error,False
test_000041_q01,test_000041,images/test/test_000041.png,Which object is both above the yellow triangle and below the green rectangle?,blue circle,multi_hop,4,test,,"{'anchors': ['obj_3', 'obj_2'], 'target': 'obj_1', 'relations': ['above', 'below']}","```json
{""answer"": ""blue circle""}
```",blue circle,blue circle,True,0.6733044060000566,,False
test_000041_q02,test_000041,images/test/test_000041.png,How many circle objects are in the image?,1,counting,1,test,,{'filter': {'shape': 'circle'}},"```json
{""answer"": ""1""}
```",1,1,True,0.6254351999999699,,False
test_000041_q03,test_000041,images/test/test_000041.png,Which object is farthest from the blue circle?,green rectangle,nearest_farthest,2,test,,"{'anchor': 'obj_1', 'target': 'obj_2', 'relation': 'farthest'}","```json
{""answer"": ""green square""}
```",green rectangle,green square,False,0.6675895179999998,distance_reasoning_error,False
test_000041_q04,test_000041,images/test/test_000041.png,Which object is the topmost in the image?,green rectangle,relative_ordering,2,test,,"{'target': 'obj_2', 'relation': 'topmost'}","```json
{""answer"": ""square""}
```",green rectangle,square,False,0.6153843739999729,spatial_inversion,False
test_000042_q01,test_000042,images/test/test_000042.png,Which object is nearest from the green triangle?,green rectangle,nearest_farthest,2,test,,"{'anchor': 'obj_3', 'target': 'obj_2', 'relation': 'nearest'}","```json
{""answer"": ""green triangle""}
```",green rectangle,green triangle,False,0.6647132540000484,distance_reasoning_error,False
test_000042_q02,test_000042,images/test/test_000042.png,"Which object is smaller, the green rectangle or the yellow rectangle?",yellow rectangle,relative_size,2,test,,"{'objects': ['obj_2', 'obj_4'], 'target': 'obj_4', 'relation': 'smaller'}","```json
{""answer"": ""yellow rectangle""}
```",yellow rectangle,yellow rectangle,True,0.6678987089999282,,False
test_000042_q03,test_000042,images/test/test_000042.png,Which object is the leftmost in the image?,yellow triangle,relative_ordering,2,test,,"{'target': 'obj_1', 'relation': 'leftmost'}","```json
{""answer"": ""square""}
```",yellow triangle,square,False,0.6114028629999666,spatial_inversion,False
test_000042_q04,test_000042,images/test/test_000042.png,Which object is between the yellow rectangle and the green triangle?,green rectangle,between,3,test,,"{'objects': ['obj_4', 'obj_3'], 'target': 'obj_2', 'relation': 'between'}","```json
{""answer"": ""square""}
```",green rectangle,square,False,0.6158743969999705,other,False
test_000043_q01,test_000043,images/test/test_000043.png,"Which object is closer to the center of the image, the green rectangle or the yellow rectangle?",yellow rectangle,center_proximity,2,test,,"{'objects': ['obj_1', 'obj_3'], 'target': 'obj_3', 'relation': 'center_proximity'}","```json
{""answer"": ""yellow rectangle""}
```",yellow rectangle,yellow rectangle,True,0.6661943190000557,,False
test_000043_q02,test_000043,images/test/test_000043.png,How many objects are above the green rectangle?,0,counting,2,test,,"{'anchor': 'obj_1', 'relation': 'above'}","```json
{""answer"": ""2""}
```",0,2,False,0.616927750000059,counting_error,False
test_000043_q03,test_000043,images/test/test_000043.png,Which object is the bottommost in the image?,yellow rectangle,relative_ordering,2,test,,"{'target': 'obj_3', 'relation': 'bottommost'}","```json
{""answer"": ""yellow square""}
```",yellow rectangle,yellow square,False,0.6584447629999204,spatial_inversion,False
test_000043_q04,test_000043,images/test/test_000043.png,Which object is immediately above the blue rectangle?,red triangle,above_below,2,test,,"{'anchor': 'obj_4', 'target': 'obj_2', 'relation': 'above'}","```json
{""answer"": ""green rectangle""}
```",red triangle,green rectangle,False,0.6633073449999074,spatial_inversion,False
test_000044_q01,test_000044,images/test/test_000044.png,How many blue objects are in the image?,1,counting,1,test,,{'filter': {'color': 'blue'}},"```json
{""answer"": ""1""}
```",1,1,True,0.6121242630000552,,False
test_000044_q02,test_000044,images/test/test_000044.png,"Which object is smaller, the red triangle or the blue circle?",red triangle,relative_size,2,test,,"{'objects': ['obj_1', 'obj_3'], 'target': 'obj_1', 'relation': 'smaller'}","```json
{""answer"": ""red triangle""}
```",red triangle,red triangle,True,0.6640128789999835,,False
test_000044_q03,test_000044,images/test/test_000044.png,Do the blue circle and the red triangle overlap? Answer yes or no.,no,overlap,2,test,,"{'objects': ['obj_3', 'obj_1'], 'relation': 'overlap'}","{""answer"": ""no""}",no,no,True,0.41366355399998156,,False
test_000044_q04,test_000044,images/test/test_000044.png,Which object is nearest from the green triangle?,red triangle,nearest_farthest,2,test,,"{'anchor': 'obj_2', 'target': 'obj_1', 'relation': 'nearest'}","```json
{""answer"": ""red triangle""}
```",red triangle,red triangle,True,0.6592478580000716,,False
test_000045_q01,test_000045,images/test/test_000045.png,Do the blue triangle and the green triangle overlap? Answer yes or no.,no,overlap,2,test,,"{'objects': ['obj_3', 'obj_2'], 'relation': 'overlap'}","{""answer"": ""no""}",no,no,True,0.41265386600002785,,False
test_000045_q02,test_000045,images/test/test_000045.png,Which object is immediately right of the blue rectangle?,red circle,left_right,2,test,,"{'anchor': 'obj_5', 'target': 'obj_4', 'relation': 'right'}","```json
{""answer"": ""triangle""}
```",red circle,triangle,False,0.6124452560000009,spatial_inversion,False
test_000045_q03,test_000045,images/test/test_000045.png,Which object is both above the green triangle and right of the blue triangle?,blue rectangle,multi_hop,4,test,,"{'anchors': ['obj_2', 'obj_3'], 'target': 'obj_5', 'relations': ['above', 'right of']}","```json
{""answer"": ""red triangle""}
```",blue rectangle,red triangle,False,0.6632056270000248,relation_chain_failure,False
test_000045_q04,test_000045,images/test/test_000045.png,Which object is the bottommost in the image?,blue triangle,relative_ordering,2,test,,"{'target': 'obj_3', 'relation': 'bottommost'}","```json
{""answer"": ""triangle""}
```",blue triangle,triangle,False,0.6163809340000626,spatial_inversion,False
test_000046_q01,test_000046,images/test/test_000046.png,Which object is between the blue circle and the blue rectangle?,green circle,between,3,test,,"{'objects': ['obj_1', 'obj_5'], 'target': 'obj_2', 'relation': 'between'}","```json
{""answer"": ""green circle""}
```",green circle,green circle,True,0.6627046350000683,,False
test_000046_q02,test_000046,images/test/test_000046.png,Is the yellow circle completely inside the green circle? Answer yes or no.,no,inside_outside,2,test,,"{'objects': ['obj_3', 'obj_2'], 'relation': 'inside'}","{""answer"": ""no""}",no,no,True,0.4189750240000194,,False
test_000046_q03,test_000046,images/test/test_000046.png,Which object is nearest from the yellow circle?,green circle,nearest_farthest,2,test,,"{'anchor': 'obj_3', 'target': 'obj_2', 'relation': 'nearest'}","```json
{""answer"": ""green circle""}
```",green circle,green circle,True,0.6671864539999888,,False
test_000046_q04,test_000046,images/test/test_000046.png,Which object is both left of the green circle and below the yellow circle?,blue rectangle,multi_hop,4,test,,"{'anchors': ['obj_2', 'obj_3'], 'target': 'obj_5', 'relations': ['left of', 'below']}","```json
{""answer"": ""blue circle""}
```",blue rectangle,blue circle,False,0.6642638639999632,relation_chain_failure,False
test_000047_q01,test_000047,images/test/test_000047.png,Which object is nearest from the red circle?,green circle,nearest_farthest,2,test,,"{'anchor': 'obj_1', 'target': 'obj_4', 'relation': 'nearest'}","```json
{""answer"": ""blue triangle""}
```",green circle,blue triangle,False,0.6637309430000187,distance_reasoning_error,False
test_000047_q02,test_000047,images/test/test_000047.png,"Which object is closer to the center of the image, the red circle or the green circle?",red circle,center_proximity,2,test,,"{'objects': ['obj_1', 'obj_4'], 'target': 'obj_1', 'relation': 'center_proximity'}","```json
{""answer"": ""red circle""}
```",red circle,red circle,True,0.6765531089999968,,False
test_000047_q03,test_000047,images/test/test_000047.png,Is the red circle completely inside the blue triangle? Answer yes or no.,no,inside_outside,2,test,,"{'objects': ['obj_1', 'obj_2'], 'relation': 'inside'}","{""answer"": ""no""}",no,no,True,0.420965117000037,,False
test_000047_q04,test_000047,images/test/test_000047.png,How many triangle objects are in the image?,2,counting,1,test,,{'filter': {'shape': 'triangle'}},"```json
{""answer"": ""2""}
```",2,2,True,0.6141361040000675,,False
test_000048_q01,test_000048,images/test/test_000048.png,Which object is immediately right of the green rectangle?,blue rectangle,left_right,2,test,,"{'anchor': 'obj_1', 'target': 'obj_3', 'relation': 'right'}","```json
{""answer"": ""triangle""}
```",blue rectangle,triangle,False,0.614129979999916,spatial_inversion,False
test_000048_q02,test_000048,images/test/test_000048.png,Is the green rectangle completely inside the blue rectangle? Answer yes or no.,no,inside_outside,2,test,,"{'objects': ['obj_1', 'obj_3'], 'relation': 'inside'}","{""answer"": ""no""}",no,no,True,0.4198017170000412,,False
test_000048_q03,test_000048,images/test/test_000048.png,Which object is both right of the green rectangle and below the blue rectangle?,blue triangle,multi_hop,4,test,,"{'anchors': ['obj_1', 'obj_3'], 'target': 'obj_2', 'relations': ['right of', 'below']}","```json
{""answer"": ""triangle""}
```",blue triangle,triangle,False,0.613449715999991,relation_chain_failure,False
test_000048_q04,test_000048,images/test/test_000048.png,Do the blue triangle and the blue rectangle overlap? Answer yes or no.,no,overlap,2,test,,"{'objects': ['obj_2', 'obj_3'], 'relation': 'overlap'}","{""answer"": ""no""}",no,no,True,0.41897296800004824,,False
test_000049_q01,test_000049,images/test/test_000049.png,"Which object is larger, the red rectangle or the blue circle?",blue circle,relative_size,2,test,,"{'objects': ['obj_5', 'obj_1'], 'target': 'obj_1', 'relation': 'larger'}","```json
{""answer"": ""blue circle""}
```",blue circle,blue circle,True,0.6654961540000386,,False
test_000049_q02,test_000049,images/test/test_000049.png,Which object is between the green circle and the red rectangle?,blue circle,between,3,test,,"{'objects': ['obj_2', 'obj_5'], 'target': 'obj_1', 'relation': 'between'}","```json
{""answer"": ""blue square""}
```",blue circle,blue square,False,0.6746749699999555,other,False
test_000049_q03,test_000049,images/test/test_000049.png,Which object is both right of the blue circle and left of the blue rectangle?,red rectangle,multi_hop,4,test,,"{'anchors': ['obj_1', 'obj_4'], 'target': 'obj_5', 'relations': ['right of', 'left of']}","```json
{""answer"": ""square""}
```",red rectangle,square,False,0.619863013999975,relation_chain_failure,False
test_000049_q04,test_000049,images/test/test_000049.png,"Which object is closer to the center of the image, the blue rectangle or the red rectangle?",blue rectangle,center_proximity,2,test,,"{'objects': ['obj_4', 'obj_5'], 'target': 'obj_4', 'relation': 'center_proximity'}","```json
{""answer"": ""blue rectangle""}
```",blue rectangle,blue rectangle,True,0.6706738000000314,,False
test_000050_q01,test_000050,images/test/test_000050.png,Which object is immediately right of the red circle?,green triangle,left_right,2,test,,"{'anchor': 'obj_2', 'target': 'obj_4', 'relation': 'right'}","```json
{""answer"": ""square""}
```",green triangle,square,False,0.6221318079999492,spatial_inversion,False
test_000050_q02,test_000050,images/test/test_000050.png,Which object is both left of the green triangle and below the yellow triangle?,red circle,multi_hop,4,test,,"{'anchors': ['obj_4', 'obj_5'], 'target': 'obj_2', 'relations': ['left of', 'below']}","```json
{""answer"": ""green circle""}
```",red circle,green circle,False,0.6744033709999258,relation_chain_failure,False
test_000050_q03,test_000050,images/test/test_000050.png,Which object is immediately above the yellow triangle?,green circle,above_below,2,test,,"{'anchor': 'obj_5', 'target': 'obj_3', 'relation': 'above'}","```json
{""answer"": ""green circle""}
```",green circle,green circle,True,0.6651151300000038,,False
test_000050_q04,test_000050,images/test/test_000050.png,How many rectangle objects are in the image?,1,counting,1,test,,{'filter': {'shape': 'rectangle'}},"```json
{""answer"": ""1""}
```",1,1,True,0.6232964320000747,,False
test_000051_q01,test_000051,images/test/test_000051.png,Which object is nearest from the yellow triangle?,blue circle,nearest_farthest,2,test,,"{'anchor': 'obj_3', 'target': 'obj_2', 'relation': 'nearest'}","```json
{""answer"": ""blue circle""}
```",blue circle,blue circle,True,0.6519338450000305,,False
test_000051_q02,test_000051,images/test/test_000051.png,"Which object is smaller, the blue circle or the green triangle?",blue circle,relative_size,2,test,,"{'objects': ['obj_2', 'obj_4'], 'target': 'obj_2', 'relation': 'smaller'}","```json
{""answer"": ""green triangle""}
```",blue circle,green triangle,False,0.6542489810000234,object_confusion,False
test_000051_q03,test_000051,images/test/test_000051.png,Which object is the leftmost in the image?,red circle,relative_ordering,2,test,,"{'target': 'obj_1', 'relation': 'leftmost'}","```json
{""answer"": ""red circle""}
```",red circle,red circle,True,0.6511295280000695,,False
test_000051_q04,test_000051,images/test/test_000051.png,Which object is between the green triangle and the red circle?,blue circle,between,3,test,,"{'objects': ['obj_4', 'obj_1'], 'target': 'obj_2', 'relation': 'between'}","```json
{""answer"": ""blue circle""}
```",blue circle,blue circle,True,0.6518760840000368,,False
test_000052_q01,test_000052,images/test/test_000052.png,"Which object is closer to the center of the image, the yellow rectangle or the green triangle?",yellow rectangle,center_proximity,2,test,,"{'objects': ['obj_1', 'obj_3'], 'target': 'obj_1', 'relation': 'center_proximity'}","```json
{""answer"": ""yellow rectangle""}
```",yellow rectangle,yellow rectangle,True,0.6550000659999569,,False
test_000052_q02,test_000052,images/test/test_000052.png,How many yellow objects are in the image?,1,counting,1,test,,{'filter': {'color': 'yellow'}},"```json
{""answer"": ""1""}
```",1,1,True,0.6034846279999329,,False
test_000052_q03,test_000052,images/test/test_000052.png,Which object is the bottommost in the image?,green triangle,relative_ordering,2,test,,"{'target': 'obj_3', 'relation': 'bottommost'}","```json
{""answer"": ""triangle""}
```",green triangle,triangle,False,0.6051540429999704,spatial_inversion,False
test_000052_q04,test_000052,images/test/test_000052.png,Which object is immediately above the green circle?,blue triangle,above_below,2,test,,"{'anchor': 'obj_5', 'target': 'obj_2', 'relation': 'above'}","```json
{""answer"": ""triangle""}
```",blue triangle,triangle,False,0.6047163469999077,spatial_inversion,False
test_000053_q01,test_000053,images/test/test_000053.png,How many blue objects are in the image?,2,counting,1,test,,{'filter': {'color': 'blue'}},"```json
{""answer"": ""1""}
```",2,1,False,0.6025536859999647,counting_error,False
test_000053_q02,test_000053,images/test/test_000053.png,"Which object is smaller, the yellow rectangle or the red circle?",red circle,relative_size,2,test,,"{'objects': ['obj_2', 'obj_1'], 'target': 'obj_1', 'relation': 'smaller'}","```json
{""answer"": ""yellow rectangle""}
```",red circle,yellow rectangle,False,0.6550042539998913,object_confusion,False
test_000053_q03,test_000053,images/test/test_000053.png,Do the red circle and the yellow rectangle overlap? Answer yes or no.,no,overlap,2,test,,"{'objects': ['obj_1', 'obj_2'], 'relation': 'overlap'}","{""answer"": ""no""}",no,no,True,0.40880019400003675,,False
test_000053_q04,test_000053,images/test/test_000053.png,Which object is farthest from the yellow rectangle?,red circle,nearest_farthest,2,test,,"{'anchor': 'obj_2', 'target': 'obj_1', 'relation': 'farthest'}","```json
{""answer"": ""blue circle""}
```",red circle,blue circle,False,0.6542518989999735,distance_reasoning_error,False
test_000054_q01,test_000054,images/test/test_000054.png,Do the red circle and the yellow triangle overlap? Answer yes or no.,no,overlap,2,test,,"{'objects': ['obj_3', 'obj_2'], 'relation': 'overlap'}","{""answer"": ""no""}",no,no,True,0.41075822599998446,,False
test_000054_q02,test_000054,images/test/test_000054.png,Which object is both below the yellow triangle and above the yellow circle?,red rectangle,multi_hop,4,test,,"{'anchors': ['obj_2', 'obj_5'], 'target': 'obj_4', 'relations': ['below', 'above']}","```json
{""answer"": ""red circle""}
```",red rectangle,red circle,False,0.6530008659999567,relation_chain_failure,False
test_000054_q03,test_000054,images/test/test_000054.png,Which object is the topmost in the image?,green circle,relative_ordering,2,test,,"{'target': 'obj_1', 'relation': 'topmost'}","```json
{""answer"": ""triangle""}
```",green circle,triangle,False,0.6062780760000805,spatial_inversion,False
test_000054_q04,test_000054,images/test/test_000054.png,Which object is farthest from the red rectangle?,green circle,nearest_farthest,2,test,,"{'anchor': 'obj_4', 'target': 'obj_1', 'relation': 'farthest'}","```json
{""answer"": ""triangle""}
```",green circle,triangle,False,0.6041431750001038,distance_reasoning_error,False
test_000055_q01,test_000055,images/test/test_000055.png,Which object is between the blue rectangle and the red rectangle?,red circle,between,3,test,,"{'objects': ['obj_1', 'obj_2'], 'target': 'obj_3', 'relation': 'between'}","```json
{""answer"": ""blue rectangle""}
```",red circle,blue rectangle,False,0.6654841480000186,object_confusion,False
test_000055_q02,test_000055,images/test/test_000055.png,Is the red circle completely inside the blue rectangle? Answer yes or no.,no,inside_outside,2,test,,"{'objects': ['obj_3', 'obj_1'], 'relation': 'inside'}","{""answer"": ""no""}",no,no,True,0.40837958999998136,,False
test_000055_q03,test_000055,images/test/test_000055.png,Which object is farthest from the green rectangle?,blue rectangle,nearest_farthest,2,test,,"{'anchor': 'obj_4', 'target': 'obj_1', 'relation': 'farthest'}","```json
{""answer"": ""blue square""}
```",blue rectangle,blue square,False,0.6562898079999968,distance_reasoning_error,False
test_000055_q04,test_000055,images/test/test_000055.png,Which object is both above the red circle and left of the green rectangle?,red rectangle,multi_hop,4,test,,"{'anchors': ['obj_3', 'obj_4'], 'target': 'obj_2', 'relations': ['above', 'left of']}","```json
{""answer"": ""blue rectangle""}
```",red rectangle,blue rectangle,False,0.6548786590000191,relation_chain_failure,False
test_000056_q01,test_000056,images/test/test_000056.png,Which object is nearest from the green rectangle?,red circle,nearest_farthest,2,test,,"{'anchor': 'obj_1', 'target': 'obj_4', 'relation': 'nearest'}","```json
{""answer"": ""triangle""}
```",red circle,triangle,False,0.5982266299999992,distance_reasoning_error,False
test_000056_q02,test_000056,images/test/test_000056.png,"Which object is closer to the center of the image, the green rectangle or the red circle?",green rectangle,center_proximity,2,test,,"{'objects': ['obj_1', 'obj_4'], 'target': 'obj_1', 'relation': 'center_proximity'}","```json
{""answer"": ""red circle""}
```",green rectangle,red circle,False,0.651538119999941,distance_reasoning_error,False
test_000056_q03,test_000056,images/test/test_000056.png,Is the green rectangle completely inside the green triangle? Answer yes or no.,no,inside_outside,2,test,,"{'objects': ['obj_1', 'obj_2'], 'relation': 'inside'}","{""answer"": ""no""}",no,no,True,0.40768276999995123,,False
test_000056_q04,test_000056,images/test/test_000056.png,How many triangle objects are in the image?,2,counting,1,test,,{'filter': {'shape': 'triangle'}},"```json
{""answer"": ""1""}
```",2,1,False,0.6028383269999722,counting_error,False
test_000057_q01,test_000057,images/test/test_000057.png,Which object is between the red circle and the yellow triangle?,red rectangle,between,3,test,,"{'objects': ['obj_4', 'obj_1'], 'target': 'obj_2', 'relation': 'between'}","```json
{""answer"": ""square""}
```",red rectangle,square,False,0.6008143320000272,other,False
test_000057_q02,test_000057,images/test/test_000057.png,Is the green rectangle completely inside the yellow triangle? Answer yes or no.,no,inside_outside,2,test,,"{'objects': ['obj_5', 'obj_1'], 'relation': 'inside'}","{""answer"": ""no""}",no,no,True,0.40757361099997524,,False
test_000057_q03,test_000057,images/test/test_000057.png,Which object is both below the green rectangle and above the red triangle?,yellow triangle,multi_hop,4,test,,"{'anchors': ['obj_5', 'obj_3'], 'target': 'obj_1', 'relations': ['below', 'above']}","```json
{""answer"": ""square""}
```",yellow triangle,square,False,0.6012429610000254,relation_chain_failure,False
test_000057_q04,test_000057,images/test/test_000057.png,Which object is immediately below the yellow triangle?,red triangle,above_below,2,test,,"{'anchor': 'obj_1', 'target': 'obj_3', 'relation': 'below'}","```json
{""answer"": ""square""}
```",red triangle,square,False,0.6056323730000486,spatial_inversion,False
test_000058_q01,test_000058,images/test/test_000058.png,"Which object is larger, the yellow circle or the red circle?",red circle,relative_size,2,test,,"{'objects': ['obj_5', 'obj_1'], 'target': 'obj_1', 'relation': 'larger'}","```json
{""answer"": ""yellow circle""}
```",red circle,yellow circle,False,0.6482288819998985,object_confusion,False
test_000058_q02,test_000058,images/test/test_000058.png,Which object is between the red circle and the yellow rectangle?,yellow circle,between,3,test,,"{'objects': ['obj_1', 'obj_2'], 'target': 'obj_5', 'relation': 'between'}","```json
{""answer"": ""triangle""}
```",yellow circle,triangle,False,0.6016686799999889,object_confusion,False
test_000058_q03,test_000058,images/test/test_000058.png,Which object is both right of the green triangle and above the red circle?,yellow circle,multi_hop,4,test,,"{'anchors': ['obj_3', 'obj_1'], 'target': 'obj_5', 'relations': ['right of', 'above']}","```json
{""answer"": ""yellow circle""}
```",yellow circle,yellow circle,True,0.6479642619999595,,False
test_000058_q04,test_000058,images/test/test_000058.png,"Which object is closer to the center of the image, the yellow circle or the green rectangle?",green rectangle,center_proximity,2,test,,"{'objects': ['obj_5', 'obj_4'], 'target': 'obj_4', 'relation': 'center_proximity'}","```json
{""answer"": ""green rectangle""}
```",green rectangle,green rectangle,True,0.6493840169999885,,False
test_000059_q01,test_000059,images/test/test_000059.png,Do the blue rectangle and the yellow circle overlap? Answer yes or no.,no,overlap,2,test,,"{'objects': ['obj_3', 'obj_2'], 'relation': 'overlap'}","{""answer"": ""no""}",no,no,True,0.407668838999939,,False
test_000059_q02,test_000059,images/test/test_000059.png,"Which object is closer to the center of the image, the blue rectangle or the yellow circle?",yellow circle,center_proximity,2,test,,"{'objects': ['obj_3', 'obj_2'], 'target': 'obj_2', 'relation': 'center_proximity'}","```json
{""answer"": ""yellow circle""}
```",yellow circle,yellow circle,True,0.6550457839999808,,False
test_000059_q03,test_000059,images/test/test_000059.png,Is the blue rectangle completely inside the red circle? Answer yes or no.,no,inside_outside,2,test,,"{'objects': ['obj_3', 'obj_1'], 'relation': 'inside'}","{""answer"": ""no""}",no,no,True,0.4064737229999764,,False
test_000059_q04,test_000059,images/test/test_000059.png,How many circle objects are in the image?,2,counting,1,test,,{'filter': {'shape': 'circle'}},"```json
{""answer"": ""2""}
```",2,2,True,0.6020575219999955,,False
test_000060_q01,test_000060,images/test/test_000060.png,Which object is nearest from the green rectangle?,yellow rectangle,nearest_farthest,2,test,,"{'anchor': 'obj_2', 'target': 'obj_3', 'relation': 'nearest'}","```json
{""answer"": ""green rectangle""}
```",yellow rectangle,green rectangle,False,0.6594354409999141,distance_reasoning_error,False
test_000060_q02,test_000060,images/test/test_000060.png,"Which object is smaller, the yellow circle or the green rectangle?",yellow circle,relative_size,2,test,,"{'objects': ['obj_1', 'obj_2'], 'target': 'obj_1', 'relation': 'smaller'}","```json
{""answer"": ""green rectangle""}
```",yellow circle,green rectangle,False,0.6563181340000028,object_confusion,False
test_000060_q03,test_000060,images/test/test_000060.png,Which object is the leftmost in the image?,yellow rectangle,relative_ordering,2,test,,"{'target': 'obj_3', 'relation': 'leftmost'}","```json
{""answer"": ""square""}
```",yellow rectangle,square,False,0.6062654099999918,spatial_inversion,False
test_000060_q04,test_000060,images/test/test_000060.png,Is the yellow circle completely inside the yellow rectangle? Answer yes or no.,no,inside_outside,2,test,,"{'objects': ['obj_1', 'obj_3'], 'relation': 'inside'}","{""answer"": ""no""}",no,no,True,0.40921544599996196,,False
test_000061_q01,test_000061,images/test/test_000061.png,"Which object is closer to the center of the image, the blue circle or the blue rectangle?",blue circle,center_proximity,2,test,,"{'objects': ['obj_1', 'obj_2'], 'target': 'obj_1', 'relation': 'center_proximity'}","```json
{""answer"": ""blue circle""}
```",blue circle,blue circle,True,0.6500341990000607,,False
test_000061_q02,test_000061,images/test/test_000061.png,How many red objects are in the image?,1,counting,1,test,,{'filter': {'color': 'red'}},"```json
{""answer"": ""1""}
```",1,1,True,0.6020707529999072,,False
test_000061_q03,test_000061,images/test/test_000061.png,Which object is the bottommost in the image?,blue circle,relative_ordering,2,test,,"{'target': 'obj_1', 'relation': 'bottommost'}","```json
{""answer"": ""blue circle""}
```",blue circle,blue circle,True,0.6485276780000504,,False
test_000061_q04,test_000061,images/test/test_000061.png,Which object is immediately above the red circle?,blue rectangle,above_below,2,test,,"{'anchor': 'obj_3', 'target': 'obj_2', 'relation': 'above'}","```json
{""answer"": ""blue circle""}
```",blue rectangle,blue circle,False,0.6502181419999715,spatial_inversion,False
test_000062_q01,test_000062,images/test/test_000062.png,How many blue objects are in the image?,1,counting,1,test,,{'filter': {'color': 'blue'}},"```json
{""answer"": ""1""}
```",1,1,True,0.6021340179999015,,False
test_000062_q02,test_000062,images/test/test_000062.png,"Which object is smaller, the blue rectangle or the green circle?",green circle,relative_size,2,test,,"{'objects': ['obj_1', 'obj_3'], 'target': 'obj_3', 'relation': 'smaller'}","```json
{""answer"": ""green circle""}
```",green circle,green circle,True,0.6523643530000527,,False
test_000062_q03,test_000062,images/test/test_000062.png,Do the green circle and the blue rectangle overlap? Answer yes or no.,no,overlap,2,test,,"{'objects': ['obj_3', 'obj_1'], 'relation': 'overlap'}","{""answer"": ""no""}",no,no,True,0.40671470099994167,,False
test_000062_q04,test_000062,images/test/test_000062.png,Which object is nearest from the yellow circle?,blue rectangle,nearest_farthest,2,test,,"{'anchor': 'obj_2', 'target': 'obj_1', 'relation': 'nearest'}","```json
{""answer"": ""blue square""}
```",blue rectangle,blue square,False,0.6526145660000111,distance_reasoning_error,False
test_000063_q01,test_000063,images/test/test_000063.png,Do the green rectangle and the green triangle overlap? Answer yes or no.,no,overlap,2,test,,"{'objects': ['obj_3', 'obj_1'], 'relation': 'overlap'}","{""answer"": ""no""}",no,no,True,0.41025061300001653,,False
test_000063_q02,test_000063,images/test/test_000063.png,Which object is immediately right of the blue circle?,green rectangle,left_right,2,test,,"{'anchor': 'obj_4', 'target': 'obj_3', 'relation': 'right'}","```json
{""answer"": ""triangle""}
```",green rectangle,triangle,False,0.6026217179999094,spatial_inversion,False
test_000063_q03,test_000063,images/test/test_000063.png,Which object is both left of the green rectangle and above the red circle?,blue circle,multi_hop,4,test,,"{'anchors': ['obj_3', 'obj_2'], 'target': 'obj_4', 'relations': ['left of', 'above']}","```json
{""answer"": ""blue circle""}
```",blue circle,blue circle,True,0.6543628699999999,,False
test_000063_q04,test_000063,images/test/test_000063.png,Which object is the rightmost in the image?,green triangle,relative_ordering,2,test,,"{'target': 'obj_1', 'relation': 'rightmost'}","```json
{""answer"": ""triangle""}
```",green triangle,triangle,False,0.605175700000018,spatial_inversion,False
test_000064_q01,test_000064,images/test/test_000064.png,Which object is between the red circle and the red rectangle?,blue rectangle,between,3,test,,"{'objects': ['obj_4', 'obj_5'], 'target': 'obj_2', 'relation': 'between'}","```json
{""answer"": ""blue circle""}
```",blue rectangle,blue circle,False,0.65401573500003,object_confusion,False
test_000064_q02,test_000064,images/test/test_000064.png,Is the green triangle completely inside the blue rectangle? Answer yes or no.,no,inside_outside,2,test,,"{'objects': ['obj_3', 'obj_2'], 'relation': 'inside'}","{""answer"": ""no""}",no,no,True,0.4193832220000786,,False
test_000064_q03,test_000064,images/test/test_000064.png,Which object is nearest from the green triangle?,red circle,nearest_farthest,2,test,,"{'anchor': 'obj_3', 'target': 'obj_4', 'relation': 'nearest'}","```json
{""answer"": ""triangle""}
```",red circle,triangle,False,0.6211610860000292,distance_reasoning_error,False
test_000064_q04,test_000064,images/test/test_000064.png,Which object is both right of the red circle and above the red rectangle?,blue rectangle,multi_hop,4,test,,"{'anchors': ['obj_4', 'obj_5'], 'target': 'obj_2', 'relations': ['right of', 'above']}","```json
{""answer"": ""triangle""}
```",blue rectangle,triangle,False,0.6155072799999743,relation_chain_failure,False
test_000065_q01,test_000065,images/test/test_000065.png,Which object is nearest from the blue triangle?,red rectangle,nearest_farthest,2,test,,"{'anchor': 'obj_1', 'target': 'obj_3', 'relation': 'nearest'}","```json
{""answer"": ""blue triangle""}
```",red rectangle,blue triangle,False,0.6781533019999415,distance_reasoning_error,False
test_000065_q02,test_000065,images/test/test_000065.png,"Which object is closer to the center of the image, the blue triangle or the red rectangle?",red rectangle,center_proximity,2,test,,"{'objects': ['obj_1', 'obj_3'], 'target': 'obj_3', 'relation': 'center_proximity'}","```json
{""answer"": ""red rectangle""}
```",red rectangle,red rectangle,True,0.6732948679999708,,False
test_000065_q03,test_000065,images/test/test_000065.png,Is the blue triangle completely inside the yellow circle? Answer yes or no.,no,inside_outside,2,test,,"{'objects': ['obj_1', 'obj_2'], 'relation': 'inside'}","{""answer"": ""no""}",no,no,True,0.4240527470000188,,False
test_000065_q04,test_000065,images/test/test_000065.png,How many triangle objects are in the image?,1,counting,1,test,,{'filter': {'shape': 'triangle'}},"```json
{""answer"": ""1""}
```",1,1,True,0.622191550000025,,False
test_000066_q01,test_000066,images/test/test_000066.png,Which object is immediately right of the yellow circle?,yellow rectangle,left_right,2,test,,"{'anchor': 'obj_1', 'target': 'obj_3', 'relation': 'right'}","```json
{""answer"": ""green square""}
```",yellow rectangle,green square,False,0.6636378089999653,spatial_inversion,False
test_000066_q02,test_000066,images/test/test_000066.png,Is the yellow circle completely inside the yellow rectangle? Answer yes or no.,no,inside_outside,2,test,,"{'objects': ['obj_1', 'obj_3'], 'relation': 'inside'}","{""answer"": ""no""}",no,no,True,0.41835188899995046,,False
test_000066_q03,test_000066,images/test/test_000066.png,Which object is both right of the yellow circle and below the yellow rectangle?,green rectangle,multi_hop,4,test,,"{'anchors': ['obj_1', 'obj_3'], 'target': 'obj_2', 'relations': ['right of', 'below']}","```json
{""answer"": ""green rectangle""}
```",green rectangle,green rectangle,True,0.6664348310000605,,False
test_000066_q04,test_000066,images/test/test_000066.png,Which object is immediately below the yellow circle?,green rectangle,above_below,2,test,,"{'anchor': 'obj_1', 'target': 'obj_2', 'relation': 'below'}","```json
{""answer"": ""green square""}
```",green rectangle,green square,False,0.6669942120000769,spatial_inversion,False
test_000067_q01,test_000067,images/test/test_000067.png,"Which object is larger, the yellow triangle or the red circle?",red circle,relative_size,2,test,,"{'objects': ['obj_1', 'obj_4'], 'target': 'obj_4', 'relation': 'larger'}","```json
{""answer"": ""red circle""}
```",red circle,red circle,True,0.6625360360000059,,False
test_000067_q02,test_000067,images/test/test_000067.png,Which object is between the green rectangle and the yellow circle?,yellow triangle,between,3,test,,"{'objects': ['obj_2', 'obj_3'], 'target': 'obj_1', 'relation': 'between'}","```json
{""answer"": ""triangle""}
```",yellow triangle,triangle,False,0.6126266920000489,object_confusion,False
test_000067_q03,test_000067,images/test/test_000067.png,Which object is both left of the green rectangle and above the yellow circle?,red circle,multi_hop,4,test,,"{'anchors': ['obj_2', 'obj_3'], 'target': 'obj_4', 'relations': ['left of', 'above']}","```json
{""answer"": ""red circle""}
```",red circle,red circle,True,0.6647946830000819,,False
test_000067_q04,test_000067,images/test/test_000067.png,"Which object is closer to the center of the image, the red circle or the yellow triangle?",yellow triangle,center_proximity,2,test,,"{'objects': ['obj_4', 'obj_1'], 'target': 'obj_1', 'relation': 'center_proximity'}","```json
{""answer"": ""yellow triangle""}
```",yellow triangle,yellow triangle,True,0.664617235000037,,False
test_000068_q01,test_000068,images/test/test_000068.png,Do the blue circle and the green triangle overlap? Answer yes or no.,no,overlap,2,test,,"{'objects': ['obj_4', 'obj_3'], 'relation': 'overlap'}","{""answer"": ""no""}",no,no,True,0.4164315829999623,,False
test_000068_q02,test_000068,images/test/test_000068.png,"Which object is closer to the center of the image, the red rectangle or the yellow circle?",yellow circle,center_proximity,2,test,,"{'objects': ['obj_2', 'obj_5'], 'target': 'obj_5', 'relation': 'center_proximity'}","```json
{""answer"": ""yellow circle""}
```",yellow circle,yellow circle,True,0.6649602820000382,,False
test_000068_q03,test_000068,images/test/test_000068.png,Is the yellow rectangle completely inside the yellow circle? Answer yes or no.,no,inside_outside,2,test,,"{'objects': ['obj_1', 'obj_5'], 'relation': 'inside'}","{""answer"": ""no""}",no,no,True,0.4166818850000027,,False
test_000068_q04,test_000068,images/test/test_000068.png,How many rectangle objects are in the image?,2,counting,1,test,,{'filter': {'shape': 'rectangle'}},"```json
{""answer"": ""1""}
```",2,1,False,0.6172892530000809,counting_error,False
test_000069_q01,test_000069,images/test/test_000069.png,"Which object is smaller, the yellow circle or the green rectangle?",green rectangle,relative_size,2,test,,"{'objects': ['obj_3', 'obj_2'], 'target': 'obj_2', 'relation': 'smaller'}","```json
{""answer"": ""yellow circle""}
```",green rectangle,yellow circle,False,0.6682417829999849,object_confusion,False
test_000069_q02,test_000069,images/test/test_000069.png,Which object is both left of the green rectangle and above the yellow circle?,green circle,multi_hop,4,test,,"{'anchors': ['obj_2', 'obj_3'], 'target': 'obj_1', 'relations': ['left of', 'above']}","```json
{""answer"": ""green circle""}
```",green circle,green circle,True,0.6741758410000784,,False
test_000069_q03,test_000069,images/test/test_000069.png,How many objects are left of the green circle?,0,counting,2,test,,"{'anchor': 'obj_1', 'relation': 'left'}","```json
{""answer"": ""1""}
```",0,1,False,0.6158500909999702,counting_error,False
test_000069_q04,test_000069,images/test/test_000069.png,Is the green rectangle completely inside the yellow circle? Answer yes or no.,no,inside_outside,2,test,,"{'objects': ['obj_2', 'obj_3'], 'relation': 'inside'}","{""answer"": ""no""}",no,no,True,0.4223320790000571,,False
test_000070_q01,test_000070,images/test/test_000070.png,"Which object is closer to the center of the image, the red rectangle or the green circle?",green circle,center_proximity,2,test,,"{'objects': ['obj_1', 'obj_2'], 'target': 'obj_2', 'relation': 'center_proximity'}","```json
{""answer"": ""green circle""}
```",green circle,green circle,True,0.6919278930000701,,False
test_000070_q02,test_000070,images/test/test_000070.png,How many red objects are in the image?,1,counting,1,test,,{'filter': {'color': 'red'}},"```json
{""answer"": ""1""}
```",1,1,True,0.6183290290000514,,False
test_000070_q03,test_000070,images/test/test_000070.png,Which object is the bottommost in the image?,green circle,relative_ordering,2,test,,"{'target': 'obj_2', 'relation': 'bottommost'}","```json
{""answer"": ""green circle""}
```",green circle,green circle,True,0.671519003999947,,False
test_000070_q04,test_000070,images/test/test_000070.png,Which object is immediately below the blue triangle?,red rectangle,above_below,2,test,,"{'anchor': 'obj_3', 'target': 'obj_1', 'relation': 'below'}","```json
{""answer"": ""green circle""}
```",red rectangle,green circle,False,0.660907887999997,spatial_inversion,False
test_000071_q01,test_000071,images/test/test_000071.png,How many blue objects are in the image?,1,counting,1,test,,{'filter': {'color': 'blue'}},"```json
{""answer"": ""1""}
```",1,1,True,0.6127094659999557,,False
test_000071_q02,test_000071,images/test/test_000071.png,"Which object is smaller, the green rectangle or the red triangle?",green rectangle,relative_size,2,test,,"{'objects': ['obj_1', 'obj_3'], 'target': 'obj_1', 'relation': 'smaller'}","```json
{""answer"": ""red triangle""}
```",green rectangle,red triangle,False,0.6623744539999734,object_confusion,False
test_000071_q03,test_000071,images/test/test_000071.png,Do the red triangle and the green rectangle overlap? Answer yes or no.,no,overlap,2,test,,"{'objects': ['obj_3', 'obj_1'], 'relation': 'overlap'}","{""answer"": ""no""}",no,no,True,0.4128695040000139,,False
test_000071_q04,test_000071,images/test/test_000071.png,Which object is nearest from the blue circle?,green rectangle,nearest_farthest,2,test,,"{'anchor': 'obj_2', 'target': 'obj_1', 'relation': 'nearest'}","```json
{""answer"": ""triangle""}
```",green rectangle,triangle,False,0.614321417000042,distance_reasoning_error,False
test_000072_q01,test_000072,images/test/test_000072.png,Do the green rectangle and the red triangle overlap? Answer yes or no.,no,overlap,2,test,,"{'objects': ['obj_3', 'obj_1'], 'relation': 'overlap'}","{""answer"": ""no""}",no,no,True,0.4136185919999207,,False
test_000072_q02,test_000072,images/test/test_000072.png,Which object is immediately right of the yellow rectangle?,blue circle,left_right,2,test,,"{'anchor': 'obj_4', 'target': 'obj_2', 'relation': 'right'}","```json
{""answer"": ""triangle""}
```",blue circle,triangle,False,0.6149512839999716,spatial_inversion,False
test_000072_q03,test_000072,images/test/test_000072.png,Which object is both right of the yellow rectangle and below the blue circle?,green rectangle,multi_hop,4,test,,"{'anchors': ['obj_4', 'obj_2'], 'target': 'obj_3', 'relations': ['right of', 'below']}","```json
{""answer"": ""green rectangle""}
```",green rectangle,green rectangle,True,0.6636275109999588,,False
test_000072_q04,test_000072,images/test/test_000072.png,Which object is the leftmost in the image?,yellow rectangle,relative_ordering,2,test,,"{'target': 'obj_4', 'relation': 'leftmost'}","```json
{""answer"": ""blue circle""}
```",yellow rectangle,blue circle,False,0.6679716149999422,spatial_inversion,False
test_000073_q01,test_000073,images/test/test_000073.png,Which object is between the red triangle and the yellow circle?,blue circle,between,3,test,,"{'objects': ['obj_4', 'obj_1'], 'target': 'obj_3', 'relation': 'between'}","```json
{""answer"": ""blue circle""}
```",blue circle,blue circle,True,0.6657359929999984,,False
test_000073_q02,test_000073,images/test/test_000073.png,Is the blue circle completely inside the yellow circle? Answer yes or no.,no,inside_outside,2,test,,"{'objects': ['obj_3', 'obj_1'], 'relation': 'inside'}","{""answer"": ""no""}",no,no,True,0.41807391599991206,,False
test_000073_q03,test_000073,images/test/test_000073.png,Which object is farthest from the red triangle?,blue rectangle,nearest_farthest,2,test,,"{'anchor': 'obj_4', 'target': 'obj_5', 'relation': 'farthest'}","```json
{""answer"": ""circle""}
```",blue rectangle,circle,False,0.6137803400000621,distance_reasoning_error,False
test_000073_q04,test_000073,images/test/test_000073.png,Which object is both above the red triangle and right of the yellow rectangle?,yellow circle,multi_hop,4,test,,"{'anchors': ['obj_4', 'obj_2'], 'target': 'obj_1', 'relations': ['above', 'right of']}","```json
{""answer"": ""blue circle""}
```",yellow circle,blue circle,False,0.6684411840000166,relation_chain_failure,False
test_000074_q01,test_000074,images/test/test_000074.png,Which object is nearest from the green rectangle?,yellow circle,nearest_farthest,2,test,,"{'anchor': 'obj_1', 'target': 'obj_4', 'relation': 'nearest'}","```json
{""answer"": ""triangle""}
```",yellow circle,triangle,False,0.613170658999934,distance_reasoning_error,False
test_000074_q02,test_000074,images/test/test_000074.png,"Which object is closer to the center of the image, the green rectangle or the green triangle?",green rectangle,center_proximity,2,test,,"{'objects': ['obj_1', 'obj_2'], 'target': 'obj_1', 'relation': 'center_proximity'}","```json
{""answer"": ""green triangle""}
```",green rectangle,green triangle,False,0.6652539159999833,distance_reasoning_error,False
test_000074_q03,test_000074,images/test/test_000074.png,Is the green rectangle completely inside the yellow circle? Answer yes or no.,no,inside_outside,2,test,,"{'objects': ['obj_1', 'obj_4'], 'relation': 'inside'}","{""answer"": ""no""}",no,no,True,0.4172751370000469,,False
test_000074_q04,test_000074,images/test/test_000074.png,How many triangle objects are in the image?,2,counting,1,test,,{'filter': {'shape': 'triangle'}},"```json
{""answer"": ""1""}
```",2,1,False,0.6277038289999837,counting_error,False
test_000075_q01,test_000075,images/test/test_000075.png,Which object is immediately right of the red circle?,green rectangle,left_right,2,test,,"{'anchor': 'obj_1', 'target': 'obj_3', 'relation': 'right'}","```json
{""answer"": ""triangle""}
```",green rectangle,triangle,False,0.6219613130000425,spatial_inversion,False
test_000075_q02,test_000075,images/test/test_000075.png,Is the red triangle completely inside the green circle? Answer yes or no.,no,inside_outside,2,test,,"{'objects': ['obj_4', 'obj_2'], 'relation': 'inside'}","{""answer"": ""no""}",no,no,True,0.42362687699994694,,False
test_000075_q03,test_000075,images/test/test_000075.png,Which object is both below the green circle and left of the green rectangle?,red circle,multi_hop,4,test,,"{'anchors': ['obj_2', 'obj_3'], 'target': 'obj_1', 'relations': ['below', 'left of']}","```json
{""answer"": ""triangle""}
```",red circle,triangle,False,0.6183746710000833,relation_chain_failure,False
test_000075_q04,test_000075,images/test/test_000075.png,Which object is immediately above the red triangle?,green circle,above_below,2,test,,"{'anchor': 'obj_4', 'target': 'obj_2', 'relation': 'above'}","```json
{""answer"": ""circle""}
```",green circle,circle,False,0.6162928029999648,spatial_inversion,False
test_000076_q01,test_000076,images/test/test_000076.png,"Which object is larger, the red triangle or the red rectangle?",red triangle,relative_size,2,test,,"{'objects': ['obj_5', 'obj_1'], 'target': 'obj_5', 'relation': 'larger'}","```json
{""answer"": ""rectangle""}
```",red triangle,rectangle,False,0.6165129949999937,object_confusion,False
test_000076_q02,test_000076,images/test/test_000076.png,Which object is between the red rectangle and the yellow rectangle?,yellow circle,between,3,test,,"{'objects': ['obj_1', 'obj_3'], 'target': 'obj_2', 'relation': 'between'}","```json
{""answer"": ""circle""}
```",yellow circle,circle,False,0.614041946000043,object_confusion,False
test_000076_q03,test_000076,images/test/test_000076.png,Which object is both above the red triangle and left of the green triangle?,red rectangle,multi_hop,4,test,,"{'anchors': ['obj_5', 'obj_4'], 'target': 'obj_1', 'relations': ['above', 'left of']}","```json
{""answer"": ""square""}
```",red rectangle,square,False,0.6119588540000223,relation_chain_failure,False
test_000076_q04,test_000076,images/test/test_000076.png,"Which object is closer to the center of the image, the red rectangle or the red triangle?",red rectangle,center_proximity,2,test,,"{'objects': ['obj_1', 'obj_5'], 'target': 'obj_1', 'relation': 'center_proximity'}","```json
{""answer"": ""red triangle""}
```",red rectangle,red triangle,False,0.6713797249999516,distance_reasoning_error,False
test_000077_q01,test_000077,images/test/test_000077.png,Do the blue circle and the green triangle overlap? Answer yes or no.,no,overlap,2,test,,"{'objects': ['obj_4', 'obj_3'], 'relation': 'overlap'}","{""answer"": ""no""}",no,no,True,0.4148859409999659,,False
test_000077_q02,test_000077,images/test/test_000077.png,"Which object is closer to the center of the image, the green triangle or the blue circle?",green triangle,center_proximity,2,test,,"{'objects': ['obj_3', 'obj_4'], 'target': 'obj_3', 'relation': 'center_proximity'}","```json
{""answer"": ""green triangle""}
```",green triangle,green triangle,True,0.6639109159999634,,False
test_000077_q03,test_000077,images/test/test_000077.png,Is the yellow circle completely inside the blue rectangle? Answer yes or no.,no,inside_outside,2,test,,"{'objects': ['obj_2', 'obj_1'], 'relation': 'inside'}","{""answer"": ""no""}",no,no,True,0.41504833499993765,,False
test_000077_q04,test_000077,images/test/test_000077.png,How many blue objects are in the image?,2,counting,1,test,,{'filter': {'color': 'blue'}},"```json
{""answer"": ""2""}
```",2,2,True,0.6177233029999343,,False
test_000078_q01,test_000078,images/test/test_000078.png,"Which object is smaller, the green circle or the blue rectangle?",blue rectangle,relative_size,2,test,,"{'objects': ['obj_4', 'obj_3'], 'target': 'obj_3', 'relation': 'smaller'}","```json
{""answer"": ""green circle""}
```",blue rectangle,green circle,False,0.6677646460000233,object_confusion,False
test_000078_q02,test_000078,images/test/test_000078.png,Which object is both left of the blue rectangle and above the green triangle?,yellow circle,multi_hop,4,test,,"{'anchors': ['obj_3', 'obj_2'], 'target': 'obj_1', 'relations': ['left of', 'above']}","```json
{""answer"": ""yellow circle""}
```",yellow circle,yellow circle,True,0.6656815759999972,,False
test_000078_q03,test_000078,images/test/test_000078.png,How many objects are left of the green triangle?,1,counting,2,test,,"{'anchor': 'obj_2', 'relation': 'left'}","```json
{""answer"": ""1""}
```",1,1,True,0.6138920060000146,,False
test_000078_q04,test_000078,images/test/test_000078.png,Is the blue rectangle completely inside the green triangle? Answer yes or no.,no,inside_outside,2,test,,"{'objects': ['obj_3', 'obj_2'], 'relation': 'inside'}","{""answer"": ""no""}",no,no,True,0.41539489000001595,,False
test_000079_q01,test_000079,images/test/test_000079.png,Do the red circle and the blue circle overlap? Answer yes or no.,no,overlap,2,test,,"{'objects': ['obj_1', 'obj_3'], 'relation': 'overlap'}","{""answer"": ""no""}",no,no,True,0.4159051000000318,,False
test_000079_q02,test_000079,images/test/test_000079.png,How many blue objects are in the image?,1,counting,1,test,,{'filter': {'color': 'blue'}},"```json
{""answer"": ""1""}
```",1,1,True,0.6140332690000605,,False
test_000079_q03,test_000079,images/test/test_000079.png,Which object is the leftmost in the image?,blue circle,relative_ordering,2,test,,"{'target': 'obj_3', 'relation': 'leftmost'}","```json
{""answer"": ""green circle""}
```",blue circle,green circle,False,0.6647405780000781,spatial_inversion,False
test_000079_q04,test_000079,images/test/test_000079.png,"Which object is larger, the red circle or the green circle?",red circle,relative_size,2,test,,"{'objects': ['obj_1', 'obj_2'], 'target': 'obj_1', 'relation': 'larger'}","```json
{""answer"": ""red circle""}
```",red circle,red circle,True,0.6780056069999318,,False
test_000080_q01,test_000080,images/test/test_000080.png,How many green objects are in the image?,2,counting,1,test,,{'filter': {'color': 'green'}},"```json
{""answer"": ""2""}
```",2,2,True,0.6242647300000499,,False
test_000080_q02,test_000080,images/test/test_000080.png,"Which object is smaller, the green triangle or the blue triangle?",blue triangle,relative_size,2,test,,"{'objects': ['obj_2', 'obj_1'], 'target': 'obj_1', 'relation': 'smaller'}","```json
{""answer"": ""green triangle""}
```",blue triangle,green triangle,False,0.6832591959999945,object_confusion,False
test_000080_q03,test_000080,images/test/test_000080.png,Do the yellow triangle and the blue triangle overlap? Answer yes or no.,no,overlap,2,test,,"{'objects': ['obj_5', 'obj_1'], 'relation': 'overlap'}","{""answer"": ""no""}",no,no,True,0.42058315400004176,,False
test_000080_q04,test_000080,images/test/test_000080.png,Which object is nearest from the red circle?,yellow triangle,nearest_farthest,2,test,,"{'anchor': 'obj_3', 'target': 'obj_5', 'relation': 'nearest'}","```json
{""answer"": ""triangle""}
```",yellow triangle,triangle,False,0.6153889199999867,distance_reasoning_error,False
test_000081_q01,test_000081,images/test/test_000081.png,Do the red rectangle and the red triangle overlap? Answer yes or no.,no,overlap,2,test,,"{'objects': ['obj_3', 'obj_2'], 'relation': 'overlap'}","{""answer"": ""no""}",no,no,True,0.4186907619999829,,False
test_000081_q02,test_000081,images/test/test_000081.png,Which object is both left of the yellow circle and right of the red rectangle?,yellow triangle,multi_hop,4,test,,"{'anchors': ['obj_4', 'obj_3'], 'target': 'obj_1', 'relations': ['left of', 'right of']}","```json
{""answer"": ""green square""}
```",yellow triangle,green square,False,0.6636011489999873,relation_chain_failure,False
test_000081_q03,test_000081,images/test/test_000081.png,Which object is the rightmost in the image?,green rectangle,relative_ordering,2,test,,"{'target': 'obj_5', 'relation': 'rightmost'}","```json
{""answer"": ""square""}
```",green rectangle,square,False,0.6164424180000196,spatial_inversion,False
test_000081_q04,test_000081,images/test/test_000081.png,Which object is farthest from the red triangle?,red rectangle,nearest_farthest,2,test,,"{'anchor': 'obj_2', 'target': 'obj_3', 'relation': 'farthest'}","```json
{""answer"": ""square""}
```",red rectangle,square,False,0.6169410420000077,distance_reasoning_error,False
test_000082_q01,test_000082,images/test/test_000082.png,Is the red circle completely inside the yellow rectangle? Answer yes or no.,no,inside_outside,2,test,,"{'objects': ['obj_3', 'obj_1'], 'relation': 'inside'}","{""answer"": ""no""}",no,no,True,0.41761864600005083,,False
test_000082_q02,test_000082,images/test/test_000082.png,Which object is farthest from the red circle?,blue triangle,nearest_farthest,2,test,,"{'anchor': 'obj_3', 'target': 'obj_2', 'relation': 'farthest'}","```json
{""answer"": ""blue triangle""}
```",blue triangle,blue triangle,True,0.6697914059999448,,False
test_000082_q03,test_000082,images/test/test_000082.png,Which object is both right of the blue triangle and above the yellow rectangle?,red circle,multi_hop,4,test,,"{'anchors': ['obj_2', 'obj_1'], 'target': 'obj_3', 'relations': ['right of', 'above']}","```json
{""answer"": ""red circle""}
```",red circle,red circle,True,0.6664670559999877,,False
test_000082_q04,test_000082,images/test/test_000082.png,How many triangle objects are in the image?,1,counting,1,test,,{'filter': {'shape': 'triangle'}},"```json
{""answer"": ""1""}
```",1,1,True,0.6220701749999762,,False
test_000083_q01,test_000083,images/test/test_000083.png,Which object is nearest from the yellow triangle?,red circle,nearest_farthest,2,test,,"{'anchor': 'obj_1', 'target': 'obj_3', 'relation': 'nearest'}","```json
{""answer"": ""red circle""}
```",red circle,red circle,True,0.6697742559999824,,False
test_000083_q02,test_000083,images/test/test_000083.png,"Which object is closer to the center of the image, the yellow triangle or the red circle?",yellow triangle,center_proximity,2,test,,"{'objects': ['obj_1', 'obj_3'], 'target': 'obj_1', 'relation': 'center_proximity'}","```json
{""answer"": ""red circle""}
```",yellow triangle,red circle,False,0.6708044859999518,distance_reasoning_error,False
test_000083_q03,test_000083,images/test/test_000083.png,Is the yellow triangle completely inside the green triangle? Answer yes or no.,no,inside_outside,2,test,,"{'objects': ['obj_1', 'obj_2'], 'relation': 'inside'}","{""answer"": ""no""}",no,no,True,0.421776748999946,,False
test_000083_q04,test_000083,images/test/test_000083.png,How many triangle objects are in the image?,2,counting,1,test,,{'filter': {'shape': 'triangle'}},"```json
{""answer"": ""1""}
```",2,1,False,0.618607183999984,counting_error,False
test_000084_q01,test_000084,images/test/test_000084.png,Which object is immediately right of the yellow circle?,red rectangle,left_right,2,test,,"{'anchor': 'obj_1', 'target': 'obj_4', 'relation': 'right'}","```json
{""answer"": ""square""}
```",red rectangle,square,False,0.6166235000000597,spatial_inversion,False
test_000084_q02,test_000084,images/test/test_000084.png,Is the red rectangle completely inside the red triangle? Answer yes or no.,no,inside_outside,2,test,,"{'objects': ['obj_4', 'obj_2'], 'relation': 'inside'}","{""answer"": ""no""}",no,no,True,0.4163743720000639,,False
test_000084_q03,test_000084,images/test/test_000084.png,Which object is both right of the red triangle and left of the yellow rectangle?,red rectangle,multi_hop,4,test,,"{'anchors': ['obj_2', 'obj_3'], 'target': 'obj_4', 'relations': ['right of', 'left of']}","```json
{""answer"": ""square""}
```",red rectangle,square,False,0.6179591399999254,relation_chain_failure,False
test_000084_q04,test_000084,images/test/test_000084.png,Which object is immediately above the red triangle?,red rectangle,above_below,2,test,,"{'anchor': 'obj_2', 'target': 'obj_4', 'relation': 'above'}","```json
{""answer"": ""square""}
```",red rectangle,square,False,0.632687715999964,spatial_inversion,False
test_000085_q01,test_000085,images/test/test_000085.png,"Which object is larger, the yellow circle or the red triangle?",red triangle,relative_size,2,test,,"{'objects': ['obj_5', 'obj_1'], 'target': 'obj_1', 'relation': 'larger'}","```json
{""answer"": ""yellow circle""}
```",red triangle,yellow circle,False,0.6747789230000762,object_confusion,False
test_000085_q02,test_000085,images/test/test_000085.png,Which object is between the green rectangle and the green triangle?,red triangle,between,3,test,,"{'objects': ['obj_2', 'obj_4'], 'target': 'obj_1', 'relation': 'between'}","```json
{""answer"": ""square""}
```",red triangle,square,False,0.6329442289999179,other,False
test_000085_q03,test_000085,images/test/test_000085.png,Which object is both right of the red triangle and left of the green triangle?,yellow rectangle,multi_hop,4,test,,"{'anchors': ['obj_1', 'obj_4'], 'target': 'obj_3', 'relations': ['right of', 'left of']}","```json
{""answer"": ""yellow circle""}
```",yellow rectangle,yellow circle,False,0.6707334850000279,relation_chain_failure,False
test_000085_q04,test_000085,images/test/test_000085.png,"Which object is closer to the center of the image, the green triangle or the yellow circle?",yellow circle,center_proximity,2,test,,"{'objects': ['obj_4', 'obj_5'], 'target': 'obj_5', 'relation': 'center_proximity'}","```json
{""answer"": ""yellow circle""}
```",yellow circle,yellow circle,True,0.6683528830000114,,False
test_000086_q01,test_000086,images/test/test_000086.png,Do the blue triangle and the yellow rectangle overlap? Answer yes or no.,no,overlap,2,test,,"{'objects': ['obj_4', 'obj_3'], 'relation': 'overlap'}","{""answer"": ""no""}",no,no,True,0.4183043450000241,,False
test_000086_q02,test_000086,images/test/test_000086.png,"Which object is closer to the center of the image, the red circle or the yellow circle?",yellow circle,center_proximity,2,test,,"{'objects': ['obj_2', 'obj_5'], 'target': 'obj_5', 'relation': 'center_proximity'}","```json
{""answer"": ""red circle""}
```",yellow circle,red circle,False,0.6699661239999841,distance_reasoning_error,False
test_000086_q03,test_000086,images/test/test_000086.png,Is the green rectangle completely inside the yellow circle? Answer yes or no.,no,inside_outside,2,test,,"{'objects': ['obj_1', 'obj_5'], 'relation': 'inside'}","{""answer"": ""no""}",no,no,True,0.4174208179999823,,False
test_000086_q04,test_000086,images/test/test_000086.png,How many rectangle objects are in the image?,2,counting,1,test,,{'filter': {'shape': 'rectangle'}},"```json
{""answer"": ""2""}
```",2,2,True,0.6186400090000461,,False
test_000087_q01,test_000087,images/test/test_000087.png,"Which object is smaller, the blue triangle or the green rectangle?",green rectangle,relative_size,2,test,,"{'objects': ['obj_3', 'obj_2'], 'target': 'obj_2', 'relation': 'smaller'}","```json
{""answer"": ""blue triangle""}
```",green rectangle,blue triangle,False,0.6674933779999037,object_confusion,False
test_000087_q02,test_000087,images/test/test_000087.png,Which object is both left of the blue rectangle and right of the blue triangle?,green rectangle,multi_hop,4,test,,"{'anchors': ['obj_1', 'obj_3'], 'target': 'obj_2', 'relations': ['left of', 'right of']}","```json
{""answer"": ""green rectangle""}
```",green rectangle,green rectangle,True,0.665140885000028,,False
test_000087_q03,test_000087,images/test/test_000087.png,How many objects are left of the blue rectangle?,2,counting,2,test,,"{'anchor': 'obj_1', 'relation': 'left'}","```json
{""answer"": ""1""}
```",2,1,False,0.6142102559999785,counting_error,False
test_000087_q04,test_000087,images/test/test_000087.png,Is the blue rectangle completely inside the green rectangle? Answer yes or no.,no,inside_outside,2,test,,"{'objects': ['obj_1', 'obj_2'], 'relation': 'inside'}","{""answer"": ""no""}",no,no,True,0.42446823499994935,,False
test_000088_q01,test_000088,images/test/test_000088.png,Do the green rectangle and the yellow circle overlap? Answer yes or no.,no,overlap,2,test,,"{'objects': ['obj_1', 'obj_3'], 'relation': 'overlap'}","{""answer"": ""no""}",no,no,True,0.4234892319999517,,False
test_000088_q02,test_000088,images/test/test_000088.png,Which object is immediately below the red circle?,yellow circle,above_below,2,test,,"{'anchor': 'obj_2', 'target': 'obj_3', 'relation': 'below'}","```json
{""answer"": ""yellow circle""}
```",yellow circle,yellow circle,True,0.6652463919999718,,False
test_000088_q03,test_000088,images/test/test_000088.png,How many green objects are in the image?,1,counting,1,test,,{'filter': {'color': 'green'}},"```json
{""answer"": ""1""}
```",1,1,True,0.6154506369999808,,False
test_000088_q04,test_000088,images/test/test_000088.png,Which object is the leftmost in the image?,red circle,relative_ordering,2,test,,"{'target': 'obj_2', 'relation': 'leftmost'}","```json
{""answer"": ""red""}
```",red circle,red,False,0.6155612100000099,spatial_inversion,False
test_000089_q01,test_000089,images/test/test_000089.png,Which object is immediately below the green triangle?,yellow circle,above_below,2,test,,"{'anchor': 'obj_3', 'target': 'obj_1', 'relation': 'below'}","```json
{""answer"": ""circle""}
```",yellow circle,circle,False,0.6126969379999991,spatial_inversion,False
test_000089_q02,test_000089,images/test/test_000089.png,Which object is farthest from the green rectangle?,red triangle,nearest_farthest,2,test,,"{'anchor': 'obj_5', 'target': 'obj_2', 'relation': 'farthest'}","```json
{""answer"": ""triangle""}
```",red triangle,triangle,False,0.6199112860000469,distance_reasoning_error,False
test_000089_q03,test_000089,images/test/test_000089.png,Which object is immediately left of the yellow circle?,green rectangle,left_right,2,test,,"{'anchor': 'obj_1', 'target': 'obj_5', 'relation': 'left'}","```json
{""answer"": ""green circle""}
```",green rectangle,green circle,False,0.6739735590000464,spatial_inversion,False
test_000089_q04,test_000089,images/test/test_000089.png,Which object is both below the green circle and above the yellow circle?,green triangle,multi_hop,4,test,,"{'anchors': ['obj_4', 'obj_1'], 'target': 'obj_3', 'relations': ['below', 'above']}","```json
{""answer"": ""triangle""}
```",green triangle,triangle,False,0.639691550000066,relation_chain_failure,False
test_000090_q01,test_000090,images/test/test_000090.png,Do the yellow circle and the red triangle overlap? Answer yes or no.,no,overlap,2,test,,"{'objects': ['obj_3', 'obj_1'], 'relation': 'overlap'}","{""answer"": ""no""}",no,no,True,0.4240607069999669,,False
test_000090_q02,test_000090,images/test/test_000090.png,Which object is immediately right of the green triangle?,green rectangle,left_right,2,test,,"{'anchor': 'obj_4', 'target': 'obj_2', 'relation': 'right'}","```json
{""answer"": ""square""}
```",green rectangle,square,False,0.6236581520000755,spatial_inversion,False
test_000090_q03,test_000090,images/test/test_000090.png,Which object is both right of the green triangle and below the green rectangle?,red triangle,multi_hop,4,test,,"{'anchors': ['obj_4', 'obj_2'], 'target': 'obj_1', 'relations': ['right of', 'below']}","```json
{""answer"": ""circle""}
```",red triangle,circle,False,0.6133186000000705,relation_chain_failure,False
test_000090_q04,test_000090,images/test/test_000090.png,Which object is the leftmost in the image?,green triangle,relative_ordering,2,test,,"{'target': 'obj_4', 'relation': 'leftmost'}","```json
{""answer"": ""triangle""}
```",green triangle,triangle,False,0.6204177399999935,spatial_inversion,False
test_000091_q01,test_000091,images/test/test_000091.png,Is the blue triangle completely inside the blue rectangle? Answer yes or no.,no,inside_outside,2,test,,"{'objects': ['obj_2', 'obj_1'], 'relation': 'inside'}","{""answer"": ""no""}",no,no,True,0.4160689249999905,,False
test_000091_q02,test_000091,images/test/test_000091.png,Which object is farthest from the blue triangle?,red circle,nearest_farthest,2,test,,"{'anchor': 'obj_2', 'target': 'obj_4', 'relation': 'farthest'}","```json
{""answer"": ""rectangle""}
```",red circle,rectangle,False,0.617706290000001,distance_reasoning_error,False
test_000091_q03,test_000091,images/test/test_000091.png,Which object is both right of the blue rectangle and below the blue triangle?,red circle,multi_hop,4,test,,"{'anchors': ['obj_1', 'obj_2'], 'target': 'obj_4', 'relations': ['right of', 'below']}","```json
{""answer"": ""red circle""}
```",red circle,red circle,True,0.6733222170000772,,False
test_000091_q04,test_000091,images/test/test_000091.png,How many red objects are in the image?,2,counting,1,test,,{'filter': {'color': 'red'}},"```json
{""answer"": ""1""}
```",2,1,False,0.6262501689999453,counting_error,False
test_000092_q01,test_000092,images/test/test_000092.png,Which object is nearest from the green rectangle?,green triangle,nearest_farthest,2,test,,"{'anchor': 'obj_1', 'target': 'obj_3', 'relation': 'nearest'}","```json
{""answer"": ""green rectangle""}
```",green triangle,green rectangle,False,0.6732087809999712,distance_reasoning_error,False
test_000092_q02,test_000092,images/test/test_000092.png,"Which object is closer to the center of the image, the green rectangle or the green triangle?",green triangle,center_proximity,2,test,,"{'objects': ['obj_1', 'obj_3'], 'target': 'obj_3', 'relation': 'center_proximity'}","```json
{""answer"": ""green triangle""}
```",green triangle,green triangle,True,0.6780955849999373,,False
test_000092_q03,test_000092,images/test/test_000092.png,Is the green rectangle completely inside the yellow circle? Answer yes or no.,no,inside_outside,2,test,,"{'objects': ['obj_1', 'obj_2'], 'relation': 'inside'}","{""answer"": ""no""}",no,no,True,0.4156208660000402,,False
test_000092_q04,test_000092,images/test/test_000092.png,How many triangle objects are in the image?,1,counting,1,test,,{'filter': {'shape': 'triangle'}},"```json
{""answer"": ""1""}
```",1,1,True,0.6150564749999603,,False
test_000093_q01,test_000093,images/test/test_000093.png,Which object is immediately right of the red circle?,blue triangle,left_right,2,test,,"{'anchor': 'obj_1', 'target': 'obj_2', 'relation': 'right'}","```json
{""answer"": ""green rectangle""}
```",blue triangle,green rectangle,False,0.6662079950000361,spatial_inversion,False
test_000093_q02,test_000093,images/test/test_000093.png,Is the red circle completely inside the green rectangle? Answer yes or no.,no,inside_outside,2,test,,"{'objects': ['obj_1', 'obj_3'], 'relation': 'inside'}","{""answer"": ""no""}",no,no,True,0.4168236020000222,,False
test_000093_q03,test_000093,images/test/test_000093.png,Which object is both above the green rectangle and right of the red circle?,blue triangle,multi_hop,4,test,,"{'anchors': ['obj_3', 'obj_1'], 'target': 'obj_2', 'relations': ['above', 'right of']}","```json
{""answer"": ""triangle""}
```",blue triangle,triangle,False,0.6158698689999937,relation_chain_failure,False
test_000093_q04,test_000093,images/test/test_000093.png,Which object is immediately below the green rectangle?,red circle,above_below,2,test,,"{'anchor': 'obj_3', 'target': 'obj_1', 'relation': 'below'}","```json
{""answer"": ""triangle""}
```",red circle,triangle,False,0.6118970029999673,spatial_inversion,False
test_000094_q01,test_000094,images/test/test_000094.png,"Which object is larger, the green triangle or the green circle?",green circle,relative_size,2,test,,"{'objects': ['obj_1', 'obj_4'], 'target': 'obj_4', 'relation': 'larger'}","```json
{""answer"": ""circle""}
```",green circle,circle,False,0.6113063679999868,object_confusion,False
test_000094_q02,test_000094,images/test/test_000094.png,Which object is between the yellow triangle and the green circle?,yellow rectangle,between,3,test,,"{'objects': ['obj_3', 'obj_4'], 'target': 'obj_2', 'relation': 'between'}","```json
{""answer"": ""square""}
```",yellow rectangle,square,False,0.6146350650000159,other,False
test_000094_q03,test_000094,images/test/test_000094.png,Which object is both below the green triangle and right of the yellow rectangle?,yellow triangle,multi_hop,4,test,,"{'anchors': ['obj_1', 'obj_2'], 'target': 'obj_3', 'relations': ['below', 'right of']}","```json
{""answer"": ""triangle""}
```",yellow triangle,triangle,False,0.6220993990000352,relation_chain_failure,False
test_000094_q04,test_000094,images/test/test_000094.png,"Which object is closer to the center of the image, the yellow triangle or the green triangle?",yellow triangle,center_proximity,2,test,,"{'objects': ['obj_3', 'obj_1'], 'target': 'obj_3', 'relation': 'center_proximity'}","```json
{""answer"": ""yellow triangle""}
```",yellow triangle,yellow triangle,True,0.6750715609999816,,False
test_000095_q01,test_000095,images/test/test_000095.png,Do the green circle and the blue triangle overlap? Answer yes or no.,no,overlap,2,test,,"{'objects': ['obj_4', 'obj_3'], 'relation': 'overlap'}","{""answer"": ""no""}",no,no,True,0.42145668700004535,,False
test_000095_q02,test_000095,images/test/test_000095.png,"Which object is closer to the center of the image, the blue triangle or the green circle?",green circle,center_proximity,2,test,,"{'objects': ['obj_3', 'obj_4'], 'target': 'obj_4', 'relation': 'center_proximity'}","```json
{""answer"": ""blue triangle""}
```",green circle,blue triangle,False,0.691333386999986,distance_reasoning_error,False
test_000095_q03,test_000095,images/test/test_000095.png,Is the green triangle completely inside the yellow circle? Answer yes or no.,no,inside_outside,2,test,,"{'objects': ['obj_2', 'obj_1'], 'relation': 'inside'}","{""answer"": ""no""}",no,no,True,0.4174863150000192,,False
test_000095_q04,test_000095,images/test/test_000095.png,How many blue objects are in the image?,1,counting,1,test,,{'filter': {'color': 'blue'}},"```json
{""answer"": ""1""}
```",1,1,True,0.6250041260000216,,False
test_000096_q01,test_000096,images/test/test_000096.png,"Which object is smaller, the red triangle or the red rectangle?",red triangle,relative_size,2,test,,"{'objects': ['obj_4', 'obj_5'], 'target': 'obj_4', 'relation': 'smaller'}","```json
{""answer"": ""triangle""}
```",red triangle,triangle,False,0.6222966159999714,object_confusion,False
test_000096_q02,test_000096,images/test/test_000096.png,Which object is both above the red triangle and below the blue rectangle?,yellow circle,multi_hop,4,test,,"{'anchors': ['obj_4', 'obj_1'], 'target': 'obj_2', 'relations': ['above', 'below']}","```json
{""answer"": ""green triangle""}
```",yellow circle,green triangle,False,0.6680623160000323,relation_chain_failure,False
test_000096_q03,test_000096,images/test/test_000096.png,How many rectangle objects are in the image?,2,counting,1,test,,{'filter': {'shape': 'rectangle'}},"```json
{""answer"": ""2""}
```",2,2,True,0.6192675100000997,,False
test_000096_q04,test_000096,images/test/test_000096.png,Is the green triangle completely inside the yellow circle? Answer yes or no.,no,inside_outside,2,test,,"{'objects': ['obj_3', 'obj_2'], 'relation': 'inside'}","{""answer"": ""no""}",no,no,True,0.418799141999898,,False
test_000097_q01,test_000097,images/test/test_000097.png,Do the red triangle and the green triangle overlap? Answer yes or no.,no,overlap,2,test,,"{'objects': ['obj_2', 'obj_1'], 'relation': 'overlap'}","{""answer"": ""no""}",no,no,True,0.42085181300001295,,False
test_000097_q02,test_000097,images/test/test_000097.png,How many blue objects are in the image?,1,counting,1,test,,{'filter': {'color': 'blue'}},"```json
{""answer"": ""1""}
```",1,1,True,0.6181813999999122,,False
test_000097_q03,test_000097,images/test/test_000097.png,Which object is the leftmost in the image?,blue triangle,relative_ordering,2,test,,"{'target': 'obj_4', 'relation': 'leftmost'}","```json
{""answer"": ""triangle""}
```",blue triangle,triangle,False,0.6185758459999988,spatial_inversion,False
test_000097_q04,test_000097,images/test/test_000097.png,"Which object is larger, the green triangle or the blue triangle?",green triangle,relative_size,2,test,,"{'objects': ['obj_1', 'obj_4'], 'target': 'obj_1', 'relation': 'larger'}","```json
{""answer"": ""green triangle""}
```",green triangle,green triangle,True,0.6714082720000079,,False
test_000098_q01,test_000098,images/test/test_000098.png,Which object is farthest from the yellow circle?,blue triangle,nearest_farthest,2,test,,"{'anchor': 'obj_3', 'target': 'obj_2', 'relation': 'farthest'}","```json
{""answer"": ""triangle""}
```",blue triangle,triangle,False,0.6175086630000806,distance_reasoning_error,False
test_000098_q02,test_000098,images/test/test_000098.png,Which object is both left of the blue triangle and below the yellow circle?,blue circle,multi_hop,4,test,,"{'anchors': ['obj_2', 'obj_3'], 'target': 'obj_1', 'relations': ['left of', 'below']}","```json
{""answer"": ""blue circle""}
```",blue circle,blue circle,True,0.6704378650000535,,False
test_000098_q03,test_000098,images/test/test_000098.png,"Which object is closer to the center of the image, the blue triangle or the yellow circle?",blue triangle,center_proximity,2,test,,"{'objects': ['obj_2', 'obj_3'], 'target': 'obj_2', 'relation': 'center_proximity'}","```json
{""answer"": ""blue triangle""}
```",blue triangle,blue triangle,True,0.6699039019999873,,False
test_000098_q04,test_000098,images/test/test_000098.png,Which object is the leftmost in the image?,blue circle,relative_ordering,2,test,,"{'target': 'obj_1', 'relation': 'leftmost'}","```json
{""answer"": ""triangle""}
```",blue circle,triangle,False,0.6206834870000648,spatial_inversion,False
test_000099_q01,test_000099,images/test/test_000099.png,Which object is immediately below the red circle?,blue triangle,above_below,2,test,,"{'anchor': 'obj_4', 'target': 'obj_3', 'relation': 'below'}","```json
{""answer"": ""square""}
```",blue triangle,square,False,0.6190391809999483,spatial_inversion,False
test_000099_q02,test_000099,images/test/test_000099.png,"Which object is closer to the center of the image, the green rectangle or the blue triangle?",blue triangle,center_proximity,2,test,,"{'objects': ['obj_2', 'obj_3'], 'target': 'obj_3', 'relation': 'center_proximity'}","```json
{""answer"": ""green rectangle""}
```",blue triangle,green rectangle,False,0.678155977000074,distance_reasoning_error,False
test_000099_q03,test_000099,images/test/test_000099.png,Do the blue triangle and the red circle overlap? Answer yes or no.,no,overlap,2,test,,"{'objects': ['obj_3', 'obj_4'], 'relation': 'overlap'}","{""answer"": ""no""}",no,no,True,0.4275420230000009,,False
test_000099_q04,test_000099,images/test/test_000099.png,Which object is between the blue triangle and the green rectangle?,red triangle,between,3,test,,"{'objects': ['obj_3', 'obj_2'], 'target': 'obj_1', 'relation': 'between'}","```json
{""answer"": ""red triangle""}
```",red triangle,red triangle,True,0.679312940999921,,False
ood_shape_000000_q01,ood_shape_000000,images/ood_shape/ood_shape_000000.png,How many objects are above the blue hexagon?,1,counting,2,ood_shape,shape,"{'anchor': 'obj_1', 'relation': 'above'}","```json
{""answer"": ""2""}
```",1,2,False,0.6306060399999751,counting_error,True
ood_shape_000000_q02,ood_shape_000000,images/ood_shape/ood_shape_000000.png,"Which object is smaller, the blue star or the blue hexagon?",blue star,relative_size,2,ood_shape,shape,"{'objects': ['obj_2', 'obj_1'], 'target': 'obj_2', 'relation': 'smaller'}","```json
{""answer"": ""blue star""}
```",blue star,blue star,True,0.6876080160000129,,False
ood_shape_000000_q03,ood_shape_000000,images/ood_shape/ood_shape_000000.png,Is the blue hexagon completely inside the green diamond? Answer yes or no.,no,inside_outside,2,ood_shape,shape,"{'objects': ['obj_1', 'obj_4'], 'relation': 'inside'}","{""answer"": ""no""}",no,no,True,0.41460571199991136,,False
ood_shape_000000_q04,ood_shape_000000,images/ood_shape/ood_shape_000000.png,Which object is immediately below the blue hexagon?,yellow diamond,above_below,2,ood_shape,shape,"{'anchor': 'obj_1', 'target': 'obj_3', 'relation': 'below'}","```json
{""answer"": ""yellow hexagon""}
```",yellow diamond,yellow hexagon,False,0.7173904559999755,spatial_inversion,True
ood_shape_000001_q01,ood_shape_000001,images/ood_shape/ood_shape_000001.png,How many objects are above the yellow diamond?,1,counting,2,ood_shape,shape,"{'anchor': 'obj_5', 'relation': 'above'}","```json
{""answer"": ""2""}
```",1,2,False,0.615991531000077,counting_error,True
ood_shape_000001_q02,ood_shape_000001,images/ood_shape/ood_shape_000001.png,Which object is both right of the blue star and above the red hexagon?,green hexagon,multi_hop,4,ood_shape,shape,"{'anchors': ['obj_4', 'obj_1'], 'target': 'obj_3', 'relations': ['right of', 'above']}","```json
{""answer"": ""green triangle""}
```",green hexagon,green triangle,False,0.6685298449999664,relation_chain_failure,True
ood_shape_000001_q03,ood_shape_000001,images/ood_shape/ood_shape_000001.png,Do the yellow diamond and the red hexagon overlap? Answer yes or no.,no,overlap,2,ood_shape,shape,"{'objects': ['obj_5', 'obj_1'], 'relation': 'overlap'}","{""answer"": ""no""}",no,no,True,0.41670417300008467,,False
ood_shape_000001_q04,ood_shape_000001,images/ood_shape/ood_shape_000001.png,Which object is farthest from the red hexagon?,green hexagon,nearest_farthest,2,ood_shape,shape,"{'anchor': 'obj_1', 'target': 'obj_3', 'relation': 'farthest'}","```json
{""answer"": ""green triangle""}
```",green hexagon,green triangle,False,0.6667101829999638,distance_reasoning_error,True
ood_shape_000002_q01,ood_shape_000002,images/ood_shape/ood_shape_000002.png,Is the red hexagon completely inside the red star? Answer yes or no.,no,inside_outside,2,ood_shape,shape,"{'objects': ['obj_3', 'obj_1'], 'relation': 'inside'}","{""answer"": ""no""}",no,no,True,0.4190283890000046,,False
ood_shape_000002_q02,ood_shape_000002,images/ood_shape/ood_shape_000002.png,Which object is both above the red star and below the red hexagon?,blue hexagon,multi_hop,4,ood_shape,shape,"{'anchors': ['obj_1', 'obj_3'], 'target': 'obj_2', 'relations': ['above', 'below']}","```json
{""answer"": ""blue hexagon""}
```",blue hexagon,blue hexagon,True,0.7171409150000727,,False
ood_shape_000002_q03,ood_shape_000002,images/ood_shape/ood_shape_000002.png,Do the red star and the blue hexagon overlap? Answer yes or no.,no,overlap,2,ood_shape,shape,"{'objects': ['obj_1', 'obj_2'], 'relation': 'overlap'}","{""answer"": ""no""}",no,no,True,0.41927336300000206,,False
ood_shape_000002_q04,ood_shape_000002,images/ood_shape/ood_shape_000002.png,Which object is the rightmost in the image?,red hexagon,relative_ordering,2,ood_shape,shape,"{'target': 'obj_3', 'relation': 'rightmost'}","```json
{""answer"": ""red star""}
```",red hexagon,red star,False,0.666574164999929,spatial_inversion,True
ood_shape_000003_q01,ood_shape_000003,images/ood_shape/ood_shape_000003.png,"Which object is smaller, the red hexagon or the red diamond?",red diamond,relative_size,2,ood_shape,shape,"{'objects': ['obj_5', 'obj_4'], 'target': 'obj_4', 'relation': 'smaller'}","```json
{""answer"": ""red hexagon""}
```",red diamond,red hexagon,False,0.717784535000078,object_confusion,True
ood_shape_000003_q02,ood_shape_000003,images/ood_shape/ood_shape_000003.png,Which object is farthest from the red hexagon?,yellow diamond,nearest_farthest,2,ood_shape,shape,"{'anchor': 'obj_5', 'target': 'obj_2', 'relation': 'farthest'}","```json
{""answer"": ""blue star""}
```",yellow diamond,blue star,False,0.6717609819999097,distance_reasoning_error,True
ood_shape_000003_q03,ood_shape_000003,images/ood_shape/ood_shape_000003.png,Is the blue diamond completely inside the red hexagon? Answer yes or no.,no,inside_outside,2,ood_shape,shape,"{'objects': ['obj_3', 'obj_5'], 'relation': 'inside'}","{""answer"": ""no""}",no,no,True,0.4181181609999385,,False
ood_shape_000003_q04,ood_shape_000003,images/ood_shape/ood_shape_000003.png,Which object is immediately right of the red hexagon?,blue star,left_right,2,ood_shape,shape,"{'anchor': 'obj_5', 'target': 'obj_1', 'relation': 'right'}","```json
{""answer"": ""blue star""}
```",blue star,blue star,True,0.6683258839999553,,False
ood_shape_000004_q01,ood_shape_000004,images/ood_shape/ood_shape_000004.png,"Which object is closer to the center of the image, the red hexagon or the yellow diamond?",red hexagon,center_proximity,2,ood_shape,shape,"{'objects': ['obj_1', 'obj_3'], 'target': 'obj_1', 'relation': 'center_proximity'}","```json
{""answer"": ""yellow diamond""}
```",red hexagon,yellow diamond,False,0.6676174560000163,distance_reasoning_error,True
ood_shape_000004_q02,ood_shape_000004,images/ood_shape/ood_shape_000004.png,Do the red hexagon and the yellow diamond overlap? Answer yes or no.,no,overlap,2,ood_shape,shape,"{'objects': ['obj_1', 'obj_3'], 'relation': 'overlap'}","{""answer"": ""no""}",no,no,True,0.42791354000007686,,False
ood_shape_000004_q03,ood_shape_000004,images/ood_shape/ood_shape_000004.png,Is the yellow star completely inside the red hexagon? Answer yes or no.,no,inside_outside,2,ood_shape,shape,"{'objects': ['obj_2', 'obj_1'], 'relation': 'inside'}","{""answer"": ""no""}",no,no,True,0.4443986840000207,,False
ood_shape_000004_q04,ood_shape_000004,images/ood_shape/ood_shape_000004.png,Which object is nearest from the yellow diamond?,red hexagon,nearest_farthest,2,ood_shape,shape,"{'anchor': 'obj_3', 'target': 'obj_1', 'relation': 'nearest'}","```json
{""answer"": ""yellow diamond""}
```",red hexagon,yellow diamond,False,0.6846964149999621,distance_reasoning_error,True
ood_shape_000005_q01,ood_shape_000005,images/ood_shape/ood_shape_000005.png,Do the green star and the green diamond overlap? Answer yes or no.,no,overlap,2,ood_shape,shape,"{'objects': ['obj_2', 'obj_3'], 'relation': 'overlap'}","{""answer"": ""no""}",no,no,True,0.43296609300000455,,False
ood_shape_000005_q02,ood_shape_000005,images/ood_shape/ood_shape_000005.png,How many green objects are in the image?,2,counting,1,ood_shape,shape,{'filter': {'color': 'green'}},"```json
{""answer"": ""1""}
```",2,1,False,0.6271174199999905,counting_error,True
ood_shape_000005_q03,ood_shape_000005,images/ood_shape/ood_shape_000005.png,Which object is farthest from the green diamond?,red diamond,nearest_farthest,2,ood_shape,shape,"{'anchor': 'obj_3', 'target': 'obj_1', 'relation': 'farthest'}","```json
{""answer"": ""red diamond""}
```",red diamond,red diamond,True,0.6739110080000046,,False
ood_shape_000005_q04,ood_shape_000005,images/ood_shape/ood_shape_000005.png,Which object is the rightmost in the image?,red diamond,relative_ordering,2,ood_shape,shape,"{'target': 'obj_1', 'relation': 'rightmost'}","```json
{""answer"": ""rectangle""}
```",red diamond,rectangle,False,0.6296012390000669,spatial_inversion,True
ood_shape_000006_q01,ood_shape_000006,images/ood_shape/ood_shape_000006.png,Do the blue diamond and the red diamond overlap? Answer yes or no.,no,overlap,2,ood_shape,shape,"{'objects': ['obj_2', 'obj_3'], 'relation': 'overlap'}","{""answer"": ""no""}",no,no,True,0.42734373999996933,,False
ood_shape_000006_q02,ood_shape_000006,images/ood_shape/ood_shape_000006.png,Which object is both left of the blue star and below the blue diamond?,red diamond,multi_hop,4,ood_shape,shape,"{'anchors': ['obj_1', 'obj_2'], 'target': 'obj_3', 'relations': ['left of', 'below']}","```json
{""answer"": ""red diamond""}
```",red diamond,red diamond,True,0.6727838100000554,,False
ood_shape_000006_q03,ood_shape_000006,images/ood_shape/ood_shape_000006.png,Is the blue star completely inside the blue diamond? Answer yes or no.,no,inside_outside,2,ood_shape,shape,"{'objects': ['obj_1', 'obj_2'], 'relation': 'inside'}","{""answer"": ""no""}",no,no,True,0.4191969230000723,,False
ood_shape_000006_q04,ood_shape_000006,images/ood_shape/ood_shape_000006.png,"Which object is larger, the red diamond or the blue star?",red diamond,relative_size,2,ood_shape,shape,"{'objects': ['obj_3', 'obj_1'], 'target': 'obj_3', 'relation': 'larger'}","```json
{""answer"": ""red diamond""}
```",red diamond,red diamond,True,0.6743005829999902,,False
ood_shape_000007_q01,ood_shape_000007,images/ood_shape/ood_shape_000007.png,Which object is farthest from the green hexagon?,blue hexagon,nearest_farthest,2,ood_shape,shape,"{'anchor': 'obj_1', 'target': 'obj_2', 'relation': 'farthest'}","```json
{""answer"": ""blue hexagon""}
```",blue hexagon,blue hexagon,True,0.7241044279999187,,False
ood_shape_000007_q02,ood_shape_000007,images/ood_shape/ood_shape_000007.png,Is the green star completely inside the green hexagon? Answer yes or no.,no,inside_outside,2,ood_shape,shape,"{'objects': ['obj_4', 'obj_1'], 'relation': 'inside'}","{""answer"": ""no""}",no,no,True,0.4369845029999624,,False
ood_shape_000007_q03,ood_shape_000007,images/ood_shape/ood_shape_000007.png,"Which object is larger, the green star or the blue hexagon?",green star,relative_size,2,ood_shape,shape,"{'objects': ['obj_4', 'obj_2'], 'target': 'obj_4', 'relation': 'larger'}","```json
{""answer"": ""green star""}
```",green star,green star,True,0.6710677220000889,,False
ood_shape_000007_q04,ood_shape_000007,images/ood_shape/ood_shape_000007.png,Which object is both above the green star and below the yellow diamond?,green hexagon,multi_hop,4,ood_shape,shape,"{'anchors': ['obj_4', 'obj_3'], 'target': 'obj_1', 'relations': ['above', 'below']}","```json
{""answer"": ""blue triangle""}
```",green hexagon,blue triangle,False,0.6727417959999684,relation_chain_failure,True
ood_shape_000008_q01,ood_shape_000008,images/ood_shape/ood_shape_000008.png,"Which object is closer to the center of the image, the red hexagon or the yellow diamond?",red hexagon,center_proximity,2,ood_shape,shape,"{'objects': ['obj_4', 'obj_3'], 'target': 'obj_4', 'relation': 'center_proximity'}","```json
{""answer"": ""yellow diamond""}
```",red hexagon,yellow diamond,False,0.6783434179999404,distance_reasoning_error,True
ood_shape_000008_q02,ood_shape_000008,images/ood_shape/ood_shape_000008.png,How many blue objects are in the image?,1,counting,1,ood_shape,shape,{'filter': {'color': 'blue'}},"```json
{""answer"": ""1""}
```",1,1,True,0.6239846150000403,,False
ood_shape_000008_q03,ood_shape_000008,images/ood_shape/ood_shape_000008.png,Do the red hexagon and the red diamond overlap? Answer yes or no.,no,overlap,2,ood_shape,shape,"{'objects': ['obj_4', 'obj_1'], 'relation': 'overlap'}","{""answer"": ""no""}",no,no,True,0.42045228700010284,,False
ood_shape_000008_q04,ood_shape_000008,images/ood_shape/ood_shape_000008.png,Which object is the bottommost in the image?,yellow diamond,relative_ordering,2,ood_shape,shape,"{'target': 'obj_3', 'relation': 'bottommost'}","```json
{""answer"": ""yellow triangle""}
```",yellow diamond,yellow triangle,False,0.6703673250000293,spatial_inversion,True
ood_shape_000009_q01,ood_shape_000009,images/ood_shape/ood_shape_000009.png,"Which object is closer to the center of the image, the green hexagon or the blue star?",green hexagon,center_proximity,2,ood_shape,shape,"{'objects': ['obj_2', 'obj_1'], 'target': 'obj_2', 'relation': 'center_proximity'}","```json
{""answer"": ""blue star""}
```",green hexagon,blue star,False,0.6689827580000838,distance_reasoning_error,True
ood_shape_000009_q02,ood_shape_000009,images/ood_shape/ood_shape_000009.png,"Which object is smaller, the green hexagon or the red diamond?",red diamond,relative_size,2,ood_shape,shape,"{'objects': ['obj_2', 'obj_3'], 'target': 'obj_3', 'relation': 'smaller'}","```json
{""answer"": ""red diamond""}
```",red diamond,red diamond,True,0.6746458879999864,,False
ood_shape_000009_q03,ood_shape_000009,images/ood_shape/ood_shape_000009.png,How many objects are above the blue star?,2,counting,2,ood_shape,shape,"{'anchor': 'obj_1', 'relation': 'above'}","```json
{""answer"": ""2""}
```",2,2,True,0.6255317600000581,,False
ood_shape_000009_q04,ood_shape_000009,images/ood_shape/ood_shape_000009.png,Which object is immediately above the green hexagon?,red diamond,above_below,2,ood_shape,shape,"{'anchor': 'obj_2', 'target': 'obj_3', 'relation': 'above'}","```json
{""answer"": ""red triangle""}
```",red diamond,red triangle,False,0.6931862080000428,spatial_inversion,True
ood_shape_000010_q01,ood_shape_000010,images/ood_shape/ood_shape_000010.png,How many objects are above the green star?,0,counting,2,ood_shape,shape,"{'anchor': 'obj_3', 'relation': 'above'}","```json
{""answer"": ""1""}
```",0,1,False,0.621127283000078,counting_error,True
ood_shape_000010_q02,ood_shape_000010,images/ood_shape/ood_shape_000010.png,Which object is both below the green star and left of the yellow diamond?,blue star,multi_hop,4,ood_shape,shape,"{'anchors': ['obj_3', 'obj_1'], 'target': 'obj_2', 'relations': ['below', 'left of']}","```json
{""answer"": ""blue star""}
```",blue star,blue star,True,0.676496678000035,,False
ood_shape_000010_q03,ood_shape_000010,images/ood_shape/ood_shape_000010.png,Do the red hexagon and the green star overlap? Answer yes or no.,no,overlap,2,ood_shape,shape,"{'objects': ['obj_4', 'obj_3'], 'relation': 'overlap'}","{""answer"": ""no""}",no,no,True,0.42000133400006234,,False
ood_shape_000010_q04,ood_shape_000010,images/ood_shape/ood_shape_000010.png,Which object is nearest from the blue star?,yellow diamond,nearest_farthest,2,ood_shape,shape,"{'anchor': 'obj_2', 'target': 'obj_1', 'relation': 'nearest'}","```json
{""answer"": ""red object""}
```",yellow diamond,red object,False,0.673438717999943,distance_reasoning_error,True
ood_shape_000011_q01,ood_shape_000011,images/ood_shape/ood_shape_000011.png,Is the yellow star completely inside the red star? Answer yes or no.,no,inside_outside,2,ood_shape,shape,"{'objects': ['obj_1', 'obj_4'], 'relation': 'inside'}","{""answer"": ""no""}",no,no,True,0.4204082290000315,,False
ood_shape_000011_q02,ood_shape_000011,images/ood_shape/ood_shape_000011.png,Which object is both above the yellow diamond and below the yellow hexagon?,yellow star,multi_hop,4,ood_shape,shape,"{'anchors': ['obj_2', 'obj_3'], 'target': 'obj_1', 'relations': ['above', 'below']}","```json
{""answer"": ""red star""}
```",yellow star,red star,False,0.6683692640000345,relation_chain_failure,True
ood_shape_000011_q03,ood_shape_000011,images/ood_shape/ood_shape_000011.png,Do the yellow diamond and the yellow hexagon overlap? Answer yes or no.,no,overlap,2,ood_shape,shape,"{'objects': ['obj_2', 'obj_3'], 'relation': 'overlap'}","{""answer"": ""no""}",no,no,True,0.4204987030000211,,False
ood_shape_000011_q04,ood_shape_000011,images/ood_shape/ood_shape_000011.png,Which object is the topmost in the image?,red star,relative_ordering,2,ood_shape,shape,"{'target': 'obj_4', 'relation': 'topmost'}","```json
{""answer"": ""star""}
```",red star,star,False,0.6207731839999724,spatial_inversion,True
ood_shape_000012_q01,ood_shape_000012,images/ood_shape/ood_shape_000012.png,"Which object is smaller, the yellow diamond or the green hexagon?",green hexagon,relative_size,2,ood_shape,shape,"{'objects': ['obj_4', 'obj_2'], 'target': 'obj_2', 'relation': 'smaller'}","```json
{""answer"": ""yellow diamond""}
```",green hexagon,yellow diamond,False,0.6739642229999845,object_confusion,True
ood_shape_000012_q02,ood_shape_000012,images/ood_shape/ood_shape_000012.png,Which object is between the yellow diamond and the green diamond?,yellow star,between,3,ood_shape,shape,"{'objects': ['obj_4', 'obj_1'], 'target': 'obj_3', 'relation': 'between'}","```json
{""answer"": ""star""}
```",yellow star,star,False,0.6200865790000307,object_confusion,True
ood_shape_000012_q03,ood_shape_000012,images/ood_shape/ood_shape_000012.png,Which object is farthest from the green hexagon?,green diamond,nearest_farthest,2,ood_shape,shape,"{'anchor': 'obj_2', 'target': 'obj_1', 'relation': 'farthest'}","```json
{""answer"": ""star""}
```",green diamond,star,False,0.6278039239999771,distance_reasoning_error,True
ood_shape_000012_q04,ood_shape_000012,images/ood_shape/ood_shape_000012.png,Is the green hexagon completely inside the yellow diamond? Answer yes or no.,no,inside_outside,2,ood_shape,shape,"{'objects': ['obj_2', 'obj_4'], 'relation': 'inside'}","{""answer"": ""no""}",no,no,True,0.4209690990001036,,False
ood_shape_000013_q01,ood_shape_000013,images/ood_shape/ood_shape_000013.png,Which object is immediately right of the yellow star?,yellow diamond,left_right,2,ood_shape,shape,"{'anchor': 'obj_3', 'target': 'obj_5', 'relation': 'right'}","```json
{""answer"": ""blue square""}
```",yellow diamond,blue square,False,0.6711213149999367,spatial_inversion,True
ood_shape_000013_q02,ood_shape_000013,images/ood_shape/ood_shape_000013.png,"Which object is closer to the center of the image, the green diamond or the yellow diamond?",green diamond,center_proximity,2,ood_shape,shape,"{'objects': ['obj_1', 'obj_5'], 'target': 'obj_1', 'relation': 'center_proximity'}","```json
{""answer"": ""green diamond""}
```",green diamond,green diamond,True,0.6723880959999633,,False
ood_shape_000013_q03,ood_shape_000013,images/ood_shape/ood_shape_000013.png,Do the green diamond and the blue diamond overlap? Answer yes or no.,no,overlap,2,ood_shape,shape,"{'objects': ['obj_1', 'obj_2'], 'relation': 'overlap'}","{""answer"": ""no""}",no,no,True,0.41658275199995387,,False
ood_shape_000013_q04,ood_shape_000013,images/ood_shape/ood_shape_000013.png,Is the yellow star completely inside the blue diamond? Answer yes or no.,no,inside_outside,2,ood_shape,shape,"{'objects': ['obj_3', 'obj_2'], 'relation': 'inside'}","{""answer"": ""no""}",no,no,True,0.42248692700002266,,False
ood_shape_000014_q01,ood_shape_000014,images/ood_shape/ood_shape_000014.png,Which object is immediately right of the green hexagon?,yellow diamond,left_right,2,ood_shape,shape,"{'anchor': 'obj_1', 'target': 'obj_3', 'relation': 'right'}","```json
{""answer"": ""yellow hexagon""}
```",yellow diamond,yellow hexagon,False,0.7155758779999815,spatial_inversion,True
ood_shape_000014_q02,ood_shape_000014,images/ood_shape/ood_shape_000014.png,Do the yellow diamond and the yellow hexagon overlap? Answer yes or no.,no,overlap,2,ood_shape,shape,"{'objects': ['obj_3', 'obj_4'], 'relation': 'overlap'}","{""answer"": ""no""}",no,no,True,0.43132256499995947,,False
ood_shape_000014_q03,ood_shape_000014,images/ood_shape/ood_shape_000014.png,How many objects are left of the green hexagon?,0,counting,2,ood_shape,shape,"{'anchor': 'obj_1', 'relation': 'left'}","```json
{""answer"": ""2""}
```",0,2,False,0.6300109359999624,counting_error,True
ood_shape_000014_q04,ood_shape_000014,images/ood_shape/ood_shape_000014.png,Which object is farthest from the green hexagon?,yellow hexagon,nearest_farthest,2,ood_shape,shape,"{'anchor': 'obj_1', 'target': 'obj_4', 'relation': 'farthest'}","```json
{""answer"": ""yellow triangle""}
```",yellow hexagon,yellow triangle,False,0.6854242119999299,distance_reasoning_error,True
ood_shape_000015_q01,ood_shape_000015,images/ood_shape/ood_shape_000015.png,Do the green star and the green hexagon overlap? Answer yes or no.,no,overlap,2,ood_shape,shape,"{'objects': ['obj_4', 'obj_5'], 'relation': 'overlap'}","{""answer"": ""no""}",no,no,True,0.4194570780000504,,False
ood_shape_000015_q02,ood_shape_000015,images/ood_shape/ood_shape_000015.png,Which object is both left of the red diamond and below the green star?,yellow diamond,multi_hop,4,ood_shape,shape,"{'anchors': ['obj_1', 'obj_4'], 'target': 'obj_2', 'relations': ['left of', 'below']}","```json
{""answer"": ""yellow diamond""}
```",yellow diamond,yellow diamond,True,0.669918134999989,,False
ood_shape_000015_q03,ood_shape_000015,images/ood_shape/ood_shape_000015.png,Is the yellow diamond completely inside the green star? Answer yes or no.,no,inside_outside,2,ood_shape,shape,"{'objects': ['obj_2', 'obj_4'], 'relation': 'inside'}","{""answer"": ""no""}",no,no,True,0.42056877100003476,,False
ood_shape_000015_q04,ood_shape_000015,images/ood_shape/ood_shape_000015.png,"Which object is larger, the green hexagon or the yellow diamond?",green hexagon,relative_size,2,ood_shape,shape,"{'objects': ['obj_5', 'obj_2'], 'target': 'obj_5', 'relation': 'larger'}","```json
{""answer"": ""green hexagon""}
```",green hexagon,green hexagon,True,0.7211334780000698,,False
ood_shape_000016_q01,ood_shape_000016,images/ood_shape/ood_shape_000016.png,Which object is farthest from the red diamond?,green diamond,nearest_farthest,2,ood_shape,shape,"{'anchor': 'obj_1', 'target': 'obj_4', 'relation': 'farthest'}","```json
{""answer"": ""blue square""}
```",green diamond,blue square,False,0.6765456670000276,distance_reasoning_error,True
ood_shape_000016_q02,ood_shape_000016,images/ood_shape/ood_shape_000016.png,Is the green diamond completely inside the red diamond? Answer yes or no.,no,inside_outside,2,ood_shape,shape,"{'objects': ['obj_4', 'obj_1'], 'relation': 'inside'}","{""answer"": ""no""}",no,no,True,0.41965056499998354,,False
ood_shape_000016_q03,ood_shape_000016,images/ood_shape/ood_shape_000016.png,"Which object is larger, the green diamond or the green star?",green star,relative_size,2,ood_shape,shape,"{'objects': ['obj_4', 'obj_2'], 'target': 'obj_2', 'relation': 'larger'}","```json
{""answer"": ""green star""}
```",green star,green star,True,0.669074849000026,,False
ood_shape_000016_q04,ood_shape_000016,images/ood_shape/ood_shape_000016.png,Which object is both below the green star and above the green diamond?,blue hexagon,multi_hop,4,ood_shape,shape,"{'anchors': ['obj_2', 'obj_4'], 'target': 'obj_3', 'relations': ['below', 'above']}","```json
{""answer"": ""blue square""}
```",blue hexagon,blue square,False,0.6690401759999531,relation_chain_failure,True
ood_shape_000017_q01,ood_shape_000017,images/ood_shape/ood_shape_000017.png,"Which object is closer to the center of the image, the blue hexagon or the red hexagon?",red hexagon,center_proximity,2,ood_shape,shape,"{'objects': ['obj_4', 'obj_3'], 'target': 'obj_3', 'relation': 'center_proximity'}","```json
{""answer"": ""red hexagon""}
```",red hexagon,red hexagon,True,0.7182740270000068,,False
ood_shape_000017_q02,ood_shape_000017,images/ood_shape/ood_shape_000017.png,How many blue objects are in the image?,1,counting,1,ood_shape,shape,{'filter': {'color': 'blue'}},"```json
{""answer"": ""1""}
```",1,1,True,0.6213149030000977,,False
ood_shape_000017_q03,ood_shape_000017,images/ood_shape/ood_shape_000017.png,Do the blue hexagon and the yellow star overlap? Answer yes or no.,no,overlap,2,ood_shape,shape,"{'objects': ['obj_4', 'obj_1'], 'relation': 'overlap'}","{""answer"": ""no""}",no,no,True,0.4254494199999499,,False
ood_shape_000017_q04,ood_shape_000017,images/ood_shape/ood_shape_000017.png,Which object is the bottommost in the image?,yellow star,relative_ordering,2,ood_shape,shape,"{'target': 'obj_1', 'relation': 'bottommost'}","```json
{""answer"": ""star""}
```",yellow star,star,False,0.616536979999978,spatial_inversion,True
ood_shape_000018_q01,ood_shape_000018,images/ood_shape/ood_shape_000018.png,"Which object is closer to the center of the image, the red diamond or the red hexagon?",red hexagon,center_proximity,2,ood_shape,shape,"{'objects': ['obj_3', 'obj_2'], 'target': 'obj_2', 'relation': 'center_proximity'}","```json
{""answer"": ""red hexagon""}
```",red hexagon,red hexagon,True,0.7186787169999889,,False
ood_shape_000018_q02,ood_shape_000018,images/ood_shape/ood_shape_000018.png,"Which object is smaller, the red diamond or the blue diamond?",blue diamond,relative_size,2,ood_shape,shape,"{'objects': ['obj_3', 'obj_4'], 'target': 'obj_4', 'relation': 'smaller'}","```json
{""answer"": ""blue diamond""}
```",blue diamond,blue diamond,True,0.669791583999995,,False
ood_shape_000018_q03,ood_shape_000018,images/ood_shape/ood_shape_000018.png,How many objects are above the red hexagon?,1,counting,2,ood_shape,shape,"{'anchor': 'obj_2', 'relation': 'above'}","```json
{""answer"": ""2""}
```",1,2,False,0.6227182070000481,counting_error,True
ood_shape_000018_q04,ood_shape_000018,images/ood_shape/ood_shape_000018.png,Which object is farthest from the yellow star?,red hexagon,nearest_farthest,2,ood_shape,shape,"{'anchor': 'obj_5', 'target': 'obj_2', 'relation': 'farthest'}","```json
{""answer"": ""red star""}
```",red hexagon,red star,False,0.6721326289999752,distance_reasoning_error,True
ood_shape_000019_q01,ood_shape_000019,images/ood_shape/ood_shape_000019.png,"Which object is closer to the center of the image, the blue star or the green diamond?",blue star,center_proximity,2,ood_shape,shape,"{'objects': ['obj_3', 'obj_1'], 'target': 'obj_3', 'relation': 'center_proximity'}","```json
{""answer"": ""blue star""}
```",blue star,blue star,True,0.6835471669999151,,False
ood_shape_000019_q02,ood_shape_000019,images/ood_shape/ood_shape_000019.png,Which object is between the green star and the red hexagon?,blue star,between,3,ood_shape,shape,"{'objects': ['obj_2', 'obj_5'], 'target': 'obj_3', 'relation': 'between'}","```json
{""answer"": ""yellow star""}
```",blue star,yellow star,False,0.6780675050000582,object_confusion,True
ood_shape_000019_q03,ood_shape_000019,images/ood_shape/ood_shape_000019.png,"Which object is larger, the yellow star or the green diamond?",green diamond,relative_size,2,ood_shape,shape,"{'objects': ['obj_4', 'obj_1'], 'target': 'obj_1', 'relation': 'larger'}","```json
{""answer"": ""green diamond""}
```",green diamond,green diamond,True,0.6865353179999829,,False
ood_shape_000019_q04,ood_shape_000019,images/ood_shape/ood_shape_000019.png,Do the yellow star and the red hexagon overlap? Answer yes or no.,no,overlap,2,ood_shape,shape,"{'objects': ['obj_4', 'obj_5'], 'relation': 'overlap'}","{""answer"": ""no""}",no,no,True,0.42233613300004436,,False
ood_shape_000020_q01,ood_shape_000020,images/ood_shape/ood_shape_000020.png,Is the red diamond completely inside the red star? Answer yes or no.,no,inside_outside,2,ood_shape,shape,"{'objects': ['obj_3', 'obj_1'], 'relation': 'inside'}","{""answer"": ""no""}",no,no,True,0.4179506589999846,,False
ood_shape_000020_q02,ood_shape_000020,images/ood_shape/ood_shape_000020.png,Which object is both above the red star and below the red diamond?,yellow star,multi_hop,4,ood_shape,shape,"{'anchors': ['obj_1', 'obj_3'], 'target': 'obj_2', 'relations': ['above', 'below']}","```json
{""answer"": ""red star""}
```",yellow star,red star,False,0.6671450799999548,relation_chain_failure,True
ood_shape_000020_q03,ood_shape_000020,images/ood_shape/ood_shape_000020.png,Do the red star and the yellow star overlap? Answer yes or no.,no,overlap,2,ood_shape,shape,"{'objects': ['obj_1', 'obj_2'], 'relation': 'overlap'}","{""answer"": ""no""}",no,no,True,0.42024023999999827,,False
ood_shape_000020_q04,ood_shape_000020,images/ood_shape/ood_shape_000020.png,Which object is the rightmost in the image?,red star,relative_ordering,2,ood_shape,shape,"{'target': 'obj_1', 'relation': 'rightmost'}","```json
{""answer"": ""star""}
```",red star,star,False,0.6209434239999609,spatial_inversion,True
ood_shape_000021_q01,ood_shape_000021,images/ood_shape/ood_shape_000021.png,"Which object is smaller, the green hexagon or the yellow star?",yellow star,relative_size,2,ood_shape,shape,"{'objects': ['obj_5', 'obj_4'], 'target': 'obj_4', 'relation': 'smaller'}","```json
{""answer"": ""yellow star""}
```",yellow star,yellow star,True,0.6697001979999868,,False
ood_shape_000021_q02,ood_shape_000021,images/ood_shape/ood_shape_000021.png,Which object is farthest from the green hexagon?,red star,nearest_farthest,2,ood_shape,shape,"{'anchor': 'obj_5', 'target': 'obj_3', 'relation': 'farthest'}","```json
{""answer"": ""yellow star""}
```",red star,yellow star,False,0.6688468280000279,distance_reasoning_error,True
ood_shape_000021_q03,ood_shape_000021,images/ood_shape/ood_shape_000021.png,Is the red star completely inside the green hexagon? Answer yes or no.,no,inside_outside,2,ood_shape,shape,"{'objects': ['obj_3', 'obj_5'], 'relation': 'inside'}","{""answer"": ""no""}",no,no,True,0.41709344000003057,,False
ood_shape_000021_q04,ood_shape_000021,images/ood_shape/ood_shape_000021.png,Which object is immediately right of the green hexagon?,yellow hexagon,left_right,2,ood_shape,shape,"{'anchor': 'obj_5', 'target': 'obj_2', 'relation': 'right'}","```json
{""answer"": ""blue hexagon""}
```",yellow hexagon,blue hexagon,False,0.7211578389999431,spatial_inversion,True
ood_shape_000022_q01,ood_shape_000022,images/ood_shape/ood_shape_000022.png,"Which object is closer to the center of the image, the red hexagon or the red star?",red hexagon,center_proximity,2,ood_shape,shape,"{'objects': ['obj_1', 'obj_3'], 'target': 'obj_1', 'relation': 'center_proximity'}","```json
{""answer"": ""red hexagon""}
```",red hexagon,red hexagon,True,0.7183288190000212,,False
ood_shape_000022_q02,ood_shape_000022,images/ood_shape/ood_shape_000022.png,Do the red hexagon and the red star overlap? Answer yes or no.,no,overlap,2,ood_shape,shape,"{'objects': ['obj_1', 'obj_3'], 'relation': 'overlap'}","{""answer"": ""no""}",no,no,True,0.42014755900004275,,False
ood_shape_000022_q03,ood_shape_000022,images/ood_shape/ood_shape_000022.png,Is the yellow hexagon completely inside the red hexagon? Answer yes or no.,no,inside_outside,2,ood_shape,shape,"{'objects': ['obj_2', 'obj_1'], 'relation': 'inside'}","{""answer"": ""no""}",no,no,True,0.41738821300009477,,False
ood_shape_000022_q04,ood_shape_000022,images/ood_shape/ood_shape_000022.png,Which object is nearest from the red star?,red hexagon,nearest_farthest,2,ood_shape,shape,"{'anchor': 'obj_3', 'target': 'obj_1', 'relation': 'nearest'}","```json
{""answer"": ""red star""}
```",red hexagon,red star,False,0.6722678940000151,distance_reasoning_error,True
ood_shape_000023_q01,ood_shape_000023,images/ood_shape/ood_shape_000023.png,Which object is immediately right of the red star?,green hexagon,left_right,2,ood_shape,shape,"{'anchor': 'obj_1', 'target': 'obj_2', 'relation': 'right'}","```json
{""answer"": ""green pentagon""}
```",green hexagon,green pentagon,False,0.7219821549999779,spatial_inversion,True
ood_shape_000023_q02,ood_shape_000023,images/ood_shape/ood_shape_000023.png,Do the green hexagon and the red diamond overlap? Answer yes or no.,no,overlap,2,ood_shape,shape,"{'objects': ['obj_2', 'obj_3'], 'relation': 'overlap'}","{""answer"": ""no""}",no,no,True,0.42296305100001064,,False
ood_shape_000023_q03,ood_shape_000023,images/ood_shape/ood_shape_000023.png,How many green objects are in the image?,1,counting,1,ood_shape,shape,{'filter': {'color': 'green'}},"```json
{""answer"": ""1""}
```",1,1,True,0.6227867810000589,,False
ood_shape_000023_q04,ood_shape_000023,images/ood_shape/ood_shape_000023.png,Which object is farthest from the red diamond?,green hexagon,nearest_farthest,2,ood_shape,shape,"{'anchor': 'obj_3', 'target': 'obj_2', 'relation': 'farthest'}","```json
{""answer"": ""green pentagon""}
```",green hexagon,green pentagon,False,0.7197758890000614,distance_reasoning_error,True
ood_shape_000024_q01,ood_shape_000024,images/ood_shape/ood_shape_000024.png,Do the red hexagon and the yellow diamond overlap? Answer yes or no.,no,overlap,2,ood_shape,shape,"{'objects': ['obj_4', 'obj_5'], 'relation': 'overlap'}","{""answer"": ""no""}",no,no,True,0.42860051399998156,,False
ood_shape_000024_q02,ood_shape_000024,images/ood_shape/ood_shape_000024.png,Which object is both right of the red hexagon and above the yellow diamond?,green star,multi_hop,4,ood_shape,shape,"{'anchors': ['obj_4', 'obj_5'], 'target': 'obj_2', 'relations': ['right of', 'above']}","```json
{""answer"": ""star""}
```",green star,star,False,0.6282525120000173,relation_chain_failure,True
ood_shape_000024_q03,ood_shape_000024,images/ood_shape/ood_shape_000024.png,Is the red diamond completely inside the red hexagon? Answer yes or no.,no,inside_outside,2,ood_shape,shape,"{'objects': ['obj_1', 'obj_4'], 'relation': 'inside'}","{""answer"": ""no""}",no,no,True,0.4264697339999657,,False
ood_shape_000024_q04,ood_shape_000024,images/ood_shape/ood_shape_000024.png,"Which object is larger, the blue diamond or the red hexagon?",red hexagon,relative_size,2,ood_shape,shape,"{'objects': ['obj_3', 'obj_4'], 'target': 'obj_4', 'relation': 'larger'}","```json
{""answer"": ""red hexagon""}
```",red hexagon,red hexagon,True,0.7285839339999711,,False
ood_shape_000025_q01,ood_shape_000025,images/ood_shape/ood_shape_000025.png,Which object is farthest from the red diamond?,yellow diamond,nearest_farthest,2,ood_shape,shape,"{'anchor': 'obj_1', 'target': 'obj_2', 'relation': 'farthest'}","```json
{""answer"": ""white triangle""}
```",yellow diamond,white triangle,False,0.6680395319999661,distance_reasoning_error,True
ood_shape_000025_q02,ood_shape_000025,images/ood_shape/ood_shape_000025.png,Is the yellow hexagon completely inside the yellow diamond? Answer yes or no.,no,inside_outside,2,ood_shape,shape,"{'objects': ['obj_3', 'obj_2'], 'relation': 'inside'}","{""answer"": ""no""}",no,no,True,0.4222418999999036,,False
ood_shape_000025_q03,ood_shape_000025,images/ood_shape/ood_shape_000025.png,"Which object is smaller, the red diamond or the yellow diamond?",red diamond,relative_size,2,ood_shape,shape,"{'objects': ['obj_1', 'obj_2'], 'target': 'obj_1', 'relation': 'smaller'}","```json
{""answer"": ""red diamond""}
```",red diamond,red diamond,True,0.6659121970000115,,False
ood_shape_000025_q04,ood_shape_000025,images/ood_shape/ood_shape_000025.png,Which object is both right of the yellow diamond and below the red diamond?,yellow hexagon,multi_hop,4,ood_shape,shape,"{'anchors': ['obj_2', 'obj_1'], 'target': 'obj_3', 'relations': ['right of', 'below']}","```json
{""answer"": ""yellow hexagon""}
```",yellow hexagon,yellow hexagon,True,0.7265124689999993,,False
ood_shape_000026_q01,ood_shape_000026,images/ood_shape/ood_shape_000026.png,"Which object is closer to the center of the image, the green star or the green hexagon?",green hexagon,center_proximity,2,ood_shape,shape,"{'objects': ['obj_4', 'obj_3'], 'target': 'obj_3', 'relation': 'center_proximity'}","```json
{""answer"": ""green star""}
```",green hexagon,green star,False,0.6596876080000129,distance_reasoning_error,True
ood_shape_000026_q02,ood_shape_000026,images/ood_shape/ood_shape_000026.png,How many blue objects are in the image?,2,counting,1,ood_shape,shape,{'filter': {'color': 'blue'}},"```json
{""answer"": ""2""}
```",2,2,True,0.612948738,,False
ood_shape_000026_q03,ood_shape_000026,images/ood_shape/ood_shape_000026.png,Do the green star and the blue star overlap? Answer yes or no.,no,overlap,2,ood_shape,shape,"{'objects': ['obj_4', 'obj_1'], 'relation': 'overlap'}","{""answer"": ""no""}",no,no,True,0.4180903940000462,,False
ood_shape_000026_q04,ood_shape_000026,images/ood_shape/ood_shape_000026.png,Which object is the bottommost in the image?,green star,relative_ordering,2,ood_shape,shape,"{'target': 'obj_4', 'relation': 'bottommost'}","```json
{""answer"": ""star""}
```",green star,star,False,0.616269396000007,spatial_inversion,True
ood_shape_000027_q01,ood_shape_000027,images/ood_shape/ood_shape_000027.png,"Which object is closer to the center of the image, the red star or the yellow hexagon?",yellow hexagon,center_proximity,2,ood_shape,shape,"{'objects': ['obj_3', 'obj_1'], 'target': 'obj_1', 'relation': 'center_proximity'}","```json
{""answer"": ""yellow hexagon""}
```",yellow hexagon,yellow hexagon,True,0.7171927660000392,,False
ood_shape_000027_q02,ood_shape_000027,images/ood_shape/ood_shape_000027.png,"Which object is smaller, the red star or the red diamond?",red star,relative_size,2,ood_shape,shape,"{'objects': ['obj_3', 'obj_2'], 'target': 'obj_3', 'relation': 'smaller'}","```json
{""answer"": ""red star""}
```",red star,red star,True,0.669258205999995,,False
ood_shape_000027_q03,ood_shape_000027,images/ood_shape/ood_shape_000027.png,How many objects are above the red diamond?,2,counting,2,ood_shape,shape,"{'anchor': 'obj_2', 'relation': 'above'}","```json
{""answer"": ""2""}
```",2,2,True,0.6159326319999536,,False
ood_shape_000027_q04,ood_shape_000027,images/ood_shape/ood_shape_000027.png,Which object is immediately above the green hexagon?,red star,above_below,2,ood_shape,shape,"{'anchor': 'obj_4', 'target': 'obj_3', 'relation': 'above'}","```json
{""answer"": ""red triangle""}
```",red star,red triangle,False,0.6694722710000178,spatial_inversion,True
ood_shape_000028_q01,ood_shape_000028,images/ood_shape/ood_shape_000028.png,"Which object is closer to the center of the image, the green hexagon or the green star?",green hexagon,center_proximity,2,ood_shape,shape,"{'objects': ['obj_3', 'obj_1'], 'target': 'obj_3', 'relation': 'center_proximity'}","```json
{""answer"": ""green hexagon""}
```",green hexagon,green hexagon,True,0.7176774280000018,,False
ood_shape_000028_q02,ood_shape_000028,images/ood_shape/ood_shape_000028.png,Which object is between the yellow star and the blue hexagon?,green hexagon,between,3,ood_shape,shape,"{'objects': ['obj_4', 'obj_5'], 'target': 'obj_3', 'relation': 'between'}","```json
{""answer"": ""green hexagon""}
```",green hexagon,green hexagon,True,0.7174784119999913,,False
ood_shape_000028_q03,ood_shape_000028,images/ood_shape/ood_shape_000028.png,"Which object is larger, the yellow star or the green star?",yellow star,relative_size,2,ood_shape,shape,"{'objects': ['obj_4', 'obj_1'], 'target': 'obj_4', 'relation': 'larger'}","```json
{""answer"": ""yellow star""}
```",yellow star,yellow star,True,0.6678624390000323,,False
ood_shape_000028_q04,ood_shape_000028,images/ood_shape/ood_shape_000028.png,Do the yellow star and the blue hexagon overlap? Answer yes or no.,no,overlap,2,ood_shape,shape,"{'objects': ['obj_4', 'obj_5'], 'relation': 'overlap'}","{""answer"": ""no""}",no,no,True,0.42761395699994864,,False
ood_shape_000029_q01,ood_shape_000029,images/ood_shape/ood_shape_000029.png,"Which object is smaller, the yellow hexagon or the blue diamond?",yellow hexagon,relative_size,2,ood_shape,shape,"{'objects': ['obj_1', 'obj_3'], 'target': 'obj_1', 'relation': 'smaller'}","```json
{""answer"": ""yellow hexagon""}
```",yellow hexagon,yellow hexagon,True,0.7213646909999625,,False
ood_shape_000029_q02,ood_shape_000029,images/ood_shape/ood_shape_000029.png,Is the red hexagon completely inside the blue diamond? Answer yes or no.,no,inside_outside,2,ood_shape,shape,"{'objects': ['obj_2', 'obj_3'], 'relation': 'inside'}","{""answer"": ""no""}",no,no,True,0.4255434520000563,,False
ood_shape_000029_q03,ood_shape_000029,images/ood_shape/ood_shape_000029.png,Which object is nearest from the blue diamond?,yellow hexagon,nearest_farthest,2,ood_shape,shape,"{'anchor': 'obj_3', 'target': 'obj_1', 'relation': 'nearest'}","```json
{""answer"": ""red square""}
```",yellow hexagon,red square,False,0.66590931799999,distance_reasoning_error,True
ood_shape_000029_q04,ood_shape_000029,images/ood_shape/ood_shape_000029.png,Do the blue diamond and the red hexagon overlap? Answer yes or no.,no,overlap,2,ood_shape,shape,"{'objects': ['obj_3', 'obj_2'], 'relation': 'overlap'}","{""answer"": ""no""}",no,no,True,0.41512547799993627,,False
ood_shape_000030_q01,ood_shape_000030,images/ood_shape/ood_shape_000030.png,"Which object is smaller, the green star or the green hexagon?",green hexagon,relative_size,2,ood_shape,shape,"{'objects': ['obj_5', 'obj_4'], 'target': 'obj_4', 'relation': 'smaller'}","```json
{""answer"": ""green star""}
```",green hexagon,green star,False,0.6662170179999976,object_confusion,True
ood_shape_000030_q02,ood_shape_000030,images/ood_shape/ood_shape_000030.png,Which object is between the green star and the blue hexagon?,yellow hexagon,between,3,ood_shape,shape,"{'objects': ['obj_5', 'obj_2'], 'target': 'obj_1', 'relation': 'between'}","```json
{""answer"": ""yellow hexagon""}
```",yellow hexagon,yellow hexagon,True,0.7132589070000677,,False
ood_shape_000030_q03,ood_shape_000030,images/ood_shape/ood_shape_000030.png,Which object is nearest from the red diamond?,blue hexagon,nearest_farthest,2,ood_shape,shape,"{'anchor': 'obj_3', 'target': 'obj_2', 'relation': 'nearest'}","```json
{""answer"": ""blue hexagon""}
```",blue hexagon,blue hexagon,True,0.7137065879999227,,False
ood_shape_000030_q04,ood_shape_000030,images/ood_shape/ood_shape_000030.png,Is the green hexagon completely inside the blue hexagon? Answer yes or no.,no,inside_outside,2,ood_shape,shape,"{'objects': ['obj_4', 'obj_2'], 'relation': 'inside'}","{""answer"": ""no""}",no,no,True,0.41544586300005903,,False
ood_shape_000031_q01,ood_shape_000031,images/ood_shape/ood_shape_000031.png,Which object is immediately right of the blue hexagon?,green star,left_right,2,ood_shape,shape,"{'anchor': 'obj_3', 'target': 'obj_2', 'relation': 'right'}","```json
{""answer"": ""yellow triangle""}
```",green star,yellow triangle,False,0.662101577000044,spatial_inversion,True
ood_shape_000031_q02,ood_shape_000031,images/ood_shape/ood_shape_000031.png,"Which object is closer to the center of the image, the blue star or the yellow diamond?",yellow diamond,center_proximity,2,ood_shape,shape,"{'objects': ['obj_1', 'obj_4'], 'target': 'obj_4', 'relation': 'center_proximity'}","```json
{""answer"": ""blue star""}
```",yellow diamond,blue star,False,0.6683883120000473,distance_reasoning_error,True
ood_shape_000031_q03,ood_shape_000031,images/ood_shape/ood_shape_000031.png,Do the blue star and the yellow diamond overlap? Answer yes or no.,no,overlap,2,ood_shape,shape,"{'objects': ['obj_1', 'obj_4'], 'relation': 'overlap'}","{""answer"": ""no""}",no,no,True,0.41363365899997007,,False
ood_shape_000031_q04,ood_shape_000031,images/ood_shape/ood_shape_000031.png,Is the blue hexagon completely inside the blue star? Answer yes or no.,no,inside_outside,2,ood_shape,shape,"{'objects': ['obj_3', 'obj_1'], 'relation': 'inside'}","{""answer"": ""no""}",no,no,True,0.4188588609999897,,False
ood_shape_000032_q01,ood_shape_000032,images/ood_shape/ood_shape_000032.png,Which object is immediately right of the yellow diamond?,blue hexagon,left_right,2,ood_shape,shape,"{'anchor': 'obj_1', 'target': 'obj_2', 'relation': 'right'}","```json
{""answer"": ""star""}
```",blue hexagon,star,False,0.6148651030000565,spatial_inversion,True
ood_shape_000032_q02,ood_shape_000032,images/ood_shape/ood_shape_000032.png,Do the yellow hexagon and the red star overlap? Answer yes or no.,no,overlap,2,ood_shape,shape,"{'objects': ['obj_3', 'obj_4'], 'relation': 'overlap'}","{""answer"": ""no""}",no,no,True,0.42227637300004517,,False
ood_shape_000032_q03,ood_shape_000032,images/ood_shape/ood_shape_000032.png,How many objects are left of the yellow diamond?,0,counting,2,ood_shape,shape,"{'anchor': 'obj_1', 'relation': 'left'}","```json
{""answer"": ""2""}
```",0,2,False,0.6195029259999956,counting_error,True
ood_shape_000032_q04,ood_shape_000032,images/ood_shape/ood_shape_000032.png,Which object is farthest from the yellow diamond?,red star,nearest_farthest,2,ood_shape,shape,"{'anchor': 'obj_1', 'target': 'obj_4', 'relation': 'farthest'}","```json
{""answer"": ""blue hexagon""}
```",red star,blue hexagon,False,0.7247796999999991,distance_reasoning_error,True
ood_shape_000033_q01,ood_shape_000033,images/ood_shape/ood_shape_000033.png,Do the red star and the red hexagon overlap? Answer yes or no.,no,overlap,2,ood_shape,shape,"{'objects': ['obj_4', 'obj_5'], 'relation': 'overlap'}","{""answer"": ""no""}",no,no,True,0.42009565699993345,,False
ood_shape_000033_q02,ood_shape_000033,images/ood_shape/ood_shape_000033.png,Which object is both left of the yellow hexagon and below the red star?,red hexagon,multi_hop,4,ood_shape,shape,"{'anchors': ['obj_1', 'obj_4'], 'target': 'obj_5', 'relations': ['left of', 'below']}","```json
{""answer"": ""red star""}
```",red hexagon,red star,False,0.6730293169999868,relation_chain_failure,True
ood_shape_000033_q03,ood_shape_000033,images/ood_shape/ood_shape_000033.png,Is the yellow star completely inside the red star? Answer yes or no.,no,inside_outside,2,ood_shape,shape,"{'objects': ['obj_2', 'obj_4'], 'relation': 'inside'}","{""answer"": ""no""}",no,no,True,0.4225340649999225,,False
ood_shape_000033_q04,ood_shape_000033,images/ood_shape/ood_shape_000033.png,"Which object is larger, the red hexagon or the yellow star?",red hexagon,relative_size,2,ood_shape,shape,"{'objects': ['obj_5', 'obj_2'], 'target': 'obj_5', 'relation': 'larger'}","```json
{""answer"": ""red hexagon""}
```",red hexagon,red hexagon,True,0.7377604140000358,,False
ood_shape_000034_q01,ood_shape_000034,images/ood_shape/ood_shape_000034.png,Which object is farthest from the yellow star?,green star,nearest_farthest,2,ood_shape,shape,"{'anchor': 'obj_1', 'target': 'obj_2', 'relation': 'farthest'}","```json
{""answer"": ""blue triangle""}
```",green star,blue triangle,False,0.6745857570000453,distance_reasoning_error,True
ood_shape_000034_q02,ood_shape_000034,images/ood_shape/ood_shape_000034.png,Is the yellow hexagon completely inside the yellow star? Answer yes or no.,no,inside_outside,2,ood_shape,shape,"{'objects': ['obj_4', 'obj_1'], 'relation': 'inside'}","{""answer"": ""no""}",no,no,True,0.4266976710000563,,False
ood_shape_000034_q03,ood_shape_000034,images/ood_shape/ood_shape_000034.png,"Which object is larger, the yellow hexagon or the green star?",green star,relative_size,2,ood_shape,shape,"{'objects': ['obj_4', 'obj_2'], 'target': 'obj_2', 'relation': 'larger'}","```json
{""answer"": ""yellow hexagon""}
```",green star,yellow hexagon,False,0.7249653760000001,object_confusion,True
ood_shape_000034_q04,ood_shape_000034,images/ood_shape/ood_shape_000034.png,Which object is both left of the green star and below the yellow hexagon?,yellow star,multi_hop,4,ood_shape,shape,"{'anchors': ['obj_2', 'obj_4'], 'target': 'obj_1', 'relations': ['left of', 'below']}","```json
{""answer"": ""yellow hexagon""}
```",yellow star,yellow hexagon,False,0.7189033529999733,relation_chain_failure,True
ood_shape_000035_q01,ood_shape_000035,images/ood_shape/ood_shape_000035.png,How many blue objects are in the image?,2,counting,1,ood_shape,shape,{'filter': {'color': 'blue'}},"```json
{""answer"": ""2""}
```",2,2,True,0.6154996850000316,,False
ood_shape_000035_q02,ood_shape_000035,images/ood_shape/ood_shape_000035.png,Do the blue hexagon and the yellow diamond overlap? Answer yes or no.,no,overlap,2,ood_shape,shape,"{'objects': ['obj_3', 'obj_2'], 'relation': 'overlap'}","{""answer"": ""no""}",no,no,True,0.4198053149999623,,False
ood_shape_000035_q03,ood_shape_000035,images/ood_shape/ood_shape_000035.png,Which object is the leftmost in the image?,blue hexagon,relative_ordering,2,ood_shape,shape,"{'target': 'obj_3', 'relation': 'leftmost'}","```json
{""answer"": ""hexagon""}
```",blue hexagon,hexagon,False,0.6653732280000213,spatial_inversion,True
ood_shape_000035_q04,ood_shape_000035,images/ood_shape/ood_shape_000035.png,Which object is immediately above the yellow diamond?,blue star,above_below,2,ood_shape,shape,"{'anchor': 'obj_2', 'target': 'obj_1', 'relation': 'above'}","```json
{""answer"": ""blue hexagon""}
```",blue star,blue hexagon,False,0.7176784040000257,spatial_inversion,True
ood_shape_000036_q01,ood_shape_000036,images/ood_shape/ood_shape_000036.png,"Which object is closer to the center of the image, the blue diamond or the red hexagon?",red hexagon,center_proximity,2,ood_shape,shape,"{'objects': ['obj_3', 'obj_1'], 'target': 'obj_1', 'relation': 'center_proximity'}","```json
{""answer"": ""blue diamond""}
```",red hexagon,blue diamond,False,0.6666990579999492,distance_reasoning_error,True
ood_shape_000036_q02,ood_shape_000036,images/ood_shape/ood_shape_000036.png,"Which object is smaller, the blue diamond or the green hexagon?",blue diamond,relative_size,2,ood_shape,shape,"{'objects': ['obj_3', 'obj_2'], 'target': 'obj_3', 'relation': 'smaller'}","```json
{""answer"": ""blue diamond""}
```",blue diamond,blue diamond,True,0.6663291690000506,,False
ood_shape_000036_q03,ood_shape_000036,images/ood_shape/ood_shape_000036.png,How many objects are above the green hexagon?,2,counting,2,ood_shape,shape,"{'anchor': 'obj_2', 'relation': 'above'}","```json
{""answer"": ""2""}
```",2,2,True,0.6172647249999272,,False
ood_shape_000036_q04,ood_shape_000036,images/ood_shape/ood_shape_000036.png,Which object is nearest from the blue diamond?,green hexagon,nearest_farthest,2,ood_shape,shape,"{'anchor': 'obj_3', 'target': 'obj_2', 'relation': 'nearest'}","```json
{""answer"": ""blue diamond""}
```",green hexagon,blue diamond,False,0.6647428450000916,distance_reasoning_error,True
ood_shape_000037_q01,ood_shape_000037,images/ood_shape/ood_shape_000037.png,"Which object is closer to the center of the image, the green star or the yellow diamond?",yellow diamond,center_proximity,2,ood_shape,shape,"{'objects': ['obj_3', 'obj_1'], 'target': 'obj_1', 'relation': 'center_proximity'}","```json
{""answer"": ""yellow diamond""}
```",yellow diamond,yellow diamond,True,0.6647518460000583,,False
ood_shape_000037_q02,ood_shape_000037,images/ood_shape/ood_shape_000037.png,Which object is between the blue star and the yellow hexagon?,yellow diamond,between,3,ood_shape,shape,"{'objects': ['obj_4', 'obj_2'], 'target': 'obj_1', 'relation': 'between'}","```json
{""answer"": ""yellow hexagon""}
```",yellow diamond,yellow hexagon,False,0.7174584240000286,object_confusion,True
ood_shape_000037_q03,ood_shape_000037,images/ood_shape/ood_shape_000037.png,"Which object is smaller, the yellow diamond or the yellow hexagon?",yellow hexagon,relative_size,2,ood_shape,shape,"{'objects': ['obj_1', 'obj_2'], 'target': 'obj_2', 'relation': 'smaller'}","```json
{""answer"": ""yellow hexagon""}
```",yellow hexagon,yellow hexagon,True,0.7172600080000393,,False
ood_shape_000037_q04,ood_shape_000037,images/ood_shape/ood_shape_000037.png,Do the green star and the yellow hexagon overlap? Answer yes or no.,no,overlap,2,ood_shape,shape,"{'objects': ['obj_3', 'obj_2'], 'relation': 'overlap'}","{""answer"": ""no""}",no,no,True,0.41720578100000694,,False
ood_shape_000038_q01,ood_shape_000038,images/ood_shape/ood_shape_000038.png,"Which object is smaller, the blue star or the red star?",red star,relative_size,2,ood_shape,shape,"{'objects': ['obj_1', 'obj_3'], 'target': 'obj_3', 'relation': 'smaller'}","```json
{""answer"": ""red star""}
```",red star,red star,True,0.6674892280000222,,False
ood_shape_000038_q02,ood_shape_000038,images/ood_shape/ood_shape_000038.png,Is the blue hexagon completely inside the red star? Answer yes or no.,no,inside_outside,2,ood_shape,shape,"{'objects': ['obj_2', 'obj_3'], 'relation': 'inside'}","{""answer"": ""no""}",no,no,True,0.4214997660000108,,False
ood_shape_000038_q03,ood_shape_000038,images/ood_shape/ood_shape_000038.png,Which object is nearest from the red star?,blue hexagon,nearest_farthest,2,ood_shape,shape,"{'anchor': 'obj_3', 'target': 'obj_2', 'relation': 'nearest'}","```json
{""answer"": ""blue star""}
```",blue hexagon,blue star,False,0.6749829959999261,distance_reasoning_error,True
ood_shape_000038_q04,ood_shape_000038,images/ood_shape/ood_shape_000038.png,Which object is immediately right of the blue hexagon?,red star,left_right,2,ood_shape,shape,"{'anchor': 'obj_2', 'target': 'obj_3', 'relation': 'right'}","```json
{""answer"": ""blue star""}
```",red star,blue star,False,0.6722355580000112,spatial_inversion,True
ood_shape_000039_q01,ood_shape_000039,images/ood_shape/ood_shape_000039.png,"Which object is closer to the center of the image, the blue diamond or the green star?",green star,center_proximity,2,ood_shape,shape,"{'objects': ['obj_2', 'obj_3'], 'target': 'obj_3', 'relation': 'center_proximity'}","```json
{""answer"": ""green star""}
```",green star,green star,True,0.6731363179999335,,False
ood_shape_000039_q02,ood_shape_000039,images/ood_shape/ood_shape_000039.png,Which object is farthest from the blue diamond?,green hexagon,nearest_farthest,2,ood_shape,shape,"{'anchor': 'obj_2', 'target': 'obj_1', 'relation': 'farthest'}","```json
{""answer"": ""star""}
```",green hexagon,star,False,0.6154532719999679,distance_reasoning_error,True
ood_shape_000039_q03,ood_shape_000039,images/ood_shape/ood_shape_000039.png,Which object is both left of the blue diamond and right of the green star?,green hexagon,multi_hop,4,ood_shape,shape,"{'anchors': ['obj_2', 'obj_3'], 'target': 'obj_1', 'relations': ['left of', 'right of']}","```json
{""answer"": ""green star""}
```",green hexagon,green star,False,0.6613324270000476,relation_chain_failure,True
ood_shape_000039_q04,ood_shape_000039,images/ood_shape/ood_shape_000039.png,Do the blue diamond and the green star overlap? Answer yes or no.,no,overlap,2,ood_shape,shape,"{'objects': ['obj_2', 'obj_3'], 'relation': 'overlap'}","{""answer"": ""no""}",no,no,True,0.4155903319999652,,False
ood_shape_000040_q01,ood_shape_000040,images/ood_shape/ood_shape_000040.png,Which object is immediately right of the blue diamond?,blue star,left_right,2,ood_shape,shape,"{'anchor': 'obj_2', 'target': 'obj_1', 'relation': 'right'}","```json
{""answer"": ""star""}
```",blue star,star,False,0.6155339120000463,spatial_inversion,True
ood_shape_000040_q02,ood_shape_000040,images/ood_shape/ood_shape_000040.png,"Which object is closer to the center of the image, the blue star or the red star?",blue star,center_proximity,2,ood_shape,shape,"{'objects': ['obj_1', 'obj_3'], 'target': 'obj_1', 'relation': 'center_proximity'}","```json
{""answer"": ""blue star""}
```",blue star,blue star,True,0.664803316000075,,False
ood_shape_000040_q03,ood_shape_000040,images/ood_shape/ood_shape_000040.png,Do the blue star and the red star overlap? Answer yes or no.,no,overlap,2,ood_shape,shape,"{'objects': ['obj_1', 'obj_3'], 'relation': 'overlap'}","{""answer"": ""no""}",no,no,True,0.41624218200001906,,False
ood_shape_000040_q04,ood_shape_000040,images/ood_shape/ood_shape_000040.png,Is the blue diamond completely inside the blue star? Answer yes or no.,no,inside_outside,2,ood_shape,shape,"{'objects': ['obj_2', 'obj_1'], 'relation': 'inside'}","{""answer"": ""no""}",no,no,True,0.4155318299999635,,False
ood_shape_000041_q01,ood_shape_000041,images/ood_shape/ood_shape_000041.png,Which object is immediately right of the yellow star?,green diamond,left_right,2,ood_shape,shape,"{'anchor': 'obj_1', 'target': 'obj_3', 'relation': 'right'}","```json
{""answer"": ""green triangle""}
```",green diamond,green triangle,False,0.6633999519999634,spatial_inversion,True
ood_shape_000041_q02,ood_shape_000041,images/ood_shape/ood_shape_000041.png,Do the red star and the green diamond overlap? Answer yes or no.,no,overlap,2,ood_shape,shape,"{'objects': ['obj_2', 'obj_3'], 'relation': 'overlap'}","{""answer"": ""no""}",no,no,True,0.4207715370000642,,False
ood_shape_000041_q03,ood_shape_000041,images/ood_shape/ood_shape_000041.png,How many green objects are in the image?,1,counting,1,ood_shape,shape,{'filter': {'color': 'green'}},"```json
{""answer"": ""1""}
```",1,1,True,0.6297191109999858,,False
ood_shape_000041_q04,ood_shape_000041,images/ood_shape/ood_shape_000041.png,Which object is farthest from the green diamond?,yellow star,nearest_farthest,2,ood_shape,shape,"{'anchor': 'obj_3', 'target': 'obj_1', 'relation': 'farthest'}","```json
{""answer"": ""star""}
```",yellow star,star,False,0.6177286960000856,distance_reasoning_error,True
ood_shape_000042_q01,ood_shape_000042,images/ood_shape/ood_shape_000042.png,Do the green hexagon and the red diamond overlap? Answer yes or no.,no,overlap,2,ood_shape,shape,"{'objects': ['obj_2', 'obj_3'], 'relation': 'overlap'}","{""answer"": ""no""}",no,no,True,0.42114065200007644,,False
ood_shape_000042_q02,ood_shape_000042,images/ood_shape/ood_shape_000042.png,Which object is both below the yellow diamond and left of the red diamond?,green hexagon,multi_hop,4,ood_shape,shape,"{'anchors': ['obj_1', 'obj_3'], 'target': 'obj_2', 'relations': ['below', 'left of']}","```json
{""answer"": ""green hexagon""}
```",green hexagon,green hexagon,True,0.7220553759999575,,False
ood_shape_000042_q03,ood_shape_000042,images/ood_shape/ood_shape_000042.png,Is the red diamond completely inside the green hexagon? Answer yes or no.,no,inside_outside,2,ood_shape,shape,"{'objects': ['obj_3', 'obj_2'], 'relation': 'inside'}","{""answer"": ""no""}",no,no,True,0.4183882629999971,,False
ood_shape_000042_q04,ood_shape_000042,images/ood_shape/ood_shape_000042.png,"Which object is larger, the red diamond or the green hexagon?",green hexagon,relative_size,2,ood_shape,shape,"{'objects': ['obj_3', 'obj_2'], 'target': 'obj_2', 'relation': 'larger'}","```json
{""answer"": ""red diamond""}
```",green hexagon,red diamond,False,0.6752862429999595,object_confusion,True
ood_shape_000043_q01,ood_shape_000043,images/ood_shape/ood_shape_000043.png,Which object is farthest from the blue diamond?,red hexagon,nearest_farthest,2,ood_shape,shape,"{'anchor': 'obj_1', 'target': 'obj_3', 'relation': 'farthest'}","```json
{""answer"": ""green triangle""}
```",red hexagon,green triangle,False,0.6672055170000704,distance_reasoning_error,True
ood_shape_000043_q02,ood_shape_000043,images/ood_shape/ood_shape_000043.png,Is the red hexagon completely inside the green diamond? Answer yes or no.,no,inside_outside,2,ood_shape,shape,"{'objects': ['obj_3', 'obj_2'], 'relation': 'inside'}","{""answer"": ""no""}",no,no,True,0.4183621290000019,,False
ood_shape_000043_q03,ood_shape_000043,images/ood_shape/ood_shape_000043.png,"Which object is smaller, the blue diamond or the green diamond?",blue diamond,relative_size,2,ood_shape,shape,"{'objects': ['obj_1', 'obj_2'], 'target': 'obj_1', 'relation': 'smaller'}","```json
{""answer"": ""green diamond""}
```",blue diamond,green diamond,False,0.6828007780000007,object_confusion,True
ood_shape_000043_q04,ood_shape_000043,images/ood_shape/ood_shape_000043.png,Which object is both right of the blue diamond and below the red hexagon?,green diamond,multi_hop,4,ood_shape,shape,"{'anchors': ['obj_1', 'obj_3'], 'target': 'obj_2', 'relations': ['right of', 'below']}","```json
{""answer"": ""green triangle""}
```",green diamond,green triangle,False,0.6761923429999115,relation_chain_failure,True
ood_shape_000044_q01,ood_shape_000044,images/ood_shape/ood_shape_000044.png,How many yellow objects are in the image?,2,counting,1,ood_shape,shape,{'filter': {'color': 'yellow'}},"```json
{""answer"": ""2""}
```",2,2,True,0.6284805960000313,,False
ood_shape_000044_q02,ood_shape_000044,images/ood_shape/ood_shape_000044.png,Do the yellow diamond and the blue hexagon overlap? Answer yes or no.,no,overlap,2,ood_shape,shape,"{'objects': ['obj_4', 'obj_1'], 'relation': 'overlap'}","{""answer"": ""no""}",no,no,True,0.4220410120000224,,False
ood_shape_000044_q03,ood_shape_000044,images/ood_shape/ood_shape_000044.png,Which object is the bottommost in the image?,yellow hexagon,relative_ordering,2,ood_shape,shape,"{'target': 'obj_5', 'relation': 'bottommost'}","```json
{""answer"": ""green triangle""}
```",yellow hexagon,green triangle,False,0.6689634440000418,spatial_inversion,True
ood_shape_000044_q04,ood_shape_000044,images/ood_shape/ood_shape_000044.png,Which object is immediately below the blue star?,blue hexagon,above_below,2,ood_shape,shape,"{'anchor': 'obj_2', 'target': 'obj_1', 'relation': 'below'}","```json
{""answer"": ""green triangle""}
```",blue hexagon,green triangle,False,0.6691476899999316,spatial_inversion,True
ood_shape_000045_q01,ood_shape_000045,images/ood_shape/ood_shape_000045.png,"Which object is smaller, the yellow star or the green hexagon?",yellow star,relative_size,2,ood_shape,shape,"{'objects': ['obj_3', 'obj_2'], 'target': 'obj_3', 'relation': 'smaller'}","```json
{""answer"": ""yellow star""}
```",yellow star,yellow star,True,0.6667334410000194,,False
ood_shape_000045_q02,ood_shape_000045,images/ood_shape/ood_shape_000045.png,How many objects are above the green hexagon?,3,counting,2,ood_shape,shape,"{'anchor': 'obj_2', 'relation': 'above'}","```json
{""answer"": ""2""}
```",3,2,False,0.6173475059999873,counting_error,True
ood_shape_000045_q03,ood_shape_000045,images/ood_shape/ood_shape_000045.png,Which object is immediately above the green star?,yellow diamond,above_below,2,ood_shape,shape,"{'anchor': 'obj_4', 'target': 'obj_1', 'relation': 'above'}","```json
{""answer"": ""yellow star""}
```",yellow diamond,yellow star,False,0.6635114069999872,spatial_inversion,True
ood_shape_000045_q04,ood_shape_000045,images/ood_shape/ood_shape_000045.png,Which object is nearest from the yellow star?,yellow diamond,nearest_farthest,2,ood_shape,shape,"{'anchor': 'obj_3', 'target': 'obj_1', 'relation': 'nearest'}","```json
{""answer"": ""yellow star""}
```",yellow diamond,yellow star,False,0.664123170000039,distance_reasoning_error,True
ood_shape_000046_q01,ood_shape_000046,images/ood_shape/ood_shape_000046.png,"Which object is closer to the center of the image, the green star or the red diamond?",red diamond,center_proximity,2,ood_shape,shape,"{'objects': ['obj_2', 'obj_1'], 'target': 'obj_1', 'relation': 'center_proximity'}","```json
{""answer"": ""red diamond""}
```",red diamond,red diamond,True,0.6673191600000337,,False
ood_shape_000046_q02,ood_shape_000046,images/ood_shape/ood_shape_000046.png,"Which object is smaller, the red diamond or the green star?",red diamond,relative_size,2,ood_shape,shape,"{'objects': ['obj_1', 'obj_2'], 'target': 'obj_1', 'relation': 'smaller'}","```json
{""answer"": ""red diamond""}
```",red diamond,red diamond,True,0.6698839749999479,,False
ood_shape_000046_q03,ood_shape_000046,images/ood_shape/ood_shape_000046.png,Do the red diamond and the blue diamond overlap? Answer yes or no.,no,overlap,2,ood_shape,shape,"{'objects': ['obj_1', 'obj_3'], 'relation': 'overlap'}","{""answer"": ""no""}",no,no,True,0.4138557620000256,,False
ood_shape_000046_q04,ood_shape_000046,images/ood_shape/ood_shape_000046.png,How many objects are left of the green star?,1,counting,2,ood_shape,shape,"{'anchor': 'obj_2', 'relation': 'left'}","```json
{""answer"": ""1""}
```",1,1,True,0.6144434980000142,,False
ood_shape_000047_q01,ood_shape_000047,images/ood_shape/ood_shape_000047.png,"Which object is smaller, the yellow star or the green diamond?",green diamond,relative_size,2,ood_shape,shape,"{'objects': ['obj_1', 'obj_2'], 'target': 'obj_2', 'relation': 'smaller'}","```json
{""answer"": ""yellow star""}
```",green diamond,yellow star,False,0.6695646819999865,object_confusion,True
ood_shape_000047_q02,ood_shape_000047,images/ood_shape/ood_shape_000047.png,Is the yellow diamond completely inside the green star? Answer yes or no.,no,inside_outside,2,ood_shape,shape,"{'objects': ['obj_3', 'obj_5'], 'relation': 'inside'}","{""answer"": ""no""}",no,no,True,0.41719149699997615,,False
ood_shape_000047_q03,ood_shape_000047,images/ood_shape/ood_shape_000047.png,Which object is farthest from the yellow star?,green hexagon,nearest_farthest,2,ood_shape,shape,"{'anchor': 'obj_1', 'target': 'obj_4', 'relation': 'farthest'}","```json
{""answer"": ""green pentagon""}
```",green hexagon,green pentagon,False,0.7150758729999325,distance_reasoning_error,True
ood_shape_000047_q04,ood_shape_000047,images/ood_shape/ood_shape_000047.png,Which object is immediately right of the green star?,green hexagon,left_right,2,ood_shape,shape,"{'anchor': 'obj_5', 'target': 'obj_4', 'relation': 'right'}","```json
{""answer"": ""triangle""}
```",green hexagon,triangle,False,0.6168206520000012,spatial_inversion,True
ood_shape_000048_q01,ood_shape_000048,images/ood_shape/ood_shape_000048.png,"Which object is closer to the center of the image, the green hexagon or the yellow star?",green hexagon,center_proximity,2,ood_shape,shape,"{'objects': ['obj_4', 'obj_5'], 'target': 'obj_4', 'relation': 'center_proximity'}","```json
{""answer"": ""green hexagon""}
```",green hexagon,green hexagon,True,0.721165262999989,,False
ood_shape_000048_q02,ood_shape_000048,images/ood_shape/ood_shape_000048.png,Which object is farthest from the red star?,green diamond,nearest_farthest,2,ood_shape,shape,"{'anchor': 'obj_3', 'target': 'obj_1', 'relation': 'farthest'}","```json
{""answer"": ""green""}
```",green diamond,green,False,0.6247551000000158,distance_reasoning_error,True
ood_shape_000048_q03,ood_shape_000048,images/ood_shape/ood_shape_000048.png,Which object is immediately below the blue hexagon?,green diamond,above_below,2,ood_shape,shape,"{'anchor': 'obj_2', 'target': 'obj_1', 'relation': 'below'}","```json
{""answer"": ""green hexagon""}
```",green diamond,green hexagon,False,0.7214256059999116,spatial_inversion,True
ood_shape_000048_q04,ood_shape_000048,images/ood_shape/ood_shape_000048.png,Which object is between the green diamond and the red star?,blue hexagon,between,3,ood_shape,shape,"{'objects': ['obj_1', 'obj_3'], 'target': 'obj_2', 'relation': 'between'}","```json
{""answer"": ""blue hexagon""}
```",blue hexagon,blue hexagon,True,0.7269538029999012,,False
ood_shape_000049_q01,ood_shape_000049,images/ood_shape/ood_shape_000049.png,"Which object is closer to the center of the image, the red diamond or the red star?",red star,center_proximity,2,ood_shape,shape,"{'objects': ['obj_2', 'obj_1'], 'target': 'obj_1', 'relation': 'center_proximity'}","```json
{""answer"": ""red star""}
```",red star,red star,True,0.665239880999934,,False
ood_shape_000049_q02,ood_shape_000049,images/ood_shape/ood_shape_000049.png,Which object is both below the red star and left of the green diamond?,green hexagon,multi_hop,4,ood_shape,shape,"{'anchors': ['obj_1', 'obj_4'], 'target': 'obj_3', 'relations': ['below', 'left of']}","```json
{""answer"": ""green triangle""}
```",green hexagon,green triangle,False,0.6674560220000103,relation_chain_failure,True
ood_shape_000049_q03,ood_shape_000049,images/ood_shape/ood_shape_000049.png,Which object is farthest from the green hexagon?,red diamond,nearest_farthest,2,ood_shape,shape,"{'anchor': 'obj_3', 'target': 'obj_2', 'relation': 'farthest'}","```json
{""answer"": ""red star""}
```",red diamond,red star,False,0.6642874499999607,distance_reasoning_error,True
ood_shape_000049_q04,ood_shape_000049,images/ood_shape/ood_shape_000049.png,Which object is the rightmost in the image?,green diamond,relative_ordering,2,ood_shape,shape,"{'target': 'obj_4', 'relation': 'rightmost'}","```json
{""answer"": ""green triangle""}
```",green diamond,green triangle,False,0.666609483000002,spatial_inversion,True
ood_palette_000000_q01,ood_palette_000000,images/ood_palette/ood_palette_000000.png,Which object is immediately below the purple rectangle?,cyan rectangle,above_below,2,ood_palette,palette,"{'anchor': 'obj_1', 'target': 'obj_2', 'relation': 'below'}","```json
{""answer"": ""triangle""}
```",cyan rectangle,triangle,False,0.6279064120000157,spatial_inversion,True
ood_palette_000000_q02,ood_palette_000000,images/ood_palette/ood_palette_000000.png,"Which object is larger, the purple rectangle or the pink triangle?",purple rectangle,relative_size,2,ood_palette,palette,"{'objects': ['obj_1', 'obj_3'], 'target': 'obj_1', 'relation': 'larger'}","```json
{""answer"": ""purple rectangle""}
```",purple rectangle,purple rectangle,True,0.6706797450000295,,False
ood_palette_000000_q03,ood_palette_000000,images/ood_palette/ood_palette_000000.png,Do the purple rectangle and the cyan rectangle overlap? Answer yes or no.,no,overlap,2,ood_palette,palette,"{'objects': ['obj_1', 'obj_2'], 'relation': 'overlap'}","{""answer"": ""no""}",no,no,True,0.418012529000066,,False
ood_palette_000000_q04,ood_palette_000000,images/ood_palette/ood_palette_000000.png,How many cyan objects are in the image?,1,counting,1,ood_palette,palette,{'filter': {'color': 'cyan'}},"```json
{""answer"": ""1""}
```",1,1,True,0.6237764049999441,,False
ood_palette_000001_q01,ood_palette_000001,images/ood_palette/ood_palette_000001.png,Which object is between the pink triangle and the purple rectangle?,cyan rectangle,between,3,ood_palette,palette,"{'objects': ['obj_3', 'obj_4'], 'target': 'obj_2', 'relation': 'between'}","```json
{""answer"": ""square""}
```",cyan rectangle,square,False,0.6194965280000133,other,True
ood_palette_000001_q02,ood_palette_000001,images/ood_palette/ood_palette_000001.png,Which object is both right of the cyan circle and above the purple rectangle?,pink triangle,multi_hop,4,ood_palette,palette,"{'anchors': ['obj_5', 'obj_4'], 'target': 'obj_3', 'relations': ['right of', 'above']}","```json
{""answer"": ""triangle""}
```",pink triangle,triangle,False,0.6212269119999974,relation_chain_failure,True
ood_palette_000001_q03,ood_palette_000001,images/ood_palette/ood_palette_000001.png,Which object is the rightmost in the image?,pink triangle,relative_ordering,2,ood_palette,palette,"{'target': 'obj_3', 'relation': 'rightmost'}","```json
{""answer"": ""rectangle""}
```",pink triangle,rectangle,False,0.6184349149999662,spatial_inversion,True
ood_palette_000001_q04,ood_palette_000001,images/ood_palette/ood_palette_000001.png,Is the pink triangle completely inside the pink rectangle? Answer yes or no.,no,inside_outside,2,ood_palette,palette,"{'objects': ['obj_3', 'obj_1'], 'relation': 'inside'}","{""answer"": ""no""}",no,no,True,0.43292598999994425,,False
ood_palette_000002_q01,ood_palette_000002,images/ood_palette/ood_palette_000002.png,Which object is between the pink circle and the cyan triangle?,pink triangle,between,3,ood_palette,palette,"{'objects': ['obj_3', 'obj_2'], 'target': 'obj_4', 'relation': 'between'}","```json
{""answer"": ""orange square""}
```",pink triangle,orange square,False,0.6709001079999553,other,True
ood_palette_000002_q02,ood_palette_000002,images/ood_palette/ood_palette_000002.png,Which object is both below the cyan triangle and left of the pink triangle?,orange rectangle,multi_hop,4,ood_palette,palette,"{'anchors': ['obj_2', 'obj_4'], 'target': 'obj_1', 'relations': ['below', 'left of']}","```json
{""answer"": ""orange square""}
```",orange rectangle,orange square,False,0.6752648440000257,relation_chain_failure,True
ood_palette_000002_q03,ood_palette_000002,images/ood_palette/ood_palette_000002.png,"Which object is closer to the center of the image, the orange rectangle or the pink circle?",orange rectangle,center_proximity,2,ood_palette,palette,"{'objects': ['obj_1', 'obj_3'], 'target': 'obj_1', 'relation': 'center_proximity'}","```json
{""answer"": ""orange rectangle""}
```",orange rectangle,orange rectangle,True,0.6714101800000662,,False
ood_palette_000002_q04,ood_palette_000002,images/ood_palette/ood_palette_000002.png,Which object is immediately below the cyan triangle?,pink triangle,above_below,2,ood_palette,palette,"{'anchor': 'obj_2', 'target': 'obj_4', 'relation': 'below'}","```json
{""answer"": ""orange square""}
```",pink triangle,orange square,False,0.6776823089999198,spatial_inversion,True
ood_palette_000003_q01,ood_palette_000003,images/ood_palette/ood_palette_000003.png,"Which object is closer to the center of the image, the purple circle or the purple rectangle?",purple circle,center_proximity,2,ood_palette,palette,"{'objects': ['obj_4', 'obj_5'], 'target': 'obj_4', 'relation': 'center_proximity'}","```json
{""answer"": ""purple rectangle""}
```",purple circle,purple rectangle,False,0.6723521559999881,distance_reasoning_error,True
ood_palette_000003_q02,ood_palette_000003,images/ood_palette/ood_palette_000003.png,Is the orange rectangle completely inside the orange triangle? Answer yes or no.,no,inside_outside,2,ood_palette,palette,"{'objects': ['obj_2', 'obj_3'], 'relation': 'inside'}","{""answer"": ""no""}",no,no,True,0.4223352029999887,,False
ood_palette_000003_q03,ood_palette_000003,images/ood_palette/ood_palette_000003.png,Which object is between the purple rectangle and the orange triangle?,orange circle,between,3,ood_palette,palette,"{'objects': ['obj_5', 'obj_3'], 'target': 'obj_1', 'relation': 'between'}","```json
{""answer"": ""orange triangle""}
```",orange circle,orange triangle,False,0.6749959380000519,object_confusion,True
ood_palette_000003_q04,ood_palette_000003,images/ood_palette/ood_palette_000003.png,How many objects are left of the orange rectangle?,2,counting,2,ood_palette,palette,"{'anchor': 'obj_2', 'relation': 'left'}","```json
{""answer"": ""2""}
```",2,2,True,0.6186217100000704,,False
ood_palette_000004_q01,ood_palette_000004,images/ood_palette/ood_palette_000004.png,Which object is immediately right of the purple triangle?,purple circle,left_right,2,ood_palette,palette,"{'anchor': 'obj_3', 'target': 'obj_2', 'relation': 'right'}","```json
{""answer"": ""circle""}
```",purple circle,circle,False,0.6184168949999957,spatial_inversion,True
ood_palette_000004_q02,ood_palette_000004,images/ood_palette/ood_palette_000004.png,"Which object is smaller, the purple rectangle or the purple circle?",purple rectangle,relative_size,2,ood_palette,palette,"{'objects': ['obj_1', 'obj_2'], 'target': 'obj_1', 'relation': 'smaller'}","```json
{""answer"": ""purple rectangle""}
```",purple rectangle,purple rectangle,True,0.6682234130000779,,False
ood_palette_000004_q03,ood_palette_000004,images/ood_palette/ood_palette_000004.png,Which object is both above the purple triangle and left of the purple circle?,purple rectangle,multi_hop,4,ood_palette,palette,"{'anchors': ['obj_3', 'obj_2'], 'target': 'obj_1', 'relations': ['above', 'left of']}","```json
{""answer"": ""square""}
```",purple rectangle,square,False,0.6164387359999637,relation_chain_failure,True
ood_palette_000004_q04,ood_palette_000004,images/ood_palette/ood_palette_000004.png,Which object is the leftmost in the image?,purple rectangle,relative_ordering,2,ood_palette,palette,"{'target': 'obj_1', 'relation': 'leftmost'}","```json
{""answer"": ""rectangle""}
```",purple rectangle,rectangle,False,0.6192046789999495,spatial_inversion,True
ood_palette_000005_q01,ood_palette_000005,images/ood_palette/ood_palette_000005.png,Which object is immediately left of the cyan circle?,pink circle,left_right,2,ood_palette,palette,"{'anchor': 'obj_1', 'target': 'obj_3', 'relation': 'left'}","```json
{""answer"": ""red circle""}
```",pink circle,red circle,False,0.665517627999975,spatial_inversion,True
ood_palette_000005_q02,ood_palette_000005,images/ood_palette/ood_palette_000005.png,Which object is both below the orange rectangle and right of the pink circle?,cyan circle,multi_hop,4,ood_palette,palette,"{'anchors': ['obj_2', 'obj_3'], 'target': 'obj_1', 'relations': ['below', 'right of']}","```json
{""answer"": ""blue circle""}
```",cyan circle,blue circle,False,0.6701189340000155,relation_chain_failure,True
ood_palette_000005_q03,ood_palette_000005,images/ood_palette/ood_palette_000005.png,Do the pink circle and the cyan circle overlap? Answer yes or no.,no,overlap,2,ood_palette,palette,"{'objects': ['obj_3', 'obj_1'], 'relation': 'overlap'}","{""answer"": ""no""}",no,no,True,0.4189632149999625,,False
ood_palette_000005_q04,ood_palette_000005,images/ood_palette/ood_palette_000005.png,Which object is immediately above the orange rectangle?,pink circle,above_below,2,ood_palette,palette,"{'anchor': 'obj_2', 'target': 'obj_3', 'relation': 'above'}","```json
{""answer"": ""circle""}
```",pink circle,circle,False,0.6163761909999721,spatial_inversion,True
ood_palette_000006_q01,ood_palette_000006,images/ood_palette/ood_palette_000006.png,"Which object is closer to the center of the image, the pink rectangle or the cyan rectangle?",pink rectangle,center_proximity,2,ood_palette,palette,"{'objects': ['obj_1', 'obj_2'], 'target': 'obj_1', 'relation': 'center_proximity'}","```json
{""answer"": ""pink rectangle""}
```",pink rectangle,pink rectangle,True,0.669239642999969,,False
ood_palette_000006_q02,ood_palette_000006,images/ood_palette/ood_palette_000006.png,Which object is both left of the purple triangle and below the pink rectangle?,orange rectangle,multi_hop,4,ood_palette,palette,"{'anchors': ['obj_4', 'obj_1'], 'target': 'obj_3', 'relations': ['left of', 'below']}","```json
{""answer"": ""orange rectangle""}
```",orange rectangle,orange rectangle,True,0.6665725390000716,,False
ood_palette_000006_q03,ood_palette_000006,images/ood_palette/ood_palette_000006.png,Which object is immediately below the purple triangle?,orange rectangle,above_below,2,ood_palette,palette,"{'anchor': 'obj_4', 'target': 'obj_3', 'relation': 'below'}","```json
{""answer"": ""square""}
```",orange rectangle,square,False,0.6170655150000357,spatial_inversion,True
ood_palette_000006_q04,ood_palette_000006,images/ood_palette/ood_palette_000006.png,Which object is immediately left of the pink rectangle?,purple triangle,left_right,2,ood_palette,palette,"{'anchor': 'obj_1', 'target': 'obj_4', 'relation': 'left'}","```json
{""answer"": ""orange rectangle""}
```",purple triangle,orange rectangle,False,0.6691099740000936,spatial_inversion,True
ood_palette_000007_q01,ood_palette_000007,images/ood_palette/ood_palette_000007.png,Which object is both left of the purple triangle and above the orange circle?,cyan circle,multi_hop,4,ood_palette,palette,"{'anchors': ['obj_3', 'obj_1'], 'target': 'obj_2', 'relations': ['left of', 'above']}","```json
{""answer"": ""teal circle""}
```",cyan circle,teal circle,False,0.7156226029999289,relation_chain_failure,True
ood_palette_000007_q02,ood_palette_000007,images/ood_palette/ood_palette_000007.png,Which object is the topmost in the image?,purple triangle,relative_ordering,2,ood_palette,palette,"{'target': 'obj_3', 'relation': 'topmost'}","```json
{""answer"": ""triangle""}
```",purple triangle,triangle,False,0.6179758399999855,spatial_inversion,True
ood_palette_000007_q03,ood_palette_000007,images/ood_palette/ood_palette_000007.png,"Which object is smaller, the purple triangle or the cyan circle?",cyan circle,relative_size,2,ood_palette,palette,"{'objects': ['obj_3', 'obj_2'], 'target': 'obj_2', 'relation': 'smaller'}","```json
{""answer"": ""cyan circle""}
```",cyan circle,cyan circle,True,0.681808081999975,,False
ood_palette_000007_q04,ood_palette_000007,images/ood_palette/ood_palette_000007.png,Which object is nearest from the purple triangle?,cyan circle,nearest_farthest,2,ood_palette,palette,"{'anchor': 'obj_3', 'target': 'obj_2', 'relation': 'nearest'}","```json
{""answer"": ""orange circle""}
```",cyan circle,orange circle,False,0.6756907480000791,distance_reasoning_error,True
ood_palette_000008_q01,ood_palette_000008,images/ood_palette/ood_palette_000008.png,Do the pink circle and the cyan rectangle overlap? Answer yes or no.,no,overlap,2,ood_palette,palette,"{'objects': ['obj_3', 'obj_2'], 'relation': 'overlap'}","{""answer"": ""no""}",no,no,True,0.42524564899997586,,False
ood_palette_000008_q02,ood_palette_000008,images/ood_palette/ood_palette_000008.png,Which object is both left of the cyan rectangle and above the orange rectangle?,pink circle,multi_hop,4,ood_palette,palette,"{'anchors': ['obj_2', 'obj_1'], 'target': 'obj_3', 'relations': ['left of', 'above']}","```json
{""answer"": ""red circle""}
```",pink circle,red circle,False,0.6669997469999771,relation_chain_failure,True
ood_palette_000008_q03,ood_palette_000008,images/ood_palette/ood_palette_000008.png,How many pink objects are in the image?,1,counting,1,ood_palette,palette,{'filter': {'color': 'pink'}},"```json
{""answer"": ""1""}
```",1,1,True,0.6159598350000124,,False
ood_palette_000008_q04,ood_palette_000008,images/ood_palette/ood_palette_000008.png,"Which object is closer to the center of the image, the cyan rectangle or the pink circle?",cyan rectangle,center_proximity,2,ood_palette,palette,"{'objects': ['obj_2', 'obj_3'], 'target': 'obj_2', 'relation': 'center_proximity'}","```json
{""answer"": ""pink circle""}
```",cyan rectangle,pink circle,False,0.6675062510000771,distance_reasoning_error,True
ood_palette_000009_q01,ood_palette_000009,images/ood_palette/ood_palette_000009.png,Which object is the rightmost in the image?,purple rectangle,relative_ordering,2,ood_palette,palette,"{'target': 'obj_3', 'relation': 'rightmost'}","```json
{""answer"": ""square""}
```",purple rectangle,square,False,0.621568815000046,spatial_inversion,True
ood_palette_000009_q02,ood_palette_000009,images/ood_palette/ood_palette_000009.png,Is the purple triangle completely inside the purple rectangle? Answer yes or no.,no,inside_outside,2,ood_palette,palette,"{'objects': ['obj_2', 'obj_3'], 'relation': 'inside'}","{""answer"": ""no""}",no,no,True,0.4201968739999984,,False
ood_palette_000009_q03,ood_palette_000009,images/ood_palette/ood_palette_000009.png,"Which object is closer to the center of the image, the purple triangle or the purple rectangle?",purple rectangle,center_proximity,2,ood_palette,palette,"{'objects': ['obj_2', 'obj_3'], 'target': 'obj_3', 'relation': 'center_proximity'}","```json
{""answer"": ""purple triangle""}
```",purple rectangle,purple triangle,False,0.6678921120000041,distance_reasoning_error,True
ood_palette_000009_q04,ood_palette_000009,images/ood_palette/ood_palette_000009.png,Do the cyan triangle and the purple triangle overlap? Answer yes or no.,no,overlap,2,ood_palette,palette,"{'objects': ['obj_1', 'obj_2'], 'relation': 'overlap'}","{""answer"": ""no""}",no,no,True,0.4214640889999828,,False
ood_palette_000010_q01,ood_palette_000010,images/ood_palette/ood_palette_000010.png,Which object is between the cyan circle and the purple triangle?,purple rectangle,between,3,ood_palette,palette,"{'objects': ['obj_2', 'obj_3'], 'target': 'obj_1', 'relation': 'between'}","```json
{""answer"": ""square""}
```",purple rectangle,square,False,0.6255901659999381,other,True
ood_palette_000010_q02,ood_palette_000010,images/ood_palette/ood_palette_000010.png,Which object is both left of the purple rectangle and above the pink triangle?,purple triangle,multi_hop,4,ood_palette,palette,"{'anchors': ['obj_1', 'obj_4'], 'target': 'obj_3', 'relations': ['left of', 'above']}","```json
{""answer"": ""triangle""}
```",purple triangle,triangle,False,0.6198236200000338,relation_chain_failure,True
ood_palette_000010_q03,ood_palette_000010,images/ood_palette/ood_palette_000010.png,Which object is the bottommost in the image?,pink triangle,relative_ordering,2,ood_palette,palette,"{'target': 'obj_4', 'relation': 'bottommost'}","```json
{""answer"": ""circle""}
```",pink triangle,circle,False,0.615605172999949,spatial_inversion,True
ood_palette_000010_q04,ood_palette_000010,images/ood_palette/ood_palette_000010.png,"Which object is smaller, the cyan triangle or the cyan circle?",cyan triangle,relative_size,2,ood_palette,palette,"{'objects': ['obj_5', 'obj_2'], 'target': 'obj_5', 'relation': 'smaller'}","```json
{""answer"": ""cyan triangle""}
```",cyan triangle,cyan triangle,True,0.6652729869999803,,False
ood_palette_000011_q01,ood_palette_000011,images/ood_palette/ood_palette_000011.png,Which object is between the orange rectangle and the pink circle?,purple rectangle,between,3,ood_palette,palette,"{'objects': ['obj_2', 'obj_1'], 'target': 'obj_4', 'relation': 'between'}","```json
{""answer"": ""purple rectangle""}
```",purple rectangle,purple rectangle,True,0.6669897189999574,,False
ood_palette_000011_q02,ood_palette_000011,images/ood_palette/ood_palette_000011.png,"Which object is closer to the center of the image, the purple rectangle or the orange rectangle?",purple rectangle,center_proximity,2,ood_palette,palette,"{'objects': ['obj_4', 'obj_2'], 'target': 'obj_4', 'relation': 'center_proximity'}","```json
{""answer"": ""orange rectangle""}
```",purple rectangle,orange rectangle,False,0.6683361589999777,distance_reasoning_error,True
ood_palette_000011_q03,ood_palette_000011,images/ood_palette/ood_palette_000011.png,Which object is immediately below the pink circle?,purple rectangle,above_below,2,ood_palette,palette,"{'anchor': 'obj_1', 'target': 'obj_4', 'relation': 'below'}","```json
{""answer"": ""orange""}
```",purple rectangle,orange,False,0.6159038760000612,spatial_inversion,True
ood_palette_000011_q04,ood_palette_000011,images/ood_palette/ood_palette_000011.png,Is the orange rectangle completely inside the purple rectangle? Answer yes or no.,no,inside_outside,2,ood_palette,palette,"{'objects': ['obj_2', 'obj_4'], 'relation': 'inside'}","{""answer"": ""no""}",no,no,True,0.41775739399997747,,False
ood_palette_000012_q01,ood_palette_000012,images/ood_palette/ood_palette_000012.png,Which object is immediately above the orange circle?,pink triangle,above_below,2,ood_palette,palette,"{'anchor': 'obj_2', 'target': 'obj_1', 'relation': 'above'}","```json
{""answer"": ""blue triangle""}
```",pink triangle,blue triangle,False,0.6682409689999531,spatial_inversion,True
ood_palette_000012_q02,ood_palette_000012,images/ood_palette/ood_palette_000012.png,"Which object is closer to the center of the image, the orange rectangle or the cyan rectangle?",cyan rectangle,center_proximity,2,ood_palette,palette,"{'objects': ['obj_4', 'obj_5'], 'target': 'obj_5', 'relation': 'center_proximity'}","```json
{""answer"": ""orange rectangle""}
```",cyan rectangle,orange rectangle,False,0.6754231410000102,distance_reasoning_error,True
ood_palette_000012_q03,ood_palette_000012,images/ood_palette/ood_palette_000012.png,Is the orange circle completely inside the purple triangle? Answer yes or no.,no,inside_outside,2,ood_palette,palette,"{'objects': ['obj_2', 'obj_3'], 'relation': 'inside'}","{""answer"": ""no""}",no,no,True,0.4160955050000439,,False
ood_palette_000012_q04,ood_palette_000012,images/ood_palette/ood_palette_000012.png,Which object is between the pink triangle and the orange rectangle?,cyan rectangle,between,3,ood_palette,palette,"{'objects': ['obj_1', 'obj_4'], 'target': 'obj_5', 'relation': 'between'}","```json
{""answer"": ""orange circle""}
```",cyan rectangle,orange circle,False,0.6842727019999302,object_confusion,True
ood_palette_000013_q01,ood_palette_000013,images/ood_palette/ood_palette_000013.png,Which object is immediately left of the cyan circle?,pink rectangle,left_right,2,ood_palette,palette,"{'anchor': 'obj_3', 'target': 'obj_4', 'relation': 'left'}","```json
{""answer"": ""square""}
```",pink rectangle,square,False,0.6197329700000864,spatial_inversion,True
ood_palette_000013_q02,ood_palette_000013,images/ood_palette/ood_palette_000013.png,"Which object is smaller, the pink rectangle or the cyan circle?",cyan circle,relative_size,2,ood_palette,palette,"{'objects': ['obj_4', 'obj_3'], 'target': 'obj_3', 'relation': 'smaller'}","```json
{""answer"": ""cyan circle""}
```",cyan circle,cyan circle,True,0.6673920019999287,,False
ood_palette_000013_q03,ood_palette_000013,images/ood_palette/ood_palette_000013.png,Which object is both below the cyan rectangle and above the cyan circle?,purple triangle,multi_hop,4,ood_palette,palette,"{'anchors': ['obj_2', 'obj_3'], 'target': 'obj_1', 'relations': ['below', 'above']}","```json
{""answer"": ""triangle""}
```",purple triangle,triangle,False,0.6172015910000255,relation_chain_failure,True
ood_palette_000013_q04,ood_palette_000013,images/ood_palette/ood_palette_000013.png,Which object is the bottommost in the image?,pink rectangle,relative_ordering,2,ood_palette,palette,"{'target': 'obj_4', 'relation': 'bottommost'}","```json
{""answer"": ""triangle""}
```",pink rectangle,triangle,False,0.6174232280000069,spatial_inversion,True
ood_palette_000014_q01,ood_palette_000014,images/ood_palette/ood_palette_000014.png,Which object is immediately left of the orange rectangle?,pink triangle,left_right,2,ood_palette,palette,"{'anchor': 'obj_1', 'target': 'obj_5', 'relation': 'left'}","```json
{""answer"": ""triangle""}
```",pink triangle,triangle,False,0.6157948979999901,spatial_inversion,True
ood_palette_000014_q02,ood_palette_000014,images/ood_palette/ood_palette_000014.png,Which object is both above the orange rectangle and right of the pink rectangle?,cyan rectangle,multi_hop,4,ood_palette,palette,"{'anchors': ['obj_1', 'obj_3'], 'target': 'obj_2', 'relations': ['above', 'right of']}","```json
{""answer"": ""blue rectangle""}
```",cyan rectangle,blue rectangle,False,0.6644960820000279,relation_chain_failure,True
ood_palette_000014_q03,ood_palette_000014,images/ood_palette/ood_palette_000014.png,Do the pink triangle and the pink rectangle overlap? Answer yes or no.,no,overlap,2,ood_palette,palette,"{'objects': ['obj_5', 'obj_3'], 'relation': 'overlap'}","{""answer"": ""no""}",no,no,True,0.416119991999949,,False
ood_palette_000014_q04,ood_palette_000014,images/ood_palette/ood_palette_000014.png,Which object is immediately below the pink rectangle?,orange rectangle,above_below,2,ood_palette,palette,"{'anchor': 'obj_3', 'target': 'obj_1', 'relation': 'below'}","```json
{""answer"": ""orange rectangle""}
```",orange rectangle,orange rectangle,True,0.6681869090000419,,False
ood_palette_000015_q01,ood_palette_000015,images/ood_palette/ood_palette_000015.png,"Which object is closer to the center of the image, the orange rectangle or the purple rectangle?",purple rectangle,center_proximity,2,ood_palette,palette,"{'objects': ['obj_1', 'obj_3'], 'target': 'obj_3', 'relation': 'center_proximity'}","```json
{""answer"": ""purple rectangle""}
```",purple rectangle,purple rectangle,True,0.6668684939999139,,False
ood_palette_000015_q02,ood_palette_000015,images/ood_palette/ood_palette_000015.png,Which object is both below the cyan rectangle and right of the purple rectangle?,orange rectangle,multi_hop,4,ood_palette,palette,"{'anchors': ['obj_5', 'obj_3'], 'target': 'obj_1', 'relations': ['below', 'right of']}","```json
{""answer"": ""orange rectangle""}
```",orange rectangle,orange rectangle,True,0.6677573029999166,,False
ood_palette_000015_q03,ood_palette_000015,images/ood_palette/ood_palette_000015.png,Which object is immediately above the cyan rectangle?,purple circle,above_below,2,ood_palette,palette,"{'anchor': 'obj_5', 'target': 'obj_2', 'relation': 'above'}","```json
{""answer"": ""purple rectangle""}
```",purple circle,purple rectangle,False,0.6670564419999891,spatial_inversion,True
ood_palette_000015_q04,ood_palette_000015,images/ood_palette/ood_palette_000015.png,Which object is immediately left of the pink circle?,orange rectangle,left_right,2,ood_palette,palette,"{'anchor': 'obj_4', 'target': 'obj_1', 'relation': 'left'}","```json
{""answer"": ""square""}
```",orange rectangle,square,False,0.6174342859999342,spatial_inversion,True
ood_palette_000016_q01,ood_palette_000016,images/ood_palette/ood_palette_000016.png,Which object is between the pink rectangle and the pink circle?,orange circle,between,3,ood_palette,palette,"{'objects': ['obj_5', 'obj_3'], 'target': 'obj_1', 'relation': 'between'}","```json
{""answer"": ""orange circle""}
```",orange circle,orange circle,True,0.6711862270000211,,False
ood_palette_000016_q02,ood_palette_000016,images/ood_palette/ood_palette_000016.png,Which object is both left of the pink rectangle and below the orange circle?,pink circle,multi_hop,4,ood_palette,palette,"{'anchors': ['obj_5', 'obj_1'], 'target': 'obj_3', 'relations': ['left of', 'below']}","```json
{""answer"": ""orange circle""}
```",pink circle,orange circle,False,0.6954672900000105,relation_chain_failure,True
ood_palette_000016_q03,ood_palette_000016,images/ood_palette/ood_palette_000016.png,Which object is immediately left of the pink rectangle?,orange circle,left_right,2,ood_palette,palette,"{'anchor': 'obj_5', 'target': 'obj_1', 'relation': 'left'}","```json
{""answer"": ""orange circle""}
```",orange circle,orange circle,True,0.6759623140000031,,False
ood_palette_000016_q04,ood_palette_000016,images/ood_palette/ood_palette_000016.png,Which object is the bottommost in the image?,pink circle,relative_ordering,2,ood_palette,palette,"{'target': 'obj_3', 'relation': 'bottommost'}","```json
{""answer"": ""circle""}
```",pink circle,circle,False,0.6251733309999281,spatial_inversion,True
ood_palette_000017_q01,ood_palette_000017,images/ood_palette/ood_palette_000017.png,Do the cyan triangle and the orange circle overlap? Answer yes or no.,no,overlap,2,ood_palette,palette,"{'objects': ['obj_5', 'obj_3'], 'relation': 'overlap'}","{""answer"": ""no""}",no,no,True,0.4241949569999406,,False
ood_palette_000017_q02,ood_palette_000017,images/ood_palette/ood_palette_000017.png,Which object is both below the pink triangle and above the purple rectangle?,orange circle,multi_hop,4,ood_palette,palette,"{'anchors': ['obj_2', 'obj_4'], 'target': 'obj_3', 'relations': ['below', 'above']}","```json
{""answer"": ""orange circle""}
```",orange circle,orange circle,True,0.6753226230000564,,False
ood_palette_000017_q03,ood_palette_000017,images/ood_palette/ood_palette_000017.png,How many rectangle objects are in the image?,2,counting,1,ood_palette,palette,{'filter': {'shape': 'rectangle'}},"```json
{""answer"": ""2""}
```",2,2,True,0.6269679490000044,,False
ood_palette_000017_q04,ood_palette_000017,images/ood_palette/ood_palette_000017.png,"Which object is closer to the center of the image, the orange circle or the cyan triangle?",orange circle,center_proximity,2,ood_palette,palette,"{'objects': ['obj_3', 'obj_5'], 'target': 'obj_3', 'relation': 'center_proximity'}","{""answer"": ""orange circle""}",orange circle,orange circle,True,0.4699758980000297,,False
ood_palette_000018_q01,ood_palette_000018,images/ood_palette/ood_palette_000018.png,Which object is the rightmost in the image?,cyan circle,relative_ordering,2,ood_palette,palette,"{'target': 'obj_2', 'relation': 'rightmost'}","```json
{""answer"": ""triangle""}
```",cyan circle,triangle,False,0.6191256430000749,spatial_inversion,True
ood_palette_000018_q02,ood_palette_000018,images/ood_palette/ood_palette_000018.png,Which object is immediately right of the orange circle?,cyan rectangle,left_right,2,ood_palette,palette,"{'anchor': 'obj_3', 'target': 'obj_1', 'relation': 'right'}","```json
{""answer"": ""triangle""}
```",cyan rectangle,triangle,False,0.6177503279999428,spatial_inversion,True
ood_palette_000018_q03,ood_palette_000018,images/ood_palette/ood_palette_000018.png,Is the cyan triangle completely inside the cyan circle? Answer yes or no.,no,inside_outside,2,ood_palette,palette,"{'objects': ['obj_4', 'obj_2'], 'relation': 'inside'}","{""answer"": ""no""}",no,no,True,0.42113400799996725,,False
ood_palette_000018_q04,ood_palette_000018,images/ood_palette/ood_palette_000018.png,Which object is immediately below the orange circle?,cyan circle,above_below,2,ood_palette,palette,"{'anchor': 'obj_3', 'target': 'obj_2', 'relation': 'below'}","```json
{""answer"": ""square""}
```",cyan circle,square,False,0.6181969670000171,spatial_inversion,True
ood_palette_000019_q01,ood_palette_000019,images/ood_palette/ood_palette_000019.png,Which object is both left of the purple rectangle and above the pink rectangle?,orange circle,multi_hop,4,ood_palette,palette,"{'anchors': ['obj_3', 'obj_2'], 'target': 'obj_4', 'relations': ['left of', 'above']}","```json
{""answer"": ""orange circle""}
```",orange circle,orange circle,True,0.672515575000034,,False
ood_palette_000019_q02,ood_palette_000019,images/ood_palette/ood_palette_000019.png,Which object is nearest from the orange rectangle?,pink rectangle,nearest_farthest,2,ood_palette,palette,"{'anchor': 'obj_1', 'target': 'obj_2', 'relation': 'nearest'}","```json
{""answer"": ""orange rectangle""}
```",pink rectangle,orange rectangle,False,0.6697305420000248,distance_reasoning_error,True
ood_palette_000019_q03,ood_palette_000019,images/ood_palette/ood_palette_000019.png,Which object is between the pink rectangle and the orange circle?,purple rectangle,between,3,ood_palette,palette,"{'objects': ['obj_2', 'obj_4'], 'target': 'obj_3', 'relation': 'between'}","```json
{""answer"": ""square""}
```",purple rectangle,square,False,0.6134131500000422,other,True
ood_palette_000019_q04,ood_palette_000019,images/ood_palette/ood_palette_000019.png,Which object is immediately left of the pink rectangle?,purple rectangle,left_right,2,ood_palette,palette,"{'anchor': 'obj_2', 'target': 'obj_3', 'relation': 'left'}","```json
{""answer"": ""orange square""}
```",purple rectangle,orange square,False,0.6639159869999958,spatial_inversion,True
ood_palette_000020_q01,ood_palette_000020,images/ood_palette/ood_palette_000020.png,Which object is between the pink triangle and the purple circle?,orange triangle,between,3,ood_palette,palette,"{'objects': ['obj_2', 'obj_1'], 'target': 'obj_3', 'relation': 'between'}","```json
{""answer"": ""orange triangle""}
```",orange triangle,orange triangle,True,0.6624501000000009,,False
ood_palette_000020_q02,ood_palette_000020,images/ood_palette/ood_palette_000020.png,Which object is both above the pink triangle and right of the orange triangle?,purple circle,multi_hop,4,ood_palette,palette,"{'anchors': ['obj_2', 'obj_3'], 'target': 'obj_1', 'relations': ['above', 'right of']}","```json
{""answer"": ""purple circle""}
```",purple circle,purple circle,True,0.6654614249999895,,False
ood_palette_000020_q03,ood_palette_000020,images/ood_palette/ood_palette_000020.png,"Which object is closer to the center of the image, the pink triangle or the orange triangle?",orange triangle,center_proximity,2,ood_palette,palette,"{'objects': ['obj_2', 'obj_3'], 'target': 'obj_3', 'relation': 'center_proximity'}","```json
{""answer"": ""pink triangle""}
```",orange triangle,pink triangle,False,0.6661514590000479,distance_reasoning_error,True
ood_palette_000020_q04,ood_palette_000020,images/ood_palette/ood_palette_000020.png,Is the orange triangle completely inside the purple circle? Answer yes or no.,no,inside_outside,2,ood_palette,palette,"{'objects': ['obj_3', 'obj_1'], 'relation': 'inside'}","{""answer"": ""no""}",no,no,True,0.41546982499994556,,False
ood_palette_000021_q01,ood_palette_000021,images/ood_palette/ood_palette_000021.png,Which object is immediately above the orange circle?,pink circle,above_below,2,ood_palette,palette,"{'anchor': 'obj_2', 'target': 'obj_4', 'relation': 'above'}","```json
{""answer"": ""red circle""}
```",pink circle,red circle,False,0.663686812999913,spatial_inversion,True
ood_palette_000021_q02,ood_palette_000021,images/ood_palette/ood_palette_000021.png,"Which object is closer to the center of the image, the pink circle or the orange circle?",orange circle,center_proximity,2,ood_palette,palette,"{'objects': ['obj_4', 'obj_2'], 'target': 'obj_2', 'relation': 'center_proximity'}","```json
{""answer"": ""orange circle""}
```",orange circle,orange circle,True,0.6647539339999184,,False
ood_palette_000021_q03,ood_palette_000021,images/ood_palette/ood_palette_000021.png,Is the orange circle completely inside the purple rectangle? Answer yes or no.,no,inside_outside,2,ood_palette,palette,"{'objects': ['obj_2', 'obj_3'], 'relation': 'inside'}","{""answer"": ""no""}",no,no,True,0.41315769999994245,,False
ood_palette_000021_q04,ood_palette_000021,images/ood_palette/ood_palette_000021.png,Which object is between the purple triangle and the pink circle?,orange circle,between,3,ood_palette,palette,"{'objects': ['obj_1', 'obj_4'], 'target': 'obj_2', 'relation': 'between'}","```json
{""answer"": ""orange circle""}
```",orange circle,orange circle,True,0.6741320940000151,,False
ood_palette_000022_q01,ood_palette_000022,images/ood_palette/ood_palette_000022.png,"Which object is smaller, the cyan triangle or the purple rectangle?",cyan triangle,relative_size,2,ood_palette,palette,"{'objects': ['obj_1', 'obj_2'], 'target': 'obj_1', 'relation': 'smaller'}","```json
{""answer"": ""cyan triangle""}
```",cyan triangle,cyan triangle,True,0.6696512039999334,,False
ood_palette_000022_q02,ood_palette_000022,images/ood_palette/ood_palette_000022.png,Which object is both above the purple triangle and left of the purple rectangle?,cyan triangle,multi_hop,4,ood_palette,palette,"{'anchors': ['obj_3', 'obj_2'], 'target': 'obj_1', 'relations': ['above', 'left of']}","```json
{""answer"": ""green triangle""}
```",cyan triangle,green triangle,False,0.6840991919999624,relation_chain_failure,True
ood_palette_000022_q03,ood_palette_000022,images/ood_palette/ood_palette_000022.png,Which object is the leftmost in the image?,cyan triangle,relative_ordering,2,ood_palette,palette,"{'target': 'obj_1', 'relation': 'leftmost'}","```json
{""answer"": ""triangle""}
```",cyan triangle,triangle,False,0.6182674469999938,spatial_inversion,True
ood_palette_000022_q04,ood_palette_000022,images/ood_palette/ood_palette_000022.png,How many rectangle objects are in the image?,1,counting,1,ood_palette,palette,{'filter': {'shape': 'rectangle'}},"```json
{""answer"": ""1""}
```",1,1,True,0.6153606540000283,,False
ood_palette_000023_q01,ood_palette_000023,images/ood_palette/ood_palette_000023.png,Which object is immediately left of the pink circle?,pink triangle,left_right,2,ood_palette,palette,"{'anchor': 'obj_1', 'target': 'obj_5', 'relation': 'left'}","```json
{""answer"": ""orange square""}
```",pink triangle,orange square,False,0.6637737920000291,spatial_inversion,True
ood_palette_000023_q02,ood_palette_000023,images/ood_palette/ood_palette_000023.png,Which object is both above the pink circle and right of the orange rectangle?,pink triangle,multi_hop,4,ood_palette,palette,"{'anchors': ['obj_1', 'obj_3'], 'target': 'obj_5', 'relations': ['above', 'right of']}","```json
{""answer"": ""triangle""}
```",pink triangle,triangle,False,0.6222410880000098,relation_chain_failure,True
ood_palette_000023_q03,ood_palette_000023,images/ood_palette/ood_palette_000023.png,Do the pink triangle and the orange rectangle overlap? Answer yes or no.,no,overlap,2,ood_palette,palette,"{'objects': ['obj_5', 'obj_3'], 'relation': 'overlap'}","{""answer"": ""no""}",no,no,True,0.41658377900000687,,False
ood_palette_000023_q04,ood_palette_000023,images/ood_palette/ood_palette_000023.png,Which object is immediately below the orange rectangle?,orange circle,above_below,2,ood_palette,palette,"{'anchor': 'obj_3', 'target': 'obj_2', 'relation': 'below'}","```json
{""answer"": ""circle""}
```",orange circle,circle,False,0.6155562120000013,spatial_inversion,True
ood_palette_000024_q01,ood_palette_000024,images/ood_palette/ood_palette_000024.png,Which object is both above the orange triangle and left of the purple circle?,purple rectangle,multi_hop,4,ood_palette,palette,"{'anchors': ['obj_1', 'obj_3'], 'target': 'obj_2', 'relations': ['above', 'left of']}","```json
{""answer"": ""square""}
```",purple rectangle,square,False,0.6179429589999472,relation_chain_failure,True
ood_palette_000024_q02,ood_palette_000024,images/ood_palette/ood_palette_000024.png,Which object is immediately above the orange triangle?,purple rectangle,above_below,2,ood_palette,palette,"{'anchor': 'obj_1', 'target': 'obj_2', 'relation': 'above'}","```json
{""answer"": ""circle""}
```",purple rectangle,circle,False,0.6162381319999213,spatial_inversion,True
ood_palette_000024_q03,ood_palette_000024,images/ood_palette/ood_palette_000024.png,Is the orange triangle completely inside the purple circle? Answer yes or no.,no,inside_outside,2,ood_palette,palette,"{'objects': ['obj_1', 'obj_3'], 'relation': 'inside'}","{""answer"": ""no""}",no,no,True,0.41955932300004406,,False
ood_palette_000024_q04,ood_palette_000024,images/ood_palette/ood_palette_000024.png,Which object is the bottommost in the image?,orange triangle,relative_ordering,2,ood_palette,palette,"{'target': 'obj_1', 'relation': 'bottommost'}","```json
{""answer"": ""triangle""}
```",orange triangle,triangle,False,0.62351787099999,spatial_inversion,True
ood_palette_000025_q01,ood_palette_000025,images/ood_palette/ood_palette_000025.png,Which object is between the pink triangle and the pink circle?,purple circle,between,3,ood_palette,palette,"{'objects': ['obj_5', 'obj_4'], 'target': 'obj_2', 'relation': 'between'}","```json
{""answer"": ""circle""}
```",purple circle,circle,False,0.6168164309999611,object_confusion,True
ood_palette_000025_q02,ood_palette_000025,images/ood_palette/ood_palette_000025.png,Which object is both above the pink triangle and left of the pink circle?,cyan triangle,multi_hop,4,ood_palette,palette,"{'anchors': ['obj_5', 'obj_4'], 'target': 'obj_1', 'relations': ['above', 'left of']}","```json
{""answer"": ""triangle""}
```",cyan triangle,triangle,False,0.6182841590000407,relation_chain_failure,True
ood_palette_000025_q03,ood_palette_000025,images/ood_palette/ood_palette_000025.png,Which object is the bottommost in the image?,pink triangle,relative_ordering,2,ood_palette,palette,"{'target': 'obj_5', 'relation': 'bottommost'}","```json
{""answer"": ""triangle""}
```",pink triangle,triangle,False,0.6147344779999457,spatial_inversion,True
ood_palette_000025_q04,ood_palette_000025,images/ood_palette/ood_palette_000025.png,"Which object is smaller, the purple circle or the cyan rectangle?",cyan rectangle,relative_size,2,ood_palette,palette,"{'objects': ['obj_2', 'obj_3'], 'target': 'obj_3', 'relation': 'smaller'}","```json
{""answer"": ""purple circle""}
```",cyan rectangle,purple circle,False,0.6663892760000181,object_confusion,True
ood_palette_000026_q01,ood_palette_000026,images/ood_palette/ood_palette_000026.png,Do the orange rectangle and the orange triangle overlap? Answer yes or no.,no,overlap,2,ood_palette,palette,"{'objects': ['obj_3', 'obj_2'], 'relation': 'overlap'}","{""answer"": ""no""}",no,no,True,0.41595238000002155,,False
ood_palette_000026_q02,ood_palette_000026,images/ood_palette/ood_palette_000026.png,Which object is both right of the orange rectangle and below the orange circle?,orange triangle,multi_hop,4,ood_palette,palette,"{'anchors': ['obj_3', 'obj_1'], 'target': 'obj_2', 'relations': ['right of', 'below']}","```json
{""answer"": ""triangle""}
```",orange triangle,triangle,False,0.613596244000064,relation_chain_failure,True
ood_palette_000026_q03,ood_palette_000026,images/ood_palette/ood_palette_000026.png,How many objects are above the orange rectangle?,2,counting,2,ood_palette,palette,"{'anchor': 'obj_3', 'relation': 'above'}","```json
{""answer"": ""2""}
```",2,2,True,0.6215993069999968,,False
ood_palette_000026_q04,ood_palette_000026,images/ood_palette/ood_palette_000026.png,"Which object is closer to the center of the image, the orange circle or the orange triangle?",orange triangle,center_proximity,2,ood_palette,palette,"{'objects': ['obj_1', 'obj_2'], 'target': 'obj_2', 'relation': 'center_proximity'}","```json
{""answer"": ""orange circle""}
```",orange triangle,orange circle,False,0.6759440670000458,distance_reasoning_error,True
ood_palette_000027_q01,ood_palette_000027,images/ood_palette/ood_palette_000027.png,Which object is the rightmost in the image?,cyan circle,relative_ordering,2,ood_palette,palette,"{'target': 'obj_4', 'relation': 'rightmost'}","```json
{""answer"": ""circle""}
```",cyan circle,circle,False,0.628344286000015,spatial_inversion,True
ood_palette_000027_q02,ood_palette_000027,images/ood_palette/ood_palette_000027.png,Which object is immediately right of the cyan rectangle?,cyan circle,left_right,2,ood_palette,palette,"{'anchor': 'obj_5', 'target': 'obj_4', 'relation': 'right'}","```json
{""answer"": ""square""}
```",cyan circle,square,False,0.63151592600002,spatial_inversion,True
ood_palette_000027_q03,ood_palette_000027,images/ood_palette/ood_palette_000027.png,Is the purple triangle completely inside the cyan circle? Answer yes or no.,no,inside_outside,2,ood_palette,palette,"{'objects': ['obj_3', 'obj_4'], 'relation': 'inside'}","{""answer"": ""no""}",no,no,True,0.4155055239999683,,False
ood_palette_000027_q04,ood_palette_000027,images/ood_palette/ood_palette_000027.png,Which object is immediately below the purple triangle?,orange rectangle,above_below,2,ood_palette,palette,"{'anchor': 'obj_3', 'target': 'obj_2', 'relation': 'below'}","```json
{""answer"": ""circle""}
```",orange rectangle,circle,False,0.6199485669999376,spatial_inversion,True
ood_palette_000028_q01,ood_palette_000028,images/ood_palette/ood_palette_000028.png,Which object is both left of the orange rectangle and above the cyan circle?,cyan rectangle,multi_hop,4,ood_palette,palette,"{'anchors': ['obj_5', 'obj_4'], 'target': 'obj_1', 'relations': ['left of', 'above']}","```json
{""answer"": ""square""}
```",cyan rectangle,square,False,0.6143454220000422,relation_chain_failure,True
ood_palette_000028_q02,ood_palette_000028,images/ood_palette/ood_palette_000028.png,Which object is farthest from the cyan circle?,cyan triangle,nearest_farthest,2,ood_palette,palette,"{'anchor': 'obj_4', 'target': 'obj_2', 'relation': 'farthest'}","```json
{""answer"": ""square""}
```",cyan triangle,square,False,0.6180837660000407,distance_reasoning_error,True
ood_palette_000028_q03,ood_palette_000028,images/ood_palette/ood_palette_000028.png,Which object is between the cyan triangle and the cyan rectangle?,pink rectangle,between,3,ood_palette,palette,"{'objects': ['obj_2', 'obj_1'], 'target': 'obj_3', 'relation': 'between'}","```json
{""answer"": ""rectangle""}
```",pink rectangle,rectangle,False,0.6199677390000033,object_confusion,True
ood_palette_000028_q04,ood_palette_000028,images/ood_palette/ood_palette_000028.png,Which object is immediately left of the cyan rectangle?,cyan circle,left_right,2,ood_palette,palette,"{'anchor': 'obj_1', 'target': 'obj_4', 'relation': 'left'}","```json
{""answer"": ""triangle""}
```",cyan circle,triangle,False,0.6223635220000006,spatial_inversion,True
ood_palette_000029_q01,ood_palette_000029,images/ood_palette/ood_palette_000029.png,Is the purple circle completely inside the cyan rectangle? Answer yes or no.,no,inside_outside,2,ood_palette,palette,"{'objects': ['obj_2', 'obj_1'], 'relation': 'inside'}","{""answer"": ""no""}",no,no,True,0.41769661399996494,,False
ood_palette_000029_q02,ood_palette_000029,images/ood_palette/ood_palette_000029.png,Which object is both left of the cyan rectangle and right of the purple circle?,purple triangle,multi_hop,4,ood_palette,palette,"{'anchors': ['obj_1', 'obj_2'], 'target': 'obj_3', 'relations': ['left of', 'right of']}","```json
{""answer"": ""triangle""}
```",purple triangle,triangle,False,0.6193051650000143,relation_chain_failure,True
ood_palette_000029_q03,ood_palette_000029,images/ood_palette/ood_palette_000029.png,Which object is the leftmost in the image?,purple circle,relative_ordering,2,ood_palette,palette,"{'target': 'obj_2', 'relation': 'leftmost'}","```json
{""answer"": ""circle""}
```",purple circle,circle,False,0.6160936200000151,spatial_inversion,True
ood_palette_000029_q04,ood_palette_000029,images/ood_palette/ood_palette_000029.png,Do the purple triangle and the purple circle overlap? Answer yes or no.,no,overlap,2,ood_palette,palette,"{'objects': ['obj_3', 'obj_2'], 'relation': 'overlap'}","{""answer"": ""no""}",no,no,True,0.4163422100000389,,False
ood_palette_000030_q01,ood_palette_000030,images/ood_palette/ood_palette_000030.png,"Which object is closer to the center of the image, the orange rectangle or the cyan rectangle?",cyan rectangle,center_proximity,2,ood_palette,palette,"{'objects': ['obj_2', 'obj_3'], 'target': 'obj_3', 'relation': 'center_proximity'}","```json
{""answer"": ""orange rectangle""}
```",cyan rectangle,orange rectangle,False,0.664722050000023,distance_reasoning_error,True
ood_palette_000030_q02,ood_palette_000030,images/ood_palette/ood_palette_000030.png,Is the cyan circle completely inside the orange rectangle? Answer yes or no.,no,inside_outside,2,ood_palette,palette,"{'objects': ['obj_1', 'obj_2'], 'relation': 'inside'}","{""answer"": ""no""}",no,no,True,0.4152400899999975,,False
ood_palette_000030_q03,ood_palette_000030,images/ood_palette/ood_palette_000030.png,How many circle objects are in the image?,1,counting,1,ood_palette,palette,{'filter': {'shape': 'circle'}},"```json
{""answer"": ""1""}
```",1,1,True,0.6164746289999812,,False
ood_palette_000030_q04,ood_palette_000030,images/ood_palette/ood_palette_000030.png,Do the cyan circle and the cyan rectangle overlap? Answer yes or no.,no,overlap,2,ood_palette,palette,"{'objects': ['obj_1', 'obj_3'], 'relation': 'overlap'}","{""answer"": ""no""}",no,no,True,0.4170335430000023,,False
ood_palette_000031_q01,ood_palette_000031,images/ood_palette/ood_palette_000031.png,Which object is immediately left of the orange rectangle?,pink circle,left_right,2,ood_palette,palette,"{'anchor': 'obj_3', 'target': 'obj_2', 'relation': 'left'}","```json
{""answer"": ""square""}
```",pink circle,square,False,0.6198532610000029,spatial_inversion,True
ood_palette_000031_q02,ood_palette_000031,images/ood_palette/ood_palette_000031.png,"Which object is larger, the purple triangle or the orange rectangle?",purple triangle,relative_size,2,ood_palette,palette,"{'objects': ['obj_4', 'obj_3'], 'target': 'obj_4', 'relation': 'larger'}","```json
{""answer"": ""orange rectangle""}
```",purple triangle,orange rectangle,False,0.6679832130000705,object_confusion,True
ood_palette_000031_q03,ood_palette_000031,images/ood_palette/ood_palette_000031.png,Which object is both below the cyan triangle and right of the pink circle?,purple triangle,multi_hop,4,ood_palette,palette,"{'anchors': ['obj_5', 'obj_2'], 'target': 'obj_4', 'relations': ['below', 'right of']}","```json
{""answer"": ""orange square""}
```",purple triangle,orange square,False,0.6665403879999303,relation_chain_failure,True
ood_palette_000031_q04,ood_palette_000031,images/ood_palette/ood_palette_000031.png,Which object is the leftmost in the image?,pink rectangle,relative_ordering,2,ood_palette,palette,"{'target': 'obj_1', 'relation': 'leftmost'}","```json
{""answer"": ""square""}
```",pink rectangle,square,False,0.6253461899999593,spatial_inversion,True
ood_palette_000032_q01,ood_palette_000032,images/ood_palette/ood_palette_000032.png,Which object is both above the purple circle and right of the orange rectangle?,cyan rectangle,multi_hop,4,ood_palette,palette,"{'anchors': ['obj_1', 'obj_3'], 'target': 'obj_2', 'relations': ['above', 'right of']}","```json
{""answer"": ""green""}
```",cyan rectangle,green,False,0.621763054999974,relation_chain_failure,True
ood_palette_000032_q02,ood_palette_000032,images/ood_palette/ood_palette_000032.png,Do the pink rectangle and the orange rectangle overlap? Answer yes or no.,no,overlap,2,ood_palette,palette,"{'objects': ['obj_5', 'obj_3'], 'relation': 'overlap'}","{""answer"": ""no""}",no,no,True,0.42272302599997147,,False
ood_palette_000032_q03,ood_palette_000032,images/ood_palette/ood_palette_000032.png,"Which object is smaller, the orange rectangle or the purple circle?",purple circle,relative_size,2,ood_palette,palette,"{'objects': ['obj_3', 'obj_1'], 'target': 'obj_1', 'relation': 'smaller'}","```json
{""answer"": ""orange rectangle""}
```",purple circle,orange rectangle,False,0.6729866709999897,object_confusion,True
ood_palette_000032_q04,ood_palette_000032,images/ood_palette/ood_palette_000032.png,How many rectangle objects are in the image?,3,counting,1,ood_palette,palette,{'filter': {'shape': 'rectangle'}},"```json
{""answer"": ""2""}
```",3,2,False,0.6212932700000238,counting_error,True
ood_palette_000033_q01,ood_palette_000033,images/ood_palette/ood_palette_000033.png,"Which object is closer to the center of the image, the orange triangle or the pink rectangle?",orange triangle,center_proximity,2,ood_palette,palette,"{'objects': ['obj_3', 'obj_1'], 'target': 'obj_3', 'relation': 'center_proximity'}","```json
{""answer"": ""orange triangle""}
```",orange triangle,orange triangle,True,0.6768392240001049,,False
ood_palette_000033_q02,ood_palette_000033,images/ood_palette/ood_palette_000033.png,Which object is both above the pink rectangle and left of the orange triangle?,cyan triangle,multi_hop,4,ood_palette,palette,"{'anchors': ['obj_1', 'obj_3'], 'target': 'obj_2', 'relations': ['above', 'left of']}","```json
{""answer"": ""triangle""}
```",cyan triangle,triangle,False,0.6205837439999868,relation_chain_failure,True
ood_palette_000033_q03,ood_palette_000033,images/ood_palette/ood_palette_000033.png,Which object is immediately above the pink rectangle?,cyan triangle,above_below,2,ood_palette,palette,"{'anchor': 'obj_1', 'target': 'obj_2', 'relation': 'above'}","```json
{""answer"": ""triangle""}
```",cyan triangle,triangle,False,0.6198956599999974,spatial_inversion,True
ood_palette_000033_q04,ood_palette_000033,images/ood_palette/ood_palette_000033.png,Which object is immediately right of the pink rectangle?,orange triangle,left_right,2,ood_palette,palette,"{'anchor': 'obj_1', 'target': 'obj_3', 'relation': 'right'}","```json
{""answer"": ""triangle""}
```",orange triangle,triangle,False,0.6208508739999843,spatial_inversion,True
ood_palette_000034_q01,ood_palette_000034,images/ood_palette/ood_palette_000034.png,Which object is between the purple circle and the pink triangle?,cyan triangle,between,3,ood_palette,palette,"{'objects': ['obj_5', 'obj_4'], 'target': 'obj_2', 'relation': 'between'}","```json
{""answer"": ""triangle""}
```",cyan triangle,triangle,False,0.6188945949999152,object_confusion,True
ood_palette_000034_q02,ood_palette_000034,images/ood_palette/ood_palette_000034.png,Which object is both below the cyan circle and right of the orange triangle?,cyan triangle,multi_hop,4,ood_palette,palette,"{'anchors': ['obj_1', 'obj_3'], 'target': 'obj_2', 'relations': ['below', 'right of']}","```json
{""answer"": ""triangle""}
```",cyan triangle,triangle,False,0.6141608919999726,relation_chain_failure,True
ood_palette_000034_q03,ood_palette_000034,images/ood_palette/ood_palette_000034.png,Which object is immediately right of the orange triangle?,cyan triangle,left_right,2,ood_palette,palette,"{'anchor': 'obj_3', 'target': 'obj_2', 'relation': 'right'}","```json
{""answer"": ""triangle""}
```",cyan triangle,triangle,False,0.6134749970000257,spatial_inversion,True
ood_palette_000034_q04,ood_palette_000034,images/ood_palette/ood_palette_000034.png,Which object is the rightmost in the image?,cyan circle,relative_ordering,2,ood_palette,palette,"{'target': 'obj_1', 'relation': 'rightmost'}","```json
{""answer"": ""circle""}
```",cyan circle,circle,False,0.6110850359999631,spatial_inversion,True
ood_palette_000035_q01,ood_palette_000035,images/ood_palette/ood_palette_000035.png,Do the orange circle and the cyan triangle overlap? Answer yes or no.,no,overlap,2,ood_palette,palette,"{'objects': ['obj_3', 'obj_2'], 'relation': 'overlap'}","{""answer"": ""no""}",no,no,True,0.4090284559999873,,False
ood_palette_000035_q02,ood_palette_000035,images/ood_palette/ood_palette_000035.png,Which object is both below the cyan rectangle and above the cyan triangle?,orange circle,multi_hop,4,ood_palette,palette,"{'anchors': ['obj_1', 'obj_2'], 'target': 'obj_3', 'relations': ['below', 'above']}","```json
{""answer"": ""orange circle""}
```",orange circle,orange circle,True,0.6541895070000692,,False
ood_palette_000035_q03,ood_palette_000035,images/ood_palette/ood_palette_000035.png,How many rectangle objects are in the image?,1,counting,1,ood_palette,palette,{'filter': {'shape': 'rectangle'}},"```json
{""answer"": ""1""}
```",1,1,True,0.6149016009999286,,False
ood_palette_000035_q04,ood_palette_000035,images/ood_palette/ood_palette_000035.png,"Which object is closer to the center of the image, the orange circle or the cyan triangle?",cyan triangle,center_proximity,2,ood_palette,palette,"{'objects': ['obj_3', 'obj_2'], 'target': 'obj_2', 'relation': 'center_proximity'}","```json
{""answer"": ""cyan triangle""}
```",cyan triangle,cyan triangle,True,0.6639990810000427,,False
ood_palette_000036_q01,ood_palette_000036,images/ood_palette/ood_palette_000036.png,Which object is the rightmost in the image?,cyan circle,relative_ordering,2,ood_palette,palette,"{'target': 'obj_1', 'relation': 'rightmost'}","```json
{""answer"": ""square""}
```",cyan circle,square,False,0.6168879189999643,spatial_inversion,True
ood_palette_000036_q02,ood_palette_000036,images/ood_palette/ood_palette_000036.png,Which object is immediately right of the purple rectangle?,cyan circle,left_right,2,ood_palette,palette,"{'anchor': 'obj_3', 'target': 'obj_1', 'relation': 'right'}","```json
{""answer"": ""triangle""}
```",cyan circle,triangle,False,0.6200419829999646,spatial_inversion,True
ood_palette_000036_q03,ood_palette_000036,images/ood_palette/ood_palette_000036.png,Is the orange triangle completely inside the pink circle? Answer yes or no.,no,inside_outside,2,ood_palette,palette,"{'objects': ['obj_4', 'obj_2'], 'relation': 'inside'}","{""answer"": ""no""}",no,no,True,0.4304819989999942,,False
ood_palette_000036_q04,ood_palette_000036,images/ood_palette/ood_palette_000036.png,Which object is immediately below the purple rectangle?,pink circle,above_below,2,ood_palette,palette,"{'anchor': 'obj_3', 'target': 'obj_2', 'relation': 'below'}","```json
{""answer"": ""circle""}
```",pink circle,circle,False,0.6292571349999889,spatial_inversion,True
ood_palette_000037_q01,ood_palette_000037,images/ood_palette/ood_palette_000037.png,Which object is farthest from the cyan triangle?,purple triangle,nearest_farthest,2,ood_palette,palette,"{'anchor': 'obj_1', 'target': 'obj_4', 'relation': 'farthest'}","```json
{""answer"": ""orange triangle""}
```",purple triangle,orange triangle,False,0.692408726000167,distance_reasoning_error,True
ood_palette_000037_q02,ood_palette_000037,images/ood_palette/ood_palette_000037.png,Which object is between the cyan rectangle and the orange triangle?,cyan triangle,between,3,ood_palette,palette,"{'objects': ['obj_2', 'obj_5'], 'target': 'obj_1', 'relation': 'between'}","```json
{""answer"": ""triangle""}
```",cyan triangle,triangle,False,0.646019669999987,object_confusion,True
ood_palette_000037_q03,ood_palette_000037,images/ood_palette/ood_palette_000037.png,Which object is immediately above the cyan triangle?,purple triangle,above_below,2,ood_palette,palette,"{'anchor': 'obj_1', 'target': 'obj_4', 'relation': 'above'}","```json
{""answer"": ""orange triangle""}
```",purple triangle,orange triangle,False,0.6754066020000664,spatial_inversion,True
ood_palette_000037_q04,ood_palette_000037,images/ood_palette/ood_palette_000037.png,"Which object is smaller, the orange triangle or the pink rectangle?",pink rectangle,relative_size,2,ood_palette,palette,"{'objects': ['obj_5', 'obj_3'], 'target': 'obj_3', 'relation': 'smaller'}","```json
{""answer"": ""orange triangle""}
```",pink rectangle,orange triangle,False,0.6798084849999668,object_confusion,True
ood_palette_000038_q01,ood_palette_000038,images/ood_palette/ood_palette_000038.png,Is the cyan triangle completely inside the pink triangle? Answer yes or no.,no,inside_outside,2,ood_palette,palette,"{'objects': ['obj_3', 'obj_1'], 'relation': 'inside'}","{""answer"": ""no""}",no,no,True,0.41749563299981673,,False
ood_palette_000038_q02,ood_palette_000038,images/ood_palette/ood_palette_000038.png,Which object is both above the cyan triangle and left of the pink triangle?,orange circle,multi_hop,4,ood_palette,palette,"{'anchors': ['obj_3', 'obj_1'], 'target': 'obj_2', 'relations': ['above', 'left of']}","```json
{""answer"": ""orange circle""}
```",orange circle,orange circle,True,0.6727216240001326,,False
ood_palette_000038_q03,ood_palette_000038,images/ood_palette/ood_palette_000038.png,Which object is the topmost in the image?,purple triangle,relative_ordering,2,ood_palette,palette,"{'target': 'obj_4', 'relation': 'topmost'}","```json
{""answer"": ""triangle""}
```",purple triangle,triangle,False,0.6147149260000333,spatial_inversion,True
ood_palette_000038_q04,ood_palette_000038,images/ood_palette/ood_palette_000038.png,Do the orange circle and the cyan triangle overlap? Answer yes or no.,no,overlap,2,ood_palette,palette,"{'objects': ['obj_2', 'obj_3'], 'relation': 'overlap'}","{""answer"": ""no""}",no,no,True,0.4210858870001175,,False
ood_palette_000039_q01,ood_palette_000039,images/ood_palette/ood_palette_000039.png,Do the purple triangle and the cyan circle overlap? Answer yes or no.,no,overlap,2,ood_palette,palette,"{'objects': ['obj_2', 'obj_3'], 'relation': 'overlap'}","{""answer"": ""no""}",no,no,True,0.41843176399993354,,False
ood_palette_000039_q02,ood_palette_000039,images/ood_palette/ood_palette_000039.png,"Which object is closer to the center of the image, the purple triangle or the cyan circle?",cyan circle,center_proximity,2,ood_palette,palette,"{'objects': ['obj_2', 'obj_3'], 'target': 'obj_3', 'relation': 'center_proximity'}","```json
{""answer"": ""cyan circle""}
```",cyan circle,cyan circle,True,0.6733429500000057,,False
ood_palette_000039_q03,ood_palette_000039,images/ood_palette/ood_palette_000039.png,Which object is both below the cyan circle and right of the cyan rectangle?,purple triangle,multi_hop,4,ood_palette,palette,"{'anchors': ['obj_3', 'obj_1'], 'target': 'obj_2', 'relations': ['below', 'right of']}","```json
{""answer"": ""triangle""}
```",purple triangle,triangle,False,0.6196222430000944,relation_chain_failure,True
ood_palette_000039_q04,ood_palette_000039,images/ood_palette/ood_palette_000039.png,"Which object is smaller, the purple triangle or the cyan rectangle?",cyan rectangle,relative_size,2,ood_palette,palette,"{'objects': ['obj_2', 'obj_1'], 'target': 'obj_1', 'relation': 'smaller'}","```json
{""answer"": ""purple triangle""}
```",cyan rectangle,purple triangle,False,0.6732163629999377,object_confusion,True
ood_palette_000040_q01,ood_palette_000040,images/ood_palette/ood_palette_000040.png,"Which object is smaller, the purple rectangle or the cyan rectangle?",purple rectangle,relative_size,2,ood_palette,palette,"{'objects': ['obj_1', 'obj_2'], 'target': 'obj_1', 'relation': 'smaller'}","```json
{""answer"": ""purple rectangle""}
```",purple rectangle,purple rectangle,True,0.6665890579999996,,False
ood_palette_000040_q02,ood_palette_000040,images/ood_palette/ood_palette_000040.png,Which object is both right of the cyan rectangle and above the purple rectangle?,orange circle,multi_hop,4,ood_palette,palette,"{'anchors': ['obj_2', 'obj_1'], 'target': 'obj_3', 'relations': ['right of', 'above']}","```json
{""answer"": ""orange circle""}
```",orange circle,orange circle,True,0.6679537590000564,,False
ood_palette_000040_q03,ood_palette_000040,images/ood_palette/ood_palette_000040.png,Which object is the bottommost in the image?,purple rectangle,relative_ordering,2,ood_palette,palette,"{'target': 'obj_1', 'relation': 'bottommost'}","```json
{""answer"": ""purple square""}
```",purple rectangle,purple square,False,0.6645583120000538,spatial_inversion,True
ood_palette_000040_q04,ood_palette_000040,images/ood_palette/ood_palette_000040.png,How many objects are above the orange circle?,0,counting,2,ood_palette,palette,"{'anchor': 'obj_3', 'relation': 'above'}","```json
{""answer"": ""2""}
```",0,2,False,0.6167270959999769,counting_error,True
ood_palette_000041_q01,ood_palette_000041,images/ood_palette/ood_palette_000041.png,Which object is both above the pink triangle and right of the purple rectangle?,orange triangle,multi_hop,4,ood_palette,palette,"{'anchors': ['obj_1', 'obj_2'], 'target': 'obj_4', 'relations': ['above', 'right of']}","```json
{""answer"": ""orange triangle""}
```",orange triangle,orange triangle,True,0.6689257689999977,,False
ood_palette_000041_q02,ood_palette_000041,images/ood_palette/ood_palette_000041.png,Do the pink rectangle and the purple rectangle overlap? Answer yes or no.,no,overlap,2,ood_palette,palette,"{'objects': ['obj_3', 'obj_2'], 'relation': 'overlap'}","{""answer"": ""no""}",no,no,True,0.428079931999946,,False
ood_palette_000041_q03,ood_palette_000041,images/ood_palette/ood_palette_000041.png,Which object is immediately below the orange triangle?,pink triangle,above_below,2,ood_palette,palette,"{'anchor': 'obj_4', 'target': 'obj_1', 'relation': 'below'}","```json
{""answer"": ""square""}
```",pink triangle,square,False,0.6299751890001062,spatial_inversion,True
ood_palette_000041_q04,ood_palette_000041,images/ood_palette/ood_palette_000041.png,"Which object is larger, the pink triangle or the purple rectangle?",purple rectangle,relative_size,2,ood_palette,palette,"{'objects': ['obj_1', 'obj_2'], 'target': 'obj_2', 'relation': 'larger'}","```json
{""answer"": ""purple rectangle""}
```",purple rectangle,purple rectangle,True,0.6879478230000586,,False
ood_palette_000042_q01,ood_palette_000042,images/ood_palette/ood_palette_000042.png,"Which object is closer to the center of the image, the orange rectangle or the purple triangle?",orange rectangle,center_proximity,2,ood_palette,palette,"{'objects': ['obj_3', 'obj_1'], 'target': 'obj_3', 'relation': 'center_proximity'}","{""answer"": ""orange rectangle""}",orange rectangle,orange rectangle,True,0.4824518350001199,,False
ood_palette_000042_q02,ood_palette_000042,images/ood_palette/ood_palette_000042.png,Which object is both above the orange rectangle and below the purple triangle?,pink rectangle,multi_hop,4,ood_palette,palette,"{'anchors': ['obj_3', 'obj_1'], 'target': 'obj_2', 'relations': ['above', 'below']}","```json
{""answer"": ""square""}
```",pink rectangle,square,False,0.619400960999883,relation_chain_failure,True
ood_palette_000042_q03,ood_palette_000042,images/ood_palette/ood_palette_000042.png,Which object is immediately right of the orange rectangle?,purple triangle,left_right,2,ood_palette,palette,"{'anchor': 'obj_3', 'target': 'obj_1', 'relation': 'right'}","```json
{""answer"": ""red rectangle""}
```",purple triangle,red rectangle,False,0.674790276000067,spatial_inversion,True
ood_palette_000042_q04,ood_palette_000042,images/ood_palette/ood_palette_000042.png,Is the purple triangle completely inside the orange rectangle? Answer yes or no.,no,inside_outside,2,ood_palette,palette,"{'objects': ['obj_1', 'obj_3'], 'relation': 'inside'}","{""answer"": ""no""}",no,no,True,0.4183405279998169,,False
ood_palette_000043_q01,ood_palette_000043,images/ood_palette/ood_palette_000043.png,Which object is between the pink rectangle and the purple circle?,cyan triangle,between,3,ood_palette,palette,"{'objects': ['obj_1', 'obj_3'], 'target': 'obj_5', 'relation': 'between'}","```json
{""answer"": ""triangle""}
```",cyan triangle,triangle,False,0.6180356370000482,object_confusion,True
ood_palette_000043_q02,ood_palette_000043,images/ood_palette/ood_palette_000043.png,Which object is both left of the pink circle and below the cyan triangle?,pink rectangle,multi_hop,4,ood_palette,palette,"{'anchors': ['obj_2', 'obj_5'], 'target': 'obj_1', 'relations': ['left of', 'below']}","```json
{""answer"": ""square""}
```",pink rectangle,square,False,0.6196104179998656,relation_chain_failure,True
ood_palette_000043_q03,ood_palette_000043,images/ood_palette/ood_palette_000043.png,Which object is immediately left of the purple circle?,cyan triangle,left_right,2,ood_palette,palette,"{'anchor': 'obj_3', 'target': 'obj_5', 'relation': 'left'}","```json
{""answer"": ""square""}
```",cyan triangle,square,False,0.6162967630000367,spatial_inversion,True
ood_palette_000043_q04,ood_palette_000043,images/ood_palette/ood_palette_000043.png,Which object is the bottommost in the image?,pink circle,relative_ordering,2,ood_palette,palette,"{'target': 'obj_2', 'relation': 'bottommost'}","```json
{""answer"": ""circle""}
```",pink circle,circle,False,0.6197978269999567,spatial_inversion,True
ood_palette_000044_q01,ood_palette_000044,images/ood_palette/ood_palette_000044.png,Do the pink triangle and the pink rectangle overlap? Answer yes or no.,no,overlap,2,ood_palette,palette,"{'objects': ['obj_5', 'obj_3'], 'relation': 'overlap'}","{""answer"": ""no""}",no,no,True,0.41736096099998576,,False
ood_palette_000044_q02,ood_palette_000044,images/ood_palette/ood_palette_000044.png,Which object is both left of the pink rectangle and above the cyan circle?,purple triangle,multi_hop,4,ood_palette,palette,"{'anchors': ['obj_3', 'obj_2'], 'target': 'obj_4', 'relations': ['left of', 'above']}","```json
{""answer"": ""purple rectangle""}
```",purple triangle,purple rectangle,False,0.6671469030000026,relation_chain_failure,True
ood_palette_000044_q03,ood_palette_000044,images/ood_palette/ood_palette_000044.png,How many purple objects are in the image?,2,counting,1,ood_palette,palette,{'filter': {'color': 'purple'}},"```json
{""answer"": ""2""}
```",2,2,True,0.6162492519999887,,False
ood_palette_000044_q04,ood_palette_000044,images/ood_palette/ood_palette_000044.png,"Which object is closer to the center of the image, the pink rectangle or the purple triangle?",pink rectangle,center_proximity,2,ood_palette,palette,"{'objects': ['obj_3', 'obj_4'], 'target': 'obj_3', 'relation': 'center_proximity'}","```json
{""answer"": ""pink rectangle""}
```",pink rectangle,pink rectangle,True,0.6672547580001265,,False
ood_palette_000045_q01,ood_palette_000045,images/ood_palette/ood_palette_000045.png,Which object is the rightmost in the image?,purple triangle,relative_ordering,2,ood_palette,palette,"{'target': 'obj_4', 'relation': 'rightmost'}","```json
{""answer"": ""triangle""}
```",purple triangle,triangle,False,0.6155551829999695,spatial_inversion,True
ood_palette_000045_q02,ood_palette_000045,images/ood_palette/ood_palette_000045.png,Which object is immediately right of the cyan rectangle?,purple triangle,left_right,2,ood_palette,palette,"{'anchor': 'obj_3', 'target': 'obj_4', 'relation': 'right'}","```json
{""answer"": ""triangle""}
```",purple triangle,triangle,False,0.6181812370000443,spatial_inversion,True
ood_palette_000045_q03,ood_palette_000045,images/ood_palette/ood_palette_000045.png,Is the purple triangle completely inside the purple rectangle? Answer yes or no.,no,inside_outside,2,ood_palette,palette,"{'objects': ['obj_4', 'obj_2'], 'relation': 'inside'}","{""answer"": ""no""}",no,no,True,0.41703976700000567,,False
ood_palette_000045_q04,ood_palette_000045,images/ood_palette/ood_palette_000045.png,"Which object is closer to the center of the image, the cyan rectangle or the pink triangle?",pink triangle,center_proximity,2,ood_palette,palette,"{'objects': ['obj_3', 'obj_1'], 'target': 'obj_1', 'relation': 'center_proximity'}","```json
{""answer"": ""cyan rectangle""}
```",pink triangle,cyan rectangle,False,0.6675122369999826,distance_reasoning_error,True
ood_palette_000046_q01,ood_palette_000046,images/ood_palette/ood_palette_000046.png,Which object is both left of the cyan circle and below the orange triangle?,orange rectangle,multi_hop,4,ood_palette,palette,"{'anchors': ['obj_4', 'obj_2'], 'target': 'obj_3', 'relations': ['left of', 'below']}","```json
{""answer"": ""orange square""}
```",orange rectangle,orange square,False,0.6642438379999476,relation_chain_failure,True
ood_palette_000046_q02,ood_palette_000046,images/ood_palette/ood_palette_000046.png,Which object is nearest from the orange triangle?,cyan circle,nearest_farthest,2,ood_palette,palette,"{'anchor': 'obj_2', 'target': 'obj_4', 'relation': 'nearest'}","```json
{""answer"": ""orange triangle""}
```",cyan circle,orange triangle,False,0.6831300399999236,distance_reasoning_error,True
ood_palette_000046_q03,ood_palette_000046,images/ood_palette/ood_palette_000046.png,Which object is immediately left of the orange triangle?,pink rectangle,left_right,2,ood_palette,palette,"{'anchor': 'obj_2', 'target': 'obj_1', 'relation': 'left'}","```json
{""answer"": ""square""}
```",pink rectangle,square,False,0.6320382129999871,spatial_inversion,True
ood_palette_000046_q04,ood_palette_000046,images/ood_palette/ood_palette_000046.png,"Which object is larger, the orange rectangle or the cyan circle?",orange rectangle,relative_size,2,ood_palette,palette,"{'objects': ['obj_3', 'obj_4'], 'target': 'obj_3', 'relation': 'larger'}","```json
{""answer"": ""orange rectangle""}
```",orange rectangle,orange rectangle,True,0.6800828850000471,,False
ood_palette_000047_q01,ood_palette_000047,images/ood_palette/ood_palette_000047.png,Is the orange rectangle completely inside the purple circle? Answer yes or no.,no,inside_outside,2,ood_palette,palette,"{'objects': ['obj_2', 'obj_1'], 'relation': 'inside'}","{""answer"": ""no""}",no,no,True,0.4173949519999951,,False
ood_palette_000047_q02,ood_palette_000047,images/ood_palette/ood_palette_000047.png,Which object is both left of the purple circle and above the orange rectangle?,purple triangle,multi_hop,4,ood_palette,palette,"{'anchors': ['obj_1', 'obj_2'], 'target': 'obj_3', 'relations': ['left of', 'above']}","```json
{""answer"": ""triangle""}
```",purple triangle,triangle,False,0.6162162690000059,relation_chain_failure,True
ood_palette_000047_q03,ood_palette_000047,images/ood_palette/ood_palette_000047.png,Which object is the rightmost in the image?,purple circle,relative_ordering,2,ood_palette,palette,"{'target': 'obj_1', 'relation': 'rightmost'}","```json
{""answer"": ""square""}
```",purple circle,square,False,0.6151951550000376,spatial_inversion,True
ood_palette_000047_q04,ood_palette_000047,images/ood_palette/ood_palette_000047.png,Do the purple triangle and the orange rectangle overlap? Answer yes or no.,no,overlap,2,ood_palette,palette,"{'objects': ['obj_3', 'obj_2'], 'relation': 'overlap'}","{""answer"": ""no""}",no,no,True,0.4168785689998913,,False
ood_palette_000048_q01,ood_palette_000048,images/ood_palette/ood_palette_000048.png,Do the pink triangle and the orange circle overlap? Answer yes or no.,no,overlap,2,ood_palette,palette,"{'objects': ['obj_3', 'obj_2'], 'relation': 'overlap'}","{""answer"": ""no""}",no,no,True,0.41730714599998464,,False
ood_palette_000048_q02,ood_palette_000048,images/ood_palette/ood_palette_000048.png,Which object is both right of the purple triangle and left of the pink triangle?,pink circle,multi_hop,4,ood_palette,palette,"{'anchors': ['obj_4', 'obj_3'], 'target': 'obj_1', 'relations': ['right of', 'left of']}","```json
{""answer"": ""orange circle""}
```",pink circle,orange circle,False,0.6681740510000509,relation_chain_failure,True
ood_palette_000048_q03,ood_palette_000048,images/ood_palette/ood_palette_000048.png,"Which object is larger, the pink circle or the pink triangle?",pink circle,relative_size,2,ood_palette,palette,"{'objects': ['obj_1', 'obj_3'], 'target': 'obj_1', 'relation': 'larger'}","```json
{""answer"": ""pink circle""}
```",pink circle,pink circle,True,0.6668135119998624,,False
ood_palette_000048_q04,ood_palette_000048,images/ood_palette/ood_palette_000048.png,Is the pink circle completely inside the purple triangle? Answer yes or no.,no,inside_outside,2,ood_palette,palette,"{'objects': ['obj_1', 'obj_4'], 'relation': 'inside'}","{""answer"": ""no""}",no,no,True,0.41642585199997484,,False
ood_palette_000049_q01,ood_palette_000049,images/ood_palette/ood_palette_000049.png,Which object is farthest from the pink triangle?,orange triangle,nearest_farthest,2,ood_palette,palette,"{'anchor': 'obj_2', 'target': 'obj_3', 'relation': 'farthest'}","```json
{""answer"": ""square""}
```",orange triangle,square,False,0.6151149889999488,distance_reasoning_error,True
ood_palette_000049_q02,ood_palette_000049,images/ood_palette/ood_palette_000049.png,"Which object is closer to the center of the image, the orange triangle or the pink triangle?",pink triangle,center_proximity,2,ood_palette,palette,"{'objects': ['obj_3', 'obj_2'], 'target': 'obj_2', 'relation': 'center_proximity'}","```json
{""answer"": ""orange triangle""}
```",pink triangle,orange triangle,False,0.6677644620001502,distance_reasoning_error,True
ood_palette_000049_q03,ood_palette_000049,images/ood_palette/ood_palette_000049.png,Which object is immediately below the pink rectangle?,pink triangle,above_below,2,ood_palette,palette,"{'anchor': 'obj_1', 'target': 'obj_2', 'relation': 'below'}","```json
{""answer"": ""triangle""}
```",pink triangle,triangle,False,0.6223223299998608,spatial_inversion,True
ood_palette_000049_q04,ood_palette_000049,images/ood_palette/ood_palette_000049.png,Which object is the leftmost in the image?,orange triangle,relative_ordering,2,ood_palette,palette,"{'target': 'obj_3', 'relation': 'leftmost'}","```json
{""answer"": ""triangle""}
```",orange triangle,triangle,False,0.618431886000053,spatial_inversion,True
ood_count_000000_q01,ood_count_000000,images/ood_count/ood_count_000000.png,Which object is the bottommost in the image?,green triangle,relative_ordering,2,ood_count,count,"{'target': 'obj_8', 'relation': 'bottommost'}","```json
{""answer"": ""green triangle""}
```",green triangle,green triangle,True,0.670394860999977,,False
ood_count_000000_q02,ood_count_000000,images/ood_count/ood_count_000000.png,How many circle objects are in the image?,1,counting,1,ood_count,count,{'filter': {'shape': 'circle'}},"```json
{""answer"": ""1""}
```",1,1,True,0.6167070710000644,,False
ood_count_000000_q03,ood_count_000000,images/ood_count/ood_count_000000.png,Is the red rectangle completely inside the yellow triangle? Answer yes or no.,no,inside_outside,2,ood_count,count,"{'objects': ['obj_7', 'obj_5'], 'relation': 'inside'}","{""answer"": ""no""}",no,no,True,0.4164492079999036,,False
ood_count_000000_q04,ood_count_000000,images/ood_count/ood_count_000000.png,Which object is immediately below the green rectangle?,green triangle,above_below,2,ood_count,count,"{'anchor': 'obj_4', 'target': 'obj_8', 'relation': 'below'}","```json
{""answer"": ""green triangle""}
```",green triangle,green triangle,True,0.665160245999914,,False
ood_count_000001_q01,ood_count_000001,images/ood_count/ood_count_000001.png,Is the green rectangle completely inside the red triangle? Answer yes or no.,no,inside_outside,2,ood_count,count,"{'objects': ['obj_2', 'obj_7'], 'relation': 'inside'}","{""answer"": ""no""}",no,no,True,0.4184084080000048,,False
ood_count_000001_q02,ood_count_000001,images/ood_count/ood_count_000001.png,"Which object is closer to the center of the image, the red circle or the blue rectangle?",red circle,center_proximity,2,ood_count,count,"{'objects': ['obj_4', 'obj_1'], 'target': 'obj_4', 'relation': 'center_proximity'}","```json
{""answer"": ""red circle""}
```",red circle,red circle,True,0.6838423980000243,,False
ood_count_000001_q03,ood_count_000001,images/ood_count/ood_count_000001.png,Which object is both below the blue triangle and right of the yellow rectangle?,green rectangle,multi_hop,4,ood_count,count,"{'anchors': ['obj_3', 'obj_6'], 'target': 'obj_2', 'relations': ['below', 'right of']}","```json
{""answer"": ""green square""}
```",green rectangle,green square,False,0.6732423859998562,relation_chain_failure,True
ood_count_000001_q04,ood_count_000001,images/ood_count/ood_count_000001.png,Which object is the rightmost in the image?,blue triangle,relative_ordering,2,ood_count,count,"{'target': 'obj_3', 'relation': 'rightmost'}","```json
{""answer"": ""triangle""}
```",blue triangle,triangle,False,0.6280877589999818,spatial_inversion,True
ood_count_000002_q01,ood_count_000002,images/ood_count/ood_count_000002.png,Which object is immediately above the red circle?,green rectangle,above_below,2,ood_count,count,"{'anchor': 'obj_7', 'target': 'obj_4', 'relation': 'above'}","```json
{""answer"": ""square""}
```",green rectangle,square,False,0.6187807010001052,spatial_inversion,True
ood_count_000002_q02,ood_count_000002,images/ood_count/ood_count_000002.png,"Which object is larger, the red circle or the green triangle?",red circle,relative_size,2,ood_count,count,"{'objects': ['obj_7', 'obj_6'], 'target': 'obj_7', 'relation': 'larger'}","```json
{""answer"": ""red circle""}
```",red circle,red circle,True,0.6670947269999488,,False
ood_count_000002_q03,ood_count_000002,images/ood_count/ood_count_000002.png,How many red objects are in the image?,1,counting,1,ood_count,count,{'filter': {'color': 'red'}},"```json
{""answer"": ""1""}
```",1,1,True,0.6155603700001393,,False
ood_count_000002_q04,ood_count_000002,images/ood_count/ood_count_000002.png,Which object is between the yellow circle and the red circle?,yellow rectangle,between,3,ood_count,count,"{'objects': ['obj_2', 'obj_7'], 'target': 'obj_1', 'relation': 'between'}","```json
{""answer"": ""green triangle""}
```",yellow rectangle,green triangle,False,0.6671816030000173,object_confusion,True
ood_count_000003_q01,ood_count_000003,images/ood_count/ood_count_000003.png,Do the yellow triangle and the green circle overlap? Answer yes or no.,no,overlap,2,ood_count,count,"{'objects': ['obj_5', 'obj_6'], 'relation': 'overlap'}","{""answer"": ""no""}",no,no,True,0.4163725000000795,,False
ood_count_000003_q02,ood_count_000003,images/ood_count/ood_count_000003.png,Which object is the leftmost in the image?,yellow circle,relative_ordering,2,ood_count,count,"{'target': 'obj_3', 'relation': 'leftmost'}","```json
{""answer"": ""red circle""}
```",yellow circle,red circle,False,0.6662971380001181,spatial_inversion,True
ood_count_000003_q03,ood_count_000003,images/ood_count/ood_count_000003.png,Which object is between the yellow circle and the red rectangle?,yellow rectangle,between,3,ood_count,count,"{'objects': ['obj_3', 'obj_8'], 'target': 'obj_1', 'relation': 'between'}","```json
{""answer"": ""green rectangle""}
```",yellow rectangle,green rectangle,False,0.6660600889999841,object_confusion,True
ood_count_000003_q04,ood_count_000003,images/ood_count/ood_count_000003.png,"Which object is larger, the red circle or the blue triangle?",red circle,relative_size,2,ood_count,count,"{'objects': ['obj_7', 'obj_9'], 'target': 'obj_7', 'relation': 'larger'}","```json
{""answer"": ""red circle""}
```",red circle,red circle,True,0.668061883000064,,False
ood_count_000004_q01,ood_count_000004,images/ood_count/ood_count_000004.png,Which object is the rightmost in the image?,blue circle,relative_ordering,2,ood_count,count,"{'target': 'obj_4', 'relation': 'rightmost'}","```json
{""answer"": ""blue circle""}
```",blue circle,blue circle,True,0.6664480910001203,,False
ood_count_000004_q02,ood_count_000004,images/ood_count/ood_count_000004.png,"Which object is smaller, the yellow rectangle or the blue triangle?",yellow rectangle,relative_size,2,ood_count,count,"{'objects': ['obj_6', 'obj_3'], 'target': 'obj_6', 'relation': 'smaller'}","```json
{""answer"": ""blue triangle""}
```",yellow rectangle,blue triangle,False,0.6700830180000139,object_confusion,True
ood_count_000004_q03,ood_count_000004,images/ood_count/ood_count_000004.png,Which object is both right of the green triangle and above the red circle?,yellow rectangle,multi_hop,4,ood_count,count,"{'anchors': ['obj_2', 'obj_7'], 'target': 'obj_6', 'relations': ['right of', 'above']}","```json
{""answer"": ""yellow square""}
```",yellow rectangle,yellow square,False,0.6651638509999884,relation_chain_failure,True
ood_count_000004_q04,ood_count_000004,images/ood_count/ood_count_000004.png,Which object is immediately below the red circle?,blue triangle,above_below,2,ood_count,count,"{'anchor': 'obj_7', 'target': 'obj_3', 'relation': 'below'}","```json
{""answer"": ""blue circle""}
```",blue triangle,blue circle,False,0.6661768799999663,spatial_inversion,True
ood_count_000005_q01,ood_count_000005,images/ood_count/ood_count_000005.png,Which object is both left of the red circle and right of the green rectangle?,blue rectangle,multi_hop,4,ood_count,count,"{'anchors': ['obj_3', 'obj_2'], 'target': 'obj_5', 'relations': ['left of', 'right of']}","```json
{""answer"": ""triangle""}
```",blue rectangle,triangle,False,0.6176824470001065,relation_chain_failure,True
ood_count_000005_q02,ood_count_000005,images/ood_count/ood_count_000005.png,How many yellow objects are in the image?,1,counting,1,ood_count,count,{'filter': {'color': 'yellow'}},"```json
{""answer"": ""1""}
```",1,1,True,0.619362110999873,,False
ood_count_000005_q03,ood_count_000005,images/ood_count/ood_count_000005.png,Which object is the bottommost in the image?,green rectangle,relative_ordering,2,ood_count,count,"{'target': 'obj_2', 'relation': 'bottommost'}","```json
{""answer"": ""triangle""}
```",green rectangle,triangle,False,0.6170340600001509,spatial_inversion,True
ood_count_000005_q04,ood_count_000005,images/ood_count/ood_count_000005.png,Which object is nearest from the yellow triangle?,green rectangle,nearest_farthest,2,ood_count,count,"{'anchor': 'obj_6', 'target': 'obj_2', 'relation': 'nearest'}","```json
{""answer"": ""yellow triangle""}
```",green rectangle,yellow triangle,False,0.6774798080000437,distance_reasoning_error,True
ood_count_000006_q01,ood_count_000006,images/ood_count/ood_count_000006.png,Is the blue triangle completely inside the red rectangle? Answer yes or no.,no,inside_outside,2,ood_count,count,"{'objects': ['obj_6', 'obj_7'], 'relation': 'inside'}","{""answer"": ""no""}",no,no,True,0.42094314700011637,,False
ood_count_000006_q02,ood_count_000006,images/ood_count/ood_count_000006.png,Which object is the topmost in the image?,red triangle,relative_ordering,2,ood_count,count,"{'target': 'obj_5', 'relation': 'topmost'}","```json
{""answer"": ""triangle""}
```",red triangle,triangle,False,0.6296572590001688,spatial_inversion,True
ood_count_000006_q03,ood_count_000006,images/ood_count/ood_count_000006.png,"Which object is closer to the center of the image, the blue rectangle or the yellow triangle?",yellow triangle,center_proximity,2,ood_count,count,"{'objects': ['obj_2', 'obj_3'], 'target': 'obj_3', 'relation': 'center_proximity'}","```json
{""answer"": ""blue rectangle""}
```",yellow triangle,blue rectangle,False,0.683671183000115,distance_reasoning_error,True
ood_count_000006_q04,ood_count_000006,images/ood_count/ood_count_000006.png,Do the green triangle and the green rectangle overlap? Answer yes or no.,no,overlap,2,ood_count,count,"{'objects': ['obj_4', 'obj_8'], 'relation': 'overlap'}","{""answer"": ""no""}",no,no,True,0.4184327449997909,,False
ood_count_000007_q01,ood_count_000007,images/ood_count/ood_count_000007.png,"Which object is closer to the center of the image, the green triangle or the yellow circle?",green triangle,center_proximity,2,ood_count,count,"{'objects': ['obj_4', 'obj_5'], 'target': 'obj_4', 'relation': 'center_proximity'}","```json
{""answer"": ""green triangle""}
```",green triangle,green triangle,True,0.6692368819999501,,False
ood_count_000007_q02,ood_count_000007,images/ood_count/ood_count_000007.png,Which object is nearest from the blue triangle?,blue rectangle,nearest_farthest,2,ood_count,count,"{'anchor': 'obj_1', 'target': 'obj_6', 'relation': 'nearest'}","```json
{""answer"": ""blue triangle""}
```",blue rectangle,blue triangle,False,0.6737033469999005,distance_reasoning_error,True
ood_count_000007_q03,ood_count_000007,images/ood_count/ood_count_000007.png,Which object is immediately left of the yellow rectangle?,red rectangle,left_right,2,ood_count,count,"{'anchor': 'obj_3', 'target': 'obj_7', 'relation': 'left'}","```json
{""answer"": ""red rectangle""}
```",red rectangle,red rectangle,True,0.6682028509999327,,False
ood_count_000007_q04,ood_count_000007,images/ood_count/ood_count_000007.png,Which object is the rightmost in the image?,yellow circle,relative_ordering,2,ood_count,count,"{'target': 'obj_5', 'relation': 'rightmost'}","```json
{""answer"": ""circle""}
```",yellow circle,circle,False,0.6227799800001321,spatial_inversion,True
ood_count_000008_q01,ood_count_000008,images/ood_count/ood_count_000008.png,How many objects are left of the green rectangle?,7,counting,2,ood_count,count,"{'anchor': 'obj_8', 'relation': 'left'}","```json
{""answer"": ""3""}
```",7,3,False,0.6215557560001344,counting_error,True
ood_count_000008_q02,ood_count_000008,images/ood_count/ood_count_000008.png,Which object is both below the yellow rectangle and right of the blue rectangle?,green circle,multi_hop,4,ood_count,count,"{'anchors': ['obj_1', 'obj_2'], 'target': 'obj_4', 'relations': ['below', 'right of']}","```json
{""answer"": ""green circle""}
```",green circle,green circle,True,0.6675343280001016,,False
ood_count_000008_q03,ood_count_000008,images/ood_count/ood_count_000008.png,"Which object is larger, the blue triangle or the yellow rectangle?",blue triangle,relative_size,2,ood_count,count,"{'objects': ['obj_7', 'obj_1'], 'target': 'obj_7', 'relation': 'larger'}","```json
{""answer"": ""yellow rectangle""}
```",blue triangle,yellow rectangle,False,0.6711669030000849,object_confusion,True
ood_count_000008_q04,ood_count_000008,images/ood_count/ood_count_000008.png,Is the blue rectangle completely inside the blue triangle? Answer yes or no.,no,inside_outside,2,ood_count,count,"{'objects': ['obj_2', 'obj_7'], 'relation': 'inside'}","{""answer"": ""no""}",no,no,True,0.41792736200000036,,False
ood_count_000009_q01,ood_count_000009,images/ood_count/ood_count_000009.png,Which object is the bottommost in the image?,blue rectangle,relative_ordering,2,ood_count,count,"{'target': 'obj_7', 'relation': 'bottommost'}","```json
{""answer"": ""blue square""}
```",blue rectangle,blue square,False,0.6675426019999122,spatial_inversion,True
ood_count_000009_q02,ood_count_000009,images/ood_count/ood_count_000009.png,Is the red circle completely inside the blue triangle? Answer yes or no.,no,inside_outside,2,ood_count,count,"{'objects': ['obj_1', 'obj_6'], 'relation': 'inside'}","{""answer"": ""no""}",no,no,True,0.42262930899983076,,False
ood_count_000009_q03,ood_count_000009,images/ood_count/ood_count_000009.png,How many objects are left of the red circle?,3,counting,2,ood_count,count,"{'anchor': 'obj_1', 'relation': 'left'}","```json
{""answer"": ""2""}
```",3,2,False,0.6222255160000714,counting_error,True
ood_count_000009_q04,ood_count_000009,images/ood_count/ood_count_000009.png,"Which object is closer to the center of the image, the red circle or the blue circle?",red circle,center_proximity,2,ood_count,count,"{'objects': ['obj_1', 'obj_3'], 'target': 'obj_1', 'relation': 'center_proximity'}","```json
{""answer"": ""red circle""}
```",red circle,red circle,True,0.6746344120001595,,False
ood_count_000010_q01,ood_count_000010,images/ood_count/ood_count_000010.png,Is the red rectangle completely inside the green triangle? Answer yes or no.,no,inside_outside,2,ood_count,count,"{'objects': ['obj_2', 'obj_7'], 'relation': 'inside'}","{""answer"": ""no""}",no,no,True,0.42390799899999365,,False
ood_count_000010_q02,ood_count_000010,images/ood_count/ood_count_000010.png,"Which object is closer to the center of the image, the blue rectangle or the yellow circle?",blue rectangle,center_proximity,2,ood_count,count,"{'objects': ['obj_4', 'obj_1'], 'target': 'obj_4', 'relation': 'center_proximity'}","```json
{""answer"": ""blue rectangle""}
```",blue rectangle,blue rectangle,True,0.6710456749999594,,False
ood_count_000010_q03,ood_count_000010,images/ood_count/ood_count_000010.png,Which object is both right of the green triangle and above the yellow circle?,yellow triangle,multi_hop,4,ood_count,count,"{'anchors': ['obj_7', 'obj_1'], 'target': 'obj_6', 'relations': ['right of', 'above']}","```json
{""answer"": ""red square""}
```",yellow triangle,red square,False,0.6668114439999044,relation_chain_failure,True
ood_count_000010_q04,ood_count_000010,images/ood_count/ood_count_000010.png,Which object is the topmost in the image?,yellow triangle,relative_ordering,2,ood_count,count,"{'target': 'obj_6', 'relation': 'topmost'}","```json
{""answer"": ""triangle""}
```",yellow triangle,triangle,False,0.6240295289999267,spatial_inversion,True
ood_count_000011_q01,ood_count_000011,images/ood_count/ood_count_000011.png,Which object is immediately above the red rectangle?,blue triangle,above_below,2,ood_count,count,"{'anchor': 'obj_2', 'target': 'obj_6', 'relation': 'above'}","```json
{""answer"": ""triangle""}
```",blue triangle,triangle,False,0.6262210429999868,spatial_inversion,True
ood_count_000011_q02,ood_count_000011,images/ood_count/ood_count_000011.png,"Which object is larger, the red rectangle or the blue triangle?",blue triangle,relative_size,2,ood_count,count,"{'objects': ['obj_2', 'obj_6'], 'target': 'obj_6', 'relation': 'larger'}","```json
{""answer"": ""red rectangle""}
```",blue triangle,red rectangle,False,0.6761465170000065,object_confusion,True
ood_count_000011_q03,ood_count_000011,images/ood_count/ood_count_000011.png,How many green objects are in the image?,3,counting,1,ood_count,count,{'filter': {'color': 'green'}},"```json
{""answer"": ""2""}
```",3,2,False,0.6182236889999331,counting_error,True
ood_count_000011_q04,ood_count_000011,images/ood_count/ood_count_000011.png,Which object is between the red circle and the blue rectangle?,green circle,between,3,ood_count,count,"{'objects': ['obj_4', 'obj_7'], 'target': 'obj_1', 'relation': 'between'}","```json
{""answer"": ""green square""}
```",green circle,green square,False,0.666999996999948,other,True
ood_count_000012_q01,ood_count_000012,images/ood_count/ood_count_000012.png,Do the blue circle and the red rectangle overlap? Answer yes or no.,no,overlap,2,ood_count,count,"{'objects': ['obj_5', 'obj_6'], 'relation': 'overlap'}","{""answer"": ""no""}",no,no,True,0.41414982600008443,,False
ood_count_000012_q02,ood_count_000012,images/ood_count/ood_count_000012.png,Which object is the leftmost in the image?,red rectangle,relative_ordering,2,ood_count,count,"{'target': 'obj_6', 'relation': 'leftmost'}","```json
{""answer"": ""rectangle""}
```",red rectangle,rectangle,False,0.6156181730000299,spatial_inversion,True
ood_count_000012_q03,ood_count_000012,images/ood_count/ood_count_000012.png,Which object is between the green rectangle and the red rectangle?,red triangle,between,3,ood_count,count,"{'objects': ['obj_8', 'obj_6'], 'target': 'obj_1', 'relation': 'between'}","```json
{""answer"": ""blue rectangle""}
```",red triangle,blue rectangle,False,0.660429190000059,object_confusion,True
ood_count_000012_q04,ood_count_000012,images/ood_count/ood_count_000012.png,"Which object is larger, the yellow circle or the red circle?",red circle,relative_size,2,ood_count,count,"{'objects': ['obj_7', 'obj_9'], 'target': 'obj_9', 'relation': 'larger'}","```json
{""answer"": ""red circle""}
```",red circle,red circle,True,0.6665981080000165,,False
ood_count_000013_q01,ood_count_000013,images/ood_count/ood_count_000013.png,Which object is the rightmost in the image?,blue triangle,relative_ordering,2,ood_count,count,"{'target': 'obj_2', 'relation': 'rightmost'}","```json
{""answer"": ""triangle""}
```",blue triangle,triangle,False,0.613690545000054,spatial_inversion,True
ood_count_000013_q02,ood_count_000013,images/ood_count/ood_count_000013.png,"Which object is smaller, the yellow rectangle or the blue circle?",yellow rectangle,relative_size,2,ood_count,count,"{'objects': ['obj_6', 'obj_3'], 'target': 'obj_6', 'relation': 'smaller'}","```json
{""answer"": ""yellow rectangle""}
```",yellow rectangle,yellow rectangle,True,0.6670738660000097,,False
ood_count_000013_q03,ood_count_000013,images/ood_count/ood_count_000013.png,Which object is both above the yellow rectangle and left of the green triangle?,red circle,multi_hop,4,ood_count,count,"{'anchors': ['obj_6', 'obj_1'], 'target': 'obj_4', 'relations': ['above', 'left of']}","```json
{""answer"": ""blue triangle""}
```",red circle,blue triangle,False,0.6746058409999023,relation_chain_failure,True
ood_count_000013_q04,ood_count_000013,images/ood_count/ood_count_000013.png,Is the blue triangle completely inside the yellow rectangle? Answer yes or no.,no,inside_outside,2,ood_count,count,"{'objects': ['obj_2', 'obj_6'], 'relation': 'inside'}","{""answer"": ""no""}",no,no,True,0.4180089760000101,,False
ood_count_000014_q01,ood_count_000014,images/ood_count/ood_count_000014.png,Which object is both above the blue circle and below the blue rectangle?,red rectangle,multi_hop,4,ood_count,count,"{'anchors': ['obj_5', 'obj_6'], 'target': 'obj_3', 'relations': ['above', 'below']}","```json
{""answer"": ""blue triangle""}
```",red rectangle,blue triangle,False,0.6704213709999749,relation_chain_failure,True
ood_count_000014_q02,ood_count_000014,images/ood_count/ood_count_000014.png,How many circle objects are in the image?,4,counting,1,ood_count,count,{'filter': {'shape': 'circle'}},"```json
{""answer"": ""3""}
```",4,3,False,0.6236200809998991,counting_error,True
ood_count_000014_q03,ood_count_000014,images/ood_count/ood_count_000014.png,Which object is the leftmost in the image?,green circle,relative_ordering,2,ood_count,count,"{'target': 'obj_8', 'relation': 'leftmost'}","```json
{""answer"": ""circle""}
```",green circle,circle,False,0.6137248159998308,spatial_inversion,True
ood_count_000014_q04,ood_count_000014,images/ood_count/ood_count_000014.png,Which object is farthest from the blue circle?,green circle,nearest_farthest,2,ood_count,count,"{'anchor': 'obj_5', 'target': 'obj_8', 'relation': 'farthest'}","```json
{""answer"": ""yellow square""}
```",green circle,yellow square,False,0.6638926299999639,distance_reasoning_error,True
ood_count_000015_q01,ood_count_000015,images/ood_count/ood_count_000015.png,Is the yellow triangle completely inside the yellow rectangle? Answer yes or no.,no,inside_outside,2,ood_count,count,"{'objects': ['obj_6', 'obj_5'], 'relation': 'inside'}","{""answer"": ""no""}",no,no,True,0.419123012,,False
ood_count_000015_q02,ood_count_000015,images/ood_count/ood_count_000015.png,Which object is the leftmost in the image?,blue circle,relative_ordering,2,ood_count,count,"{'target': 'obj_4', 'relation': 'leftmost'}","```json
{""answer"": ""red circle""}
```",blue circle,red circle,False,0.6664463449999403,spatial_inversion,True
ood_count_000015_q03,ood_count_000015,images/ood_count/ood_count_000015.png,"Which object is closer to the center of the image, the yellow triangle or the blue circle?",yellow triangle,center_proximity,2,ood_count,count,"{'objects': ['obj_6', 'obj_4'], 'target': 'obj_6', 'relation': 'center_proximity'}","```json
{""answer"": ""blue circle""}
```",yellow triangle,blue circle,False,0.6762933720001456,distance_reasoning_error,True
ood_count_000015_q04,ood_count_000015,images/ood_count/ood_count_000015.png,Do the red circle and the blue triangle overlap? Answer yes or no.,no,overlap,2,ood_count,count,"{'objects': ['obj_7', 'obj_9'], 'relation': 'overlap'}","{""answer"": ""no""}",no,no,True,0.4180196449999585,,False
ood_count_000016_q01,ood_count_000016,images/ood_count/ood_count_000016.png,"Which object is closer to the center of the image, the yellow triangle or the red triangle?",yellow triangle,center_proximity,2,ood_count,count,"{'objects': ['obj_2', 'obj_5'], 'target': 'obj_2', 'relation': 'center_proximity'}","```json
{""answer"": ""yellow triangle""}
```",yellow triangle,yellow triangle,True,0.7009524499999316,,False
ood_count_000016_q02,ood_count_000016,images/ood_count/ood_count_000016.png,Which object is nearest from the yellow rectangle?,blue rectangle,nearest_farthest,2,ood_count,count,"{'anchor': 'obj_6', 'target': 'obj_4', 'relation': 'nearest'}","```json
{""answer"": ""blue rectangle""}
```",blue rectangle,blue rectangle,True,0.6753048690000014,,False
ood_count_000016_q03,ood_count_000016,images/ood_count/ood_count_000016.png,Which object is immediately left of the green triangle?,yellow rectangle,left_right,2,ood_count,count,"{'anchor': 'obj_1', 'target': 'obj_6', 'relation': 'left'}","```json
{""answer"": ""square""}
```",yellow rectangle,square,False,0.6191883740000321,spatial_inversion,True
ood_count_000016_q04,ood_count_000016,images/ood_count/ood_count_000016.png,Which object is the leftmost in the image?,red triangle,relative_ordering,2,ood_count,count,"{'target': 'obj_5', 'relation': 'leftmost'}","```json
{""answer"": ""triangle""}
```",red triangle,triangle,False,0.6221639790001063,spatial_inversion,True
ood_count_000017_q01,ood_count_000017,images/ood_count/ood_count_000017.png,How many objects are left of the blue circle?,1,counting,2,ood_count,count,"{'anchor': 'obj_8', 'relation': 'left'}","```json
{""answer"": ""2""}
```",1,2,False,0.6186725980001029,counting_error,True
ood_count_000017_q02,ood_count_000017,images/ood_count/ood_count_000017.png,Which object is both above the green rectangle and right of the blue rectangle?,yellow triangle,multi_hop,4,ood_count,count,"{'anchors': ['obj_5', 'obj_3'], 'target': 'obj_7', 'relations': ['above', 'right of']}","```json
{""answer"": ""yellow triangle""}
```",yellow triangle,yellow triangle,True,0.6672243259999959,,False
ood_count_000017_q03,ood_count_000017,images/ood_count/ood_count_000017.png,Which object is immediately right of the red rectangle?,blue triangle,left_right,2,ood_count,count,"{'anchor': 'obj_6', 'target': 'obj_1', 'relation': 'right'}","```json
{""answer"": ""blue triangle""}
```",blue triangle,blue triangle,True,0.6699815699998908,,False
ood_count_000017_q04,ood_count_000017,images/ood_count/ood_count_000017.png,"Which object is smaller, the yellow rectangle or the green rectangle?",yellow rectangle,relative_size,2,ood_count,count,"{'objects': ['obj_4', 'obj_5'], 'target': 'obj_4', 'relation': 'smaller'}","```json
{""answer"": ""yellow rectangle""}
```",yellow rectangle,yellow rectangle,True,0.6697782880000887,,False
ood_count_000018_q01,ood_count_000018,images/ood_count/ood_count_000018.png,Which object is the bottommost in the image?,green rectangle,relative_ordering,2,ood_count,count,"{'target': 'obj_5', 'relation': 'bottommost'}","```json
{""answer"": ""triangle""}
```",green rectangle,triangle,False,0.617603618999965,spatial_inversion,True
ood_count_000018_q02,ood_count_000018,images/ood_count/ood_count_000018.png,Is the red circle completely inside the yellow circle? Answer yes or no.,no,inside_outside,2,ood_count,count,"{'objects': ['obj_1', 'obj_6'], 'relation': 'inside'}","{""answer"": ""no""}",no,no,True,0.4175506540000242,,False
ood_count_000018_q03,ood_count_000018,images/ood_count/ood_count_000018.png,How many objects are left of the red circle?,2,counting,2,ood_count,count,"{'anchor': 'obj_1', 'relation': 'left'}","```json
{""answer"": ""3""}
```",2,3,False,0.6202322379999714,counting_error,True
ood_count_000018_q04,ood_count_000018,images/ood_count/ood_count_000018.png,"Which object is closer to the center of the image, the red circle or the red triangle?",red triangle,center_proximity,2,ood_count,count,"{'objects': ['obj_1', 'obj_3'], 'target': 'obj_3', 'relation': 'center_proximity'}","```json
{""answer"": ""red triangle""}
```",red triangle,red triangle,True,0.6704436069999247,,False
ood_count_000019_q01,ood_count_000019,images/ood_count/ood_count_000019.png,How many objects are above the blue rectangle?,8,counting,2,ood_count,count,"{'anchor': 'obj_9', 'relation': 'above'}","```json
{""answer"": ""3""}
```",8,3,False,0.6154873149998821,counting_error,True
ood_count_000019_q02,ood_count_000019,images/ood_count/ood_count_000019.png,Which object is immediately below the yellow triangle?,yellow rectangle,above_below,2,ood_count,count,"{'anchor': 'obj_1', 'target': 'obj_4', 'relation': 'below'}","```json
{""answer"": ""blue square""}
```",yellow rectangle,blue square,False,0.6657546170001751,spatial_inversion,True
ood_count_000019_q03,ood_count_000019,images/ood_count/ood_count_000019.png,Which object is between the blue circle and the yellow circle?,red circle,between,3,ood_count,count,"{'objects': ['obj_6', 'obj_7'], 'target': 'obj_5', 'relation': 'between'}","```json
{""answer"": ""triangle""}
```",red circle,triangle,False,0.6198550489998524,object_confusion,True
ood_count_000019_q04,ood_count_000019,images/ood_count/ood_count_000019.png,"Which object is larger, the blue triangle or the yellow rectangle?",yellow rectangle,relative_size,2,ood_count,count,"{'objects': ['obj_2', 'obj_4'], 'target': 'obj_4', 'relation': 'larger'}","```json
{""answer"": ""yellow rectangle""}
```",yellow rectangle,yellow rectangle,True,0.6686203429999296,,False
ood_count_000020_q01,ood_count_000020,images/ood_count/ood_count_000020.png,Which object is immediately above the green rectangle?,red triangle,above_below,2,ood_count,count,"{'anchor': 'obj_2', 'target': 'obj_4', 'relation': 'above'}","```json
{""answer"": ""blue square""}
```",red triangle,blue square,False,0.6785869970001386,spatial_inversion,True
ood_count_000020_q02,ood_count_000020,images/ood_count/ood_count_000020.png,"Which object is larger, the green rectangle or the red circle?",red circle,relative_size,2,ood_count,count,"{'objects': ['obj_2', 'obj_6'], 'target': 'obj_6', 'relation': 'larger'}","```json
{""answer"": ""red circle""}
```",red circle,red circle,True,0.6758959400001459,,False
ood_count_000020_q03,ood_count_000020,images/ood_count/ood_count_000020.png,How many green objects are in the image?,3,counting,1,ood_count,count,{'filter': {'color': 'green'}},"```json
{""answer"": ""2""}
```",3,2,False,0.6363842580001347,counting_error,True
ood_count_000020_q04,ood_count_000020,images/ood_count/ood_count_000020.png,Which object is between the yellow triangle and the red circle?,blue circle,between,3,ood_count,count,"{'objects': ['obj_9', 'obj_6'], 'target': 'obj_1', 'relation': 'between'}","```json
{""answer"": ""green circle""}
```",blue circle,green circle,False,0.6743020690000776,object_confusion,True
ood_count_000021_q01,ood_count_000021,images/ood_count/ood_count_000021.png,Do the yellow circle and the green rectangle overlap? Answer yes or no.,no,overlap,2,ood_count,count,"{'objects': ['obj_5', 'obj_7'], 'relation': 'overlap'}","{""answer"": ""no""}",no,no,True,0.41729330299995127,,False
ood_count_000021_q02,ood_count_000021,images/ood_count/ood_count_000021.png,Which object is the topmost in the image?,blue triangle,relative_ordering,2,ood_count,count,"{'target': 'obj_4', 'relation': 'topmost'}","```json
{""answer"": ""blue triangle""}
```",blue triangle,blue triangle,True,0.6809483089998594,,False
ood_count_000021_q03,ood_count_000021,images/ood_count/ood_count_000021.png,Which object is between the blue triangle and the blue circle?,yellow circle,between,3,ood_count,count,"{'objects': ['obj_4', 'obj_3'], 'target': 'obj_5', 'relation': 'between'}","```json
{""answer"": ""square""}
```",yellow circle,square,False,0.6147510079999847,other,True
ood_count_000021_q04,ood_count_000021,images/ood_count/ood_count_000021.png,"Which object is smaller, the yellow rectangle or the blue rectangle?",blue rectangle,relative_size,2,ood_count,count,"{'objects': ['obj_8', 'obj_6'], 'target': 'obj_6', 'relation': 'smaller'}","```json
{""answer"": ""yellow rectangle""}
```",blue rectangle,yellow rectangle,False,0.6689733880000404,object_confusion,True
ood_count_000022_q01,ood_count_000022,images/ood_count/ood_count_000022.png,Which object is the rightmost in the image?,red rectangle,relative_ordering,2,ood_count,count,"{'target': 'obj_5', 'relation': 'rightmost'}","```json
{""answer"": ""blue triangle""}
```",red rectangle,blue triangle,False,0.6703947539999717,spatial_inversion,True
ood_count_000022_q02,ood_count_000022,images/ood_count/ood_count_000022.png,"Which object is smaller, the blue triangle or the red triangle?",red triangle,relative_size,2,ood_count,count,"{'objects': ['obj_6', 'obj_3'], 'target': 'obj_3', 'relation': 'smaller'}","```json
{""answer"": ""red triangle""}
```",red triangle,red triangle,True,0.6678154380001615,,False
ood_count_000022_q03,ood_count_000022,images/ood_count/ood_count_000022.png,Which object is both below the yellow triangle and above the green rectangle?,red rectangle,multi_hop,4,ood_count,count,"{'anchors': ['obj_2', 'obj_7'], 'target': 'obj_5', 'relations': ['below', 'above']}","```json
{""answer"": ""blue triangle""}
```",red rectangle,blue triangle,False,0.6688876440000513,relation_chain_failure,True
ood_count_000022_q04,ood_count_000022,images/ood_count/ood_count_000022.png,Is the red triangle completely inside the yellow circle? Answer yes or no.,no,inside_outside,2,ood_count,count,"{'objects': ['obj_3', 'obj_1'], 'relation': 'inside'}","{""answer"": ""no""}",no,no,True,0.4181518440000218,,False
ood_count_000023_q01,ood_count_000023,images/ood_count/ood_count_000023.png,Which object is both right of the green triangle and left of the green circle?,red rectangle,multi_hop,4,ood_count,count,"{'anchors': ['obj_4', 'obj_3'], 'target': 'obj_2', 'relations': ['right of', 'left of']}","```json
{""answer"": ""red circle""}
```",red rectangle,red circle,False,0.6679326890000539,relation_chain_failure,True
ood_count_000023_q02,ood_count_000023,images/ood_count/ood_count_000023.png,How many circle objects are in the image?,3,counting,1,ood_count,count,{'filter': {'shape': 'circle'}},"```json
{""answer"": ""3""}
```",3,3,True,0.6256222560000424,,False
ood_count_000023_q03,ood_count_000023,images/ood_count/ood_count_000023.png,Which object is the bottommost in the image?,yellow circle,relative_ordering,2,ood_count,count,"{'target': 'obj_1', 'relation': 'bottommost'}","```json
{""answer"": ""circle""}
```",yellow circle,circle,False,0.6195124490000126,spatial_inversion,True
ood_count_000023_q04,ood_count_000023,images/ood_count/ood_count_000023.png,Which object is nearest from the green triangle?,yellow rectangle,nearest_farthest,2,ood_count,count,"{'anchor': 'obj_4', 'target': 'obj_5', 'relation': 'nearest'}","```json
{""answer"": ""green circle""}
```",yellow rectangle,green circle,False,0.6705365249999886,distance_reasoning_error,True
ood_count_000024_q01,ood_count_000024,images/ood_count/ood_count_000024.png,Is the green triangle completely inside the blue circle? Answer yes or no.,no,inside_outside,2,ood_count,count,"{'objects': ['obj_6', 'obj_5'], 'relation': 'inside'}","{""answer"": ""no""}",no,no,True,0.4158993559999544,,False
ood_count_000024_q02,ood_count_000024,images/ood_count/ood_count_000024.png,Which object is the leftmost in the image?,blue circle,relative_ordering,2,ood_count,count,"{'target': 'obj_5', 'relation': 'leftmost'}","```json
{""answer"": ""red circle""}
```",blue circle,red circle,False,0.668349125000077,spatial_inversion,True
ood_count_000024_q03,ood_count_000024,images/ood_count/ood_count_000024.png,"Which object is closer to the center of the image, the green triangle or the red circle?",red circle,center_proximity,2,ood_count,count,"{'objects': ['obj_6', 'obj_4'], 'target': 'obj_4', 'relation': 'center_proximity'}","```json
{""answer"": ""green triangle""}
```",red circle,green triangle,False,0.6675919480001085,distance_reasoning_error,True
ood_count_000024_q04,ood_count_000024,images/ood_count/ood_count_000024.png,Do the red triangle and the yellow rectangle overlap? Answer yes or no.,no,overlap,2,ood_count,count,"{'objects': ['obj_7', 'obj_9'], 'relation': 'overlap'}","{""answer"": ""no""}",no,no,True,0.42671048200008954,,False
ood_count_000025_q01,ood_count_000025,images/ood_count/ood_count_000025.png,"Which object is closer to the center of the image, the yellow circle or the blue circle?",blue circle,center_proximity,2,ood_count,count,"{'objects': ['obj_2', 'obj_5'], 'target': 'obj_5', 'relation': 'center_proximity'}","```json
{""answer"": ""blue circle""}
```",blue circle,blue circle,True,0.6752605890001178,,False
ood_count_000025_q02,ood_count_000025,images/ood_count/ood_count_000025.png,Which object is nearest from the red triangle?,blue circle,nearest_farthest,2,ood_count,count,"{'anchor': 'obj_6', 'target': 'obj_5', 'relation': 'nearest'}","```json
{""answer"": ""blue circle""}
```",blue circle,blue circle,True,0.6720334379999713,,False
ood_count_000025_q03,ood_count_000025,images/ood_count/ood_count_000025.png,Which object is the leftmost in the image?,green circle,relative_ordering,2,ood_count,count,"{'target': 'obj_1', 'relation': 'leftmost'}","```json
{""answer"": ""green circle""}
```",green circle,green circle,True,0.6655531410001458,,False
ood_count_000025_q04,ood_count_000025,images/ood_count/ood_count_000025.png,Which object is between the yellow circle and the green circle?,yellow rectangle,between,3,ood_count,count,"{'objects': ['obj_2', 'obj_1'], 'target': 'obj_3', 'relation': 'between'}","```json
{""answer"": ""red circle""}
```",yellow rectangle,red circle,False,0.6693274970000402,object_confusion,True
ood_count_000026_q01,ood_count_000026,images/ood_count/ood_count_000026.png,How many objects are left of the blue rectangle?,7,counting,2,ood_count,count,"{'anchor': 'obj_8', 'relation': 'left'}","```json
{""answer"": ""3""}
```",7,3,False,0.6175194550000924,counting_error,True
ood_count_000026_q02,ood_count_000026,images/ood_count/ood_count_000026.png,Which object is both below the blue triangle and left of the red circle?,red rectangle,multi_hop,4,ood_count,count,"{'anchors': ['obj_3', 'obj_9'], 'target': 'obj_1', 'relations': ['below', 'left of']}","```json
{""answer"": ""square""}
```",red rectangle,square,False,0.6180940110000392,relation_chain_failure,True
ood_count_000026_q03,ood_count_000026,images/ood_count/ood_count_000026.png,Which object is immediately left of the red circle?,red rectangle,left_right,2,ood_count,count,"{'anchor': 'obj_9', 'target': 'obj_1', 'relation': 'left'}","```json
{""answer"": ""square""}
```",red rectangle,square,False,0.6146594080000796,spatial_inversion,True
ood_count_000026_q04,ood_count_000026,images/ood_count/ood_count_000026.png,"Which object is larger, the green triangle or the red circle?",red circle,relative_size,2,ood_count,count,"{'objects': ['obj_6', 'obj_9'], 'target': 'obj_9', 'relation': 'larger'}","```json
{""answer"": ""red circle""}
```",red circle,red circle,True,0.6725368729998991,,False
ood_count_000027_q01,ood_count_000027,images/ood_count/ood_count_000027.png,Which object is the bottommost in the image?,blue rectangle,relative_ordering,2,ood_count,count,"{'target': 'obj_5', 'relation': 'bottommost'}","```json
{""answer"": ""blue triangle""}
```",blue rectangle,blue triangle,False,0.6656954499999301,spatial_inversion,True
ood_count_000027_q02,ood_count_000027,images/ood_count/ood_count_000027.png,Is the green rectangle completely inside the blue triangle? Answer yes or no.,no,inside_outside,2,ood_count,count,"{'objects': ['obj_1', 'obj_6'], 'relation': 'inside'}","{""answer"": ""no""}",no,no,True,0.4197185080001873,,False
ood_count_000027_q03,ood_count_000027,images/ood_count/ood_count_000027.png,How many objects are left of the green triangle?,2,counting,2,ood_count,count,"{'anchor': 'obj_2', 'relation': 'left'}","```json
{""answer"": ""2""}
```",2,2,True,0.6179920820000007,,False
ood_count_000027_q04,ood_count_000027,images/ood_count/ood_count_000027.png,"Which object is closer to the center of the image, the green triangle or the yellow circle?",green triangle,center_proximity,2,ood_count,count,"{'objects': ['obj_2', 'obj_3'], 'target': 'obj_2', 'relation': 'center_proximity'}","```json
{""answer"": ""green triangle""}
```",green triangle,green triangle,True,0.6727479989999665,,False
ood_count_000028_q01,ood_count_000028,images/ood_count/ood_count_000028.png,How many objects are above the blue rectangle?,1,counting,2,ood_count,count,"{'anchor': 'obj_5', 'relation': 'above'}","```json
{""answer"": ""3""}
```",1,3,False,0.6173820599999544,counting_error,True
ood_count_000028_q02,ood_count_000028,images/ood_count/ood_count_000028.png,Which object is between the blue rectangle and the red rectangle?,yellow triangle,between,3,ood_count,count,"{'objects': ['obj_5', 'obj_6'], 'target': 'obj_3', 'relation': 'between'}","```json
{""answer"": ""triangle""}
```",yellow triangle,triangle,False,0.6207806150000579,object_confusion,True
ood_count_000028_q03,ood_count_000028,images/ood_count/ood_count_000028.png,"Which object is larger, the blue rectangle or the green rectangle?",blue rectangle,relative_size,2,ood_count,count,"{'objects': ['obj_5', 'obj_2'], 'target': 'obj_5', 'relation': 'larger'}","```json
{""answer"": ""blue rectangle""}
```",blue rectangle,blue rectangle,True,0.6687607789999674,,False
ood_count_000028_q04,ood_count_000028,images/ood_count/ood_count_000028.png,Which object is both right of the blue circle and below the blue rectangle?,red rectangle,multi_hop,4,ood_count,count,"{'anchors': ['obj_1', 'obj_5'], 'target': 'obj_6', 'relations': ['right of', 'below']}","```json
{""answer"": ""red circle""}
```",red rectangle,red circle,False,0.6679557100001148,relation_chain_failure,True
ood_count_000029_q01,ood_count_000029,images/ood_count/ood_count_000029.png,Which object is immediately right of the yellow rectangle?,yellow circle,left_right,2,ood_count,count,"{'anchor': 'obj_4', 'target': 'obj_3', 'relation': 'right'}","```json
{""answer"": ""triangle""}
```",yellow circle,triangle,False,0.6155868170001213,spatial_inversion,True
ood_count_000029_q02,ood_count_000029,images/ood_count/ood_count_000029.png,Is the blue triangle completely inside the yellow rectangle? Answer yes or no.,no,inside_outside,2,ood_count,count,"{'objects': ['obj_6', 'obj_4'], 'relation': 'inside'}","{""answer"": ""no""}",no,no,True,0.4176859780000086,,False
ood_count_000029_q03,ood_count_000029,images/ood_count/ood_count_000029.png,"Which object is smaller, the yellow rectangle or the yellow circle?",yellow rectangle,relative_size,2,ood_count,count,"{'objects': ['obj_4', 'obj_3'], 'target': 'obj_4', 'relation': 'smaller'}","```json
{""answer"": ""yellow circle""}
```",yellow rectangle,yellow circle,False,0.6803320069998335,object_confusion,True
ood_count_000029_q04,ood_count_000029,images/ood_count/ood_count_000029.png,"Which object is closer to the center of the image, the green triangle or the yellow circle?",yellow circle,center_proximity,2,ood_count,count,"{'objects': ['obj_1', 'obj_3'], 'target': 'obj_3', 'relation': 'center_proximity'}","```json
{""answer"": ""yellow circle""}
```",yellow circle,yellow circle,True,0.6754559789999348,,False
ood_count_000030_q01,ood_count_000030,images/ood_count/ood_count_000030.png,Do the red rectangle and the blue triangle overlap? Answer yes or no.,no,overlap,2,ood_count,count,"{'objects': ['obj_6', 'obj_3'], 'relation': 'overlap'}","{""answer"": ""no""}",no,no,True,0.4256740240000454,,False
ood_count_000030_q02,ood_count_000030,images/ood_count/ood_count_000030.png,Which object is the topmost in the image?,blue triangle,relative_ordering,2,ood_count,count,"{'target': 'obj_3', 'relation': 'topmost'}","```json
{""answer"": ""triangle""}
```",blue triangle,triangle,False,0.6247486549998484,spatial_inversion,True
ood_count_000030_q03,ood_count_000030,images/ood_count/ood_count_000030.png,Which object is between the green rectangle and the red circle?,yellow rectangle,between,3,ood_count,count,"{'objects': ['obj_1', 'obj_5'], 'target': 'obj_2', 'relation': 'between'}","```json
{""answer"": ""yellow rectangle""}
```",yellow rectangle,yellow rectangle,True,0.6682231569998294,,False
ood_count_000030_q04,ood_count_000030,images/ood_count/ood_count_000030.png,Which object is immediately right of the yellow circle?,green triangle,left_right,2,ood_count,count,"{'anchor': 'obj_7', 'target': 'obj_4', 'relation': 'right'}","```json
{""answer"": ""red circle""}
```",green triangle,red circle,False,0.6696914710000783,spatial_inversion,True
ood_count_000031_q01,ood_count_000031,images/ood_count/ood_count_000031.png,Which object is the rightmost in the image?,green rectangle,relative_ordering,2,ood_count,count,"{'target': 'obj_4', 'relation': 'rightmost'}","```json
{""answer"": ""square""}
```",green rectangle,square,False,0.6165352660000281,spatial_inversion,True
ood_count_000031_q02,ood_count_000031,images/ood_count/ood_count_000031.png,"Which object is smaller, the blue rectangle or the blue triangle?",blue rectangle,relative_size,2,ood_count,count,"{'objects': ['obj_6', 'obj_3'], 'target': 'obj_6', 'relation': 'smaller'}","```json
{""answer"": ""triangle""}
```",blue rectangle,triangle,False,0.6194410989999142,object_confusion,True
ood_count_000031_q03,ood_count_000031,images/ood_count/ood_count_000031.png,Which object is both above the red triangle and below the green rectangle?,yellow triangle,multi_hop,4,ood_count,count,"{'anchors': ['obj_2', 'obj_4'], 'target': 'obj_1', 'relations': ['above', 'below']}","```json
{""answer"": ""blue triangle""}
```",yellow triangle,blue triangle,False,0.6697548390000065,relation_chain_failure,True
ood_count_000031_q04,ood_count_000031,images/ood_count/ood_count_000031.png,Is the blue triangle completely inside the yellow triangle? Answer yes or no.,no,inside_outside,2,ood_count,count,"{'objects': ['obj_3', 'obj_1'], 'relation': 'inside'}","{""answer"": ""no""}",no,no,True,0.41929452300018966,,False
ood_count_000032_q01,ood_count_000032,images/ood_count/ood_count_000032.png,Which object is both below the green rectangle and left of the red circle?,blue rectangle,multi_hop,4,ood_count,count,"{'anchors': ['obj_5', 'obj_4'], 'target': 'obj_3', 'relations': ['below', 'left of']}","```json
{""answer"": ""blue rectangle""}
```",blue rectangle,blue rectangle,True,0.6688509979999253,,False
ood_count_000032_q02,ood_count_000032,images/ood_count/ood_count_000032.png,How many red objects are in the image?,2,counting,1,ood_count,count,{'filter': {'color': 'red'}},"```json
{""answer"": ""1""}
```",2,1,False,0.6163939359998949,counting_error,True
ood_count_000032_q03,ood_count_000032,images/ood_count/ood_count_000032.png,Which object is the topmost in the image?,blue circle,relative_ordering,2,ood_count,count,"{'target': 'obj_2', 'relation': 'topmost'}","```json
{""answer"": ""blue circle""}
```",blue circle,blue circle,True,0.6654605830001401,,False
ood_count_000032_q04,ood_count_000032,images/ood_count/ood_count_000032.png,Which object is farthest from the green triangle?,blue circle,nearest_farthest,2,ood_count,count,"{'anchor': 'obj_7', 'target': 'obj_2', 'relation': 'farthest'}","```json
{""answer"": ""blue square""}
```",blue circle,blue square,False,0.6649520780001694,distance_reasoning_error,True
ood_count_000033_q01,ood_count_000033,images/ood_count/ood_count_000033.png,Is the yellow rectangle completely inside the blue rectangle? Answer yes or no.,no,inside_outside,2,ood_count,count,"{'objects': ['obj_3', 'obj_6'], 'relation': 'inside'}","{""answer"": ""no""}",no,no,True,0.41833446100008587,,False
ood_count_000033_q02,ood_count_000033,images/ood_count/ood_count_000033.png,Which object is the leftmost in the image?,blue rectangle,relative_ordering,2,ood_count,count,"{'target': 'obj_6', 'relation': 'leftmost'}","```json
{""answer"": ""blue shape""}
```",blue rectangle,blue shape,False,0.6667889049999758,spatial_inversion,True
ood_count_000033_q03,ood_count_000033,images/ood_count/ood_count_000033.png,"Which object is closer to the center of the image, the yellow rectangle or the yellow circle?",yellow rectangle,center_proximity,2,ood_count,count,"{'objects': ['obj_3', 'obj_2'], 'target': 'obj_3', 'relation': 'center_proximity'}","```json
{""answer"": ""yellow rectangle""}
```",yellow rectangle,yellow rectangle,True,0.667209185000047,,False
ood_count_000033_q04,ood_count_000033,images/ood_count/ood_count_000033.png,Do the red triangle and the blue circle overlap? Answer yes or no.,no,overlap,2,ood_count,count,"{'objects': ['obj_4', 'obj_5'], 'relation': 'overlap'}","{""answer"": ""no""}",no,no,True,0.41871582700014187,,False
ood_count_000034_q01,ood_count_000034,images/ood_count/ood_count_000034.png,"Which object is closer to the center of the image, the yellow triangle or the green circle?",green circle,center_proximity,2,ood_count,count,"{'objects': ['obj_2', 'obj_5'], 'target': 'obj_5', 'relation': 'center_proximity'}","```json
{""answer"": ""green circle""}
```",green circle,green circle,True,0.6667535290000615,,False
ood_count_000034_q02,ood_count_000034,images/ood_count/ood_count_000034.png,Which object is nearest from the blue triangle?,red rectangle,nearest_farthest,2,ood_count,count,"{'anchor': 'obj_6', 'target': 'obj_3', 'relation': 'nearest'}","```json
{""answer"": ""red square""}
```",red rectangle,red square,False,0.676505034999991,distance_reasoning_error,True
ood_count_000034_q03,ood_count_000034,images/ood_count/ood_count_000034.png,Which object is immediately left of the red triangle?,red circle,left_right,2,ood_count,count,"{'anchor': 'obj_1', 'target': 'obj_4', 'relation': 'left'}","```json
{""answer"": ""circle""}
```",red circle,circle,False,0.6230977629998051,spatial_inversion,True
ood_count_000034_q04,ood_count_000034,images/ood_count/ood_count_000034.png,Which object is the leftmost in the image?,green circle,relative_ordering,2,ood_count,count,"{'target': 'obj_5', 'relation': 'leftmost'}","```json
{""answer"": ""circle""}
```",green circle,circle,False,0.6283671969999887,spatial_inversion,True
ood_count_000035_q01,ood_count_000035,images/ood_count/ood_count_000035.png,How many objects are left of the yellow rectangle?,0,counting,2,ood_count,count,"{'anchor': 'obj_7', 'relation': 'left'}","```json
{""answer"": ""3""}
```",0,3,False,0.6190002230000573,counting_error,True
ood_count_000035_q02,ood_count_000035,images/ood_count/ood_count_000035.png,Which object is both above the yellow triangle and below the green triangle?,red rectangle,multi_hop,4,ood_count,count,"{'anchors': ['obj_4', 'obj_1'], 'target': 'obj_2', 'relations': ['above', 'below']}","```json
{""answer"": ""red rectangle""}
```",red rectangle,red rectangle,True,0.6667931679999128,,False
ood_count_000035_q03,ood_count_000035,images/ood_count/ood_count_000035.png,Which object is immediately right of the red rectangle?,green triangle,left_right,2,ood_count,count,"{'anchor': 'obj_2', 'target': 'obj_1', 'relation': 'right'}","```json
{""answer"": ""triangle""}
```",green triangle,triangle,False,0.6154761320001398,spatial_inversion,True
ood_count_000035_q04,ood_count_000035,images/ood_count/ood_count_000035.png,"Which object is smaller, the yellow triangle or the red triangle?",yellow triangle,relative_size,2,ood_count,count,"{'objects': ['obj_4', 'obj_5'], 'target': 'obj_4', 'relation': 'smaller'}","```json
{""answer"": ""yellow triangle""}
```",yellow triangle,yellow triangle,True,0.6680639670000801,,False
ood_count_000036_q01,ood_count_000036,images/ood_count/ood_count_000036.png,Which object is the bottommost in the image?,yellow circle,relative_ordering,2,ood_count,count,"{'target': 'obj_1', 'relation': 'bottommost'}","```json
{""answer"": ""circle""}
```",yellow circle,circle,False,0.6166567319999103,spatial_inversion,True
ood_count_000036_q02,ood_count_000036,images/ood_count/ood_count_000036.png,Is the yellow circle completely inside the blue triangle? Answer yes or no.,no,inside_outside,2,ood_count,count,"{'objects': ['obj_1', 'obj_6'], 'relation': 'inside'}","{""answer"": ""no""}",no,no,True,0.4205795080001735,,False
ood_count_000036_q03,ood_count_000036,images/ood_count/ood_count_000036.png,How many objects are left of the yellow circle?,1,counting,2,ood_count,count,"{'anchor': 'obj_1', 'relation': 'left'}","```json
{""answer"": ""3""}
```",1,3,False,0.6176161330001833,counting_error,True
ood_count_000036_q04,ood_count_000036,images/ood_count/ood_count_000036.png,"Which object is closer to the center of the image, the yellow circle or the yellow triangle?",yellow triangle,center_proximity,2,ood_count,count,"{'objects': ['obj_1', 'obj_3'], 'target': 'obj_3', 'relation': 'center_proximity'}","{""answer"": ""yellow circle""}",yellow triangle,yellow circle,False,0.4702134310000474,distance_reasoning_error,True
ood_count_000037_q01,ood_count_000037,images/ood_count/ood_count_000037.png,How many objects are above the yellow triangle?,0,counting,2,ood_count,count,"{'anchor': 'obj_1', 'relation': 'above'}","```json
{""answer"": ""2""}
```",0,2,False,0.6160994540000502,counting_error,True
ood_count_000037_q02,ood_count_000037,images/ood_count/ood_count_000037.png,Which object is immediately above the red rectangle?,green rectangle,above_below,2,ood_count,count,"{'anchor': 'obj_7', 'target': 'obj_6', 'relation': 'above'}","```json
{""answer"": ""square""}
```",green rectangle,square,False,0.6166476830001102,spatial_inversion,True
ood_count_000037_q03,ood_count_000037,images/ood_count/ood_count_000037.png,Which object is between the yellow triangle and the red rectangle?,red circle,between,3,ood_count,count,"{'objects': ['obj_1', 'obj_7'], 'target': 'obj_2', 'relation': 'between'}","```json
{""answer"": ""blue circle""}
```",red circle,blue circle,False,0.6660893099999612,object_confusion,True
ood_count_000037_q04,ood_count_000037,images/ood_count/ood_count_000037.png,"Which object is larger, the yellow triangle or the yellow rectangle?",yellow rectangle,relative_size,2,ood_count,count,"{'objects': ['obj_1', 'obj_5'], 'target': 'obj_5', 'relation': 'larger'}","```json
{""answer"": ""yellow rectangle""}
```",yellow rectangle,yellow rectangle,True,0.6670637610000085,,False
ood_count_000038_q01,ood_count_000038,images/ood_count/ood_count_000038.png,Which object is immediately right of the yellow triangle?,green triangle,left_right,2,ood_count,count,"{'anchor': 'obj_4', 'target': 'obj_3', 'relation': 'right'}","```json
{""answer"": ""green circle""}
```",green triangle,green circle,False,0.6663503009999658,spatial_inversion,True
ood_count_000038_q02,ood_count_000038,images/ood_count/ood_count_000038.png,Is the green rectangle completely inside the red triangle? Answer yes or no.,no,inside_outside,2,ood_count,count,"{'objects': ['obj_6', 'obj_7'], 'relation': 'inside'}","{""answer"": ""no""}",no,no,True,0.41684947599992483,,False
ood_count_000038_q03,ood_count_000038,images/ood_count/ood_count_000038.png,Which object is both below the green triangle and left of the red circle?,red triangle,multi_hop,4,ood_count,count,"{'anchors': ['obj_3', 'obj_5'], 'target': 'obj_7', 'relations': ['below', 'left of']}","```json
{""answer"": ""triangle""}
```",red triangle,triangle,False,0.6169987380001203,relation_chain_failure,True
ood_count_000038_q04,ood_count_000038,images/ood_count/ood_count_000038.png,How many objects are above the green circle?,4,counting,2,ood_count,count,"{'anchor': 'obj_1', 'relation': 'above'}","```json
{""answer"": ""3""}
```",4,3,False,0.6164290950000577,counting_error,True
ood_count_000039_q01,ood_count_000039,images/ood_count/ood_count_000039.png,Which object is the rightmost in the image?,blue rectangle,relative_ordering,2,ood_count,count,"{'target': 'obj_2', 'relation': 'rightmost'}","```json
{""answer"": ""blue triangle""}
```",blue rectangle,blue triangle,False,0.6720480989999942,spatial_inversion,True
ood_count_000039_q02,ood_count_000039,images/ood_count/ood_count_000039.png,Which object is immediately above the green triangle?,yellow circle,above_below,2,ood_count,count,"{'anchor': 'obj_6', 'target': 'obj_7', 'relation': 'above'}","```json
{""answer"": ""blue square""}
```",yellow circle,blue square,False,0.673179035999965,spatial_inversion,True
ood_count_000039_q03,ood_count_000039,images/ood_count/ood_count_000039.png,Do the green triangle and the yellow circle overlap? Answer yes or no.,no,overlap,2,ood_count,count,"{'objects': ['obj_6', 'obj_7'], 'relation': 'overlap'}","{""answer"": ""no""}",no,no,True,0.42058542500012663,,False
ood_count_000039_q04,ood_count_000039,images/ood_count/ood_count_000039.png,"Which object is closer to the center of the image, the red rectangle or the green triangle?",red rectangle,center_proximity,2,ood_count,count,"{'objects': ['obj_3', 'obj_6'], 'target': 'obj_3', 'relation': 'center_proximity'}","```json
{""answer"": ""red rectangle""}
```",red rectangle,red rectangle,True,0.6826613279999947,,False
ood_count_000040_q01,ood_count_000040,images/ood_count/ood_count_000040.png,Which object is the rightmost in the image?,green triangle,relative_ordering,2,ood_count,count,"{'target': 'obj_1', 'relation': 'rightmost'}","```json
{""answer"": ""triangle""}
```",green triangle,triangle,False,0.6154216659999747,spatial_inversion,True
ood_count_000040_q02,ood_count_000040,images/ood_count/ood_count_000040.png,"Which object is smaller, the yellow circle or the blue rectangle?",yellow circle,relative_size,2,ood_count,count,"{'objects': ['obj_6', 'obj_3'], 'target': 'obj_6', 'relation': 'smaller'}","```json
{""answer"": ""yellow circle""}
```",yellow circle,yellow circle,True,0.6779541729999892,,False
ood_count_000040_q03,ood_count_000040,images/ood_count/ood_count_000040.png,Which object is both below the red rectangle and left of the blue rectangle?,green circle,multi_hop,4,ood_count,count,"{'anchors': ['obj_4', 'obj_3'], 'target': 'obj_2', 'relations': ['below', 'left of']}","```json
{""answer"": ""yellow circle""}
```",green circle,yellow circle,False,0.6665981809999266,relation_chain_failure,True
ood_count_000040_q04,ood_count_000040,images/ood_count/ood_count_000040.png,Which object is immediately below the green circle?,yellow circle,above_below,2,ood_count,count,"{'anchor': 'obj_2', 'target': 'obj_6', 'relation': 'below'}","```json
{""answer"": ""yellow circle""}
```",yellow circle,yellow circle,True,0.6698159669999768,,False
ood_count_000041_q01,ood_count_000041,images/ood_count/ood_count_000041.png,Which object is both below the red rectangle and right of the green circle?,red circle,multi_hop,4,ood_count,count,"{'anchors': ['obj_6', 'obj_7'], 'target': 'obj_3', 'relations': ['below', 'right of']}","```json
{""answer"": ""red rectangle""}
```",red circle,red rectangle,False,0.6656515239999408,relation_chain_failure,True
ood_count_000041_q02,ood_count_000041,images/ood_count/ood_count_000041.png,How many objects are left of the blue triangle?,1,counting,2,ood_count,count,"{'anchor': 'obj_2', 'relation': 'left'}","```json
{""answer"": ""2""}
```",1,2,False,0.624943440999914,counting_error,True
ood_count_000041_q03,ood_count_000041,images/ood_count/ood_count_000041.png,Which object is the rightmost in the image?,red circle,relative_ordering,2,ood_count,count,"{'target': 'obj_3', 'relation': 'rightmost'}","```json
{""answer"": ""red circle""}
```",red circle,red circle,True,0.6694264369998564,,False
ood_count_000041_q04,ood_count_000041,images/ood_count/ood_count_000041.png,Which object is nearest from the yellow circle?,green circle,nearest_farthest,2,ood_count,count,"{'anchor': 'obj_1', 'target': 'obj_7', 'relation': 'nearest'}","```json
{""answer"": ""green circle""}
```",green circle,green circle,True,0.6731449999999768,,False
ood_count_000042_q01,ood_count_000042,images/ood_count/ood_count_000042.png,Is the blue rectangle completely inside the blue triangle? Answer yes or no.,no,inside_outside,2,ood_count,count,"{'objects': ['obj_7', 'obj_3'], 'relation': 'inside'}","{""answer"": ""no""}",no,no,True,0.4158392560000266,,False
ood_count_000042_q02,ood_count_000042,images/ood_count/ood_count_000042.png,Which object is the topmost in the image?,red triangle,relative_ordering,2,ood_count,count,"{'target': 'obj_1', 'relation': 'topmost'}","```json
{""answer"": ""triangle""}
```",red triangle,triangle,False,0.615070568999954,spatial_inversion,True
ood_count_000042_q03,ood_count_000042,images/ood_count/ood_count_000042.png,"Which object is closer to the center of the image, the green circle or the red circle?",red circle,center_proximity,2,ood_count,count,"{'objects': ['obj_6', 'obj_5'], 'target': 'obj_5', 'relation': 'center_proximity'}","```json
{""answer"": ""red circle""}
```",red circle,red circle,True,0.6647746239998469,,False
ood_count_000042_q04,ood_count_000042,images/ood_count/ood_count_000042.png,Do the red triangle and the blue triangle overlap? Answer yes or no.,no,overlap,2,ood_count,count,"{'objects': ['obj_1', 'obj_3'], 'relation': 'overlap'}","{""answer"": ""no""}",no,no,True,0.4146583599999758,,False
ood_count_000043_q01,ood_count_000043,images/ood_count/ood_count_000043.png,"Which object is closer to the center of the image, the red rectangle or the red circle?",red rectangle,center_proximity,2,ood_count,count,"{'objects': ['obj_4', 'obj_5'], 'target': 'obj_4', 'relation': 'center_proximity'}","```json
{""answer"": ""red circle""}
```",red rectangle,red circle,False,0.6624988479998137,distance_reasoning_error,True
ood_count_000043_q02,ood_count_000043,images/ood_count/ood_count_000043.png,Which object is nearest from the green circle?,green rectangle,nearest_farthest,2,ood_count,count,"{'anchor': 'obj_1', 'target': 'obj_8', 'relation': 'nearest'}","```json
{""answer"": ""red circle""}
```",green rectangle,red circle,False,0.6628588130001845,distance_reasoning_error,True
ood_count_000043_q03,ood_count_000043,images/ood_count/ood_count_000043.png,Which object is immediately left of the yellow triangle?,blue rectangle,left_right,2,ood_count,count,"{'anchor': 'obj_3', 'target': 'obj_2', 'relation': 'left'}","```json
{""answer"": ""blue square""}
```",blue rectangle,blue square,False,0.6620521830000143,spatial_inversion,True
ood_count_000043_q04,ood_count_000043,images/ood_count/ood_count_000043.png,Which object is the rightmost in the image?,green rectangle,relative_ordering,2,ood_count,count,"{'target': 'obj_8', 'relation': 'rightmost'}","```json
{""answer"": ""green""}
```",green rectangle,green,False,0.6212602539999352,spatial_inversion,True
ood_count_000044_q01,ood_count_000044,images/ood_count/ood_count_000044.png,How many objects are left of the blue triangle?,7,counting,2,ood_count,count,"{'anchor': 'obj_8', 'relation': 'left'}","```json
{""answer"": ""3""}
```",7,3,False,0.6238304239998342,counting_error,True
ood_count_000044_q02,ood_count_000044,images/ood_count/ood_count_000044.png,Which object is both right of the red circle and above the blue triangle?,yellow circle,multi_hop,4,ood_count,count,"{'anchors': ['obj_6', 'obj_8'], 'target': 'obj_7', 'relations': ['right of', 'above']}","```json
{""answer"": ""yellow circle""}
```",yellow circle,yellow circle,True,0.6780999339998743,,False
ood_count_000044_q03,ood_count_000044,images/ood_count/ood_count_000044.png,Which object is immediately left of the yellow circle?,blue triangle,left_right,2,ood_count,count,"{'anchor': 'obj_7', 'target': 'obj_8', 'relation': 'left'}","```json
{""answer"": ""red circle""}
```",blue triangle,red circle,False,0.6667292340000586,spatial_inversion,True
ood_count_000044_q04,ood_count_000044,images/ood_count/ood_count_000044.png,"Which object is larger, the yellow rectangle or the blue triangle?",blue triangle,relative_size,2,ood_count,count,"{'objects': ['obj_2', 'obj_8'], 'target': 'obj_8', 'relation': 'larger'}","```json
{""answer"": ""yellow rectangle""}
```",blue triangle,yellow rectangle,False,0.6670658199998343,object_confusion,True
ood_count_000045_q01,ood_count_000045,images/ood_count/ood_count_000045.png,Which object is the bottommost in the image?,red circle,relative_ordering,2,ood_count,count,"{'target': 'obj_1', 'relation': 'bottommost'}","```json
{""answer"": ""red circle""}
```",red circle,red circle,True,0.6645715260001452,,False
ood_count_000045_q02,ood_count_000045,images/ood_count/ood_count_000045.png,Is the red circle completely inside the yellow circle? Answer yes or no.,no,inside_outside,2,ood_count,count,"{'objects': ['obj_1', 'obj_4'], 'relation': 'inside'}","{""answer"": ""no""}",no,no,True,0.41561365100005787,,False
ood_count_000045_q03,ood_count_000045,images/ood_count/ood_count_000045.png,How many blue objects are in the image?,2,counting,1,ood_count,count,{'filter': {'color': 'blue'}},"```json
{""answer"": ""2""}
```",2,2,True,0.6119754050000665,,False
ood_count_000045_q04,ood_count_000045,images/ood_count/ood_count_000045.png,Do the yellow circle and the green rectangle overlap? Answer yes or no.,no,overlap,2,ood_count,count,"{'objects': ['obj_4', 'obj_5'], 'relation': 'overlap'}","{""answer"": ""no""}",no,no,True,0.41603798500000266,,False
ood_count_000046_q01,ood_count_000046,images/ood_count/ood_count_000046.png,How many objects are above the yellow rectangle?,2,counting,2,ood_count,count,"{'anchor': 'obj_1', 'relation': 'above'}","```json
{""answer"": ""3""}
```",2,3,False,0.6142372150000028,counting_error,True
ood_count_000046_q02,ood_count_000046,images/ood_count/ood_count_000046.png,Which object is immediately above the blue circle?,green triangle,above_below,2,ood_count,count,"{'anchor': 'obj_7', 'target': 'obj_2', 'relation': 'above'}","```json
{""answer"": ""triangle""}
```",green triangle,triangle,False,0.6162045759999728,spatial_inversion,True
ood_count_000046_q03,ood_count_000046,images/ood_count/ood_count_000046.png,"Which object is larger, the yellow triangle or the green triangle?",green triangle,relative_size,2,ood_count,count,"{'objects': ['obj_4', 'obj_2'], 'target': 'obj_2', 'relation': 'larger'}","```json
{""answer"": ""yellow triangle""}
```",green triangle,yellow triangle,False,0.6691189400000894,object_confusion,True
ood_count_000046_q04,ood_count_000046,images/ood_count/ood_count_000046.png,Which object is both below the red triangle and right of the yellow rectangle?,blue triangle,multi_hop,4,ood_count,count,"{'anchors': ['obj_5', 'obj_1'], 'target': 'obj_6', 'relations': ['below', 'right of']}","```json
{""answer"": ""blue square""}
```",blue triangle,blue square,False,0.6662479789999907,relation_chain_failure,True
ood_count_000047_q01,ood_count_000047,images/ood_count/ood_count_000047.png,Which object is immediately right of the red rectangle?,yellow rectangle,left_right,2,ood_count,count,"{'anchor': 'obj_4', 'target': 'obj_2', 'relation': 'right'}","```json
{""answer"": ""square""}
```",yellow rectangle,square,False,0.6186665499999435,spatial_inversion,True
ood_count_000047_q02,ood_count_000047,images/ood_count/ood_count_000047.png,Is the green rectangle completely inside the yellow triangle? Answer yes or no.,no,inside_outside,2,ood_count,count,"{'objects': ['obj_6', 'obj_7'], 'relation': 'inside'}","{""answer"": ""no""}",no,no,True,0.4179735249999794,,False
ood_count_000047_q03,ood_count_000047,images/ood_count/ood_count_000047.png,"Which object is closer to the center of the image, the yellow triangle or the green rectangle?",yellow triangle,center_proximity,2,ood_count,count,"{'objects': ['obj_7', 'obj_6'], 'target': 'obj_7', 'relation': 'center_proximity'}","```json
{""answer"": ""green rectangle""}
```",yellow triangle,green rectangle,False,0.6643464320000021,distance_reasoning_error,True
ood_count_000047_q04,ood_count_000047,images/ood_count/ood_count_000047.png,Which object is both below the yellow rectangle and above the yellow triangle?,yellow circle,multi_hop,4,ood_count,count,"{'anchors': ['obj_2', 'obj_7'], 'target': 'obj_1', 'relations': ['below', 'above']}","```json
{""answer"": ""green square""}
```",yellow circle,green square,False,0.6582691329999761,relation_chain_failure,True
ood_count_000048_q01,ood_count_000048,images/ood_count/ood_count_000048.png,Which object is the rightmost in the image?,blue triangle,relative_ordering,2,ood_count,count,"{'target': 'obj_5', 'relation': 'rightmost'}","```json
{""answer"": ""triangle""}
```",blue triangle,triangle,False,0.6079494949999571,spatial_inversion,True
ood_count_000048_q02,ood_count_000048,images/ood_count/ood_count_000048.png,Which object is immediately below the green rectangle?,green triangle,above_below,2,ood_count,count,"{'anchor': 'obj_3', 'target': 'obj_8', 'relation': 'below'}","```json
{""answer"": ""blue circle""}
```",green triangle,blue circle,False,0.6816030229999797,spatial_inversion,True
ood_count_000048_q03,ood_count_000048,images/ood_count/ood_count_000048.png,Do the blue circle and the green circle overlap? Answer yes or no.,no,overlap,2,ood_count,count,"{'objects': ['obj_4', 'obj_6'], 'relation': 'overlap'}","{""answer"": ""no""}",no,no,True,0.42271848099994713,,False
ood_count_000048_q04,ood_count_000048,images/ood_count/ood_count_000048.png,"Which object is closer to the center of the image, the green circle or the blue triangle?",green circle,center_proximity,2,ood_count,count,"{'objects': ['obj_6', 'obj_5'], 'target': 'obj_6', 'relation': 'center_proximity'}","```json
{""answer"": ""blue triangle""}
```",green circle,blue triangle,False,0.6763058070000625,distance_reasoning_error,True
ood_count_000049_q01,ood_count_000049,images/ood_count/ood_count_000049.png,Which object is both right of the yellow rectangle and above the green triangle?,yellow triangle,multi_hop,4,ood_count,count,"{'anchors': ['obj_6', 'obj_5'], 'target': 'obj_3', 'relations': ['right of', 'above']}","```json
{""answer"": ""yellow rectangle""}
```",yellow triangle,yellow rectangle,False,0.6705106480001177,relation_chain_failure,True
ood_count_000049_q02,ood_count_000049,images/ood_count/ood_count_000049.png,"Which object is closer to the center of the image, the yellow circle or the red triangle?",red triangle,center_proximity,2,ood_count,count,"{'objects': ['obj_2', 'obj_1'], 'target': 'obj_1', 'relation': 'center_proximity'}","```json
{""answer"": ""yellow circle""}
```",red triangle,yellow circle,False,0.6731145310000102,distance_reasoning_error,True
ood_count_000049_q03,ood_count_000049,images/ood_count/ood_count_000049.png,Which object is farthest from the yellow rectangle?,yellow circle,nearest_farthest,2,ood_count,count,"{'anchor': 'obj_6', 'target': 'obj_2', 'relation': 'farthest'}","```json
{""answer"": ""triangle""}
```",yellow circle,triangle,False,0.6107562899999266,distance_reasoning_error,True
ood_count_000049_q04,ood_count_000049,images/ood_count/ood_count_000049.png,Which object is the leftmost in the image?,yellow circle,relative_ordering,2,ood_count,count,"{'target': 'obj_2', 'relation': 'leftmost'}","```json
{""answer"": ""circle""}
```",yellow circle,circle,False,0.6138822180000716,spatial_inversion,True
ood_background_000000_q01,ood_background_000000,images/ood_background/ood_background_000000.png,Which object is both right of the red circle and left of the yellow rectangle?,red rectangle,multi_hop,4,ood_background,background,"{'anchors': ['obj_2', 'obj_3'], 'target': 'obj_1', 'relations': ['right of', 'left of']}","```json
{""answer"": ""red square""}
```",red rectangle,red square,False,0.6646585589999177,relation_chain_failure,True
ood_background_000000_q02,ood_background_000000,images/ood_background/ood_background_000000.png,Which object is between the green rectangle and the yellow rectangle?,red circle,between,3,ood_background,background,"{'objects': ['obj_4', 'obj_3'], 'target': 'obj_2', 'relation': 'between'}","```json
{""answer"": ""red circle""}
```",red circle,red circle,True,0.6683060699999714,,False
ood_background_000000_q03,ood_background_000000,images/ood_background/ood_background_000000.png,Which object is farthest from the red rectangle?,yellow rectangle,nearest_farthest,2,ood_background,background,"{'anchor': 'obj_1', 'target': 'obj_3', 'relation': 'farthest'}","```json
{""answer"": ""blue square""}
```",yellow rectangle,blue square,False,0.6685315750000882,distance_reasoning_error,True
ood_background_000000_q04,ood_background_000000,images/ood_background/ood_background_000000.png,Do the green rectangle and the blue rectangle overlap? Answer yes or no.,yes,overlap,2,ood_background,background,"{'objects': ['obj_4', 'obj_5'], 'relation': 'overlap'}","{""answer"": ""yes""}",yes,yes,True,0.41639146399984384,,False
ood_background_000001_q01,ood_background_000001,images/ood_background/ood_background_000001.png,Which object is both right of the green circle and left of the blue triangle?,green rectangle,multi_hop,4,ood_background,background,"{'anchors': ['obj_4', 'obj_3'], 'target': 'obj_2', 'relations': ['right of', 'left of']}","```json
{""answer"": ""square""}
```",green rectangle,square,False,0.6167180689999441,relation_chain_failure,True
ood_background_000001_q02,ood_background_000001,images/ood_background/ood_background_000001.png,Do the blue triangle and the green circle overlap? Answer yes or no.,no,overlap,2,ood_background,background,"{'objects': ['obj_3', 'obj_4'], 'relation': 'overlap'}","{""answer"": ""no""}",no,no,True,0.41800544900002023,,False
ood_background_000001_q03,ood_background_000001,images/ood_background/ood_background_000001.png,Which object is the rightmost in the image?,blue triangle,relative_ordering,2,ood_background,background,"{'target': 'obj_3', 'relation': 'rightmost'}","```json
{""answer"": ""triangle""}
```",blue triangle,triangle,False,0.6149978109999665,spatial_inversion,True
ood_background_000001_q04,ood_background_000001,images/ood_background/ood_background_000001.png,"Which object is closer to the center of the image, the green rectangle or the green circle?",green rectangle,center_proximity,2,ood_background,background,"{'objects': ['obj_2', 'obj_4'], 'target': 'obj_2', 'relation': 'center_proximity'}","```json
{""answer"": ""green circle""}
```",green rectangle,green circle,False,0.668830909999997,distance_reasoning_error,True
ood_background_000002_q01,ood_background_000002,images/ood_background/ood_background_000002.png,Which object is the topmost in the image?,yellow circle,relative_ordering,2,ood_background,background,"{'target': 'obj_3', 'relation': 'topmost'}","```json
{""answer"": ""circle""}
```",yellow circle,circle,False,0.6154343119999339,spatial_inversion,True
ood_background_000002_q02,ood_background_000002,images/ood_background/ood_background_000002.png,Is the yellow circle completely inside the green triangle? Answer yes or no.,no,inside_outside,2,ood_background,background,"{'objects': ['obj_3', 'obj_2'], 'relation': 'inside'}","{""answer"": ""no""}",no,no,True,0.4338083479999568,,False
ood_background_000002_q03,ood_background_000002,images/ood_background/ood_background_000002.png,Do the green triangle and the yellow circle overlap? Answer yes or no.,no,overlap,2,ood_background,background,"{'objects': ['obj_2', 'obj_3'], 'relation': 'overlap'}","{""answer"": ""no""}",no,no,True,0.41467441199984023,,False
ood_background_000002_q04,ood_background_000002,images/ood_background/ood_background_000002.png,"Which object is smaller, the green circle or the green triangle?",green triangle,relative_size,2,ood_background,background,"{'objects': ['obj_1', 'obj_2'], 'target': 'obj_2', 'relation': 'smaller'}","```json
{""answer"": ""green triangle""}
```",green triangle,green triangle,True,0.6651302089999263,,False
ood_background_000003_q01,ood_background_000003,images/ood_background/ood_background_000003.png,Which object is the topmost in the image?,blue circle,relative_ordering,2,ood_background,background,"{'target': 'obj_2', 'relation': 'topmost'}","```json
{""answer"": ""blue circle""}
```",blue circle,blue circle,True,0.6660255439999219,,False
ood_background_000003_q02,ood_background_000003,images/ood_background/ood_background_000003.png,Which object is nearest from the blue triangle?,blue circle,nearest_farthest,2,ood_background,background,"{'anchor': 'obj_4', 'target': 'obj_2', 'relation': 'nearest'}","```json
{""answer"": ""blue circle""}
```",blue circle,blue circle,True,0.668806714000084,,False
ood_background_000003_q03,ood_background_000003,images/ood_background/ood_background_000003.png,Is the yellow circle completely inside the yellow triangle? Answer yes or no.,no,inside_outside,2,ood_background,background,"{'objects': ['obj_1', 'obj_3'], 'relation': 'inside'}","{""answer"": ""no""}",no,no,True,0.42415701699997044,,False
ood_background_000003_q04,ood_background_000003,images/ood_background/ood_background_000003.png,How many circle objects are in the image?,3,counting,1,ood_background,background,{'filter': {'shape': 'circle'}},"```json
{""answer"": ""2""}
```",3,2,False,0.6268100790000517,counting_error,True
ood_background_000004_q01,ood_background_000004,images/ood_background/ood_background_000004.png,Which object is the rightmost in the image?,green triangle,relative_ordering,2,ood_background,background,"{'target': 'obj_1', 'relation': 'rightmost'}","```json
{""answer"": ""triangle""}
```",green triangle,triangle,False,0.6304926400000568,spatial_inversion,True
ood_background_000004_q02,ood_background_000004,images/ood_background/ood_background_000004.png,"Which object is closer to the center of the image, the green circle or the red rectangle?",green circle,center_proximity,2,ood_background,background,"{'objects': ['obj_5', 'obj_3'], 'target': 'obj_5', 'relation': 'center_proximity'}","```json
{""answer"": ""red rectangle""}
```",green circle,red rectangle,False,0.676741082000035,distance_reasoning_error,True
ood_background_000004_q03,ood_background_000004,images/ood_background/ood_background_000004.png,"Which object is smaller, the green circle or the red rectangle?",red rectangle,relative_size,2,ood_background,background,"{'objects': ['obj_5', 'obj_3'], 'target': 'obj_3', 'relation': 'smaller'}","```json
{""answer"": ""green circle""}
```",red rectangle,green circle,False,0.6687464770000133,object_confusion,True
ood_background_000004_q04,ood_background_000004,images/ood_background/ood_background_000004.png,Is the red rectangle completely inside the green circle? Answer yes or no.,no,inside_outside,2,ood_background,background,"{'objects': ['obj_3', 'obj_5'], 'relation': 'inside'}","{""answer"": ""no""}",no,no,True,0.420445127999983,,False
ood_background_000005_q01,ood_background_000005,images/ood_background/ood_background_000005.png,Is the yellow rectangle completely inside the red circle? Answer yes or no.,no,inside_outside,2,ood_background,background,"{'objects': ['obj_1', 'obj_2'], 'relation': 'inside'}","{""answer"": ""no""}",no,no,True,0.4214143100000456,,False
ood_background_000005_q02,ood_background_000005,images/ood_background/ood_background_000005.png,Which object is immediately left of the red circle?,yellow rectangle,left_right,2,ood_background,background,"{'anchor': 'obj_2', 'target': 'obj_1', 'relation': 'left'}","```json
{""answer"": ""square""}
```",yellow rectangle,square,False,0.617690433000007,spatial_inversion,True
ood_background_000005_q03,ood_background_000005,images/ood_background/ood_background_000005.png,Do the green rectangle and the yellow circle overlap? Answer yes or no.,no,overlap,2,ood_background,background,"{'objects': ['obj_3', 'obj_4'], 'relation': 'overlap'}","{""answer"": ""no""}",no,no,True,0.41640409499996167,,False
ood_background_000005_q04,ood_background_000005,images/ood_background/ood_background_000005.png,Which object is the leftmost in the image?,yellow rectangle,relative_ordering,2,ood_background,background,"{'target': 'obj_1', 'relation': 'leftmost'}","```json
{""answer"": ""square""}
```",yellow rectangle,square,False,0.6289231550001659,spatial_inversion,True
ood_background_000006_q01,ood_background_000006,images/ood_background/ood_background_000006.png,"Which object is larger, the green rectangle or the blue triangle?",green rectangle,relative_size,2,ood_background,background,"{'objects': ['obj_5', 'obj_1'], 'target': 'obj_5', 'relation': 'larger'}","```json
{""answer"": ""green rectangle""}
```",green rectangle,green rectangle,True,0.6682760159999361,,False
ood_background_000006_q02,ood_background_000006,images/ood_background/ood_background_000006.png,Which object is farthest from the blue triangle?,green rectangle,nearest_farthest,2,ood_background,background,"{'anchor': 'obj_1', 'target': 'obj_5', 'relation': 'farthest'}","```json
{""answer"": ""square""}
```",green rectangle,square,False,0.6202404690000094,distance_reasoning_error,True
ood_background_000006_q03,ood_background_000006,images/ood_background/ood_background_000006.png,Is the blue triangle completely inside the yellow circle? Answer yes or no.,no,inside_outside,2,ood_background,background,"{'objects': ['obj_1', 'obj_4'], 'relation': 'inside'}","{""answer"": ""no""}",no,no,True,0.4168175480001537,,False
ood_background_000006_q04,ood_background_000006,images/ood_background/ood_background_000006.png,How many rectangle objects are in the image?,3,counting,1,ood_background,background,{'filter': {'shape': 'rectangle'}},"```json
{""answer"": ""1""}
```",3,1,False,0.6229654100000062,counting_error,True
ood_background_000007_q01,ood_background_000007,images/ood_background/ood_background_000007.png,"Which object is closer to the center of the image, the yellow triangle or the yellow circle?",yellow triangle,center_proximity,2,ood_background,background,"{'objects': ['obj_3', 'obj_4'], 'target': 'obj_3', 'relation': 'center_proximity'}","```json
{""answer"": ""yellow circle""}
```",yellow triangle,yellow circle,False,0.6639140300001145,distance_reasoning_error,True
ood_background_000007_q02,ood_background_000007,images/ood_background/ood_background_000007.png,Which object is both above the blue circle and left of the green rectangle?,yellow circle,multi_hop,4,ood_background,background,"{'anchors': ['obj_2', 'obj_1'], 'target': 'obj_4', 'relations': ['above', 'left of']}","```json
{""answer"": ""triangle""}
```",yellow circle,triangle,False,0.6118368890001875,relation_chain_failure,True
ood_background_000007_q03,ood_background_000007,images/ood_background/ood_background_000007.png,Which object is the rightmost in the image?,yellow triangle,relative_ordering,2,ood_background,background,"{'target': 'obj_3', 'relation': 'rightmost'}","```json
{""answer"": ""triangle""}
```",yellow triangle,triangle,False,0.6111855670001205,spatial_inversion,True
ood_background_000007_q04,ood_background_000007,images/ood_background/ood_background_000007.png,"Which object is larger, the yellow circle or the green rectangle?",green rectangle,relative_size,2,ood_background,background,"{'objects': ['obj_4', 'obj_1'], 'target': 'obj_1', 'relation': 'larger'}","```json
{""answer"": ""green rectangle""}
```",green rectangle,green rectangle,True,0.6623758929999894,,False
ood_background_000008_q01,ood_background_000008,images/ood_background/ood_background_000008.png,Do the yellow triangle and the yellow rectangle overlap? Answer yes or no.,no,overlap,2,ood_background,background,"{'objects': ['obj_2', 'obj_3'], 'relation': 'overlap'}","{""answer"": ""no""}",no,no,True,0.4131875840000703,,False
ood_background_000008_q02,ood_background_000008,images/ood_background/ood_background_000008.png,Is the yellow triangle completely inside the yellow circle? Answer yes or no.,no,inside_outside,2,ood_background,background,"{'objects': ['obj_2', 'obj_4'], 'relation': 'inside'}","{""answer"": ""no""}",no,no,True,0.41443528899981175,,False
ood_background_000008_q03,ood_background_000008,images/ood_background/ood_background_000008.png,Which object is immediately left of the yellow circle?,green rectangle,left_right,2,ood_background,background,"{'anchor': 'obj_4', 'target': 'obj_1', 'relation': 'left'}","```json
{""answer"": ""square""}
```",green rectangle,square,False,0.6164225130000887,spatial_inversion,True
ood_background_000008_q04,ood_background_000008,images/ood_background/ood_background_000008.png,"Which object is larger, the green rectangle or the yellow triangle?",yellow triangle,relative_size,2,ood_background,background,"{'objects': ['obj_1', 'obj_2'], 'target': 'obj_2', 'relation': 'larger'}","```json
{""answer"": ""yellow triangle""}
```",yellow triangle,yellow triangle,True,0.6719334849999541,,False
ood_background_000009_q01,ood_background_000009,images/ood_background/ood_background_000009.png,"Which object is smaller, the green rectangle or the red circle?",green rectangle,relative_size,2,ood_background,background,"{'objects': ['obj_3', 'obj_2'], 'target': 'obj_3', 'relation': 'smaller'}","```json
{""answer"": ""green rectangle""}
```",green rectangle,green rectangle,True,0.6693586880001021,,False
ood_background_000009_q02,ood_background_000009,images/ood_background/ood_background_000009.png,How many objects are left of the red circle?,3,counting,2,ood_background,background,"{'anchor': 'obj_2', 'relation': 'left'}","```json
{""answer"": ""3""}
```",3,3,True,0.6251541219999126,,False
ood_background_000009_q03,ood_background_000009,images/ood_background/ood_background_000009.png,Which object is both left of the blue rectangle and right of the green rectangle?,red circle,multi_hop,4,ood_background,background,"{'anchors': ['obj_1', 'obj_3'], 'target': 'obj_2', 'relations': ['left of', 'right of']}","```json
{""answer"": ""red circle""}
```",red circle,red circle,True,0.6644993999998405,,False
ood_background_000009_q04,ood_background_000009,images/ood_background/ood_background_000009.png,Which object is immediately right of the blue circle?,yellow circle,left_right,2,ood_background,background,"{'anchor': 'obj_4', 'target': 'obj_5', 'relation': 'right'}","```json
{""answer"": ""red circle""}
```",yellow circle,red circle,False,0.6658115689999704,spatial_inversion,True
ood_background_000010_q01,ood_background_000010,images/ood_background/ood_background_000010.png,Which object is both right of the yellow circle and left of the red circle?,yellow rectangle,multi_hop,4,ood_background,background,"{'anchors': ['obj_1', 'obj_2'], 'target': 'obj_3', 'relations': ['right of', 'left of']}","```json
{""answer"": ""red circle""}
```",yellow rectangle,red circle,False,0.6645842870000251,relation_chain_failure,True
ood_background_000010_q02,ood_background_000010,images/ood_background/ood_background_000010.png,Do the yellow circle and the yellow rectangle overlap? Answer yes or no.,no,overlap,2,ood_background,background,"{'objects': ['obj_1', 'obj_3'], 'relation': 'overlap'}","{""answer"": ""no""}",no,no,True,0.4151752939999369,,False
ood_background_000010_q03,ood_background_000010,images/ood_background/ood_background_000010.png,Which object is the bottommost in the image?,yellow rectangle,relative_ordering,2,ood_background,background,"{'target': 'obj_3', 'relation': 'bottommost'}","```json
{""answer"": ""square""}
```",yellow rectangle,square,False,0.6147358979999353,spatial_inversion,True
ood_background_000010_q04,ood_background_000010,images/ood_background/ood_background_000010.png,Which object is immediately right of the yellow rectangle?,red circle,left_right,2,ood_background,background,"{'anchor': 'obj_3', 'target': 'obj_2', 'relation': 'right'}","```json
{""answer"": ""red circle""}
```",red circle,red circle,True,0.663387787999909,,False
ood_background_000011_q01,ood_background_000011,images/ood_background/ood_background_000011.png,Which object is the topmost in the image?,yellow triangle,relative_ordering,2,ood_background,background,"{'target': 'obj_2', 'relation': 'topmost'}","```json
{""answer"": ""triangle""}
```",yellow triangle,triangle,False,0.6136304280000786,spatial_inversion,True
ood_background_000011_q02,ood_background_000011,images/ood_background/ood_background_000011.png,Is the yellow rectangle completely inside the red rectangle? Answer yes or no.,no,inside_outside,2,ood_background,background,"{'objects': ['obj_5', 'obj_3'], 'relation': 'inside'}","{""answer"": ""no""}",no,no,True,0.4161287770000399,,False
ood_background_000011_q03,ood_background_000011,images/ood_background/ood_background_000011.png,Do the red triangle and the yellow rectangle overlap? Answer yes or no.,yes,overlap,2,ood_background,background,"{'objects': ['obj_4', 'obj_5'], 'relation': 'overlap'}","{""answer"": ""no""}",yes,no,False,0.41760457600003065,relation_error,True
ood_background_000011_q04,ood_background_000011,images/ood_background/ood_background_000011.png,"Which object is smaller, the blue rectangle or the red rectangle?",red rectangle,relative_size,2,ood_background,background,"{'objects': ['obj_1', 'obj_3'], 'target': 'obj_3', 'relation': 'smaller'}","```json
{""answer"": ""blue rectangle""}
```",red rectangle,blue rectangle,False,0.6657899239999097,object_confusion,True
ood_background_000012_q01,ood_background_000012,images/ood_background/ood_background_000012.png,Which object is the topmost in the image?,green circle,relative_ordering,2,ood_background,background,"{'target': 'obj_2', 'relation': 'topmost'}","```json
{""answer"": ""circle""}
```",green circle,circle,False,0.6171226909998495,spatial_inversion,True
ood_background_000012_q02,ood_background_000012,images/ood_background/ood_background_000012.png,Which object is nearest from the blue circle?,yellow triangle,nearest_farthest,2,ood_background,background,"{'anchor': 'obj_4', 'target': 'obj_3', 'relation': 'nearest'}","```json
{""answer"": ""triangle""}
```",yellow triangle,triangle,False,0.61658641300005,distance_reasoning_error,True
ood_background_000012_q03,ood_background_000012,images/ood_background/ood_background_000012.png,Is the yellow circle completely inside the yellow triangle? Answer yes or no.,no,inside_outside,2,ood_background,background,"{'objects': ['obj_1', 'obj_3'], 'relation': 'inside'}","{""answer"": ""no""}",no,no,True,0.41600963799987767,,False
ood_background_000012_q04,ood_background_000012,images/ood_background/ood_background_000012.png,How many objects are above the green circle?,0,counting,2,ood_background,background,"{'anchor': 'obj_2', 'relation': 'above'}","```json
{""answer"": ""2""}
```",0,2,False,0.6153858690001925,counting_error,True
ood_background_000013_q01,ood_background_000013,images/ood_background/ood_background_000013.png,Which object is the rightmost in the image?,green circle,relative_ordering,2,ood_background,background,"{'target': 'obj_4', 'relation': 'rightmost'}","```json
{""answer"": ""circle""}
```",green circle,circle,False,0.6145468400000027,spatial_inversion,True
ood_background_000013_q02,ood_background_000013,images/ood_background/ood_background_000013.png,"Which object is closer to the center of the image, the yellow rectangle or the red triangle?",red triangle,center_proximity,2,ood_background,background,"{'objects': ['obj_5', 'obj_3'], 'target': 'obj_3', 'relation': 'center_proximity'}","```json
{""answer"": ""red triangle""}
```",red triangle,red triangle,True,0.6661195110000335,,False
ood_background_000013_q03,ood_background_000013,images/ood_background/ood_background_000013.png,"Which object is smaller, the yellow rectangle or the red triangle?",yellow rectangle,relative_size,2,ood_background,background,"{'objects': ['obj_5', 'obj_3'], 'target': 'obj_5', 'relation': 'smaller'}","```json
{""answer"": ""red triangle""}
```",yellow rectangle,red triangle,False,0.6792876889999206,object_confusion,True
ood_background_000013_q04,ood_background_000013,images/ood_background/ood_background_000013.png,Which object is immediately below the red triangle?,red circle,above_below,2,ood_background,background,"{'anchor': 'obj_3', 'target': 'obj_2', 'relation': 'below'}","```json
{""answer"": ""circle""}
```",red circle,circle,False,0.6233370659999764,spatial_inversion,True
ood_background_000014_q01,ood_background_000014,images/ood_background/ood_background_000014.png,Is the yellow circle completely inside the blue triangle? Answer yes or no.,no,inside_outside,2,ood_background,background,"{'objects': ['obj_1', 'obj_2'], 'relation': 'inside'}","{""answer"": ""no""}",no,no,True,0.42734598300012294,,False
ood_background_000014_q02,ood_background_000014,images/ood_background/ood_background_000014.png,Do the red rectangle and the red circle overlap? Answer yes or no.,no,overlap,2,ood_background,background,"{'objects': ['obj_3', 'obj_4'], 'relation': 'overlap'}","{""answer"": ""no""}",no,no,True,0.4201597729997957,,False
ood_background_000014_q03,ood_background_000014,images/ood_background/ood_background_000014.png,Which object is the leftmost in the image?,blue triangle,relative_ordering,2,ood_background,background,"{'target': 'obj_2', 'relation': 'leftmost'}","```json
{""answer"": ""triangle""}
```",blue triangle,triangle,False,0.61529678099987,spatial_inversion,True
ood_background_000014_q04,ood_background_000014,images/ood_background/ood_background_000014.png,Which object is between the blue triangle and the red rectangle?,yellow circle,between,3,ood_background,background,"{'objects': ['obj_2', 'obj_3'], 'target': 'obj_1', 'relation': 'between'}","```json
{""answer"": ""yellow circle""}
```",yellow circle,yellow circle,True,0.6668480069999987,,False
ood_background_000015_q01,ood_background_000015,images/ood_background/ood_background_000015.png,"Which object is larger, the red rectangle or the yellow circle?",red rectangle,relative_size,2,ood_background,background,"{'objects': ['obj_1', 'obj_4'], 'target': 'obj_1', 'relation': 'larger'}","```json
{""answer"": ""red rectangle""}
```",red rectangle,red rectangle,True,0.664673639999819,,False
ood_background_000015_q02,ood_background_000015,images/ood_background/ood_background_000015.png,Which object is nearest from the yellow circle?,blue triangle,nearest_farthest,2,ood_background,background,"{'anchor': 'obj_4', 'target': 'obj_2', 'relation': 'nearest'}","```json
{""answer"": ""triangle""}
```",blue triangle,triangle,False,0.6244910109999182,distance_reasoning_error,True
ood_background_000015_q03,ood_background_000015,images/ood_background/ood_background_000015.png,Is the yellow circle completely inside the red rectangle? Answer yes or no.,no,inside_outside,2,ood_background,background,"{'objects': ['obj_4', 'obj_1'], 'relation': 'inside'}","{""answer"": ""no""}",no,no,True,0.4214521879998756,,False
ood_background_000015_q04,ood_background_000015,images/ood_background/ood_background_000015.png,How many objects are left of the red rectangle?,0,counting,2,ood_background,background,"{'anchor': 'obj_1', 'relation': 'left'}","```json
{""answer"": ""1""}
```",0,1,False,0.6168769460000476,counting_error,True
ood_background_000016_q01,ood_background_000016,images/ood_background/ood_background_000016.png,"Which object is closer to the center of the image, the blue rectangle or the red circle?",red circle,center_proximity,2,ood_background,background,"{'objects': ['obj_3', 'obj_4'], 'target': 'obj_4', 'relation': 'center_proximity'}","```json
{""answer"": ""blue rectangle""}
```",red circle,blue rectangle,False,0.6698137359999237,distance_reasoning_error,True
ood_background_000016_q02,ood_background_000016,images/ood_background/ood_background_000016.png,Which object is both above the red circle and right of the blue rectangle?,yellow circle,multi_hop,4,ood_background,background,"{'anchors': ['obj_4', 'obj_3'], 'target': 'obj_1', 'relations': ['above', 'right of']}","```json
{""answer"": ""yellow circle""}
```",yellow circle,yellow circle,True,0.6669517749999159,,False
ood_background_000016_q03,ood_background_000016,images/ood_background/ood_background_000016.png,Which object is the topmost in the image?,yellow circle,relative_ordering,2,ood_background,background,"{'target': 'obj_1', 'relation': 'topmost'}","```json
{""answer"": ""red circle""}
```",yellow circle,red circle,False,0.665103068999997,spatial_inversion,True
ood_background_000016_q04,ood_background_000016,images/ood_background/ood_background_000016.png,"Which object is larger, the blue rectangle or the red circle?",blue rectangle,relative_size,2,ood_background,background,"{'objects': ['obj_3', 'obj_4'], 'target': 'obj_3', 'relation': 'larger'}","```json
{""answer"": ""blue rectangle""}
```",blue rectangle,blue rectangle,True,0.668844412999988,,False
ood_background_000017_q01,ood_background_000017,images/ood_background/ood_background_000017.png,Do the yellow circle and the blue rectangle overlap? Answer yes or no.,no,overlap,2,ood_background,background,"{'objects': ['obj_2', 'obj_3'], 'relation': 'overlap'}","{""answer"": ""no""}",no,no,True,0.4167940099998759,,False
ood_background_000017_q02,ood_background_000017,images/ood_background/ood_background_000017.png,Is the yellow circle completely inside the blue triangle? Answer yes or no.,no,inside_outside,2,ood_background,background,"{'objects': ['obj_2', 'obj_4'], 'relation': 'inside'}","{""answer"": ""no""}",no,no,True,0.4165482560001692,,False
ood_background_000017_q03,ood_background_000017,images/ood_background/ood_background_000017.png,Which object is immediately left of the blue triangle?,blue circle,left_right,2,ood_background,background,"{'anchor': 'obj_4', 'target': 'obj_1', 'relation': 'left'}","```json
{""answer"": ""circle""}
```",blue circle,circle,False,0.6229980809998779,spatial_inversion,True
ood_background_000017_q04,ood_background_000017,images/ood_background/ood_background_000017.png,"Which object is larger, the blue circle or the yellow circle?",yellow circle,relative_size,2,ood_background,background,"{'objects': ['obj_1', 'obj_2'], 'target': 'obj_2', 'relation': 'larger'}","```json
{""answer"": ""yellow circle""}
```",yellow circle,yellow circle,True,0.6726904240001659,,False
ood_background_000018_q01,ood_background_000018,images/ood_background/ood_background_000018.png,"Which object is smaller, the yellow rectangle or the green triangle?",green triangle,relative_size,2,ood_background,background,"{'objects': ['obj_3', 'obj_2'], 'target': 'obj_2', 'relation': 'smaller'}","```json
{""answer"": ""green triangle""}
```",green triangle,green triangle,True,0.6579986360000021,,False
ood_background_000018_q02,ood_background_000018,images/ood_background/ood_background_000018.png,How many objects are left of the green triangle?,4,counting,2,ood_background,background,"{'anchor': 'obj_2', 'relation': 'left'}","```json
{""answer"": ""3""}
```",4,3,False,0.6182299360000343,counting_error,True
ood_background_000018_q03,ood_background_000018,images/ood_background/ood_background_000018.png,Which object is both above the blue triangle and left of the green rectangle?,yellow rectangle,multi_hop,4,ood_background,background,"{'anchors': ['obj_4', 'obj_5'], 'target': 'obj_3', 'relations': ['above', 'left of']}","```json
{""answer"": ""square""}
```",yellow rectangle,square,False,0.6290927659999852,relation_chain_failure,True
ood_background_000018_q04,ood_background_000018,images/ood_background/ood_background_000018.png,Which object is immediately left of the green triangle?,blue triangle,left_right,2,ood_background,background,"{'anchor': 'obj_2', 'target': 'obj_4', 'relation': 'left'}","```json
{""answer"": ""square""}
```",blue triangle,square,False,0.6242122339999696,spatial_inversion,True
ood_background_000019_q01,ood_background_000019,images/ood_background/ood_background_000019.png,Is the green circle completely inside the yellow rectangle? Answer yes or no.,no,inside_outside,2,ood_background,background,"{'objects': ['obj_2', 'obj_4'], 'relation': 'inside'}","{""answer"": ""no""}",no,no,True,0.4278298019999056,,False
ood_background_000019_q02,ood_background_000019,images/ood_background/ood_background_000019.png,How many triangle objects are in the image?,2,counting,1,ood_background,background,{'filter': {'shape': 'triangle'}},"```json
{""answer"": ""1""}
```",2,1,False,0.6200375930000064,counting_error,True
ood_background_000019_q03,ood_background_000019,images/ood_background/ood_background_000019.png,Which object is both right of the green circle and left of the blue triangle?,yellow rectangle,multi_hop,4,ood_background,background,"{'anchors': ['obj_2', 'obj_3'], 'target': 'obj_4', 'relations': ['right of', 'left of']}","```json
{""answer"": ""yellow square""}
```",yellow rectangle,yellow square,False,0.6653969930000585,relation_chain_failure,True
ood_background_000019_q04,ood_background_000019,images/ood_background/ood_background_000019.png,"Which object is larger, the yellow rectangle or the green circle?",yellow rectangle,relative_size,2,ood_background,background,"{'objects': ['obj_4', 'obj_2'], 'target': 'obj_4', 'relation': 'larger'}","```json
{""answer"": ""yellow rectangle""}
```",yellow rectangle,yellow rectangle,True,0.6677445780001108,,False
ood_background_000020_q01,ood_background_000020,images/ood_background/ood_background_000020.png,Which object is the topmost in the image?,green triangle,relative_ordering,2,ood_background,background,"{'target': 'obj_1', 'relation': 'topmost'}","```json
{""answer"": ""triangle""}
```",green triangle,triangle,False,0.6181972700001097,spatial_inversion,True
ood_background_000020_q02,ood_background_000020,images/ood_background/ood_background_000020.png,Is the yellow triangle completely inside the red circle? Answer yes or no.,no,inside_outside,2,ood_background,background,"{'objects': ['obj_5', 'obj_3'], 'relation': 'inside'}","{""answer"": ""no""}",no,no,True,0.41722846400011804,,False
ood_background_000020_q03,ood_background_000020,images/ood_background/ood_background_000020.png,Do the blue rectangle and the yellow triangle overlap? Answer yes or no.,no,overlap,2,ood_background,background,"{'objects': ['obj_4', 'obj_5'], 'relation': 'overlap'}","{""answer"": ""no""}",no,no,True,0.4175769250000485,,False
ood_background_000020_q04,ood_background_000020,images/ood_background/ood_background_000020.png,Which object is between the green triangle and the yellow triangle?,blue circle,between,3,ood_background,background,"{'objects': ['obj_1', 'obj_5'], 'target': 'obj_2', 'relation': 'between'}","```json
{""answer"": ""blue circle""}
```",blue circle,blue circle,True,0.6693897489999472,,False
ood_background_000021_q01,ood_background_000021,images/ood_background/ood_background_000021.png,Which object is the topmost in the image?,yellow circle,relative_ordering,2,ood_background,background,"{'target': 'obj_1', 'relation': 'topmost'}","```json
{""answer"": ""circle""}
```",yellow circle,circle,False,0.6173534660001678,spatial_inversion,True
ood_background_000021_q02,ood_background_000021,images/ood_background/ood_background_000021.png,Which object is nearest from the yellow triangle?,yellow circle,nearest_farthest,2,ood_background,background,"{'anchor': 'obj_2', 'target': 'obj_1', 'relation': 'nearest'}","```json
{""answer"": ""triangle""}
```",yellow circle,triangle,False,0.6208310499998788,distance_reasoning_error,True
ood_background_000021_q03,ood_background_000021,images/ood_background/ood_background_000021.png,Is the red rectangle completely inside the yellow circle? Answer yes or no.,no,inside_outside,2,ood_background,background,"{'objects': ['obj_3', 'obj_1'], 'relation': 'inside'}","{""answer"": ""no""}",no,no,True,0.41926513599992177,,False
ood_background_000021_q04,ood_background_000021,images/ood_background/ood_background_000021.png,How many objects are above the yellow circle?,0,counting,2,ood_background,background,"{'anchor': 'obj_1', 'relation': 'above'}","```json
{""answer"": ""1""}
```",0,1,False,0.621482971999967,counting_error,True
ood_background_000022_q01,ood_background_000022,images/ood_background/ood_background_000022.png,Which object is the rightmost in the image?,yellow rectangle,relative_ordering,2,ood_background,background,"{'target': 'obj_4', 'relation': 'rightmost'}","```json
{""answer"": ""square""}
```",yellow rectangle,square,False,0.6169552900000781,spatial_inversion,True
ood_background_000022_q02,ood_background_000022,images/ood_background/ood_background_000022.png,"Which object is closer to the center of the image, the green circle or the yellow rectangle?",green circle,center_proximity,2,ood_background,background,"{'objects': ['obj_3', 'obj_4'], 'target': 'obj_3', 'relation': 'center_proximity'}","```json
{""answer"": ""green circle""}
```",green circle,green circle,True,0.6692414450001252,,False
ood_background_000022_q03,ood_background_000022,images/ood_background/ood_background_000022.png,"Which object is smaller, the green circle or the green rectangle?",green rectangle,relative_size,2,ood_background,background,"{'objects': ['obj_3', 'obj_2'], 'target': 'obj_2', 'relation': 'smaller'}","```json
{""answer"": ""green rectangle""}
```",green rectangle,green rectangle,True,0.669196318999866,,False
ood_background_000022_q04,ood_background_000022,images/ood_background/ood_background_000022.png,Which object is immediately below the green circle?,yellow rectangle,above_below,2,ood_background,background,"{'anchor': 'obj_3', 'target': 'obj_4', 'relation': 'below'}","```json
{""answer"": ""yellow circle""}
```",yellow rectangle,yellow circle,False,0.6685617829998591,spatial_inversion,True
ood_background_000023_q01,ood_background_000023,images/ood_background/ood_background_000023.png,Is the red rectangle completely inside the blue rectangle? Answer yes or no.,no,inside_outside,2,ood_background,background,"{'objects': ['obj_1', 'obj_2'], 'relation': 'inside'}","{""answer"": ""no""}",no,no,True,0.41711329400004615,,False
ood_background_000023_q02,ood_background_000023,images/ood_background/ood_background_000023.png,Which object is immediately left of the blue rectangle?,blue triangle,left_right,2,ood_background,background,"{'anchor': 'obj_2', 'target': 'obj_4', 'relation': 'left'}","```json
{""answer"": ""red rectangle""}
```",blue triangle,red rectangle,False,0.6721389519998411,spatial_inversion,True
ood_background_000023_q03,ood_background_000023,images/ood_background/ood_background_000023.png,Do the yellow circle and the blue triangle overlap? Answer yes or no.,no,overlap,2,ood_background,background,"{'objects': ['obj_3', 'obj_4'], 'relation': 'overlap'}","{""answer"": ""no""}",no,no,True,0.42386055500014663,,False
ood_background_000023_q04,ood_background_000023,images/ood_background/ood_background_000023.png,Which object is the leftmost in the image?,red rectangle,relative_ordering,2,ood_background,background,"{'target': 'obj_1', 'relation': 'leftmost'}","```json
{""answer"": ""red square""}
```",red rectangle,red square,False,0.6767764539999916,spatial_inversion,True
ood_background_000024_q01,ood_background_000024,images/ood_background/ood_background_000024.png,"Which object is larger, the blue rectangle or the green triangle?",blue rectangle,relative_size,2,ood_background,background,"{'objects': ['obj_3', 'obj_1'], 'target': 'obj_3', 'relation': 'larger'}","```json
{""answer"": ""blue rectangle""}
```",blue rectangle,blue rectangle,True,0.676463670999965,,False
ood_background_000024_q02,ood_background_000024,images/ood_background/ood_background_000024.png,Which object is farthest from the green triangle?,yellow circle,nearest_farthest,2,ood_background,background,"{'anchor': 'obj_1', 'target': 'obj_2', 'relation': 'farthest'}","```json
{""answer"": ""square""}
```",yellow circle,square,False,0.6195973949998006,distance_reasoning_error,True
ood_background_000024_q03,ood_background_000024,images/ood_background/ood_background_000024.png,Is the green triangle completely inside the yellow circle? Answer yes or no.,no,inside_outside,2,ood_background,background,"{'objects': ['obj_1', 'obj_2'], 'relation': 'inside'}","{""answer"": ""no""}",no,no,True,0.41965745699985746,,False
ood_background_000024_q04,ood_background_000024,images/ood_background/ood_background_000024.png,How many rectangle objects are in the image?,1,counting,1,ood_background,background,{'filter': {'shape': 'rectangle'}},"```json
{""answer"": ""1""}
```",1,1,True,0.620084709999901,,False
ood_background_000025_q01,ood_background_000025,images/ood_background/ood_background_000025.png,"Which object is closer to the center of the image, the green rectangle or the blue rectangle?",blue rectangle,center_proximity,2,ood_background,background,"{'objects': ['obj_3', 'obj_2'], 'target': 'obj_2', 'relation': 'center_proximity'}","```json
{""answer"": ""blue rectangle""}
```",blue rectangle,blue rectangle,True,0.6714534010000079,,False
ood_background_000025_q02,ood_background_000025,images/ood_background/ood_background_000025.png,Which object is both below the green rectangle and left of the blue rectangle?,red triangle,multi_hop,4,ood_background,background,"{'anchors': ['obj_3', 'obj_2'], 'target': 'obj_4', 'relations': ['below', 'left of']}","```json
{""answer"": ""triangle""}
```",red triangle,triangle,False,0.6325132639999538,relation_chain_failure,True
ood_background_000025_q03,ood_background_000025,images/ood_background/ood_background_000025.png,Which object is immediately below the blue rectangle?,yellow rectangle,above_below,2,ood_background,background,"{'anchor': 'obj_2', 'target': 'obj_5', 'relation': 'below'}","```json
{""answer"": ""yellow rectangle""}
```",yellow rectangle,yellow rectangle,True,0.668572703000109,,False
ood_background_000025_q04,ood_background_000025,images/ood_background/ood_background_000025.png,Which object is the leftmost in the image?,red triangle,relative_ordering,2,ood_background,background,"{'target': 'obj_4', 'relation': 'leftmost'}","```json
{""answer"": ""triangle""}
```",red triangle,triangle,False,0.6186296549999497,spatial_inversion,True
ood_background_000026_q01,ood_background_000026,images/ood_background/ood_background_000026.png,Do the blue rectangle and the green rectangle overlap? Answer yes or no.,no,overlap,2,ood_background,background,"{'objects': ['obj_2', 'obj_3'], 'relation': 'overlap'}","{""answer"": ""no""}",no,no,True,0.4191369789998589,,False
ood_background_000026_q02,ood_background_000026,images/ood_background/ood_background_000026.png,Is the blue rectangle completely inside the blue circle? Answer yes or no.,no,inside_outside,2,ood_background,background,"{'objects': ['obj_2', 'obj_4'], 'relation': 'inside'}","{""answer"": ""no""}",no,no,True,0.42005760300003203,,False
ood_background_000026_q03,ood_background_000026,images/ood_background/ood_background_000026.png,Which object is immediately left of the blue circle?,blue triangle,left_right,2,ood_background,background,"{'anchor': 'obj_4', 'target': 'obj_1', 'relation': 'left'}","```json
{""answer"": ""triangle""}
```",blue triangle,triangle,False,0.6215619629999765,spatial_inversion,True
ood_background_000026_q04,ood_background_000026,images/ood_background/ood_background_000026.png,"Which object is larger, the blue triangle or the blue rectangle?",blue triangle,relative_size,2,ood_background,background,"{'objects': ['obj_1', 'obj_2'], 'target': 'obj_1', 'relation': 'larger'}","```json
{""answer"": ""blue rectangle""}
```",blue triangle,blue rectangle,False,0.6698548500000925,object_confusion,True
ood_background_000027_q01,ood_background_000027,images/ood_background/ood_background_000027.png,"Which object is smaller, the green triangle or the blue circle?",blue circle,relative_size,2,ood_background,background,"{'objects': ['obj_2', 'obj_1'], 'target': 'obj_1', 'relation': 'smaller'}","```json
{""answer"": ""blue circle""}
```",blue circle,blue circle,True,0.6711470279999503,,False
ood_background_000027_q02,ood_background_000027,images/ood_background/ood_background_000027.png,How many objects are left of the blue rectangle?,0,counting,2,ood_background,background,"{'anchor': 'obj_3', 'relation': 'left'}","```json
{""answer"": ""1""}
```",0,1,False,0.6275061459998597,counting_error,True
ood_background_000027_q03,ood_background_000027,images/ood_background/ood_background_000027.png,Which object is both below the blue rectangle and left of the green triangle?,blue circle,multi_hop,4,ood_background,background,"{'anchors': ['obj_3', 'obj_2'], 'target': 'obj_1', 'relations': ['below', 'left of']}","```json
{""answer"": ""blue rectangle""}
```",blue circle,blue rectangle,False,0.6688069369999994,relation_chain_failure,True
ood_background_000027_q04,ood_background_000027,images/ood_background/ood_background_000027.png,Do the blue rectangle and the blue circle overlap? Answer yes or no.,yes,overlap,2,ood_background,background,"{'objects': ['obj_3', 'obj_1'], 'relation': 'overlap'}","{""answer"": ""no""}",yes,no,False,0.42067394699984106,relation_error,True
ood_background_000028_q01,ood_background_000028,images/ood_background/ood_background_000028.png,Is the green circle completely inside the yellow rectangle? Answer yes or no.,no,inside_outside,2,ood_background,background,"{'objects': ['obj_2', 'obj_4'], 'relation': 'inside'}","{""answer"": ""no""}",no,no,True,0.41913096999996924,,False
ood_background_000028_q02,ood_background_000028,images/ood_background/ood_background_000028.png,How many triangle objects are in the image?,1,counting,1,ood_background,background,{'filter': {'shape': 'triangle'}},"```json
{""answer"": ""1""}
```",1,1,True,0.633090515000049,,False
ood_background_000028_q03,ood_background_000028,images/ood_background/ood_background_000028.png,Which object is both below the yellow rectangle and above the red triangle?,green circle,multi_hop,4,ood_background,background,"{'anchors': ['obj_4', 'obj_1'], 'target': 'obj_2', 'relations': ['below', 'above']}","```json
{""answer"": ""green circle""}
```",green circle,green circle,True,0.6796116979999169,,False
ood_background_000028_q04,ood_background_000028,images/ood_background/ood_background_000028.png,"Which object is smaller, the yellow rectangle or the green circle?",yellow rectangle,relative_size,2,ood_background,background,"{'objects': ['obj_4', 'obj_2'], 'target': 'obj_4', 'relation': 'smaller'}","```json
{""answer"": ""green circle""}
```",yellow rectangle,green circle,False,0.6806531600000199,object_confusion,True
ood_background_000029_q01,ood_background_000029,images/ood_background/ood_background_000029.png,Do the green circle and the green rectangle overlap? Answer yes or no.,no,overlap,2,ood_background,background,"{'objects': ['obj_1', 'obj_2'], 'relation': 'overlap'}","{""answer"": ""no""}",no,no,True,0.4232357029998184,,False
ood_background_000029_q02,ood_background_000029,images/ood_background/ood_background_000029.png,How many objects are above the green circle?,0,counting,2,ood_background,background,"{'anchor': 'obj_1', 'relation': 'above'}","```json
{""answer"": ""2""}
```",0,2,False,0.6194498869999734,counting_error,True
ood_background_000029_q03,ood_background_000029,images/ood_background/ood_background_000029.png,Which object is the bottommost in the image?,blue circle,relative_ordering,2,ood_background,background,"{'target': 'obj_5', 'relation': 'bottommost'}","```json
{""answer"": ""blue circle""}
```",blue circle,blue circle,True,0.6699283109999215,,False
ood_background_000029_q04,ood_background_000029,images/ood_background/ood_background_000029.png,"Which object is closer to the center of the image, the blue circle or the red rectangle?",blue circle,center_proximity,2,ood_background,background,"{'objects': ['obj_5', 'obj_3'], 'target': 'obj_5', 'relation': 'center_proximity'}","```json
{""answer"": ""blue circle""}
```",blue circle,blue circle,True,0.671469352000031,,False
ood_background_000030_q01,ood_background_000030,images/ood_background/ood_background_000030.png,Which object is the topmost in the image?,yellow triangle,relative_ordering,2,ood_background,background,"{'target': 'obj_1', 'relation': 'topmost'}","```json
{""answer"": ""triangle""}
```",yellow triangle,triangle,False,0.6205263850001757,spatial_inversion,True
ood_background_000030_q02,ood_background_000030,images/ood_background/ood_background_000030.png,Which object is nearest from the blue rectangle?,yellow triangle,nearest_farthest,2,ood_background,background,"{'anchor': 'obj_2', 'target': 'obj_1', 'relation': 'nearest'}","```json
{""answer"": ""triangle""}
```",yellow triangle,triangle,False,0.6222863899999993,distance_reasoning_error,True
ood_background_000030_q03,ood_background_000030,images/ood_background/ood_background_000030.png,Is the yellow rectangle completely inside the yellow triangle? Answer yes or no.,no,inside_outside,2,ood_background,background,"{'objects': ['obj_3', 'obj_1'], 'relation': 'inside'}","{""answer"": ""no""}",no,no,True,0.4207456919998549,,False
ood_background_000030_q04,ood_background_000030,images/ood_background/ood_background_000030.png,How many objects are above the yellow triangle?,0,counting,2,ood_background,background,"{'anchor': 'obj_1', 'relation': 'above'}","```json
{""answer"": ""1""}
```",0,1,False,0.6205669909998051,counting_error,True
ood_background_000031_q01,ood_background_000031,images/ood_background/ood_background_000031.png,Which object is the rightmost in the image?,green triangle,relative_ordering,2,ood_background,background,"{'target': 'obj_3', 'relation': 'rightmost'}","```json
{""answer"": ""triangle""}
```",green triangle,triangle,False,0.6245088430000578,spatial_inversion,True
ood_background_000031_q02,ood_background_000031,images/ood_background/ood_background_000031.png,"Which object is closer to the center of the image, the red rectangle or the green triangle?",red rectangle,center_proximity,2,ood_background,background,"{'objects': ['obj_5', 'obj_3'], 'target': 'obj_5', 'relation': 'center_proximity'}","```json
{""answer"": ""red rectangle""}
```",red rectangle,red rectangle,True,0.6743241220001437,,False
ood_background_000031_q03,ood_background_000031,images/ood_background/ood_background_000031.png,"Which object is smaller, the red rectangle or the green triangle?",green triangle,relative_size,2,ood_background,background,"{'objects': ['obj_5', 'obj_3'], 'target': 'obj_3', 'relation': 'smaller'}","```json
{""answer"": ""red rectangle""}
```",green triangle,red rectangle,False,0.6725671180001882,object_confusion,True
ood_background_000031_q04,ood_background_000031,images/ood_background/ood_background_000031.png,Which object is immediately below the green triangle?,blue rectangle,above_below,2,ood_background,background,"{'anchor': 'obj_3', 'target': 'obj_4', 'relation': 'below'}","```json
{""answer"": ""blue square""}
```",blue rectangle,blue square,False,0.6744132660001014,spatial_inversion,True
ood_background_000032_q01,ood_background_000032,images/ood_background/ood_background_000032.png,Is the red triangle completely inside the yellow triangle? Answer yes or no.,no,inside_outside,2,ood_background,background,"{'objects': ['obj_3', 'obj_1'], 'relation': 'inside'}","{""answer"": ""no""}",no,no,True,0.42196931300009055,,False
ood_background_000032_q02,ood_background_000032,images/ood_background/ood_background_000032.png,Do the yellow triangle and the yellow circle overlap? Answer yes or no.,no,overlap,2,ood_background,background,"{'objects': ['obj_1', 'obj_2'], 'relation': 'overlap'}","{""answer"": ""no""}",no,no,True,0.4189533339999798,,False
ood_background_000032_q03,ood_background_000032,images/ood_background/ood_background_000032.png,Which object is the leftmost in the image?,yellow circle,relative_ordering,2,ood_background,background,"{'target': 'obj_2', 'relation': 'leftmost'}","```json
{""answer"": ""circle""}
```",yellow circle,circle,False,0.6196367940001437,spatial_inversion,True
ood_background_000032_q04,ood_background_000032,images/ood_background/ood_background_000032.png,Which object is nearest from the red triangle?,yellow triangle,nearest_farthest,2,ood_background,background,"{'anchor': 'obj_3', 'target': 'obj_1', 'relation': 'nearest'}","```json
{""answer"": ""triangle""}
```",yellow triangle,triangle,False,0.621390940000083,distance_reasoning_error,True
ood_background_000033_q01,ood_background_000033,images/ood_background/ood_background_000033.png,"Which object is larger, the blue rectangle or the yellow triangle?",blue rectangle,relative_size,2,ood_background,background,"{'objects': ['obj_1', 'obj_4'], 'target': 'obj_1', 'relation': 'larger'}","```json
{""answer"": ""blue rectangle""}
```",blue rectangle,blue rectangle,True,0.6681259130000399,,False
ood_background_000033_q02,ood_background_000033,images/ood_background/ood_background_000033.png,Which object is nearest from the yellow triangle?,blue rectangle,nearest_farthest,2,ood_background,background,"{'anchor': 'obj_4', 'target': 'obj_1', 'relation': 'nearest'}","```json
{""answer"": ""blue square""}
```",blue rectangle,blue square,False,0.6822287960001177,distance_reasoning_error,True
ood_background_000033_q03,ood_background_000033,images/ood_background/ood_background_000033.png,Is the yellow triangle completely inside the blue rectangle? Answer yes or no.,no,inside_outside,2,ood_background,background,"{'objects': ['obj_4', 'obj_1'], 'relation': 'inside'}","{""answer"": ""no""}",no,no,True,0.42321207800000593,,False
ood_background_000033_q04,ood_background_000033,images/ood_background/ood_background_000033.png,How many objects are left of the blue rectangle?,1,counting,2,ood_background,background,"{'anchor': 'obj_1', 'relation': 'left'}","```json
{""answer"": ""1""}
```",1,1,True,0.640538769999921,,False
ood_background_000034_q01,ood_background_000034,images/ood_background/ood_background_000034.png,"Which object is closer to the center of the image, the green rectangle or the yellow circle?",yellow circle,center_proximity,2,ood_background,background,"{'objects': ['obj_3', 'obj_2'], 'target': 'obj_2', 'relation': 'center_proximity'}","```json
{""answer"": ""green rectangle""}
```",yellow circle,green rectangle,False,0.6747656469999583,distance_reasoning_error,True
ood_background_000034_q02,ood_background_000034,images/ood_background/ood_background_000034.png,Which object is both right of the green triangle and left of the yellow circle?,red circle,multi_hop,4,ood_background,background,"{'anchors': ['obj_4', 'obj_2'], 'target': 'obj_5', 'relations': ['right of', 'left of']}","```json
{""answer"": ""red circle""}
```",red circle,red circle,True,0.6687403870000708,,False
ood_background_000034_q03,ood_background_000034,images/ood_background/ood_background_000034.png,Which object is the leftmost in the image?,red triangle,relative_ordering,2,ood_background,background,"{'target': 'obj_1', 'relation': 'leftmost'}","```json
{""answer"": ""triangle""}
```",red triangle,triangle,False,0.6148297000002003,spatial_inversion,True
ood_background_000034_q04,ood_background_000034,images/ood_background/ood_background_000034.png,"Which object is smaller, the red triangle or the green rectangle?",green rectangle,relative_size,2,ood_background,background,"{'objects': ['obj_1', 'obj_3'], 'target': 'obj_3', 'relation': 'smaller'}","```json
{""answer"": ""green rectangle""}
```",green rectangle,green rectangle,True,0.6661311020000085,,False
ood_background_000035_q01,ood_background_000035,images/ood_background/ood_background_000035.png,Do the yellow triangle and the red triangle overlap? Answer yes or no.,no,overlap,2,ood_background,background,"{'objects': ['obj_1', 'obj_3'], 'relation': 'overlap'}","{""answer"": ""no""}",no,no,True,0.4158569369999441,,False
ood_background_000035_q02,ood_background_000035,images/ood_background/ood_background_000035.png,Is the blue triangle completely inside the red triangle? Answer yes or no.,no,inside_outside,2,ood_background,background,"{'objects': ['obj_2', 'obj_3'], 'relation': 'inside'}","{""answer"": ""no""}",no,no,True,0.41673818699996446,,False
ood_background_000035_q03,ood_background_000035,images/ood_background/ood_background_000035.png,Which object is immediately left of the yellow triangle?,blue triangle,left_right,2,ood_background,background,"{'anchor': 'obj_1', 'target': 'obj_2', 'relation': 'left'}","```json
{""answer"": ""blue triangle""}
```",blue triangle,blue triangle,True,0.6641398029998982,,False
ood_background_000035_q04,ood_background_000035,images/ood_background/ood_background_000035.png,"Which object is smaller, the blue triangle or the yellow triangle?",yellow triangle,relative_size,2,ood_background,background,"{'objects': ['obj_2', 'obj_1'], 'target': 'obj_1', 'relation': 'smaller'}","```json
{""answer"": ""yellow triangle""}
```",yellow triangle,yellow triangle,True,0.6656312330001128,,False
ood_background_000036_q01,ood_background_000036,images/ood_background/ood_background_000036.png,"Which object is smaller, the red triangle or the blue rectangle?",red triangle,relative_size,2,ood_background,background,"{'objects': ['obj_3', 'obj_2'], 'target': 'obj_3', 'relation': 'smaller'}","```json
{""answer"": ""blue rectangle""}
```",red triangle,blue rectangle,False,0.6647444539999015,object_confusion,True
ood_background_000036_q02,ood_background_000036,images/ood_background/ood_background_000036.png,How many objects are left of the blue rectangle?,3,counting,2,ood_background,background,"{'anchor': 'obj_2', 'relation': 'left'}","```json
{""answer"": ""3""}
```",3,3,True,0.613972031000003,,False
ood_background_000036_q03,ood_background_000036,images/ood_background/ood_background_000036.png,Which object is both left of the red triangle and above the yellow circle?,blue circle,multi_hop,4,ood_background,background,"{'anchors': ['obj_3', 'obj_5'], 'target': 'obj_1', 'relations': ['left of', 'above']}","```json
{""answer"": ""blue square""}
```",blue circle,blue square,False,0.6636148249999678,relation_chain_failure,True
ood_background_000036_q04,ood_background_000036,images/ood_background/ood_background_000036.png,Do the blue rectangle and the blue circle overlap? Answer yes or no.,no,overlap,2,ood_background,background,"{'objects': ['obj_2', 'obj_1'], 'relation': 'overlap'}","{""answer"": ""no""}",no,no,True,0.41649155999994036,,False
ood_background_000037_q01,ood_background_000037,images/ood_background/ood_background_000037.png,Is the red circle completely inside the yellow circle? Answer yes or no.,no,inside_outside,2,ood_background,background,"{'objects': ['obj_3', 'obj_1'], 'relation': 'inside'}","{""answer"": ""no""}",no,no,True,0.41602789099988513,,False
ood_background_000037_q02,ood_background_000037,images/ood_background/ood_background_000037.png,How many objects are above the yellow circle?,2,counting,2,ood_background,background,"{'anchor': 'obj_1', 'relation': 'above'}","```json
{""answer"": ""2""}
```",2,2,True,0.6181451759998708,,False
ood_background_000037_q03,ood_background_000037,images/ood_background/ood_background_000037.png,Which object is both below the yellow rectangle and right of the red circle?,yellow circle,multi_hop,4,ood_background,background,"{'anchors': ['obj_2', 'obj_3'], 'target': 'obj_1', 'relations': ['below', 'right of']}","```json
{""answer"": ""yellow circle""}
```",yellow circle,yellow circle,True,0.6611353060000056,,False
ood_background_000037_q04,ood_background_000037,images/ood_background/ood_background_000037.png,"Which object is larger, the yellow rectangle or the yellow circle?",yellow rectangle,relative_size,2,ood_background,background,"{'objects': ['obj_2', 'obj_1'], 'target': 'obj_2', 'relation': 'larger'}","```json
{""answer"": ""yellow rectangle""}
```",yellow rectangle,yellow rectangle,True,0.6705575930000123,,False
ood_background_000038_q01,ood_background_000038,images/ood_background/ood_background_000038.png,Do the blue circle and the green circle overlap? Answer yes or no.,no,overlap,2,ood_background,background,"{'objects': ['obj_1', 'obj_4'], 'relation': 'overlap'}","{""answer"": ""no""}",no,no,True,0.4156092629998511,,False
ood_background_000038_q02,ood_background_000038,images/ood_background/ood_background_000038.png,How many objects are above the blue circle?,3,counting,2,ood_background,background,"{'anchor': 'obj_1', 'relation': 'above'}","```json
{""answer"": ""2""}
```",3,2,False,0.6281651920000968,counting_error,True
ood_background_000038_q03,ood_background_000038,images/ood_background/ood_background_000038.png,Which object is the bottommost in the image?,blue circle,relative_ordering,2,ood_background,background,"{'target': 'obj_1', 'relation': 'bottommost'}","```json
{""answer"": ""blue circle""}
```",blue circle,blue circle,True,0.6707838099998753,,False
ood_background_000038_q04,ood_background_000038,images/ood_background/ood_background_000038.png,"Which object is closer to the center of the image, the green triangle or the green circle?",green triangle,center_proximity,2,ood_background,background,"{'objects': ['obj_3', 'obj_4'], 'target': 'obj_3', 'relation': 'center_proximity'}","```json
{""answer"": ""green circle""}
```",green triangle,green circle,False,0.6798926840001513,distance_reasoning_error,True
ood_background_000039_q01,ood_background_000039,images/ood_background/ood_background_000039.png,Is the yellow rectangle completely inside the red rectangle? Answer yes or no.,no,inside_outside,2,ood_background,background,"{'objects': ['obj_3', 'obj_4'], 'relation': 'inside'}","{""answer"": ""no""}",no,no,True,0.4172241869998743,,False
ood_background_000039_q02,ood_background_000039,images/ood_background/ood_background_000039.png,"Which object is closer to the center of the image, the blue triangle or the red rectangle?",blue triangle,center_proximity,2,ood_background,background,"{'objects': ['obj_2', 'obj_4'], 'target': 'obj_2', 'relation': 'center_proximity'}","```json
{""answer"": ""blue triangle""}
```",blue triangle,blue triangle,True,0.6676184420000482,,False
ood_background_000039_q03,ood_background_000039,images/ood_background/ood_background_000039.png,Which object is immediately right of the yellow rectangle?,red rectangle,left_right,2,ood_background,background,"{'anchor': 'obj_3', 'target': 'obj_4', 'relation': 'right'}","```json
{""answer"": ""square""}
```",red rectangle,square,False,0.6144452720000118,spatial_inversion,True
ood_background_000039_q04,ood_background_000039,images/ood_background/ood_background_000039.png,Which object is both above the blue triangle and left of the yellow rectangle?,green circle,multi_hop,4,ood_background,background,"{'anchors': ['obj_2', 'obj_3'], 'target': 'obj_1', 'relations': ['above', 'left of']}","```json
{""answer"": ""red square""}
```",green circle,red square,False,0.6648898910000298,relation_chain_failure,True
ood_background_000040_q01,ood_background_000040,images/ood_background/ood_background_000040.png,Which object is the rightmost in the image?,blue rectangle,relative_ordering,2,ood_background,background,"{'target': 'obj_1', 'relation': 'rightmost'}","```json
{""answer"": ""yellow circle""}
```",blue rectangle,yellow circle,False,0.6641407009999512,spatial_inversion,True
ood_background_000040_q02,ood_background_000040,images/ood_background/ood_background_000040.png,"Which object is closer to the center of the image, the yellow circle or the red triangle?",red triangle,center_proximity,2,ood_background,background,"{'objects': ['obj_3', 'obj_2'], 'target': 'obj_2', 'relation': 'center_proximity'}","```json
{""answer"": ""yellow circle""}
```",red triangle,yellow circle,False,0.6691622970001845,distance_reasoning_error,True
ood_background_000040_q03,ood_background_000040,images/ood_background/ood_background_000040.png,"Which object is smaller, the yellow circle or the red triangle?",red triangle,relative_size,2,ood_background,background,"{'objects': ['obj_3', 'obj_2'], 'target': 'obj_2', 'relation': 'smaller'}","```json
{""answer"": ""red triangle""}
```",red triangle,red triangle,True,0.6652326060000178,,False
ood_background_000040_q04,ood_background_000040,images/ood_background/ood_background_000040.png,Which object is immediately below the red triangle?,yellow circle,above_below,2,ood_background,background,"{'anchor': 'obj_2', 'target': 'obj_3', 'relation': 'below'}","```json
{""answer"": ""yellow circle""}
```",yellow circle,yellow circle,True,0.6637629109998215,,False
ood_background_000041_q01,ood_background_000041,images/ood_background/ood_background_000041.png,Is the yellow circle completely inside the yellow triangle? Answer yes or no.,no,inside_outside,2,ood_background,background,"{'objects': ['obj_1', 'obj_2'], 'relation': 'inside'}","{""answer"": ""no""}",no,no,True,0.4157606900000701,,False
ood_background_000041_q02,ood_background_000041,images/ood_background/ood_background_000041.png,Which object is immediately left of the yellow triangle?,green circle,left_right,2,ood_background,background,"{'anchor': 'obj_2', 'target': 'obj_3', 'relation': 'left'}","```json
{""answer"": ""green circle""}
```",green circle,green circle,True,0.6647434399999383,,False
ood_background_000041_q03,ood_background_000041,images/ood_background/ood_background_000041.png,Do the green circle and the blue rectangle overlap? Answer yes or no.,no,overlap,2,ood_background,background,"{'objects': ['obj_3', 'obj_4'], 'relation': 'overlap'}","{""answer"": ""no""}",no,no,True,0.4150509730000067,,False
ood_background_000041_q04,ood_background_000041,images/ood_background/ood_background_000041.png,Which object is the leftmost in the image?,green circle,relative_ordering,2,ood_background,background,"{'target': 'obj_3', 'relation': 'leftmost'}","```json
{""answer"": ""circle""}
```",green circle,circle,False,0.6164602569999715,spatial_inversion,True
ood_background_000042_q01,ood_background_000042,images/ood_background/ood_background_000042.png,"Which object is larger, the red circle or the green circle?",green circle,relative_size,2,ood_background,background,"{'objects': ['obj_1', 'obj_4'], 'target': 'obj_4', 'relation': 'larger'}","```json
{""answer"": ""green circle""}
```",green circle,green circle,True,0.6660966520000784,,False
ood_background_000042_q02,ood_background_000042,images/ood_background/ood_background_000042.png,Which object is nearest from the green circle?,red circle,nearest_farthest,2,ood_background,background,"{'anchor': 'obj_4', 'target': 'obj_1', 'relation': 'nearest'}","```json
{""answer"": ""green circle""}
```",red circle,green circle,False,0.6645000220000838,distance_reasoning_error,True
ood_background_000042_q03,ood_background_000042,images/ood_background/ood_background_000042.png,Is the green circle completely inside the red circle? Answer yes or no.,no,inside_outside,2,ood_background,background,"{'objects': ['obj_4', 'obj_1'], 'relation': 'inside'}","{""answer"": ""no""}",no,no,True,0.41594037899994873,,False
ood_background_000042_q04,ood_background_000042,images/ood_background/ood_background_000042.png,How many objects are left of the red circle?,3,counting,2,ood_background,background,"{'anchor': 'obj_1', 'relation': 'left'}","```json
{""answer"": ""2""}
```",3,2,False,0.6172973019999972,counting_error,True
ood_background_000043_q01,ood_background_000043,images/ood_background/ood_background_000043.png,"Which object is closer to the center of the image, the blue circle or the red circle?",blue circle,center_proximity,2,ood_background,background,"{'objects': ['obj_3', 'obj_4'], 'target': 'obj_3', 'relation': 'center_proximity'}","```json
{""answer"": ""blue circle""}
```",blue circle,blue circle,True,0.6754871099999491,,False
ood_background_000043_q02,ood_background_000043,images/ood_background/ood_background_000043.png,Which object is both right of the yellow rectangle and below the blue circle?,red circle,multi_hop,4,ood_background,background,"{'anchors': ['obj_1', 'obj_3'], 'target': 'obj_4', 'relations': ['right of', 'below']}","```json
{""answer"": ""red circle""}
```",red circle,red circle,True,0.6778195619999678,,False
ood_background_000043_q03,ood_background_000043,images/ood_background/ood_background_000043.png,Which object is immediately above the green rectangle?,yellow rectangle,above_below,2,ood_background,background,"{'anchor': 'obj_2', 'target': 'obj_1', 'relation': 'above'}","```json
{""answer"": ""yellow rectangle""}
```",yellow rectangle,yellow rectangle,True,0.6808667650000189,,False
ood_background_000043_q04,ood_background_000043,images/ood_background/ood_background_000043.png,Which object is the leftmost in the image?,yellow rectangle,relative_ordering,2,ood_background,background,"{'target': 'obj_1', 'relation': 'leftmost'}","```json
{""answer"": ""square""}
```",yellow rectangle,square,False,0.6216022359999442,spatial_inversion,True
ood_background_000044_q01,ood_background_000044,images/ood_background/ood_background_000044.png,Do the yellow rectangle and the red rectangle overlap? Answer yes or no.,no,overlap,2,ood_background,background,"{'objects': ['obj_1', 'obj_3'], 'relation': 'overlap'}","{""answer"": ""no""}",no,no,True,0.42557915899988075,,False
ood_background_000044_q02,ood_background_000044,images/ood_background/ood_background_000044.png,Is the green rectangle completely inside the red rectangle? Answer yes or no.,no,inside_outside,2,ood_background,background,"{'objects': ['obj_2', 'obj_3'], 'relation': 'inside'}","{""answer"": ""no""}",no,no,True,0.42768396699989353,,False
ood_background_000044_q03,ood_background_000044,images/ood_background/ood_background_000044.png,Which object is immediately left of the yellow rectangle?,red rectangle,left_right,2,ood_background,background,"{'anchor': 'obj_1', 'target': 'obj_3', 'relation': 'left'}","```json
{""answer"": ""red rectangle""}
```",red rectangle,red rectangle,True,0.664139392999914,,False
ood_background_000044_q04,ood_background_000044,images/ood_background/ood_background_000044.png,"Which object is smaller, the green rectangle or the yellow rectangle?",yellow rectangle,relative_size,2,ood_background,background,"{'objects': ['obj_2', 'obj_1'], 'target': 'obj_1', 'relation': 'smaller'}","```json
{""answer"": ""yellow rectangle""}
```",yellow rectangle,yellow rectangle,True,0.6654796750001424,,False
ood_background_000045_q01,ood_background_000045,images/ood_background/ood_background_000045.png,"Which object is larger, the yellow triangle or the red circle?",yellow triangle,relative_size,2,ood_background,background,"{'objects': ['obj_3', 'obj_4'], 'target': 'obj_3', 'relation': 'larger'}","```json
{""answer"": ""red circle""}
```",yellow triangle,red circle,False,0.6637117190000481,object_confusion,True
ood_background_000045_q02,ood_background_000045,images/ood_background/ood_background_000045.png,How many objects are left of the red circle?,0,counting,2,ood_background,background,"{'anchor': 'obj_4', 'relation': 'left'}","```json
{""answer"": ""2""}
```",0,2,False,0.615846503000057,counting_error,True
ood_background_000045_q03,ood_background_000045,images/ood_background/ood_background_000045.png,Which object is both right of the red circle and above the yellow triangle?,blue circle,multi_hop,4,ood_background,background,"{'anchors': ['obj_4', 'obj_3'], 'target': 'obj_2', 'relations': ['right of', 'above']}","```json
{""answer"": ""blue circle""}
```",blue circle,blue circle,True,0.6724467710000681,,False
ood_background_000045_q04,ood_background_000045,images/ood_background/ood_background_000045.png,Which object is immediately right of the red circle?,blue circle,left_right,2,ood_background,background,"{'anchor': 'obj_4', 'target': 'obj_2', 'relation': 'right'}","```json
{""answer"": ""triangle""}
```",blue circle,triangle,False,0.6157506179999928,spatial_inversion,True
ood_background_000046_q01,ood_background_000046,images/ood_background/ood_background_000046.png,Is the blue rectangle completely inside the green circle? Answer yes or no.,no,inside_outside,2,ood_background,background,"{'objects': ['obj_2', 'obj_4'], 'relation': 'inside'}","{""answer"": ""no""}",no,no,True,0.417305603999921,,False
ood_background_000046_q02,ood_background_000046,images/ood_background/ood_background_000046.png,How many circle objects are in the image?,2,counting,1,ood_background,background,{'filter': {'shape': 'circle'}},"```json
{""answer"": ""3""}
```",2,3,False,0.6147516300000007,counting_error,True
ood_background_000046_q03,ood_background_000046,images/ood_background/ood_background_000046.png,Which object is both above the yellow circle and left of the red rectangle?,green circle,multi_hop,4,ood_background,background,"{'anchors': ['obj_3', 'obj_1'], 'target': 'obj_4', 'relations': ['above', 'left of']}","```json
{""answer"": ""blue rectangle""}
```",green circle,blue rectangle,False,0.6695131700000729,relation_chain_failure,True
ood_background_000046_q04,ood_background_000046,images/ood_background/ood_background_000046.png,"Which object is larger, the blue rectangle or the red rectangle?",blue rectangle,relative_size,2,ood_background,background,"{'objects': ['obj_2', 'obj_1'], 'target': 'obj_2', 'relation': 'larger'}","```json
{""answer"": ""blue rectangle""}
```",blue rectangle,blue rectangle,True,0.671855073000188,,False
ood_background_000047_q01,ood_background_000047,images/ood_background/ood_background_000047.png,Do the blue circle and the green circle overlap? Answer yes or no.,yes,overlap,2,ood_background,background,"{'objects': ['obj_1', 'obj_3'], 'relation': 'overlap'}","{""answer"": ""yes""}",yes,yes,True,0.42115848699995695,,False
ood_background_000047_q02,ood_background_000047,images/ood_background/ood_background_000047.png,How many objects are above the blue circle?,1,counting,2,ood_background,background,"{'anchor': 'obj_1', 'relation': 'above'}","```json
{""answer"": ""2""}
```",1,2,False,0.622710995000034,counting_error,True
ood_background_000047_q03,ood_background_000047,images/ood_background/ood_background_000047.png,Which object is the bottommost in the image?,green circle,relative_ordering,2,ood_background,background,"{'target': 'obj_3', 'relation': 'bottommost'}","```json
{""answer"": ""green circle""}
```",green circle,green circle,True,0.6665908699999363,,False
ood_background_000047_q04,ood_background_000047,images/ood_background/ood_background_000047.png,Which object is immediately left of the green circle?,blue circle,left_right,2,ood_background,background,"{'anchor': 'obj_3', 'target': 'obj_1', 'relation': 'left'}","```json
{""answer"": ""triangle""}
```",blue circle,triangle,False,0.6181765369999539,spatial_inversion,True
ood_background_000048_q01,ood_background_000048,images/ood_background/ood_background_000048.png,Is the yellow rectangle completely inside the red rectangle? Answer yes or no.,no,inside_outside,2,ood_background,background,"{'objects': ['obj_3', 'obj_2'], 'relation': 'inside'}","{""answer"": ""no""}",no,no,True,0.4262844939999013,,False
ood_background_000048_q02,ood_background_000048,images/ood_background/ood_background_000048.png,"Which object is closer to the center of the image, the yellow rectangle or the green rectangle?",green rectangle,center_proximity,2,ood_background,background,"{'objects': ['obj_3', 'obj_1'], 'target': 'obj_1', 'relation': 'center_proximity'}","```json
{""answer"": ""green rectangle""}
```",green rectangle,green rectangle,True,0.6743517510001311,,False
ood_background_000048_q03,ood_background_000048,images/ood_background/ood_background_000048.png,Which object is both above the red rectangle and left of the green rectangle?,yellow rectangle,multi_hop,4,ood_background,background,"{'anchors': ['obj_2', 'obj_1'], 'target': 'obj_3', 'relations': ['above', 'left of']}","```json
{""answer"": ""yellow rectangle""}
```",yellow rectangle,yellow rectangle,True,0.6989678420000018,,False
ood_background_000048_q04,ood_background_000048,images/ood_background/ood_background_000048.png,"Which object is larger, the green rectangle or the red rectangle?",red rectangle,relative_size,2,ood_background,background,"{'objects': ['obj_1', 'obj_2'], 'target': 'obj_2', 'relation': 'larger'}","```json
{""answer"": ""red rectangle""}
```",red rectangle,red rectangle,True,0.6667923749998863,,False
ood_background_000049_q01,ood_background_000049,images/ood_background/ood_background_000049.png,Which object is the rightmost in the image?,yellow triangle,relative_ordering,2,ood_background,background,"{'target': 'obj_2', 'relation': 'rightmost'}","```json
{""answer"": ""triangle""}
```",yellow triangle,triangle,False,0.6144167639999978,spatial_inversion,True
ood_background_000049_q02,ood_background_000049,images/ood_background/ood_background_000049.png,Is the red rectangle completely inside the blue circle? Answer yes or no.,no,inside_outside,2,ood_background,background,"{'objects': ['obj_1', 'obj_4'], 'relation': 'inside'}","{""answer"": ""no""}",no,no,True,0.4141947840000739,,False
ood_background_000049_q03,ood_background_000049,images/ood_background/ood_background_000049.png,Which object is farthest from the yellow triangle?,blue circle,nearest_farthest,2,ood_background,background,"{'anchor': 'obj_2', 'target': 'obj_4', 'relation': 'farthest'}","```json
{""answer"": ""square""}
```",blue circle,square,False,0.6098341879999225,distance_reasoning_error,True
ood_background_000049_q04,ood_background_000049,images/ood_background/ood_background_000049.png,Which object is between the blue circle and the yellow triangle?,red circle,between,3,ood_background,background,"{'objects': ['obj_4', 'obj_2'], 'target': 'obj_3', 'relation': 'between'}","```json
{""answer"": ""red square""}
```",red circle,red square,False,0.6626264660001198,other,True
ood_occlusion_000000_q01,ood_occlusion_000000,images/ood_occlusion/ood_occlusion_000000.png,Which object is immediately right of the yellow circle?,green triangle,left_right,2,ood_occlusion,occlusion,"{'anchor': 'obj_3', 'target': 'obj_2', 'relation': 'right'}","```json
{""answer"": ""triangle""}
```",green triangle,triangle,False,0.613608011999986,spatial_inversion,True
ood_occlusion_000000_q02,ood_occlusion_000000,images/ood_occlusion/ood_occlusion_000000.png,Which object is the rightmost in the image?,green triangle,relative_ordering,2,ood_occlusion,occlusion,"{'target': 'obj_2', 'relation': 'rightmost'}","```json
{""answer"": ""triangle""}
```",green triangle,triangle,False,0.6202897560001475,spatial_inversion,True
ood_occlusion_000000_q03,ood_occlusion_000000,images/ood_occlusion/ood_occlusion_000000.png,Which object is both left of the green triangle and right of the red circle?,yellow circle,multi_hop,4,ood_occlusion,occlusion,"{'anchors': ['obj_2', 'obj_1'], 'target': 'obj_3', 'relations': ['left of', 'right of']}","```json
{""answer"": ""yellow circle""}
```",yellow circle,yellow circle,True,0.6634747159998824,,False
ood_occlusion_000000_q04,ood_occlusion_000000,images/ood_occlusion/ood_occlusion_000000.png,Which object is immediately below the red circle?,green triangle,above_below,2,ood_occlusion,occlusion,"{'anchor': 'obj_1', 'target': 'obj_2', 'relation': 'below'}","```json
{""answer"": ""triangle""}
```",green triangle,triangle,False,0.6142553959998622,spatial_inversion,True
ood_occlusion_000001_q01,ood_occlusion_000001,images/ood_occlusion/ood_occlusion_000001.png,Which object is between the green triangle and the red rectangle?,blue triangle,between,3,ood_occlusion,occlusion,"{'objects': ['obj_4', 'obj_3'], 'target': 'obj_1', 'relation': 'between'}","```json
{""answer"": ""green circle""}
```",blue triangle,green circle,False,0.6658958980001444,object_confusion,True
ood_occlusion_000001_q02,ood_occlusion_000001,images/ood_occlusion/ood_occlusion_000001.png,Which object is both left of the blue triangle and right of the red rectangle?,green circle,multi_hop,4,ood_occlusion,occlusion,"{'anchors': ['obj_1', 'obj_3'], 'target': 'obj_2', 'relations': ['left of', 'right of']}","```json
{""answer"": ""green circle""}
```",green circle,green circle,True,0.6666171150000082,,False
ood_occlusion_000001_q03,ood_occlusion_000001,images/ood_occlusion/ood_occlusion_000001.png,"Which object is larger, the red rectangle or the green circle?",green circle,relative_size,2,ood_occlusion,occlusion,"{'objects': ['obj_3', 'obj_2'], 'target': 'obj_2', 'relation': 'larger'}","```json
{""answer"": ""green circle""}
```",green circle,green circle,True,0.6665355909999562,,False
ood_occlusion_000001_q04,ood_occlusion_000001,images/ood_occlusion/ood_occlusion_000001.png,How many objects are above the blue triangle?,1,counting,2,ood_occlusion,occlusion,"{'anchor': 'obj_1', 'relation': 'above'}","```json
{""answer"": ""1""}
```",1,1,True,0.6144686170000568,,False
ood_occlusion_000002_q01,ood_occlusion_000002,images/ood_occlusion/ood_occlusion_000002.png,Which object is the leftmost in the image?,blue triangle,relative_ordering,2,ood_occlusion,occlusion,"{'target': 'obj_3', 'relation': 'leftmost'}","```json
{""answer"": ""triangle""}
```",blue triangle,triangle,False,0.6145969050000986,spatial_inversion,True
ood_occlusion_000002_q02,ood_occlusion_000002,images/ood_occlusion/ood_occlusion_000002.png,Which object is immediately left of the yellow circle?,yellow rectangle,left_right,2,ood_occlusion,occlusion,"{'anchor': 'obj_2', 'target': 'obj_1', 'relation': 'left'}","```json
{""answer"": ""triangle""}
```",yellow rectangle,triangle,False,0.6145785530000012,spatial_inversion,True
ood_occlusion_000002_q03,ood_occlusion_000002,images/ood_occlusion/ood_occlusion_000002.png,Which object is immediately above the yellow rectangle?,yellow circle,above_below,2,ood_occlusion,occlusion,"{'anchor': 'obj_1', 'target': 'obj_2', 'relation': 'above'}","```json
{""answer"": ""blue triangle""}
```",yellow circle,blue triangle,False,0.6727048960001412,spatial_inversion,True
ood_occlusion_000002_q04,ood_occlusion_000002,images/ood_occlusion/ood_occlusion_000002.png,How many objects are above the blue triangle?,1,counting,2,ood_occlusion,occlusion,"{'anchor': 'obj_3', 'relation': 'above'}","```json
{""answer"": ""2""}
```",1,2,False,0.6215692890000355,counting_error,True
ood_occlusion_000003_q01,ood_occlusion_000003,images/ood_occlusion/ood_occlusion_000003.png,Which object is both left of the yellow circle and below the yellow triangle?,blue rectangle,multi_hop,4,ood_occlusion,occlusion,"{'anchors': ['obj_5', 'obj_2'], 'target': 'obj_3', 'relations': ['left of', 'below']}","```json
{""answer"": ""blue square""}
```",blue rectangle,blue square,False,0.6754325859999426,relation_chain_failure,True
ood_occlusion_000003_q02,ood_occlusion_000003,images/ood_occlusion/ood_occlusion_000003.png,How many objects are above the blue rectangle?,2,counting,2,ood_occlusion,occlusion,"{'anchor': 'obj_3', 'relation': 'above'}","```json
{""answer"": ""2""}
```",2,2,True,0.6392918660001214,,False
ood_occlusion_000003_q03,ood_occlusion_000003,images/ood_occlusion/ood_occlusion_000003.png,"Which object is smaller, the green triangle or the yellow triangle?",yellow triangle,relative_size,2,ood_occlusion,occlusion,"{'objects': ['obj_1', 'obj_2'], 'target': 'obj_2', 'relation': 'smaller'}","```json
{""answer"": ""yellow triangle""}
```",yellow triangle,yellow triangle,True,0.6666103860000021,,False
ood_occlusion_000003_q04,ood_occlusion_000003,images/ood_occlusion/ood_occlusion_000003.png,Is the yellow triangle completely inside the yellow circle? Answer yes or no.,no,inside_outside,2,ood_occlusion,occlusion,"{'objects': ['obj_2', 'obj_5'], 'relation': 'inside'}","{""answer"": ""no""}",no,no,True,0.41663589500012677,,False
ood_occlusion_000004_q01,ood_occlusion_000004,images/ood_occlusion/ood_occlusion_000004.png,How many objects are above the red triangle?,0,counting,2,ood_occlusion,occlusion,"{'anchor': 'obj_1', 'relation': 'above'}","```json
{""answer"": ""1""}
```",0,1,False,0.6145807489999697,counting_error,True
ood_occlusion_000004_q02,ood_occlusion_000004,images/ood_occlusion/ood_occlusion_000004.png,Which object is the bottommost in the image?,green circle,relative_ordering,2,ood_occlusion,occlusion,"{'target': 'obj_3', 'relation': 'bottommost'}","```json
{""answer"": ""green circle""}
```",green circle,green circle,True,0.6699947219999558,,False
ood_occlusion_000004_q03,ood_occlusion_000004,images/ood_occlusion/ood_occlusion_000004.png,Which object is farthest from the yellow circle?,green circle,nearest_farthest,2,ood_occlusion,occlusion,"{'anchor': 'obj_4', 'target': 'obj_3', 'relation': 'farthest'}","```json
{""answer"": ""green circle""}
```",green circle,green circle,True,0.6677525760001117,,False
ood_occlusion_000004_q04,ood_occlusion_000004,images/ood_occlusion/ood_occlusion_000004.png,"Which object is smaller, the yellow circle or the red triangle?",yellow circle,relative_size,2,ood_occlusion,occlusion,"{'objects': ['obj_4', 'obj_1'], 'target': 'obj_4', 'relation': 'smaller'}","```json
{""answer"": ""yellow circle""}
```",yellow circle,yellow circle,True,0.6695453740001085,,False
ood_occlusion_000005_q01,ood_occlusion_000005,images/ood_occlusion/ood_occlusion_000005.png,Which object is both right of the red rectangle and below the blue rectangle?,yellow triangle,multi_hop,4,ood_occlusion,occlusion,"{'anchors': ['obj_3', 'obj_1'], 'target': 'obj_2', 'relations': ['right of', 'below']}","```json
{""answer"": ""triangle""}
```",yellow triangle,triangle,False,0.6189017560000138,relation_chain_failure,True
ood_occlusion_000005_q02,ood_occlusion_000005,images/ood_occlusion/ood_occlusion_000005.png,Which object is immediately below the yellow triangle?,red rectangle,above_below,2,ood_occlusion,occlusion,"{'anchor': 'obj_2', 'target': 'obj_3', 'relation': 'below'}","```json
{""answer"": ""red triangle""}
```",red rectangle,red triangle,False,0.6708243760001551,spatial_inversion,True
ood_occlusion_000005_q03,ood_occlusion_000005,images/ood_occlusion/ood_occlusion_000005.png,Which object is between the red triangle and the blue rectangle?,blue circle,between,3,ood_occlusion,occlusion,"{'objects': ['obj_4', 'obj_1'], 'target': 'obj_5', 'relation': 'between'}","```json
{""answer"": ""blue rectangle""}
```",blue circle,blue rectangle,False,0.6740879940000468,object_confusion,True
ood_occlusion_000005_q04,ood_occlusion_000005,images/ood_occlusion/ood_occlusion_000005.png,"Which object is larger, the blue circle or the red rectangle?",blue circle,relative_size,2,ood_occlusion,occlusion,"{'objects': ['obj_5', 'obj_3'], 'target': 'obj_5', 'relation': 'larger'}","```json
{""answer"": ""blue circle""}
```",blue circle,blue circle,True,0.6710046450000391,,False
ood_occlusion_000006_q01,ood_occlusion_000006,images/ood_occlusion/ood_occlusion_000006.png,Which object is between the green triangle and the yellow rectangle?,blue circle,between,3,ood_occlusion,occlusion,"{'objects': ['obj_2', 'obj_3'], 'target': 'obj_1', 'relation': 'between'}","```json
{""answer"": ""blue circle""}
```",blue circle,blue circle,True,0.6686212120000619,,False
ood_occlusion_000006_q02,ood_occlusion_000006,images/ood_occlusion/ood_occlusion_000006.png,Which object is the bottommost in the image?,yellow rectangle,relative_ordering,2,ood_occlusion,occlusion,"{'target': 'obj_3', 'relation': 'bottommost'}","```json
{""answer"": ""square""}
```",yellow rectangle,square,False,0.6198187709999274,spatial_inversion,True
ood_occlusion_000006_q03,ood_occlusion_000006,images/ood_occlusion/ood_occlusion_000006.png,Which object is both below the green triangle and left of the blue circle?,yellow rectangle,multi_hop,4,ood_occlusion,occlusion,"{'anchors': ['obj_2', 'obj_1'], 'target': 'obj_3', 'relations': ['below', 'left of']}","```json
{""answer"": ""yellow square""}
```",yellow rectangle,yellow square,False,0.6701983030000065,relation_chain_failure,True
ood_occlusion_000006_q04,ood_occlusion_000006,images/ood_occlusion/ood_occlusion_000006.png,Which object is immediately left of the green triangle?,blue circle,left_right,2,ood_occlusion,occlusion,"{'anchor': 'obj_2', 'target': 'obj_1', 'relation': 'left'}","```json
{""answer"": ""square""}
```",blue circle,square,False,0.6194956639999418,spatial_inversion,True
ood_occlusion_000007_q01,ood_occlusion_000007,images/ood_occlusion/ood_occlusion_000007.png,Do the blue circle and the green rectangle overlap? Answer yes or no.,no,overlap,2,ood_occlusion,occlusion,"{'objects': ['obj_1', 'obj_2'], 'relation': 'overlap'}","{""answer"": ""no""}",no,no,True,0.41857054300021446,,False
ood_occlusion_000007_q02,ood_occlusion_000007,images/ood_occlusion/ood_occlusion_000007.png,Which object is both left of the green rectangle and above the blue circle?,red rectangle,multi_hop,4,ood_occlusion,occlusion,"{'anchors': ['obj_2', 'obj_1'], 'target': 'obj_3', 'relations': ['left of', 'above']}","```json
{""answer"": ""red rectangle""}
```",red rectangle,red rectangle,True,0.6795217710000543,,False
ood_occlusion_000007_q03,ood_occlusion_000007,images/ood_occlusion/ood_occlusion_000007.png,Which object is immediately above the green rectangle?,blue circle,above_below,2,ood_occlusion,occlusion,"{'anchor': 'obj_2', 'target': 'obj_1', 'relation': 'above'}","```json
{""answer"": ""red rectangle""}
```",blue circle,red rectangle,False,0.6748388080000041,spatial_inversion,True
ood_occlusion_000007_q04,ood_occlusion_000007,images/ood_occlusion/ood_occlusion_000007.png,"Which object is smaller, the blue circle or the red rectangle?",blue circle,relative_size,2,ood_occlusion,occlusion,"{'objects': ['obj_1', 'obj_3'], 'target': 'obj_1', 'relation': 'smaller'}","```json
{""answer"": ""blue circle""}
```",blue circle,blue circle,True,0.685372063999921,,False
ood_occlusion_000008_q01,ood_occlusion_000008,images/ood_occlusion/ood_occlusion_000008.png,Do the red circle and the green triangle overlap? Answer yes or no.,no,overlap,2,ood_occlusion,occlusion,"{'objects': ['obj_1', 'obj_3'], 'relation': 'overlap'}","{""answer"": ""no""}",no,no,True,0.4215611600000102,,False
ood_occlusion_000008_q02,ood_occlusion_000008,images/ood_occlusion/ood_occlusion_000008.png,"Which object is closer to the center of the image, the red rectangle or the blue rectangle?",blue rectangle,center_proximity,2,ood_occlusion,occlusion,"{'objects': ['obj_2', 'obj_4'], 'target': 'obj_4', 'relation': 'center_proximity'}","{""answer"": ""blue rectangle""}",blue rectangle,blue rectangle,True,0.4723885010000686,,False
ood_occlusion_000008_q03,ood_occlusion_000008,images/ood_occlusion/ood_occlusion_000008.png,Which object is between the red rectangle and the red circle?,blue rectangle,between,3,ood_occlusion,occlusion,"{'objects': ['obj_2', 'obj_1'], 'target': 'obj_4', 'relation': 'between'}","```json
{""answer"": ""triangle""}
```",blue rectangle,triangle,False,0.6196340490000694,object_confusion,True
ood_occlusion_000008_q04,ood_occlusion_000008,images/ood_occlusion/ood_occlusion_000008.png,Which object is nearest from the red circle?,blue rectangle,nearest_farthest,2,ood_occlusion,occlusion,"{'anchor': 'obj_1', 'target': 'obj_4', 'relation': 'nearest'}","```json
{""answer"": ""blue square""}
```",blue rectangle,blue square,False,0.67615700500005,distance_reasoning_error,True
ood_occlusion_000009_q01,ood_occlusion_000009,images/ood_occlusion/ood_occlusion_000009.png,Which object is immediately right of the blue triangle?,blue circle,left_right,2,ood_occlusion,occlusion,"{'anchor': 'obj_4', 'target': 'obj_5', 'relation': 'right'}","```json
{""answer"": ""rectangle""}
```",blue circle,rectangle,False,0.6194847930000833,spatial_inversion,True
ood_occlusion_000009_q02,ood_occlusion_000009,images/ood_occlusion/ood_occlusion_000009.png,Which object is both below the yellow circle and left of the blue rectangle?,blue triangle,multi_hop,4,ood_occlusion,occlusion,"{'anchors': ['obj_3', 'obj_1'], 'target': 'obj_4', 'relations': ['below', 'left of']}","```json
{""answer"": ""triangle""}
```",blue triangle,triangle,False,0.6186282769999707,relation_chain_failure,True
ood_occlusion_000009_q03,ood_occlusion_000009,images/ood_occlusion/ood_occlusion_000009.png,How many blue objects are in the image?,3,counting,1,ood_occlusion,occlusion,{'filter': {'color': 'blue'}},"```json
{""answer"": ""2""}
```",3,2,False,0.624300188999996,counting_error,True
ood_occlusion_000009_q04,ood_occlusion_000009,images/ood_occlusion/ood_occlusion_000009.png,Which object is the rightmost in the image?,blue rectangle,relative_ordering,2,ood_occlusion,occlusion,"{'target': 'obj_1', 'relation': 'rightmost'}","```json
{""answer"": ""rectangle""}
```",blue rectangle,rectangle,False,0.6208711039998889,spatial_inversion,True
ood_occlusion_000010_q01,ood_occlusion_000010,images/ood_occlusion/ood_occlusion_000010.png,Which object is between the red triangle and the blue triangle?,green circle,between,3,ood_occlusion,occlusion,"{'objects': ['obj_3', 'obj_1'], 'target': 'obj_4', 'relation': 'between'}","```json
{""answer"": ""green circle""}
```",green circle,green circle,True,0.6712972180000634,,False
ood_occlusion_000010_q02,ood_occlusion_000010,images/ood_occlusion/ood_occlusion_000010.png,Which object is both above the blue triangle and below the red triangle?,green circle,multi_hop,4,ood_occlusion,occlusion,"{'anchors': ['obj_1', 'obj_3'], 'target': 'obj_4', 'relations': ['above', 'below']}","```json
{""answer"": ""green circle""}
```",green circle,green circle,True,0.6683903919999921,,False
ood_occlusion_000010_q03,ood_occlusion_000010,images/ood_occlusion/ood_occlusion_000010.png,"Which object is larger, the red triangle or the blue triangle?",blue triangle,relative_size,2,ood_occlusion,occlusion,"{'objects': ['obj_3', 'obj_1'], 'target': 'obj_1', 'relation': 'larger'}","```json
{""answer"": ""blue triangle""}
```",blue triangle,blue triangle,True,0.6689455650000582,,False
ood_occlusion_000010_q04,ood_occlusion_000010,images/ood_occlusion/ood_occlusion_000010.png,How many objects are above the green circle?,2,counting,2,ood_occlusion,occlusion,"{'anchor': 'obj_4', 'relation': 'above'}","```json
{""answer"": ""1""}
```",2,1,False,0.6178368959999716,counting_error,True
ood_occlusion_000011_q01,ood_occlusion_000011,images/ood_occlusion/ood_occlusion_000011.png,Which object is the leftmost in the image?,red rectangle,relative_ordering,2,ood_occlusion,occlusion,"{'target': 'obj_2', 'relation': 'leftmost'}","```json
{""answer"": ""square""}
```",red rectangle,square,False,0.6175802650000151,spatial_inversion,True
ood_occlusion_000011_q02,ood_occlusion_000011,images/ood_occlusion/ood_occlusion_000011.png,Which object is immediately left of the red triangle?,green triangle,left_right,2,ood_occlusion,occlusion,"{'anchor': 'obj_4', 'target': 'obj_3', 'relation': 'left'}","```json
{""answer"": ""square""}
```",green triangle,square,False,0.6175856029999522,spatial_inversion,True
ood_occlusion_000011_q03,ood_occlusion_000011,images/ood_occlusion/ood_occlusion_000011.png,Which object is immediately above the yellow rectangle?,green triangle,above_below,2,ood_occlusion,occlusion,"{'anchor': 'obj_1', 'target': 'obj_3', 'relation': 'above'}","```json
{""answer"": ""triangle""}
```",green triangle,triangle,False,0.6181661540001642,spatial_inversion,True
ood_occlusion_000011_q04,ood_occlusion_000011,images/ood_occlusion/ood_occlusion_000011.png,How many objects are above the red rectangle?,0,counting,2,ood_occlusion,occlusion,"{'anchor': 'obj_2', 'relation': 'above'}","```json
{""answer"": ""2""}
```",0,2,False,0.6165473240000665,counting_error,True
ood_occlusion_000012_q01,ood_occlusion_000012,images/ood_occlusion/ood_occlusion_000012.png,Which object is both below the green triangle and above the red circle?,yellow circle,multi_hop,4,ood_occlusion,occlusion,"{'anchors': ['obj_2', 'obj_1'], 'target': 'obj_3', 'relations': ['below', 'above']}","```json
{""answer"": ""white""}
```",yellow circle,white,False,0.6293434369999886,relation_chain_failure,True
ood_occlusion_000012_q02,ood_occlusion_000012,images/ood_occlusion/ood_occlusion_000012.png,How many yellow objects are in the image?,1,counting,1,ood_occlusion,occlusion,{'filter': {'color': 'yellow'}},"```json
{""answer"": ""1""}
```",1,1,True,0.6360755700000027,,False
ood_occlusion_000012_q03,ood_occlusion_000012,images/ood_occlusion/ood_occlusion_000012.png,"Which object is larger, the red circle or the yellow circle?",yellow circle,relative_size,2,ood_occlusion,occlusion,"{'objects': ['obj_1', 'obj_3'], 'target': 'obj_3', 'relation': 'larger'}","```json
{""answer"": ""yellow circle""}
```",yellow circle,yellow circle,True,0.6821392239999113,,False
ood_occlusion_000012_q04,ood_occlusion_000012,images/ood_occlusion/ood_occlusion_000012.png,Is the yellow circle completely inside the red circle? Answer yes or no.,no,inside_outside,2,ood_occlusion,occlusion,"{'objects': ['obj_3', 'obj_1'], 'relation': 'inside'}","{""answer"": ""no""}",no,no,True,0.4231060649999563,,False
ood_occlusion_000013_q01,ood_occlusion_000013,images/ood_occlusion/ood_occlusion_000013.png,Which object is immediately below the green circle?,blue circle,above_below,2,ood_occlusion,occlusion,"{'anchor': 'obj_3', 'target': 'obj_2', 'relation': 'below'}","```json
{""answer"": ""blue circle""}
```",blue circle,blue circle,True,0.6679444129999865,,False
ood_occlusion_000013_q02,ood_occlusion_000013,images/ood_occlusion/ood_occlusion_000013.png,How many objects are above the red circle?,2,counting,2,ood_occlusion,occlusion,"{'anchor': 'obj_1', 'relation': 'above'}","```json
{""answer"": ""2""}
```",2,2,True,0.6169822740000654,,False
ood_occlusion_000013_q03,ood_occlusion_000013,images/ood_occlusion/ood_occlusion_000013.png,Which object is the bottommost in the image?,red circle,relative_ordering,2,ood_occlusion,occlusion,"{'target': 'obj_1', 'relation': 'bottommost'}","```json
{""answer"": ""square""}
```",red circle,square,False,0.6169923469999503,spatial_inversion,True
ood_occlusion_000013_q04,ood_occlusion_000013,images/ood_occlusion/ood_occlusion_000013.png,Which object is farthest from the yellow rectangle?,green circle,nearest_farthest,2,ood_occlusion,occlusion,"{'anchor': 'obj_4', 'target': 'obj_3', 'relation': 'farthest'}","```json
{""answer"": ""blue circle""}
```",green circle,blue circle,False,0.6684213879998424,distance_reasoning_error,True
ood_occlusion_000014_q01,ood_occlusion_000014,images/ood_occlusion/ood_occlusion_000014.png,Which object is both below the blue rectangle and right of the yellow triangle?,red triangle,multi_hop,4,ood_occlusion,occlusion,"{'anchors': ['obj_1', 'obj_2'], 'target': 'obj_3', 'relations': ['below', 'right of']}","```json
{""answer"": ""blue rectangle""}
```",red triangle,blue rectangle,False,0.6812029839998104,relation_chain_failure,True
ood_occlusion_000014_q02,ood_occlusion_000014,images/ood_occlusion/ood_occlusion_000014.png,Which object is between the blue rectangle and the yellow triangle?,red triangle,between,3,ood_occlusion,occlusion,"{'objects': ['obj_1', 'obj_2'], 'target': 'obj_3', 'relation': 'between'}","```json
{""answer"": ""red triangle""}
```",red triangle,red triangle,True,0.6840192170000137,,False
ood_occlusion_000014_q03,ood_occlusion_000014,images/ood_occlusion/ood_occlusion_000014.png,Which object is immediately left of the blue rectangle?,yellow triangle,left_right,2,ood_occlusion,occlusion,"{'anchor': 'obj_1', 'target': 'obj_2', 'relation': 'left'}","```json
{""answer"": ""triangle""}
```",yellow triangle,triangle,False,0.6204493770001136,spatial_inversion,True
ood_occlusion_000014_q04,ood_occlusion_000014,images/ood_occlusion/ood_occlusion_000014.png,"Which object is smaller, the red triangle or the yellow triangle?",yellow triangle,relative_size,2,ood_occlusion,occlusion,"{'objects': ['obj_3', 'obj_2'], 'target': 'obj_2', 'relation': 'smaller'}","```json
{""answer"": ""yellow triangle""}
```",yellow triangle,yellow triangle,True,0.6675094120000722,,False
ood_occlusion_000015_q01,ood_occlusion_000015,images/ood_occlusion/ood_occlusion_000015.png,Which object is the leftmost in the image?,yellow circle,relative_ordering,2,ood_occlusion,occlusion,"{'target': 'obj_3', 'relation': 'leftmost'}","```json
{""answer"": ""red circle""}
```",yellow circle,red circle,False,0.6646861809999791,spatial_inversion,True
ood_occlusion_000015_q02,ood_occlusion_000015,images/ood_occlusion/ood_occlusion_000015.png,Which object is both left of the blue circle and above the yellow circle?,red circle,multi_hop,4,ood_occlusion,occlusion,"{'anchors': ['obj_1', 'obj_3'], 'target': 'obj_2', 'relations': ['left of', 'above']}","```json
{""answer"": ""red circle""}
```",red circle,red circle,True,0.6666706060000251,,False
ood_occlusion_000015_q03,ood_occlusion_000015,images/ood_occlusion/ood_occlusion_000015.png,Which object is immediately left of the blue circle?,red circle,left_right,2,ood_occlusion,occlusion,"{'anchor': 'obj_1', 'target': 'obj_2', 'relation': 'left'}","```json
{""answer"": ""triangle""}
```",red circle,triangle,False,0.6166621600000326,spatial_inversion,True
ood_occlusion_000015_q04,ood_occlusion_000015,images/ood_occlusion/ood_occlusion_000015.png,Do the red triangle and the red circle overlap? Answer yes or no.,no,overlap,2,ood_occlusion,occlusion,"{'objects': ['obj_4', 'obj_2'], 'relation': 'overlap'}","{""answer"": ""no""}",no,no,True,0.41812170299999707,,False
ood_occlusion_000016_q01,ood_occlusion_000016,images/ood_occlusion/ood_occlusion_000016.png,Which object is immediately left of the red circle?,yellow circle,left_right,2,ood_occlusion,occlusion,"{'anchor': 'obj_3', 'target': 'obj_2', 'relation': 'left'}","```json
{""answer"": ""yellow circle""}
```",yellow circle,yellow circle,True,0.6703382499999861,,False
ood_occlusion_000016_q02,ood_occlusion_000016,images/ood_occlusion/ood_occlusion_000016.png,Do the yellow triangle and the yellow circle overlap? Answer yes or no.,no,overlap,2,ood_occlusion,occlusion,"{'objects': ['obj_1', 'obj_2'], 'relation': 'overlap'}","{""answer"": ""no""}",no,no,True,0.41817083899991303,,False
ood_occlusion_000016_q03,ood_occlusion_000016,images/ood_occlusion/ood_occlusion_000016.png,Which object is both above the yellow triangle and below the yellow circle?,red circle,multi_hop,4,ood_occlusion,occlusion,"{'anchors': ['obj_1', 'obj_2'], 'target': 'obj_3', 'relations': ['above', 'below']}","```json
{""answer"": ""red circle""}
```",red circle,red circle,True,0.6683369879999645,,False
ood_occlusion_000016_q04,ood_occlusion_000016,images/ood_occlusion/ood_occlusion_000016.png,Which object is immediately above the yellow triangle?,red circle,above_below,2,ood_occlusion,occlusion,"{'anchor': 'obj_1', 'target': 'obj_3', 'relation': 'above'}","```json
{""answer"": ""red circle""}
```",red circle,red circle,True,0.6792749510000249,,False
ood_occlusion_000017_q01,ood_occlusion_000017,images/ood_occlusion/ood_occlusion_000017.png,Which object is immediately left of the yellow circle?,blue circle,left_right,2,ood_occlusion,occlusion,"{'anchor': 'obj_2', 'target': 'obj_1', 'relation': 'left'}","```json
{""answer"": ""green square""}
```",blue circle,green square,False,0.6680321339999864,spatial_inversion,True
ood_occlusion_000017_q02,ood_occlusion_000017,images/ood_occlusion/ood_occlusion_000017.png,Do the blue circle and the green rectangle overlap? Answer yes or no.,no,overlap,2,ood_occlusion,occlusion,"{'objects': ['obj_1', 'obj_3'], 'relation': 'overlap'}","{""answer"": ""no""}",no,no,True,0.4232123930000853,,False
ood_occlusion_000017_q03,ood_occlusion_000017,images/ood_occlusion/ood_occlusion_000017.png,"Which object is closer to the center of the image, the yellow circle or the blue rectangle?",yellow circle,center_proximity,2,ood_occlusion,occlusion,"{'objects': ['obj_2', 'obj_4'], 'target': 'obj_2', 'relation': 'center_proximity'}","```json
{""answer"": ""blue rectangle""}
```",yellow circle,blue rectangle,False,0.6710793719998946,distance_reasoning_error,True
ood_occlusion_000017_q04,ood_occlusion_000017,images/ood_occlusion/ood_occlusion_000017.png,Which object is between the yellow circle and the blue rectangle?,blue circle,between,3,ood_occlusion,occlusion,"{'objects': ['obj_2', 'obj_4'], 'target': 'obj_1', 'relation': 'between'}","```json
{""answer"": ""green rectangle""}
```",blue circle,green rectangle,False,0.6584627720001208,object_confusion,True
ood_occlusion_000018_q01,ood_occlusion_000018,images/ood_occlusion/ood_occlusion_000018.png,Which object is both above the red circle and right of the green circle?,green triangle,multi_hop,4,ood_occlusion,occlusion,"{'anchors': ['obj_2', 'obj_3'], 'target': 'obj_4', 'relations': ['above', 'right of']}","```json
{""answer"": ""triangle""}
```",green triangle,triangle,False,0.6233736910000971,relation_chain_failure,True
ood_occlusion_000018_q02,ood_occlusion_000018,images/ood_occlusion/ood_occlusion_000018.png,How many objects are above the red circle?,2,counting,2,ood_occlusion,occlusion,"{'anchor': 'obj_2', 'relation': 'above'}","```json
{""answer"": ""2""}
```",2,2,True,0.6321668919999865,,False
ood_occlusion_000018_q03,ood_occlusion_000018,images/ood_occlusion/ood_occlusion_000018.png,Which object is the topmost in the image?,green circle,relative_ordering,2,ood_occlusion,occlusion,"{'target': 'obj_3', 'relation': 'topmost'}","```json
{""answer"": ""circle""}
```",green circle,circle,False,0.6248927710000771,spatial_inversion,True
ood_occlusion_000018_q04,ood_occlusion_000018,images/ood_occlusion/ood_occlusion_000018.png,Which object is farthest from the red rectangle?,green triangle,nearest_farthest,2,ood_occlusion,occlusion,"{'anchor': 'obj_1', 'target': 'obj_4', 'relation': 'farthest'}","```json
{""answer"": ""triangle""}
```",green triangle,triangle,False,0.6213215809998474,distance_reasoning_error,True
ood_occlusion_000019_q01,ood_occlusion_000019,images/ood_occlusion/ood_occlusion_000019.png,Which object is between the green circle and the yellow triangle?,green triangle,between,3,ood_occlusion,occlusion,"{'objects': ['obj_2', 'obj_1'], 'target': 'obj_3', 'relation': 'between'}","```json
{""answer"": ""white triangle""}
```",green triangle,white triangle,False,0.6759449310000036,object_confusion,True
ood_occlusion_000019_q02,ood_occlusion_000019,images/ood_occlusion/ood_occlusion_000019.png,"Which object is closer to the center of the image, the yellow triangle or the green triangle?",green triangle,center_proximity,2,ood_occlusion,occlusion,"{'objects': ['obj_1', 'obj_3'], 'target': 'obj_3', 'relation': 'center_proximity'}","```json
{""answer"": ""green triangle""}
```",green triangle,green triangle,True,0.67720615799999,,False
ood_occlusion_000019_q03,ood_occlusion_000019,images/ood_occlusion/ood_occlusion_000019.png,Which object is the rightmost in the image?,yellow triangle,relative_ordering,2,ood_occlusion,occlusion,"{'target': 'obj_1', 'relation': 'rightmost'}","```json
{""answer"": ""triangle""}
```",yellow triangle,triangle,False,0.6175014390000797,spatial_inversion,True
ood_occlusion_000019_q04,ood_occlusion_000019,images/ood_occlusion/ood_occlusion_000019.png,Is the yellow triangle completely inside the green circle? Answer yes or no.,no,inside_outside,2,ood_occlusion,occlusion,"{'objects': ['obj_1', 'obj_2'], 'relation': 'inside'}","{""answer"": ""no""}",no,no,True,0.4194372590000057,,False
ood_occlusion_000020_q01,ood_occlusion_000020,images/ood_occlusion/ood_occlusion_000020.png,Which object is the leftmost in the image?,green circle,relative_ordering,2,ood_occlusion,occlusion,"{'target': 'obj_2', 'relation': 'leftmost'}","```json
{""answer"": ""circle""}
```",green circle,circle,False,0.6267262839999148,spatial_inversion,True
ood_occlusion_000020_q02,ood_occlusion_000020,images/ood_occlusion/ood_occlusion_000020.png,Which object is immediately above the blue triangle?,green circle,above_below,2,ood_occlusion,occlusion,"{'anchor': 'obj_1', 'target': 'obj_2', 'relation': 'above'}","```json
{""answer"": ""green circle""}
```",green circle,green circle,True,0.6885599990000628,,False
ood_occlusion_000020_q03,ood_occlusion_000020,images/ood_occlusion/ood_occlusion_000020.png,How many objects are above the green triangle?,1,counting,2,ood_occlusion,occlusion,"{'anchor': 'obj_3', 'relation': 'above'}","```json
{""answer"": ""1""}
```",1,1,True,0.6180169409999507,,False
ood_occlusion_000020_q04,ood_occlusion_000020,images/ood_occlusion/ood_occlusion_000020.png,"Which object is closer to the center of the image, the green triangle or the blue triangle?",green triangle,center_proximity,2,ood_occlusion,occlusion,"{'objects': ['obj_3', 'obj_1'], 'target': 'obj_3', 'relation': 'center_proximity'}","```json
{""answer"": ""green triangle""}
```",green triangle,green triangle,True,0.6704276180000761,,False
ood_occlusion_000021_q01,ood_occlusion_000021,images/ood_occlusion/ood_occlusion_000021.png,Which object is both below the red triangle and above the blue circle?,yellow rectangle,multi_hop,4,ood_occlusion,occlusion,"{'anchors': ['obj_2', 'obj_1'], 'target': 'obj_3', 'relations': ['below', 'above']}","```json
{""answer"": ""white""}
```",yellow rectangle,white,False,0.6186429250001311,relation_chain_failure,True
ood_occlusion_000021_q02,ood_occlusion_000021,images/ood_occlusion/ood_occlusion_000021.png,How many yellow objects are in the image?,1,counting,1,ood_occlusion,occlusion,{'filter': {'color': 'yellow'}},"```json
{""answer"": ""1""}
```",1,1,True,0.6196621540000251,,False
ood_occlusion_000021_q03,ood_occlusion_000021,images/ood_occlusion/ood_occlusion_000021.png,"Which object is larger, the blue circle or the yellow rectangle?",blue circle,relative_size,2,ood_occlusion,occlusion,"{'objects': ['obj_1', 'obj_3'], 'target': 'obj_1', 'relation': 'larger'}","```json
{""answer"": ""blue circle""}
```",blue circle,blue circle,True,0.6798753119999219,,False
ood_occlusion_000021_q04,ood_occlusion_000021,images/ood_occlusion/ood_occlusion_000021.png,Is the yellow rectangle completely inside the blue circle? Answer yes or no.,yes,inside_outside,2,ood_occlusion,occlusion,"{'objects': ['obj_3', 'obj_1'], 'relation': 'inside'}","{""answer"": ""yes""}",yes,yes,True,0.42365450200009036,,False
ood_occlusion_000022_q01,ood_occlusion_000022,images/ood_occlusion/ood_occlusion_000022.png,How many objects are above the green triangle?,0,counting,2,ood_occlusion,occlusion,"{'anchor': 'obj_2', 'relation': 'above'}","```json
{""answer"": ""1""}
```",0,1,False,0.6314270990001205,counting_error,True
ood_occlusion_000022_q02,ood_occlusion_000022,images/ood_occlusion/ood_occlusion_000022.png,Which object is the leftmost in the image?,green triangle,relative_ordering,2,ood_occlusion,occlusion,"{'target': 'obj_2', 'relation': 'leftmost'}","```json
{""answer"": ""triangle""}
```",green triangle,triangle,False,0.6235843660001592,spatial_inversion,True
ood_occlusion_000022_q03,ood_occlusion_000022,images/ood_occlusion/ood_occlusion_000022.png,Which object is farthest from the yellow triangle?,green triangle,nearest_farthest,2,ood_occlusion,occlusion,"{'anchor': 'obj_3', 'target': 'obj_2', 'relation': 'farthest'}","```json
{""answer"": ""green triangle""}
```",green triangle,green triangle,True,0.6612056349999875,,False
ood_occlusion_000022_q04,ood_occlusion_000022,images/ood_occlusion/ood_occlusion_000022.png,"Which object is smaller, the green triangle or the yellow triangle?",green triangle,relative_size,2,ood_occlusion,occlusion,"{'objects': ['obj_2', 'obj_3'], 'target': 'obj_2', 'relation': 'smaller'}","```json
{""answer"": ""green triangle""}
```",green triangle,green triangle,True,0.6649055400000634,,False
ood_occlusion_000023_q01,ood_occlusion_000023,images/ood_occlusion/ood_occlusion_000023.png,Which object is both above the blue triangle and right of the blue circle?,red triangle,multi_hop,4,ood_occlusion,occlusion,"{'anchors': ['obj_2', 'obj_3'], 'target': 'obj_1', 'relations': ['above', 'right of']}","```json
{""answer"": ""triangle""}
```",red triangle,triangle,False,0.6170661639998798,relation_chain_failure,True
ood_occlusion_000023_q02,ood_occlusion_000023,images/ood_occlusion/ood_occlusion_000023.png,Which object is immediately below the blue circle?,blue triangle,above_below,2,ood_occlusion,occlusion,"{'anchor': 'obj_3', 'target': 'obj_2', 'relation': 'below'}","```json
{""answer"": ""triangle""}
```",blue triangle,triangle,False,0.6178653069998745,spatial_inversion,True
ood_occlusion_000023_q03,ood_occlusion_000023,images/ood_occlusion/ood_occlusion_000023.png,Which object is immediately right of the red triangle?,blue triangle,left_right,2,ood_occlusion,occlusion,"{'anchor': 'obj_1', 'target': 'obj_2', 'relation': 'right'}","```json
{""answer"": ""blue triangle""}
```",blue triangle,blue triangle,True,0.663068001000056,,False
ood_occlusion_000023_q04,ood_occlusion_000023,images/ood_occlusion/ood_occlusion_000023.png,"Which object is larger, the blue triangle or the blue circle?",blue circle,relative_size,2,ood_occlusion,occlusion,"{'objects': ['obj_2', 'obj_3'], 'target': 'obj_3', 'relation': 'larger'}","```json
{""answer"": ""circle""}
```",blue circle,circle,False,0.6146678650000013,object_confusion,True
ood_occlusion_000024_q01,ood_occlusion_000024,images/ood_occlusion/ood_occlusion_000024.png,Which object is between the red rectangle and the yellow circle?,green circle,between,3,ood_occlusion,occlusion,"{'objects': ['obj_3', 'obj_4'], 'target': 'obj_2', 'relation': 'between'}","```json
{""answer"": ""green circle""}
```",green circle,green circle,True,0.6626595740001449,,False
ood_occlusion_000024_q02,ood_occlusion_000024,images/ood_occlusion/ood_occlusion_000024.png,Which object is the leftmost in the image?,red rectangle,relative_ordering,2,ood_occlusion,occlusion,"{'target': 'obj_3', 'relation': 'leftmost'}","```json
{""answer"": ""red square""}
```",red rectangle,red square,False,0.6615770739999789,spatial_inversion,True
ood_occlusion_000024_q03,ood_occlusion_000024,images/ood_occlusion/ood_occlusion_000024.png,Which object is both above the green circle and left of the green rectangle?,red rectangle,multi_hop,4,ood_occlusion,occlusion,"{'anchors': ['obj_2', 'obj_1'], 'target': 'obj_3', 'relations': ['above', 'left of']}","```json
{""answer"": ""red square""}
```",red rectangle,red square,False,0.6615412099999958,relation_chain_failure,True
ood_occlusion_000024_q04,ood_occlusion_000024,images/ood_occlusion/ood_occlusion_000024.png,Which object is immediately right of the red rectangle?,green circle,left_right,2,ood_occlusion,occlusion,"{'anchor': 'obj_3', 'target': 'obj_2', 'relation': 'right'}","```json
{""answer"": ""green circle""}
```",green circle,green circle,True,0.6667182519997823,,False
ood_occlusion_000025_q01,ood_occlusion_000025,images/ood_occlusion/ood_occlusion_000025.png,Do the red triangle and the red circle overlap? Answer yes or no.,no,overlap,2,ood_occlusion,occlusion,"{'objects': ['obj_1', 'obj_2'], 'relation': 'overlap'}","{""answer"": ""no""}",no,no,True,0.4146348869999201,,False
ood_occlusion_000025_q02,ood_occlusion_000025,images/ood_occlusion/ood_occlusion_000025.png,Which object is both above the red triangle and below the red circle?,yellow triangle,multi_hop,4,ood_occlusion,occlusion,"{'anchors': ['obj_1', 'obj_2'], 'target': 'obj_3', 'relations': ['above', 'below']}","```json
{""answer"": ""white triangle""}
```",yellow triangle,white triangle,False,0.6643852239999433,relation_chain_failure,True
ood_occlusion_000025_q03,ood_occlusion_000025,images/ood_occlusion/ood_occlusion_000025.png,Which object is immediately above the red triangle?,yellow triangle,above_below,2,ood_occlusion,occlusion,"{'anchor': 'obj_1', 'target': 'obj_3', 'relation': 'above'}","```json
{""answer"": ""circle""}
```",yellow triangle,circle,False,0.6138244829999167,spatial_inversion,True
ood_occlusion_000025_q04,ood_occlusion_000025,images/ood_occlusion/ood_occlusion_000025.png,Which object is between the red triangle and the red circle?,yellow triangle,between,3,ood_occlusion,occlusion,"{'objects': ['obj_1', 'obj_2'], 'target': 'obj_3', 'relation': 'between'}","```json
{""answer"": ""white""}
```",yellow triangle,white,False,0.6141122890001043,other,True
ood_occlusion_000026_q01,ood_occlusion_000026,images/ood_occlusion/ood_occlusion_000026.png,Which object is immediately left of the red triangle?,yellow circle,left_right,2,ood_occlusion,occlusion,"{'anchor': 'obj_1', 'target': 'obj_2', 'relation': 'left'}","```json
{""answer"": ""circle""}
```",yellow circle,circle,False,0.61475142900008,spatial_inversion,True
ood_occlusion_000026_q02,ood_occlusion_000026,images/ood_occlusion/ood_occlusion_000026.png,Do the red triangle and the blue circle overlap? Answer yes or no.,yes,overlap,2,ood_occlusion,occlusion,"{'objects': ['obj_1', 'obj_3'], 'relation': 'overlap'}","{""answer"": ""yes""}",yes,yes,True,0.4270207229999414,,False
ood_occlusion_000026_q03,ood_occlusion_000026,images/ood_occlusion/ood_occlusion_000026.png,"Which object is closer to the center of the image, the yellow circle or the red triangle?",red triangle,center_proximity,2,ood_occlusion,occlusion,"{'objects': ['obj_2', 'obj_1'], 'target': 'obj_1', 'relation': 'center_proximity'}","```json
{""answer"": ""yellow circle""}
```",red triangle,yellow circle,False,0.6728762119998919,distance_reasoning_error,True
ood_occlusion_000026_q04,ood_occlusion_000026,images/ood_occlusion/ood_occlusion_000026.png,Which object is between the yellow circle and the blue circle?,red triangle,between,3,ood_occlusion,occlusion,"{'objects': ['obj_2', 'obj_3'], 'target': 'obj_1', 'relation': 'between'}","```json
{""answer"": ""red triangle""}
```",red triangle,red triangle,True,0.6795367350000561,,False
ood_occlusion_000027_q01,ood_occlusion_000027,images/ood_occlusion/ood_occlusion_000027.png,Which object is both below the red rectangle and left of the blue rectangle?,blue circle,multi_hop,4,ood_occlusion,occlusion,"{'anchors': ['obj_3', 'obj_1'], 'target': 'obj_2', 'relations': ['below', 'left of']}","```json
{""answer"": ""blue circle""}
```",blue circle,blue circle,True,0.6723495610001464,,False
ood_occlusion_000027_q02,ood_occlusion_000027,images/ood_occlusion/ood_occlusion_000027.png,"Which object is closer to the center of the image, the blue rectangle or the red rectangle?",red rectangle,center_proximity,2,ood_occlusion,occlusion,"{'objects': ['obj_1', 'obj_3'], 'target': 'obj_3', 'relation': 'center_proximity'}","```json
{""answer"": ""blue rectangle""}
```",red rectangle,blue rectangle,False,0.671837030000006,distance_reasoning_error,True
ood_occlusion_000027_q03,ood_occlusion_000027,images/ood_occlusion/ood_occlusion_000027.png,How many blue objects are in the image?,2,counting,1,ood_occlusion,occlusion,{'filter': {'color': 'blue'}},"```json
{""answer"": ""1""}
```",2,1,False,0.6151986309998847,counting_error,True
ood_occlusion_000027_q04,ood_occlusion_000027,images/ood_occlusion/ood_occlusion_000027.png,Which object is the leftmost in the image?,red rectangle,relative_ordering,2,ood_occlusion,occlusion,"{'target': 'obj_3', 'relation': 'leftmost'}","```json
{""answer"": ""rectangle""}
```",red rectangle,rectangle,False,0.6158572659999209,spatial_inversion,True
ood_occlusion_000028_q01,ood_occlusion_000028,images/ood_occlusion/ood_occlusion_000028.png,Which object is between the green circle and the yellow circle?,red circle,between,3,ood_occlusion,occlusion,"{'objects': ['obj_4', 'obj_5'], 'target': 'obj_1', 'relation': 'between'}","```json
{""answer"": ""red circle""}
```",red circle,red circle,True,0.6692226580000806,,False
ood_occlusion_000028_q02,ood_occlusion_000028,images/ood_occlusion/ood_occlusion_000028.png,"Which object is closer to the center of the image, the blue circle or the yellow triangle?",yellow triangle,center_proximity,2,ood_occlusion,occlusion,"{'objects': ['obj_2', 'obj_3'], 'target': 'obj_3', 'relation': 'center_proximity'}","```json
{""answer"": ""yellow triangle""}
```",yellow triangle,yellow triangle,True,0.667575903999932,,False
ood_occlusion_000028_q03,ood_occlusion_000028,images/ood_occlusion/ood_occlusion_000028.png,Which object is the rightmost in the image?,green circle,relative_ordering,2,ood_occlusion,occlusion,"{'target': 'obj_4', 'relation': 'rightmost'}","```json
{""answer"": ""green circle""}
```",green circle,green circle,True,0.6656538859999728,,False
ood_occlusion_000028_q04,ood_occlusion_000028,images/ood_occlusion/ood_occlusion_000028.png,Is the yellow triangle completely inside the green circle? Answer yes or no.,no,inside_outside,2,ood_occlusion,occlusion,"{'objects': ['obj_3', 'obj_4'], 'relation': 'inside'}","{""answer"": ""no""}",no,no,True,0.419887000000017,,False
ood_occlusion_000029_q01,ood_occlusion_000029,images/ood_occlusion/ood_occlusion_000029.png,"Which object is closer to the center of the image, the green rectangle or the yellow triangle?",green rectangle,center_proximity,2,ood_occlusion,occlusion,"{'objects': ['obj_2', 'obj_4'], 'target': 'obj_2', 'relation': 'center_proximity'}","```json
{""answer"": ""green rectangle""}
```",green rectangle,green rectangle,True,0.6719022229999609,,False
ood_occlusion_000029_q02,ood_occlusion_000029,images/ood_occlusion/ood_occlusion_000029.png,Which object is farthest from the green rectangle?,red triangle,nearest_farthest,2,ood_occlusion,occlusion,"{'anchor': 'obj_2', 'target': 'obj_3', 'relation': 'farthest'}","```json
{""answer"": ""triangle""}
```",red triangle,triangle,False,0.6229340750001029,distance_reasoning_error,True
ood_occlusion_000029_q03,ood_occlusion_000029,images/ood_occlusion/ood_occlusion_000029.png,Which object is the leftmost in the image?,red triangle,relative_ordering,2,ood_occlusion,occlusion,"{'target': 'obj_3', 'relation': 'leftmost'}","```json
{""answer"": ""triangle""}
```",red triangle,triangle,False,0.61878262800019,spatial_inversion,True
ood_occlusion_000029_q04,ood_occlusion_000029,images/ood_occlusion/ood_occlusion_000029.png,"Which object is larger, the yellow triangle or the green rectangle?",yellow triangle,relative_size,2,ood_occlusion,occlusion,"{'objects': ['obj_4', 'obj_2'], 'target': 'obj_4', 'relation': 'larger'}","```json
{""answer"": ""green rectangle""}
```",yellow triangle,green rectangle,False,0.6690709439999409,object_confusion,True
ood_occlusion_000030_q01,ood_occlusion_000030,images/ood_occlusion/ood_occlusion_000030.png,Which object is both right of the yellow circle and below the green circle?,blue circle,multi_hop,4,ood_occlusion,occlusion,"{'anchors': ['obj_1', 'obj_2'], 'target': 'obj_3', 'relations': ['right of', 'below']}","```json
{""answer"": ""blue circle""}
```",blue circle,blue circle,True,0.6697959809998792,,False
ood_occlusion_000030_q02,ood_occlusion_000030,images/ood_occlusion/ood_occlusion_000030.png,How many objects are left of the yellow circle?,1,counting,2,ood_occlusion,occlusion,"{'anchor': 'obj_1', 'relation': 'left'}","```json
{""answer"": ""1""}
```",1,1,True,0.6241834669999662,,False
ood_occlusion_000030_q03,ood_occlusion_000030,images/ood_occlusion/ood_occlusion_000030.png,"Which object is larger, the green circle or the blue circle?",green circle,relative_size,2,ood_occlusion,occlusion,"{'objects': ['obj_2', 'obj_3'], 'target': 'obj_2', 'relation': 'larger'}","```json
{""answer"": ""green circle""}
```",green circle,green circle,True,0.6680558699999892,,False
ood_occlusion_000030_q04,ood_occlusion_000030,images/ood_occlusion/ood_occlusion_000030.png,Is the blue circle completely inside the green circle? Answer yes or no.,no,inside_outside,2,ood_occlusion,occlusion,"{'objects': ['obj_3', 'obj_2'], 'relation': 'inside'}","{""answer"": ""no""}",no,no,True,0.42164918399998896,,False
ood_occlusion_000031_q01,ood_occlusion_000031,images/ood_occlusion/ood_occlusion_000031.png,Which object is immediately below the red triangle?,blue triangle,above_below,2,ood_occlusion,occlusion,"{'anchor': 'obj_3', 'target': 'obj_2', 'relation': 'below'}","```json
{""answer"": ""yellow circle""}
```",blue triangle,yellow circle,False,0.6782917360001193,spatial_inversion,True
ood_occlusion_000031_q02,ood_occlusion_000031,images/ood_occlusion/ood_occlusion_000031.png,How many objects are above the blue circle?,0,counting,2,ood_occlusion,occlusion,"{'anchor': 'obj_1', 'relation': 'above'}","```json
{""answer"": ""2""}
```",0,2,False,0.615386246000071,counting_error,True
ood_occlusion_000031_q03,ood_occlusion_000031,images/ood_occlusion/ood_occlusion_000031.png,Which object is the bottommost in the image?,yellow circle,relative_ordering,2,ood_occlusion,occlusion,"{'target': 'obj_4', 'relation': 'bottommost'}","```json
{""answer"": ""yellow circle""}
```",yellow circle,yellow circle,True,0.672512586999801,,False
ood_occlusion_000031_q04,ood_occlusion_000031,images/ood_occlusion/ood_occlusion_000031.png,Which object is farthest from the yellow circle?,green circle,nearest_farthest,2,ood_occlusion,occlusion,"{'anchor': 'obj_4', 'target': 'obj_5', 'relation': 'farthest'}","```json
{""answer"": ""blue triangle""}
```",green circle,blue triangle,False,0.6763875460001145,distance_reasoning_error,True
ood_occlusion_000032_q01,ood_occlusion_000032,images/ood_occlusion/ood_occlusion_000032.png,Which object is both right of the green circle and below the yellow triangle?,green triangle,multi_hop,4,ood_occlusion,occlusion,"{'anchors': ['obj_1', 'obj_2'], 'target': 'obj_3', 'relations': ['right of', 'below']}","```json
{""answer"": ""white""}
```",green triangle,white,False,0.6160240799999883,relation_chain_failure,True
ood_occlusion_000032_q02,ood_occlusion_000032,images/ood_occlusion/ood_occlusion_000032.png,Which object is immediately above the green triangle?,yellow triangle,above_below,2,ood_occlusion,occlusion,"{'anchor': 'obj_3', 'target': 'obj_2', 'relation': 'above'}","```json
{""answer"": ""triangle""}
```",yellow triangle,triangle,False,0.6174520249999205,spatial_inversion,True
ood_occlusion_000032_q03,ood_occlusion_000032,images/ood_occlusion/ood_occlusion_000032.png,Which object is between the green circle and the yellow triangle?,green triangle,between,3,ood_occlusion,occlusion,"{'objects': ['obj_1', 'obj_2'], 'target': 'obj_3', 'relation': 'between'}","```json
{""answer"": ""white""}
```",green triangle,white,False,0.6173589459999675,other,True
ood_occlusion_000032_q04,ood_occlusion_000032,images/ood_occlusion/ood_occlusion_000032.png,"Which object is smaller, the green triangle or the green circle?",green triangle,relative_size,2,ood_occlusion,occlusion,"{'objects': ['obj_3', 'obj_1'], 'target': 'obj_3', 'relation': 'smaller'}","```json
{""answer"": ""green triangle""}
```",green triangle,green triangle,True,0.6684516689999782,,False
ood_occlusion_000033_q01,ood_occlusion_000033,images/ood_occlusion/ood_occlusion_000033.png,Which object is between the red circle and the green circle?,green rectangle,between,3,ood_occlusion,occlusion,"{'objects': ['obj_3', 'obj_2'], 'target': 'obj_1', 'relation': 'between'}","```json
{""answer"": ""triangle""}
```",green rectangle,triangle,False,0.6153121980000833,object_confusion,True
ood_occlusion_000033_q02,ood_occlusion_000033,images/ood_occlusion/ood_occlusion_000033.png,Which object is the topmost in the image?,red rectangle,relative_ordering,2,ood_occlusion,occlusion,"{'target': 'obj_4', 'relation': 'topmost'}","```json
{""answer"": ""square""}
```",red rectangle,square,False,0.6158423259998926,spatial_inversion,True
ood_occlusion_000033_q03,ood_occlusion_000033,images/ood_occlusion/ood_occlusion_000033.png,Which object is both right of the green circle and below the green rectangle?,red circle,multi_hop,4,ood_occlusion,occlusion,"{'anchors': ['obj_2', 'obj_1'], 'target': 'obj_3', 'relations': ['right of', 'below']}","```json
{""answer"": ""red rectangle""}
```",red circle,red rectangle,False,0.6669169350000175,relation_chain_failure,True
ood_occlusion_000033_q04,ood_occlusion_000033,images/ood_occlusion/ood_occlusion_000033.png,Which object is immediately left of the red rectangle?,green rectangle,left_right,2,ood_occlusion,occlusion,"{'anchor': 'obj_4', 'target': 'obj_1', 'relation': 'left'}","```json
{""answer"": ""circle""}
```",green rectangle,circle,False,0.6169244860000163,spatial_inversion,True
ood_occlusion_000034_q01,ood_occlusion_000034,images/ood_occlusion/ood_occlusion_000034.png,Which object is immediately left of the green triangle?,yellow triangle,left_right,2,ood_occlusion,occlusion,"{'anchor': 'obj_5', 'target': 'obj_1', 'relation': 'left'}","```json
{""answer"": ""circle""}
```",yellow triangle,circle,False,0.6160565449999922,spatial_inversion,True
ood_occlusion_000034_q02,ood_occlusion_000034,images/ood_occlusion/ood_occlusion_000034.png,Do the blue rectangle and the green circle overlap? Answer yes or no.,no,overlap,2,ood_occlusion,occlusion,"{'objects': ['obj_2', 'obj_3'], 'relation': 'overlap'}","{""answer"": ""no""}",no,no,True,0.41765570400002616,,False
ood_occlusion_000034_q03,ood_occlusion_000034,images/ood_occlusion/ood_occlusion_000034.png,Which object is both above the yellow circle and left of the green circle?,yellow triangle,multi_hop,4,ood_occlusion,occlusion,"{'anchors': ['obj_4', 'obj_3'], 'target': 'obj_1', 'relations': ['above', 'left of']}","```json
{""answer"": ""triangle""}
```",yellow triangle,triangle,False,0.6193413369999234,relation_chain_failure,True
ood_occlusion_000034_q04,ood_occlusion_000034,images/ood_occlusion/ood_occlusion_000034.png,Which object is immediately above the green circle?,yellow circle,above_below,2,ood_occlusion,occlusion,"{'anchor': 'obj_3', 'target': 'obj_4', 'relation': 'above'}","```json
{""answer"": ""blue square""}
```",yellow circle,blue square,False,0.6704258900001605,spatial_inversion,True
ood_occlusion_000035_q01,ood_occlusion_000035,images/ood_occlusion/ood_occlusion_000035.png,Which object is immediately left of the green circle?,red circle,left_right,2,ood_occlusion,occlusion,"{'anchor': 'obj_1', 'target': 'obj_3', 'relation': 'left'}","```json
{""answer"": ""blue rectangle""}
```",red circle,blue rectangle,False,0.667750832000138,spatial_inversion,True
ood_occlusion_000035_q02,ood_occlusion_000035,images/ood_occlusion/ood_occlusion_000035.png,Do the green circle and the red circle overlap? Answer yes or no.,yes,overlap,2,ood_occlusion,occlusion,"{'objects': ['obj_1', 'obj_3'], 'relation': 'overlap'}","{""answer"": ""no""}",yes,no,False,0.42520802800004276,relation_error,True
ood_occlusion_000035_q03,ood_occlusion_000035,images/ood_occlusion/ood_occlusion_000035.png,Which object is between the green circle and the blue rectangle?,red circle,between,3,ood_occlusion,occlusion,"{'objects': ['obj_1', 'obj_2'], 'target': 'obj_3', 'relation': 'between'}","```json
{""answer"": ""red circle""}
```",red circle,red circle,True,0.6669887109999308,,False
ood_occlusion_000035_q04,ood_occlusion_000035,images/ood_occlusion/ood_occlusion_000035.png,Which object is nearest from the blue rectangle?,red circle,nearest_farthest,2,ood_occlusion,occlusion,"{'anchor': 'obj_2', 'target': 'obj_3', 'relation': 'nearest'}","```json
{""answer"": ""blue rectangle""}
```",red circle,blue rectangle,False,0.6819486030001372,distance_reasoning_error,True
ood_occlusion_000036_q01,ood_occlusion_000036,images/ood_occlusion/ood_occlusion_000036.png,Which object is both below the green rectangle and right of the yellow circle?,yellow triangle,multi_hop,4,ood_occlusion,occlusion,"{'anchors': ['obj_4', 'obj_3'], 'target': 'obj_1', 'relations': ['below', 'right of']}","```json
{""answer"": ""triangle""}
```",yellow triangle,triangle,False,0.6268429080000715,relation_chain_failure,True
ood_occlusion_000036_q02,ood_occlusion_000036,images/ood_occlusion/ood_occlusion_000036.png,"Which object is closer to the center of the image, the blue triangle or the green rectangle?",green rectangle,center_proximity,2,ood_occlusion,occlusion,"{'objects': ['obj_2', 'obj_4'], 'target': 'obj_4', 'relation': 'center_proximity'}","```json
{""answer"": ""green rectangle""}
```",green rectangle,green rectangle,True,0.6818521560001045,,False
ood_occlusion_000036_q03,ood_occlusion_000036,images/ood_occlusion/ood_occlusion_000036.png,How many rectangle objects are in the image?,1,counting,1,ood_occlusion,occlusion,{'filter': {'shape': 'rectangle'}},"```json
{""answer"": ""1""}
```",1,1,True,0.6215030079999906,,False
ood_occlusion_000036_q04,ood_occlusion_000036,images/ood_occlusion/ood_occlusion_000036.png,Which object is the bottommost in the image?,yellow triangle,relative_ordering,2,ood_occlusion,occlusion,"{'target': 'obj_1', 'relation': 'bottommost'}","```json
{""answer"": ""rectangle""}
```",yellow triangle,rectangle,False,0.6299904750001133,spatial_inversion,True
ood_occlusion_000037_q01,ood_occlusion_000037,images/ood_occlusion/ood_occlusion_000037.png,"Which object is closer to the center of the image, the red rectangle or the green triangle?",green triangle,center_proximity,2,ood_occlusion,occlusion,"{'objects': ['obj_1', 'obj_3'], 'target': 'obj_3', 'relation': 'center_proximity'}","```json
{""answer"": ""green triangle""}
```",green triangle,green triangle,True,0.672000829000126,,False
ood_occlusion_000037_q02,ood_occlusion_000037,images/ood_occlusion/ood_occlusion_000037.png,Which object is the leftmost in the image?,green triangle,relative_ordering,2,ood_occlusion,occlusion,"{'target': 'obj_3', 'relation': 'leftmost'}","```json
{""answer"": ""triangle""}
```",green triangle,triangle,False,0.6255475049999859,spatial_inversion,True
ood_occlusion_000037_q03,ood_occlusion_000037,images/ood_occlusion/ood_occlusion_000037.png,Is the yellow rectangle completely inside the yellow circle? Answer yes or no.,no,inside_outside,2,ood_occlusion,occlusion,"{'objects': ['obj_4', 'obj_2'], 'relation': 'inside'}","{""answer"": ""no""}",no,no,True,0.4207554069998878,,False
ood_occlusion_000037_q04,ood_occlusion_000037,images/ood_occlusion/ood_occlusion_000037.png,How many objects are above the red rectangle?,0,counting,2,ood_occlusion,occlusion,"{'anchor': 'obj_1', 'relation': 'above'}","```json
{""answer"": ""2""}
```",0,2,False,0.6188677149998512,counting_error,True
ood_occlusion_000038_q01,ood_occlusion_000038,images/ood_occlusion/ood_occlusion_000038.png,Which object is between the yellow circle and the blue circle?,green rectangle,between,3,ood_occlusion,occlusion,"{'objects': ['obj_1', 'obj_3'], 'target': 'obj_4', 'relation': 'between'}","```json
{""answer"": ""triangle""}
```",green rectangle,triangle,False,0.6193753500001549,object_confusion,True
ood_occlusion_000038_q02,ood_occlusion_000038,images/ood_occlusion/ood_occlusion_000038.png,Which object is immediately below the blue circle?,green triangle,above_below,2,ood_occlusion,occlusion,"{'anchor': 'obj_3', 'target': 'obj_2', 'relation': 'below'}","```json
{""answer"": ""square""}
```",green triangle,square,False,0.6216589480000039,spatial_inversion,True
ood_occlusion_000038_q03,ood_occlusion_000038,images/ood_occlusion/ood_occlusion_000038.png,"Which object is closer to the center of the image, the green triangle or the green rectangle?",green rectangle,center_proximity,2,ood_occlusion,occlusion,"{'objects': ['obj_2', 'obj_4'], 'target': 'obj_4', 'relation': 'center_proximity'}","```json
{""answer"": ""green triangle""}
```",green rectangle,green triangle,False,0.6708460869999726,distance_reasoning_error,True
ood_occlusion_000038_q04,ood_occlusion_000038,images/ood_occlusion/ood_occlusion_000038.png,Which object is farthest from the green triangle?,yellow circle,nearest_farthest,2,ood_occlusion,occlusion,"{'anchor': 'obj_2', 'target': 'obj_1', 'relation': 'farthest'}","```json
{""answer"": ""square""}
```",yellow circle,square,False,0.621605604000024,distance_reasoning_error,True
ood_occlusion_000039_q01,ood_occlusion_000039,images/ood_occlusion/ood_occlusion_000039.png,Which object is farthest from the blue rectangle?,green triangle,nearest_farthest,2,ood_occlusion,occlusion,"{'anchor': 'obj_4', 'target': 'obj_1', 'relation': 'farthest'}","```json
{""answer"": ""triangle""}
```",green triangle,triangle,False,0.6204955910000081,distance_reasoning_error,True
ood_occlusion_000039_q02,ood_occlusion_000039,images/ood_occlusion/ood_occlusion_000039.png,Which object is both below the blue rectangle and left of the yellow triangle?,red triangle,multi_hop,4,ood_occlusion,occlusion,"{'anchors': ['obj_4', 'obj_2'], 'target': 'obj_3', 'relations': ['below', 'left of']}","```json
{""answer"": ""red triangle""}
```",red triangle,red triangle,True,0.6706314020000264,,False
ood_occlusion_000039_q03,ood_occlusion_000039,images/ood_occlusion/ood_occlusion_000039.png,How many objects are left of the yellow circle?,1,counting,2,ood_occlusion,occlusion,"{'anchor': 'obj_5', 'relation': 'left'}","```json
{""answer"": ""1""}
```",1,1,True,0.6216717889999472,,False
ood_occlusion_000039_q04,ood_occlusion_000039,images/ood_occlusion/ood_occlusion_000039.png,Which object is the bottommost in the image?,red triangle,relative_ordering,2,ood_occlusion,occlusion,"{'target': 'obj_3', 'relation': 'bottommost'}","```json
{""answer"": ""triangle""}
```",red triangle,triangle,False,0.6185960469999827,spatial_inversion,True
ood_occlusion_000040_q01,ood_occlusion_000040,images/ood_occlusion/ood_occlusion_000040.png,How many objects are above the blue rectangle?,2,counting,2,ood_occlusion,occlusion,"{'anchor': 'obj_1', 'relation': 'above'}","```json
{""answer"": ""3""}
```",2,3,False,0.621045562000063,counting_error,True
ood_occlusion_000040_q02,ood_occlusion_000040,images/ood_occlusion/ood_occlusion_000040.png,Which object is the bottommost in the image?,blue circle,relative_ordering,2,ood_occlusion,occlusion,"{'target': 'obj_3', 'relation': 'bottommost'}","```json
{""answer"": ""blue circle""}
```",blue circle,blue circle,True,0.6695965470000829,,False
ood_occlusion_000040_q03,ood_occlusion_000040,images/ood_occlusion/ood_occlusion_000040.png,Which object is farthest from the green circle?,blue rectangle,nearest_farthest,2,ood_occlusion,occlusion,"{'anchor': 'obj_4', 'target': 'obj_1', 'relation': 'farthest'}","```json
{""answer"": ""triangle""}
```",blue rectangle,triangle,False,0.6224635849998776,distance_reasoning_error,True
ood_occlusion_000040_q04,ood_occlusion_000040,images/ood_occlusion/ood_occlusion_000040.png,"Which object is smaller, the green circle or the blue triangle?",blue triangle,relative_size,2,ood_occlusion,occlusion,"{'objects': ['obj_4', 'obj_2'], 'target': 'obj_2', 'relation': 'smaller'}","```json
{""answer"": ""blue triangle""}
```",blue triangle,blue triangle,True,0.665019748000077,,False
ood_occlusion_000041_q01,ood_occlusion_000041,images/ood_occlusion/ood_occlusion_000041.png,Which object is both below the red circle and right of the blue circle?,yellow rectangle,multi_hop,4,ood_occlusion,occlusion,"{'anchors': ['obj_1', 'obj_2'], 'target': 'obj_3', 'relations': ['below', 'right of']}","```json
{""answer"": ""yellow rectangle""}
```",yellow rectangle,yellow rectangle,True,0.6855120660000011,,False
ood_occlusion_000041_q02,ood_occlusion_000041,images/ood_occlusion/ood_occlusion_000041.png,"Which object is smaller, the yellow rectangle or the blue circle?",yellow rectangle,relative_size,2,ood_occlusion,occlusion,"{'objects': ['obj_3', 'obj_2'], 'target': 'obj_3', 'relation': 'smaller'}","```json
{""answer"": ""blue circle""}
```",yellow rectangle,blue circle,False,0.6693722410000191,object_confusion,True
ood_occlusion_000041_q03,ood_occlusion_000041,images/ood_occlusion/ood_occlusion_000041.png,How many circle objects are in the image?,2,counting,1,ood_occlusion,occlusion,{'filter': {'shape': 'circle'}},"```json
{""answer"": ""1""}
```",2,1,False,0.6263045329999386,counting_error,True
ood_occlusion_000041_q04,ood_occlusion_000041,images/ood_occlusion/ood_occlusion_000041.png,Which object is the rightmost in the image?,yellow rectangle,relative_ordering,2,ood_occlusion,occlusion,"{'target': 'obj_3', 'relation': 'rightmost'}","```json
{""answer"": ""rectangle""}
```",yellow rectangle,rectangle,False,0.6152579540000715,spatial_inversion,True
ood_occlusion_000042_q01,ood_occlusion_000042,images/ood_occlusion/ood_occlusion_000042.png,Which object is between the yellow rectangle and the green rectangle?,red triangle,between,3,ood_occlusion,occlusion,"{'objects': ['obj_2', 'obj_3'], 'target': 'obj_1', 'relation': 'between'}","```json
{""answer"": ""triangle""}
```",red triangle,triangle,False,0.6233155670001906,object_confusion,True
ood_occlusion_000042_q02,ood_occlusion_000042,images/ood_occlusion/ood_occlusion_000042.png,Which object is the bottommost in the image?,green rectangle,relative_ordering,2,ood_occlusion,occlusion,"{'target': 'obj_3', 'relation': 'bottommost'}","```json
{""answer"": ""green""}
```",green rectangle,green,False,0.6155404130001898,spatial_inversion,True
ood_occlusion_000042_q03,ood_occlusion_000042,images/ood_occlusion/ood_occlusion_000042.png,Which object is both above the red triangle and left of the green rectangle?,yellow rectangle,multi_hop,4,ood_occlusion,occlusion,"{'anchors': ['obj_1', 'obj_3'], 'target': 'obj_2', 'relations': ['above', 'left of']}","```json
{""answer"": ""yellow rectangle""}
```",yellow rectangle,yellow rectangle,True,0.667417118000003,,False
ood_occlusion_000042_q04,ood_occlusion_000042,images/ood_occlusion/ood_occlusion_000042.png,Which object is immediately right of the yellow rectangle?,red triangle,left_right,2,ood_occlusion,occlusion,"{'anchor': 'obj_2', 'target': 'obj_1', 'relation': 'right'}","```json
{""answer"": ""green rectangle""}
```",red triangle,green rectangle,False,0.6737853459999315,spatial_inversion,True
ood_occlusion_000043_q01,ood_occlusion_000043,images/ood_occlusion/ood_occlusion_000043.png,Which object is immediately left of the green triangle?,yellow circle,left_right,2,ood_occlusion,occlusion,"{'anchor': 'obj_5', 'target': 'obj_4', 'relation': 'left'}","```json
{""answer"": ""blue rectangle""}
```",yellow circle,blue rectangle,False,0.6720452420001948,spatial_inversion,True
ood_occlusion_000043_q02,ood_occlusion_000043,images/ood_occlusion/ood_occlusion_000043.png,Do the blue circle and the blue rectangle overlap? Answer yes or no.,yes,overlap,2,ood_occlusion,occlusion,"{'objects': ['obj_2', 'obj_3'], 'relation': 'overlap'}","{""answer"": ""no""}",yes,no,False,0.4165848959999039,relation_error,True
ood_occlusion_000043_q03,ood_occlusion_000043,images/ood_occlusion/ood_occlusion_000043.png,Which object is both right of the green triangle and left of the blue rectangle?,red triangle,multi_hop,4,ood_occlusion,occlusion,"{'anchors': ['obj_5', 'obj_3'], 'target': 'obj_1', 'relations': ['right of', 'left of']}","```json
{""answer"": ""blue rectangle""}
```",red triangle,blue rectangle,False,0.6635142180000457,relation_chain_failure,True
ood_occlusion_000043_q04,ood_occlusion_000043,images/ood_occlusion/ood_occlusion_000043.png,"Which object is closer to the center of the image, the green triangle or the blue rectangle?",blue rectangle,center_proximity,2,ood_occlusion,occlusion,"{'objects': ['obj_5', 'obj_3'], 'target': 'obj_3', 'relation': 'center_proximity'}","```json
{""answer"": ""blue rectangle""}
```",blue rectangle,blue rectangle,True,0.6643350570000166,,False
ood_occlusion_000044_q01,ood_occlusion_000044,images/ood_occlusion/ood_occlusion_000044.png,Which object is immediately left of the yellow circle?,green triangle,left_right,2,ood_occlusion,occlusion,"{'anchor': 'obj_2', 'target': 'obj_3', 'relation': 'left'}","```json
{""answer"": ""triangle""}
```",green triangle,triangle,False,0.6169434580001507,spatial_inversion,True
ood_occlusion_000044_q02,ood_occlusion_000044,images/ood_occlusion/ood_occlusion_000044.png,Do the green circle and the yellow circle overlap? Answer yes or no.,no,overlap,2,ood_occlusion,occlusion,"{'objects': ['obj_1', 'obj_2'], 'relation': 'overlap'}","{""answer"": ""no""}",no,no,True,0.41586347299994486,,False
ood_occlusion_000044_q03,ood_occlusion_000044,images/ood_occlusion/ood_occlusion_000044.png,"Which object is closer to the center of the image, the green triangle or the green circle?",green circle,center_proximity,2,ood_occlusion,occlusion,"{'objects': ['obj_3', 'obj_1'], 'target': 'obj_1', 'relation': 'center_proximity'}","```json
{""answer"": ""green circle""}
```",green circle,green circle,True,0.6678319760001159,,False
ood_occlusion_000044_q04,ood_occlusion_000044,images/ood_occlusion/ood_occlusion_000044.png,Which object is between the green circle and the green triangle?,yellow circle,between,3,ood_occlusion,occlusion,"{'objects': ['obj_1', 'obj_3'], 'target': 'obj_2', 'relation': 'between'}","```json
{""answer"": ""triangle""}
```",yellow circle,triangle,False,0.6198200710000492,object_confusion,True
ood_occlusion_000045_q01,ood_occlusion_000045,images/ood_occlusion/ood_occlusion_000045.png,Which object is both right of the yellow circle and above the red rectangle?,blue triangle,multi_hop,4,ood_occlusion,occlusion,"{'anchors': ['obj_1', 'obj_3'], 'target': 'obj_4', 'relations': ['right of', 'above']}","```json
{""answer"": ""blue triangle""}
```",blue triangle,blue triangle,True,0.6715670280000268,,False
ood_occlusion_000045_q02,ood_occlusion_000045,images/ood_occlusion/ood_occlusion_000045.png,"Which object is closer to the center of the image, the green rectangle or the red rectangle?",green rectangle,center_proximity,2,ood_occlusion,occlusion,"{'objects': ['obj_2', 'obj_3'], 'target': 'obj_2', 'relation': 'center_proximity'}","```json
{""answer"": ""red rectangle""}
```",green rectangle,red rectangle,False,0.6786613770000258,distance_reasoning_error,True
ood_occlusion_000045_q03,ood_occlusion_000045,images/ood_occlusion/ood_occlusion_000045.png,How many circle objects are in the image?,1,counting,1,ood_occlusion,occlusion,{'filter': {'shape': 'circle'}},"```json
{""answer"": ""1""}
```",1,1,True,0.6333789609998348,,False
ood_occlusion_000045_q04,ood_occlusion_000045,images/ood_occlusion/ood_occlusion_000045.png,Which object is the topmost in the image?,blue triangle,relative_ordering,2,ood_occlusion,occlusion,"{'target': 'obj_4', 'relation': 'topmost'}","```json
{""answer"": ""triangle""}
```",blue triangle,triangle,False,0.6380734130000292,spatial_inversion,True
ood_occlusion_000046_q01,ood_occlusion_000046,images/ood_occlusion/ood_occlusion_000046.png,Which object is between the red rectangle and the yellow triangle?,red circle,between,3,ood_occlusion,occlusion,"{'objects': ['obj_2', 'obj_1'], 'target': 'obj_3', 'relation': 'between'}","```json
{""answer"": ""circle""}
```",red circle,circle,False,0.6210234909999599,object_confusion,True
ood_occlusion_000046_q02,ood_occlusion_000046,images/ood_occlusion/ood_occlusion_000046.png,Which object is the rightmost in the image?,yellow triangle,relative_ordering,2,ood_occlusion,occlusion,"{'target': 'obj_1', 'relation': 'rightmost'}","```json
{""answer"": ""circle""}
```",yellow triangle,circle,False,0.6204697610000949,spatial_inversion,True
ood_occlusion_000046_q03,ood_occlusion_000046,images/ood_occlusion/ood_occlusion_000046.png,Is the yellow triangle completely inside the red rectangle? Answer yes or no.,no,inside_outside,2,ood_occlusion,occlusion,"{'objects': ['obj_1', 'obj_2'], 'relation': 'inside'}","{""answer"": ""no""}",no,no,True,0.42049699700010024,,False
ood_occlusion_000046_q04,ood_occlusion_000046,images/ood_occlusion/ood_occlusion_000046.png,How many red objects are in the image?,2,counting,1,ood_occlusion,occlusion,{'filter': {'color': 'red'}},"```json
{""answer"": ""2""}
```",2,2,True,0.6269032919999518,,False
ood_occlusion_000047_q01,ood_occlusion_000047,images/ood_occlusion/ood_occlusion_000047.png,Which object is between the green rectangle and the green triangle?,blue triangle,between,3,ood_occlusion,occlusion,"{'objects': ['obj_1', 'obj_2'], 'target': 'obj_3', 'relation': 'between'}","```json
{""answer"": ""blue triangle""}
```",blue triangle,blue triangle,True,0.6677613259998907,,False
ood_occlusion_000047_q02,ood_occlusion_000047,images/ood_occlusion/ood_occlusion_000047.png,Which object is immediately left of the green rectangle?,blue triangle,left_right,2,ood_occlusion,occlusion,"{'anchor': 'obj_1', 'target': 'obj_3', 'relation': 'left'}","```json
{""answer"": ""triangle""}
```",blue triangle,triangle,False,0.6186068030001479,spatial_inversion,True
ood_occlusion_000047_q03,ood_occlusion_000047,images/ood_occlusion/ood_occlusion_000047.png,Which object is immediately below the green rectangle?,blue triangle,above_below,2,ood_occlusion,occlusion,"{'anchor': 'obj_1', 'target': 'obj_3', 'relation': 'below'}","```json
{""answer"": ""triangle""}
```",blue triangle,triangle,False,0.6108953570001177,spatial_inversion,True
ood_occlusion_000047_q04,ood_occlusion_000047,images/ood_occlusion/ood_occlusion_000047.png,"Which object is closer to the center of the image, the green rectangle or the blue triangle?",blue triangle,center_proximity,2,ood_occlusion,occlusion,"{'objects': ['obj_1', 'obj_3'], 'target': 'obj_3', 'relation': 'center_proximity'}","```json
{""answer"": ""blue triangle""}
```",blue triangle,blue triangle,True,0.6630455990000428,,False
ood_occlusion_000048_q01,ood_occlusion_000048,images/ood_occlusion/ood_occlusion_000048.png,Which object is farthest from the red rectangle?,blue circle,nearest_farthest,2,ood_occlusion,occlusion,"{'anchor': 'obj_2', 'target': 'obj_1', 'relation': 'farthest'}","```json
{""answer"": ""blue circle""}
```",blue circle,blue circle,True,0.6604296049999903,,False
ood_occlusion_000048_q02,ood_occlusion_000048,images/ood_occlusion/ood_occlusion_000048.png,Which object is both below the red triangle and above the red rectangle?,blue circle,multi_hop,4,ood_occlusion,occlusion,"{'anchors': ['obj_3', 'obj_2'], 'target': 'obj_1', 'relations': ['below', 'above']}","```json
{""answer"": ""blue circle""}
```",blue circle,blue circle,True,0.6611024389999329,,False
ood_occlusion_000048_q03,ood_occlusion_000048,images/ood_occlusion/ood_occlusion_000048.png,How many objects are above the red triangle?,0,counting,2,ood_occlusion,occlusion,"{'anchor': 'obj_3', 'relation': 'above'}","```json
{""answer"": ""1""}
```",0,1,False,0.6201808299999811,counting_error,True
ood_occlusion_000048_q04,ood_occlusion_000048,images/ood_occlusion/ood_occlusion_000048.png,Which object is the rightmost in the image?,red rectangle,relative_ordering,2,ood_occlusion,occlusion,"{'target': 'obj_2', 'relation': 'rightmost'}","```json
{""answer"": ""rectangle""}
```",red rectangle,rectangle,False,0.6126157359999524,spatial_inversion,True
ood_occlusion_000049_q01,ood_occlusion_000049,images/ood_occlusion/ood_occlusion_000049.png,How many yellow objects are in the image?,1,counting,1,ood_occlusion,occlusion,{'filter': {'color': 'yellow'}},"```json
{""answer"": ""1""}
```",1,1,True,0.6125270210000053,,False
ood_occlusion_000049_q02,ood_occlusion_000049,images/ood_occlusion/ood_occlusion_000049.png,Which object is farthest from the yellow circle?,green circle,nearest_farthest,2,ood_occlusion,occlusion,"{'anchor': 'obj_2', 'target': 'obj_4', 'relation': 'farthest'}","```json
{""answer"": ""triangle""}
```",green circle,triangle,False,0.6145467289998123,distance_reasoning_error,True
ood_occlusion_000049_q03,ood_occlusion_000049,images/ood_occlusion/ood_occlusion_000049.png,Which object is both above the green circle and right of the blue triangle?,blue rectangle,multi_hop,4,ood_occlusion,occlusion,"{'anchors': ['obj_4', 'obj_5'], 'target': 'obj_1', 'relations': ['above', 'right of']}","```json
{""answer"": ""yellow circle""}
```",blue rectangle,yellow circle,False,0.670057609999958,relation_chain_failure,True
ood_occlusion_000049_q04,ood_occlusion_000049,images/ood_occlusion/ood_occlusion_000049.png,"Which object is closer to the center of the image, the blue rectangle or the green triangle?",green triangle,center_proximity,2,ood_occlusion,occlusion,"{'objects': ['obj_1', 'obj_3'], 'target': 'obj_3', 'relation': 'center_proximity'}","```json
{""answer"": ""green triangle""}
```",green triangle,green triangle,True,0.6714365329999055,,False
