sample_id,scene_id,image,question,answer,task,difficulty,split,ood_type,metadata,prediction,normalized_ground_truth,normalized_prediction,correct,latency_seconds,error_type,ood_failure
test_000000_q01,test_000000,images/test/test_000000.png,Do the red rectangle and the yellow triangle overlap? Answer yes or no.,no,overlap,2,test,,"{'objects': ['obj_2', 'obj_3'], 'relation': 'overlap'}",no,no,no,True,2.8992771730000015,,False
test_000000_q02,test_000000,images/test/test_000000.png,Which object is immediately right of the red rectangle?,yellow rectangle,left_right,2,test,,"{'anchor': 'obj_2', 'target': 'obj_5', 'relation': 'right'}",yellow triangle,yellow rectangle,yellow triangle,False,0.2300571229999946,spatial_inversion,False
test_000000_q03,test_000000,images/test/test_000000.png,Which object is between the blue circle and the yellow rectangle?,green triangle,between,3,test,,"{'objects': ['obj_4', 'obj_5'], 'target': 'obj_1', 'relation': 'between'}",green triangle,green triangle,green triangle,True,0.21913862000002382,,False
test_000000_q04,test_000000,images/test/test_000000.png,Which object is farthest from the blue circle?,yellow triangle,nearest_farthest,2,test,,"{'anchor': 'obj_4', 'target': 'obj_3', 'relation': 'farthest'}",red rectangle,yellow triangle,red rectangle,False,0.21723770099998774,distance_reasoning_error,False
test_000001_q01,test_000001,images/test/test_000001.png,Is the blue circle completely inside the green triangle? Answer yes or no.,no,inside_outside,2,test,,"{'objects': ['obj_1', 'obj_3'], 'relation': 'inside'}",no,no,no,True,0.1677738959999715,,False
test_000001_q02,test_000001,images/test/test_000001.png,"Which object is smaller, the blue circle or the blue rectangle?",blue circle,relative_size,2,test,,"{'objects': ['obj_1', 'obj_4'], 'target': 'obj_1', 'relation': 'smaller'}",blue circle,blue circle,blue circle,True,0.21815781100002596,,False
test_000001_q03,test_000001,images/test/test_000001.png,Which object is between the green triangle and the blue circle?,blue rectangle,between,3,test,,"{'objects': ['obj_3', 'obj_1'], 'target': 'obj_4', 'relation': 'between'}",square,blue rectangle,square,False,0.17316784899998083,other,False
test_000001_q04,test_000001,images/test/test_000001.png,Which object is farthest from the blue rectangle?,green triangle,nearest_farthest,2,test,,"{'anchor': 'obj_4', 'target': 'obj_3', 'relation': 'farthest'}",green triangle,green triangle,green triangle,True,0.21672939400002633,,False
test_000002_q01,test_000002,images/test/test_000002.png,Which object is immediately below the yellow triangle?,blue triangle,above_below,2,test,,"{'anchor': 'obj_4', 'target': 'obj_2', 'relation': 'below'}",blue triangle,blue triangle,blue triangle,True,0.21694768100002193,,False
test_000002_q02,test_000002,images/test/test_000002.png,Which object is both left of the blue circle and above the blue triangle?,yellow triangle,multi_hop,4,test,,"{'anchors': ['obj_1', 'obj_2'], 'target': 'obj_4', 'relations': ['left of', 'above']}",yellow triangle,yellow triangle,yellow triangle,True,0.21939553400000023,,False
test_000002_q03,test_000002,images/test/test_000002.png,How many objects are above the red triangle?,4,counting,2,test,,"{'anchor': 'obj_5', 'relation': 'above'}",2,4,2,False,0.16801080599998386,counting_error,False
test_000002_q04,test_000002,images/test/test_000002.png,Which object is nearest from the red triangle?,yellow triangle,nearest_farthest,2,test,,"{'anchor': 'obj_5', 'target': 'obj_4', 'relation': 'nearest'}",blue triangle,yellow triangle,blue triangle,False,0.21615355700004102,distance_reasoning_error,False
test_000003_q01,test_000003,images/test/test_000003.png,Which object is immediately above the red circle?,red rectangle,above_below,2,test,,"{'anchor': 'obj_4', 'target': 'obj_3', 'relation': 'above'}",rectangle,red rectangle,rectangle,False,0.16700981099995715,spatial_inversion,False
test_000003_q02,test_000003,images/test/test_000003.png,Which object is farthest from the red rectangle?,blue circle,nearest_farthest,2,test,,"{'anchor': 'obj_3', 'target': 'obj_1', 'relation': 'farthest'}",blue circle,blue circle,blue circle,True,0.2179131899999902,,False
test_000003_q03,test_000003,images/test/test_000003.png,Is the red circle completely inside the red rectangle? Answer yes or no.,no,inside_outside,2,test,,"{'objects': ['obj_4', 'obj_3'], 'relation': 'inside'}",no,no,no,True,0.16730762600002436,,False
test_000003_q04,test_000003,images/test/test_000003.png,"Which object is closer to the center of the image, the blue rectangle or the red rectangle?",blue rectangle,center_proximity,2,test,,"{'objects': ['obj_2', 'obj_3'], 'target': 'obj_2', 'relation': 'center_proximity'}",blue rectangle,blue rectangle,blue rectangle,True,0.2198049220000371,,False
test_000004_q01,test_000004,images/test/test_000004.png,Which object is both right of the yellow triangle and below the yellow rectangle?,blue circle,multi_hop,4,test,,"{'anchors': ['obj_2', 'obj_1'], 'target': 'obj_4', 'relations': ['right of', 'below']}",blue circle,blue circle,blue circle,True,0.21659584399998266,,False
test_000004_q02,test_000004,images/test/test_000004.png,Is the blue circle completely inside the green triangle? Answer yes or no.,no,inside_outside,2,test,,"{'objects': ['obj_4', 'obj_5'], 'relation': 'inside'}",no,no,no,True,0.16698624399998607,,False
test_000004_q03,test_000004,images/test/test_000004.png,Which object is immediately left of the green rectangle?,yellow triangle,left_right,2,test,,"{'anchor': 'obj_3', 'target': 'obj_2', 'relation': 'left'}",triangle,yellow triangle,triangle,False,0.16718673899998748,spatial_inversion,False
test_000004_q04,test_000004,images/test/test_000004.png,How many objects are left of the yellow triangle?,0,counting,2,test,,"{'anchor': 'obj_2', 'relation': 'left'}",2,0,2,False,0.16717498300005218,counting_error,False
test_000005_q01,test_000005,images/test/test_000005.png,Which object is both left of the green rectangle and below the yellow rectangle?,blue triangle,multi_hop,4,test,,"{'anchors': ['obj_4', 'obj_5'], 'target': 'obj_3', 'relations': ['left of', 'below']}",blue triangle,blue triangle,blue triangle,True,0.21968903699996645,,False
test_000005_q02,test_000005,images/test/test_000005.png,Which object is immediately above the yellow rectangle?,green rectangle,above_below,2,test,,"{'anchor': 'obj_5', 'target': 'obj_4', 'relation': 'above'}",triangle,green rectangle,triangle,False,0.16761075399995207,spatial_inversion,False
test_000005_q03,test_000005,images/test/test_000005.png,How many triangle objects are in the image?,3,counting,1,test,,{'filter': {'shape': 'triangle'}},2,3,2,False,0.16701398700001846,counting_error,False
test_000005_q04,test_000005,images/test/test_000005.png,Which object is between the yellow triangle and the blue triangle?,yellow rectangle,between,3,test,,"{'objects': ['obj_1', 'obj_3'], 'target': 'obj_5', 'relation': 'between'}",green rectangle,yellow rectangle,green rectangle,False,0.21690688999996155,object_confusion,False
test_000006_q01,test_000006,images/test/test_000006.png,Which object is nearest from the blue rectangle?,green rectangle,nearest_farthest,2,test,,"{'anchor': 'obj_2', 'target': 'obj_1', 'relation': 'nearest'}",red circle,green rectangle,red circle,False,0.21755744000000732,distance_reasoning_error,False
test_000006_q02,test_000006,images/test/test_000006.png,"Which object is smaller, the green rectangle or the blue rectangle?",green rectangle,relative_size,2,test,,"{'objects': ['obj_1', 'obj_2'], 'target': 'obj_1', 'relation': 'smaller'}",green rectangle,green rectangle,green rectangle,True,0.22090019799998117,,False
test_000006_q03,test_000006,images/test/test_000006.png,Which object is the leftmost in the image?,green rectangle,relative_ordering,2,test,,"{'target': 'obj_1', 'relation': 'leftmost'}",green object,green rectangle,green object,False,0.21824040199999217,spatial_inversion,False
test_000006_q04,test_000006,images/test/test_000006.png,Is the green rectangle completely inside the red circle? Answer yes or no.,no,inside_outside,2,test,,"{'objects': ['obj_1', 'obj_3'], 'relation': 'inside'}",no,no,no,True,0.16708836099996915,,False
test_000007_q01,test_000007,images/test/test_000007.png,"Which object is closer to the center of the image, the green rectangle or the blue rectangle?",blue rectangle,center_proximity,2,test,,"{'objects': ['obj_1', 'obj_3'], 'target': 'obj_3', 'relation': 'center_proximity'}",blue rectangle,blue rectangle,blue rectangle,True,0.2206095649999611,,False
test_000007_q02,test_000007,images/test/test_000007.png,How many red objects are in the image?,1,counting,1,test,,{'filter': {'color': 'red'}},1,1,1,True,0.16760745300001645,,False
test_000007_q03,test_000007,images/test/test_000007.png,Which object is the bottommost in the image?,green rectangle,relative_ordering,2,test,,"{'target': 'obj_1', 'relation': 'bottommost'}",rectangle,green rectangle,rectangle,False,0.16826410799995983,spatial_inversion,False
test_000007_q04,test_000007,images/test/test_000007.png,Which object is immediately above the red triangle?,green circle,above_below,2,test,,"{'anchor': 'obj_4', 'target': 'obj_2', 'relation': 'above'}",blue rectangle,green circle,blue rectangle,False,0.22494014100004733,spatial_inversion,False
test_000008_q01,test_000008,images/test/test_000008.png,How many blue objects are in the image?,1,counting,1,test,,{'filter': {'color': 'blue'}},1,1,1,True,0.1691793260000054,,False
test_000008_q02,test_000008,images/test/test_000008.png,"Which object is smaller, the yellow circle or the yellow rectangle?",yellow rectangle,relative_size,2,test,,"{'objects': ['obj_2', 'obj_1'], 'target': 'obj_1', 'relation': 'smaller'}",yellow circle,yellow rectangle,yellow circle,False,0.21984799700004487,object_confusion,False
test_000008_q03,test_000008,images/test/test_000008.png,Do the yellow triangle and the yellow rectangle overlap? Answer yes or no.,no,overlap,2,test,,"{'objects': ['obj_5', 'obj_1'], 'relation': 'overlap'}",no,no,no,True,0.16905662499999607,,False
test_000008_q04,test_000008,images/test/test_000008.png,Which object is nearest from the red triangle?,yellow circle,nearest_farthest,2,test,,"{'anchor': 'obj_3', 'target': 'obj_2', 'relation': 'nearest'}",triangle,yellow circle,triangle,False,0.1679497430000083,distance_reasoning_error,False
test_000009_q01,test_000009,images/test/test_000009.png,Do the blue circle and the blue triangle overlap? Answer yes or no.,no,overlap,2,test,,"{'objects': ['obj_3', 'obj_2'], 'relation': 'overlap'}",no,no,no,True,0.1708116030000042,,False
test_000009_q02,test_000009,images/test/test_000009.png,Which object is immediately right of the yellow triangle?,yellow circle,left_right,2,test,,"{'anchor': 'obj_5', 'target': 'obj_1', 'relation': 'right'}",square,yellow circle,square,False,0.168674368999973,spatial_inversion,False
test_000009_q03,test_000009,images/test/test_000009.png,Which object is both left of the red rectangle and above the blue triangle?,yellow triangle,multi_hop,4,test,,"{'anchors': ['obj_4', 'obj_2'], 'target': 'obj_5', 'relations': ['left of', 'above']}",yellow triangle,yellow triangle,yellow triangle,True,0.2214252569999644,,False
test_000009_q04,test_000009,images/test/test_000009.png,Which object is the bottommost in the image?,yellow circle,relative_ordering,2,test,,"{'target': 'obj_1', 'relation': 'bottommost'}",rectangle,yellow circle,rectangle,False,0.17154069999998,spatial_inversion,False
test_000010_q01,test_000010,images/test/test_000010.png,Is the blue rectangle completely inside the blue circle? Answer yes or no.,no,inside_outside,2,test,,"{'objects': ['obj_1', 'obj_3'], 'relation': 'inside'}",no,no,no,True,0.16973536799997646,,False
test_000010_q02,test_000010,images/test/test_000010.png,"Which object is smaller, the blue rectangle or the green triangle?",blue rectangle,relative_size,2,test,,"{'objects': ['obj_1', 'obj_4'], 'target': 'obj_1', 'relation': 'smaller'}",blue rectangle,blue rectangle,blue rectangle,True,0.22108133900002258,,False
test_000010_q03,test_000010,images/test/test_000010.png,Which object is farthest from the green triangle?,blue rectangle,nearest_farthest,2,test,,"{'anchor': 'obj_4', 'target': 'obj_1', 'relation': 'farthest'}",red circle,blue rectangle,red circle,False,0.21824923600001966,distance_reasoning_error,False
test_000010_q04,test_000010,images/test/test_000010.png,Which object is the leftmost in the image?,green triangle,relative_ordering,2,test,,"{'target': 'obj_4', 'relation': 'leftmost'}",triangle,green triangle,triangle,False,0.16812586399998963,spatial_inversion,False
test_000011_q01,test_000011,images/test/test_000011.png,Which object is both right of the blue rectangle and below the red rectangle?,blue triangle,multi_hop,4,test,,"{'anchors': ['obj_1', 'obj_3'], 'target': 'obj_4', 'relations': ['right of', 'below']}",triangle,blue triangle,triangle,False,0.16993419400000676,relation_chain_failure,False
test_000011_q02,test_000011,images/test/test_000011.png,How many objects are left of the red rectangle?,2,counting,2,test,,"{'anchor': 'obj_3', 'relation': 'left'}",2,2,2,True,0.16897295199999007,,False
test_000011_q03,test_000011,images/test/test_000011.png,Which object is nearest from the red rectangle?,blue rectangle,nearest_farthest,2,test,,"{'anchor': 'obj_3', 'target': 'obj_1', 'relation': 'nearest'}",triangle,blue rectangle,triangle,False,0.1675190040000416,distance_reasoning_error,False
test_000011_q04,test_000011,images/test/test_000011.png,Which object is immediately left of the blue triangle?,red rectangle,left_right,2,test,,"{'anchor': 'obj_4', 'target': 'obj_3', 'relation': 'left'}",blue rectangle,red rectangle,blue rectangle,False,0.2208202649999862,spatial_inversion,False
test_000012_q01,test_000012,images/test/test_000012.png,Which object is immediately below the green triangle?,blue circle,above_below,2,test,,"{'anchor': 'obj_3', 'target': 'obj_1', 'relation': 'below'}",blue circle,blue circle,blue circle,True,0.2181932440000196,,False
test_000012_q02,test_000012,images/test/test_000012.png,Which object is immediately left of the blue circle?,green triangle,left_right,2,test,,"{'anchor': 'obj_1', 'target': 'obj_3', 'relation': 'left'}",triangle,green triangle,triangle,False,0.16833647000004248,spatial_inversion,False
test_000012_q03,test_000012,images/test/test_000012.png,Which object is farthest from the yellow triangle?,green triangle,nearest_farthest,2,test,,"{'anchor': 'obj_2', 'target': 'obj_3', 'relation': 'farthest'}",blue circle,green triangle,blue circle,False,0.2181850059999988,distance_reasoning_error,False
test_000012_q04,test_000012,images/test/test_000012.png,Is the yellow triangle completely inside the green triangle? Answer yes or no.,no,inside_outside,2,test,,"{'objects': ['obj_2', 'obj_3'], 'relation': 'inside'}",no,no,no,True,0.16769811599999684,,False
test_000013_q01,test_000013,images/test/test_000013.png,Which object is both above the yellow rectangle and left of the green rectangle?,red triangle,multi_hop,4,test,,"{'anchors': ['obj_4', 'obj_5'], 'target': 'obj_2', 'relations': ['above', 'left of']}",triangle,red triangle,triangle,False,0.17042450299999246,relation_chain_failure,False
test_000013_q02,test_000013,images/test/test_000013.png,Is the green rectangle completely inside the yellow rectangle? Answer yes or no.,no,inside_outside,2,test,,"{'objects': ['obj_5', 'obj_4'], 'relation': 'inside'}",no,no,no,True,0.1676012709999668,,False
test_000013_q03,test_000013,images/test/test_000013.png,Which object is immediately right of the red triangle?,green rectangle,left_right,2,test,,"{'anchor': 'obj_2', 'target': 'obj_5', 'relation': 'right'}",blue rectangle,green rectangle,blue rectangle,False,0.21734288700002935,spatial_inversion,False
test_000013_q04,test_000013,images/test/test_000013.png,How many objects are above the yellow rectangle?,4,counting,2,test,,"{'anchor': 'obj_4', 'relation': 'above'}",3,4,3,False,0.16747137499999099,counting_error,False
test_000014_q01,test_000014,images/test/test_000014.png,Which object is immediately right of the red circle?,red rectangle,left_right,2,test,,"{'anchor': 'obj_2', 'target': 'obj_1', 'relation': 'right'}",blue rectangle,red rectangle,blue rectangle,False,0.21678499699999065,spatial_inversion,False
test_000014_q02,test_000014,images/test/test_000014.png,Which object is both above the blue rectangle and right of the yellow triangle?,red circle,multi_hop,4,test,,"{'anchors': ['obj_4', 'obj_3'], 'target': 'obj_2', 'relations': ['above', 'right of']}",red circle,red circle,red circle,True,0.2215997089999746,,False
test_000014_q03,test_000014,images/test/test_000014.png,Which object is immediately below the red circle?,blue rectangle,above_below,2,test,,"{'anchor': 'obj_2', 'target': 'obj_4', 'relation': 'below'}",blue rectangle,blue rectangle,blue rectangle,True,0.2205875679999849,,False
test_000014_q04,test_000014,images/test/test_000014.png,How many red objects are in the image?,2,counting,1,test,,{'filter': {'color': 'red'}},2,2,2,True,0.17251750899998797,,False
test_000015_q01,test_000015,images/test/test_000015.png,Which object is nearest from the blue circle?,blue rectangle,nearest_farthest,2,test,,"{'anchor': 'obj_3', 'target': 'obj_4', 'relation': 'nearest'}",triangle,blue rectangle,triangle,False,0.16830695699997023,distance_reasoning_error,False
test_000015_q02,test_000015,images/test/test_000015.png,"Which object is smaller, the yellow triangle or the blue rectangle?",blue rectangle,relative_size,2,test,,"{'objects': ['obj_2', 'obj_4'], 'target': 'obj_4', 'relation': 'smaller'}",yellow triangle,blue rectangle,yellow triangle,False,0.21753486599999405,object_confusion,False
test_000015_q03,test_000015,images/test/test_000015.png,Which object is the leftmost in the image?,yellow circle,relative_ordering,2,test,,"{'target': 'obj_1', 'relation': 'leftmost'}",circle,yellow circle,circle,False,0.1675966790000416,spatial_inversion,False
test_000015_q04,test_000015,images/test/test_000015.png,Which object is between the blue circle and the yellow circle?,blue rectangle,between,3,test,,"{'objects': ['obj_3', 'obj_1'], 'target': 'obj_4', 'relation': 'between'}",triangle,blue rectangle,triangle,False,0.17494501999999557,object_confusion,False
test_000016_q01,test_000016,images/test/test_000016.png,"Which object is closer to the center of the image, the blue rectangle or the green triangle?",blue rectangle,center_proximity,2,test,,"{'objects': ['obj_1', 'obj_3'], 'target': 'obj_1', 'relation': 'center_proximity'}",blue rectangle,blue rectangle,blue rectangle,True,0.21859420499998805,,False
test_000016_q02,test_000016,images/test/test_000016.png,How many objects are above the blue rectangle?,0,counting,2,test,,"{'anchor': 'obj_1', 'relation': 'above'}",2,0,2,False,0.16744029300002694,counting_error,False
test_000016_q03,test_000016,images/test/test_000016.png,Which object is the bottommost in the image?,yellow triangle,relative_ordering,2,test,,"{'target': 'obj_4', 'relation': 'bottommost'}",circle,yellow triangle,circle,False,0.1667012290000116,spatial_inversion,False
test_000016_q04,test_000016,images/test/test_000016.png,Which object is immediately above the yellow triangle?,blue circle,above_below,2,test,,"{'anchor': 'obj_4', 'target': 'obj_2', 'relation': 'above'}",blue rectangle,blue circle,blue rectangle,False,0.21758902499999522,spatial_inversion,False
test_000017_q01,test_000017,images/test/test_000017.png,How many green objects are in the image?,2,counting,1,test,,{'filter': {'color': 'green'}},2,2,2,True,0.1692041659999859,,False
test_000017_q02,test_000017,images/test/test_000017.png,"Which object is smaller, the green rectangle or the yellow triangle?",green rectangle,relative_size,2,test,,"{'objects': ['obj_2', 'obj_1'], 'target': 'obj_2', 'relation': 'smaller'}",green rectangle,green rectangle,green rectangle,True,0.21801509900001292,,False
test_000017_q03,test_000017,images/test/test_000017.png,Do the red triangle and the yellow triangle overlap? Answer yes or no.,no,overlap,2,test,,"{'objects': ['obj_5', 'obj_1'], 'relation': 'overlap'}",no,no,no,True,0.1675297559999649,,False
test_000017_q04,test_000017,images/test/test_000017.png,Which object is nearest from the blue rectangle?,red triangle,nearest_farthest,2,test,,"{'anchor': 'obj_3', 'target': 'obj_5', 'relation': 'nearest'}",triangle,red triangle,triangle,False,0.16723961999997528,distance_reasoning_error,False
test_000018_q01,test_000018,images/test/test_000018.png,Do the blue rectangle and the red circle overlap? Answer yes or no.,no,overlap,2,test,,"{'objects': ['obj_3', 'obj_2'], 'relation': 'overlap'}",no,no,no,True,0.16679512100000693,,False
test_000018_q02,test_000018,images/test/test_000018.png,Which object is immediately right of the green circle?,blue triangle,left_right,2,test,,"{'anchor': 'obj_5', 'target': 'obj_4', 'relation': 'right'}",red circle,blue triangle,red circle,False,0.21718889099997796,spatial_inversion,False
test_000018_q03,test_000018,images/test/test_000018.png,Which object is both right of the green circle and above the blue rectangle?,blue triangle,multi_hop,4,test,,"{'anchors': ['obj_5', 'obj_3'], 'target': 'obj_4', 'relations': ['right of', 'above']}",blue triangle,blue triangle,blue triangle,True,0.2183549849999622,,False
test_000018_q04,test_000018,images/test/test_000018.png,Which object is the bottommost in the image?,red circle,relative_ordering,2,test,,"{'target': 'obj_2', 'relation': 'bottommost'}",red circle,red circle,red circle,True,0.22295170400002462,,False
test_000019_q01,test_000019,images/test/test_000019.png,Which object is between the red rectangle and the red triangle?,blue rectangle,between,3,test,,"{'objects': ['obj_3', 'obj_2'], 'target': 'obj_4', 'relation': 'between'}",blue circle,blue rectangle,blue circle,False,0.21793280999997933,object_confusion,False
test_000019_q02,test_000019,images/test/test_000019.png,Is the red triangle completely inside the blue circle? Answer yes or no.,no,inside_outside,2,test,,"{'objects': ['obj_2', 'obj_1'], 'relation': 'inside'}",no,no,no,True,0.1677295619999768,,False
test_000019_q03,test_000019,images/test/test_000019.png,Which object is farthest from the red triangle?,red rectangle,nearest_farthest,2,test,,"{'anchor': 'obj_2', 'target': 'obj_3', 'relation': 'farthest'}",blue circle,red rectangle,blue circle,False,0.2171089400000028,distance_reasoning_error,False
test_000019_q04,test_000019,images/test/test_000019.png,Which object is both above the blue rectangle and right of the blue circle?,red rectangle,multi_hop,4,test,,"{'anchors': ['obj_4', 'obj_1'], 'target': 'obj_3', 'relations': ['above', 'right of']}",red rectangle,red rectangle,red rectangle,True,0.2164592720000087,,False
test_000020_q01,test_000020,images/test/test_000020.png,Which object is immediately below the blue circle?,yellow circle,above_below,2,test,,"{'anchor': 'obj_3', 'target': 'obj_2', 'relation': 'below'}",square,yellow circle,square,False,0.16517563700000437,spatial_inversion,False
test_000020_q02,test_000020,images/test/test_000020.png,Which object is both below the blue circle and above the blue rectangle?,yellow circle,multi_hop,4,test,,"{'anchors': ['obj_3', 'obj_1'], 'target': 'obj_2', 'relations': ['below', 'above']}",yellow circle,yellow circle,yellow circle,True,0.21484470699999747,,False
test_000020_q03,test_000020,images/test/test_000020.png,How many blue objects are in the image?,2,counting,1,test,,{'filter': {'color': 'blue'}},2,2,2,True,0.16848258600003874,,False
test_000020_q04,test_000020,images/test/test_000020.png,Which object is nearest from the blue rectangle?,yellow circle,nearest_farthest,2,test,,"{'anchor': 'obj_1', 'target': 'obj_2', 'relation': 'nearest'}",blue circle,yellow circle,blue circle,False,0.2171339089999833,distance_reasoning_error,False
test_000021_q01,test_000021,images/test/test_000021.png,Which object is farthest from the blue triangle?,yellow circle,nearest_farthest,2,test,,"{'anchor': 'obj_3', 'target': 'obj_4', 'relation': 'farthest'}",green circle,yellow circle,green circle,False,0.2191561679999836,distance_reasoning_error,False
test_000021_q02,test_000021,images/test/test_000021.png,Is the yellow circle completely inside the blue triangle? Answer yes or no.,no,inside_outside,2,test,,"{'objects': ['obj_4', 'obj_3'], 'relation': 'inside'}",no,no,no,True,0.16775287699999808,,False
test_000021_q03,test_000021,images/test/test_000021.png,"Which object is closer to the center of the image, the red circle or the blue triangle?",red circle,center_proximity,2,test,,"{'objects': ['obj_2', 'obj_3'], 'target': 'obj_2', 'relation': 'center_proximity'}",red circle,red circle,red circle,True,0.21773186599995142,,False
test_000021_q04,test_000021,images/test/test_000021.png,Do the yellow circle and the green circle overlap? Answer yes or no.,no,overlap,2,test,,"{'objects': ['obj_4', 'obj_1'], 'relation': 'overlap'}",no,no,no,True,0.1677998730000354,,False
test_000022_q01,test_000022,images/test/test_000022.png,Which object is both below the yellow rectangle and right of the blue circle?,green triangle,multi_hop,4,test,,"{'anchors': ['obj_2', 'obj_1'], 'target': 'obj_3', 'relations': ['below', 'right of']}",triangle,green triangle,triangle,False,0.1667770409999889,relation_chain_failure,False
test_000022_q02,test_000022,images/test/test_000022.png,Is the blue circle completely inside the yellow rectangle? Answer yes or no.,no,inside_outside,2,test,,"{'objects': ['obj_1', 'obj_2'], 'relation': 'inside'}",no,no,no,True,0.16673704199996564,,False
test_000022_q03,test_000022,images/test/test_000022.png,How many rectangle objects are in the image?,1,counting,1,test,,{'filter': {'shape': 'rectangle'}},1,1,1,True,0.16635075099998176,,False
test_000022_q04,test_000022,images/test/test_000022.png,"Which object is closer to the center of the image, the green triangle or the yellow rectangle?",green triangle,center_proximity,2,test,,"{'objects': ['obj_3', 'obj_2'], 'target': 'obj_3', 'relation': 'center_proximity'}",green triangle,green triangle,green triangle,True,0.21771707499999593,,False
test_000023_q01,test_000023,images/test/test_000023.png,Which object is immediately right of the yellow rectangle?,blue rectangle,left_right,2,test,,"{'anchor': 'obj_1', 'target': 'obj_2', 'relation': 'right'}",blue rectangle,blue rectangle,blue rectangle,True,0.22032326200002217,,False
test_000023_q02,test_000023,images/test/test_000023.png,Which object is both below the yellow rectangle and right of the blue rectangle?,red rectangle,multi_hop,4,test,,"{'anchors': ['obj_1', 'obj_2'], 'target': 'obj_3', 'relations': ['below', 'right of']}",red rectangle,red rectangle,red rectangle,True,0.2200014080000301,,False
test_000023_q03,test_000023,images/test/test_000023.png,How many rectangle objects are in the image?,3,counting,1,test,,{'filter': {'shape': 'rectangle'}},3,3,3,True,0.16723176099998227,,False
test_000023_q04,test_000023,images/test/test_000023.png,Which object is between the red rectangle and the yellow rectangle?,blue rectangle,between,3,test,,"{'objects': ['obj_3', 'obj_1'], 'target': 'obj_2', 'relation': 'between'}",blue rectangle,blue rectangle,blue rectangle,True,0.21814673699998366,,False
test_000024_q01,test_000024,images/test/test_000024.png,Which object is nearest from the blue circle?,green triangle,nearest_farthest,2,test,,"{'anchor': 'obj_2', 'target': 'obj_1', 'relation': 'nearest'}",triangle,green triangle,triangle,False,0.1670926760000384,distance_reasoning_error,False
test_000024_q02,test_000024,images/test/test_000024.png,"Which object is smaller, the green triangle or the blue circle?",blue circle,relative_size,2,test,,"{'objects': ['obj_1', 'obj_2'], 'target': 'obj_2', 'relation': 'smaller'}",green triangle,blue circle,green triangle,False,0.2185473540000089,object_confusion,False
test_000024_q03,test_000024,images/test/test_000024.png,Which object is the leftmost in the image?,blue triangle,relative_ordering,2,test,,"{'target': 'obj_3', 'relation': 'leftmost'}",triangle,blue triangle,triangle,False,0.1674904340000012,spatial_inversion,False
test_000024_q04,test_000024,images/test/test_000024.png,Is the green triangle completely inside the blue triangle? Answer yes or no.,no,inside_outside,2,test,,"{'objects': ['obj_1', 'obj_3'], 'relation': 'inside'}",no,no,no,True,0.1707502639999916,,False
test_000025_q01,test_000025,images/test/test_000025.png,"Which object is closer to the center of the image, the yellow circle or the green circle?",yellow circle,center_proximity,2,test,,"{'objects': ['obj_1', 'obj_2'], 'target': 'obj_1', 'relation': 'center_proximity'}",yellow circle,yellow circle,yellow circle,True,0.22242931400000998,,False
test_000025_q02,test_000025,images/test/test_000025.png,How many yellow objects are in the image?,1,counting,1,test,,{'filter': {'color': 'yellow'}},1,1,1,True,0.16669118400000116,,False
test_000025_q03,test_000025,images/test/test_000025.png,Which object is the bottommost in the image?,green circle,relative_ordering,2,test,,"{'target': 'obj_2', 'relation': 'bottommost'}",green circle,green circle,green circle,True,0.21575043200004984,,False
test_000025_q04,test_000025,images/test/test_000025.png,Which object is between the green rectangle and the green circle?,yellow circle,between,3,test,,"{'objects': ['obj_3', 'obj_2'], 'target': 'obj_1', 'relation': 'between'}",yellow circle,yellow circle,yellow circle,True,0.21672116999997115,,False
test_000026_q01,test_000026,images/test/test_000026.png,How many blue objects are in the image?,1,counting,1,test,,{'filter': {'color': 'blue'}},1,1,1,True,0.16639710500004412,,False
test_000026_q02,test_000026,images/test/test_000026.png,"Which object is smaller, the blue circle or the yellow triangle?",blue circle,relative_size,2,test,,"{'objects': ['obj_1', 'obj_3'], 'target': 'obj_1', 'relation': 'smaller'}",yellow triangle,blue circle,yellow triangle,False,0.21878233200004615,object_confusion,False
test_000026_q03,test_000026,images/test/test_000026.png,Do the yellow triangle and the blue circle overlap? Answer yes or no.,no,overlap,2,test,,"{'objects': ['obj_3', 'obj_1'], 'relation': 'overlap'}",no,no,no,True,0.1668825549999724,,False
test_000026_q04,test_000026,images/test/test_000026.png,Which object is nearest from the yellow circle?,blue circle,nearest_farthest,2,test,,"{'anchor': 'obj_2', 'target': 'obj_1', 'relation': 'nearest'}",triangle,blue circle,triangle,False,0.16584840899997744,distance_reasoning_error,False
test_000027_q01,test_000027,images/test/test_000027.png,Do the green triangle and the yellow rectangle overlap? Answer yes or no.,no,overlap,2,test,,"{'objects': ['obj_3', 'obj_2'], 'relation': 'overlap'}",no,no,no,True,0.1660680550000393,,False
test_000027_q02,test_000027,images/test/test_000027.png,Which object is immediately right of the red triangle?,yellow rectangle,left_right,2,test,,"{'anchor': 'obj_5', 'target': 'obj_2', 'relation': 'right'}",yellow square,yellow rectangle,yellow square,False,0.2167846649999774,spatial_inversion,False
test_000027_q03,test_000027,images/test/test_000027.png,Which object is both below the green triangle and above the green rectangle?,red triangle,multi_hop,4,test,,"{'anchors': ['obj_3', 'obj_4'], 'target': 'obj_5', 'relations': ['below', 'above']}",red circle,red triangle,red circle,False,0.21836063099999592,relation_chain_failure,False
test_000027_q04,test_000027,images/test/test_000027.png,Which object is the rightmost in the image?,yellow rectangle,relative_ordering,2,test,,"{'target': 'obj_2', 'relation': 'rightmost'}",yellow square,yellow rectangle,yellow square,False,0.21662804999999707,spatial_inversion,False
test_000028_q01,test_000028,images/test/test_000028.png,Is the green circle completely inside the green triangle? Answer yes or no.,no,inside_outside,2,test,,"{'objects': ['obj_3', 'obj_1'], 'relation': 'inside'}",no,no,no,True,0.16642064299998083,,False
test_000028_q02,test_000028,images/test/test_000028.png,Which object is farthest from the green circle?,green triangle,nearest_farthest,2,test,,"{'anchor': 'obj_3', 'target': 'obj_1', 'relation': 'farthest'}",blue circle,green triangle,blue circle,False,0.21602416000001767,distance_reasoning_error,False
test_000028_q03,test_000028,images/test/test_000028.png,Which object is both left of the green triangle and above the green circle?,blue circle,multi_hop,4,test,,"{'anchors': ['obj_1', 'obj_3'], 'target': 'obj_2', 'relations': ['left of', 'above']}",blue circle,blue circle,blue circle,True,0.2157729129999666,,False
test_000028_q04,test_000028,images/test/test_000028.png,How many objects are above the green triangle?,2,counting,2,test,,"{'anchor': 'obj_1', 'relation': 'above'}",2,2,2,True,0.16821321800000533,,False
test_000029_q01,test_000029,images/test/test_000029.png,Which object is nearest from the red circle?,green circle,nearest_farthest,2,test,,"{'anchor': 'obj_1', 'target': 'obj_4', 'relation': 'nearest'}",triangle,green circle,triangle,False,0.16660567499997114,distance_reasoning_error,False
test_000029_q02,test_000029,images/test/test_000029.png,"Which object is closer to the center of the image, the red circle or the red triangle?",red circle,center_proximity,2,test,,"{'objects': ['obj_1', 'obj_2'], 'target': 'obj_1', 'relation': 'center_proximity'}",red circle,red circle,red circle,True,0.2161373740000272,,False
test_000029_q03,test_000029,images/test/test_000029.png,Is the red circle completely inside the green circle? Answer yes or no.,no,inside_outside,2,test,,"{'objects': ['obj_1', 'obj_4'], 'relation': 'inside'}",no,no,no,True,0.165544103000002,,False
test_000029_q04,test_000029,images/test/test_000029.png,How many triangle objects are in the image?,2,counting,1,test,,{'filter': {'shape': 'triangle'}},1,2,1,False,0.16655947999998943,counting_error,False
test_000030_q01,test_000030,images/test/test_000030.png,Which object is immediately above the yellow circle?,blue circle,above_below,2,test,,"{'anchor': 'obj_4', 'target': 'obj_1', 'relation': 'above'}",triangle,blue circle,triangle,False,0.16625979799999868,spatial_inversion,False
test_000030_q02,test_000030,images/test/test_000030.png,Which object is immediately right of the blue circle?,red circle,left_right,2,test,,"{'anchor': 'obj_1', 'target': 'obj_3', 'relation': 'right'}",triangle,red circle,triangle,False,0.16847454499998094,spatial_inversion,False
test_000030_q03,test_000030,images/test/test_000030.png,Which object is farthest from the red circle?,blue triangle,nearest_farthest,2,test,,"{'anchor': 'obj_3', 'target': 'obj_2', 'relation': 'farthest'}",triangle,blue triangle,triangle,False,0.167522622999968,distance_reasoning_error,False
test_000030_q04,test_000030,images/test/test_000030.png,Is the yellow circle completely inside the red circle? Answer yes or no.,no,inside_outside,2,test,,"{'objects': ['obj_4', 'obj_3'], 'relation': 'inside'}",no,no,no,True,0.16610916799999131,,False
test_000031_q01,test_000031,images/test/test_000031.png,Which object is both left of the yellow rectangle and below the red rectangle?,blue rectangle,multi_hop,4,test,,"{'anchors': ['obj_4', 'obj_3'], 'target': 'obj_1', 'relations': ['left of', 'below']}",blue rectangle,blue rectangle,blue rectangle,True,0.21675038500001165,,False
test_000031_q02,test_000031,images/test/test_000031.png,Is the green triangle completely inside the blue rectangle? Answer yes or no.,no,inside_outside,2,test,,"{'objects': ['obj_2', 'obj_1'], 'relation': 'inside'}",no,no,no,True,0.1653253029999746,,False
test_000031_q03,test_000031,images/test/test_000031.png,How many rectangle objects are in the image?,3,counting,1,test,,{'filter': {'shape': 'rectangle'}},3,3,3,True,0.16601308399998516,,False
test_000031_q04,test_000031,images/test/test_000031.png,"Which object is closer to the center of the image, the red rectangle or the yellow rectangle?",yellow rectangle,center_proximity,2,test,,"{'objects': ['obj_3', 'obj_4'], 'target': 'obj_4', 'relation': 'center_proximity'}",yellow rectangle,yellow rectangle,yellow rectangle,True,0.21688912499996604,,False
test_000032_q01,test_000032,images/test/test_000032.png,Which object is both right of the green circle and below the green triangle?,red triangle,multi_hop,4,test,,"{'anchors': ['obj_4', 'obj_1'], 'target': 'obj_2', 'relations': ['right of', 'below']}",triangle,red triangle,triangle,False,0.16632981599997265,relation_chain_failure,False
test_000032_q02,test_000032,images/test/test_000032.png,Which object is immediately above the red triangle?,green triangle,above_below,2,test,,"{'anchor': 'obj_2', 'target': 'obj_1', 'relation': 'above'}",circle,green triangle,circle,False,0.16542397099999562,spatial_inversion,False
test_000032_q03,test_000032,images/test/test_000032.png,How many objects are left of the red triangle?,3,counting,2,test,,"{'anchor': 'obj_2', 'relation': 'left'}",2,3,2,False,0.16557018399998924,counting_error,False
test_000032_q04,test_000032,images/test/test_000032.png,Which object is farthest from the red triangle?,green triangle,nearest_farthest,2,test,,"{'anchor': 'obj_2', 'target': 'obj_1', 'relation': 'farthest'}",circle,green triangle,circle,False,0.164984048000008,distance_reasoning_error,False
test_000033_q01,test_000033,images/test/test_000033.png,Which object is nearest from the blue circle?,green rectangle,nearest_farthest,2,test,,"{'anchor': 'obj_3', 'target': 'obj_4', 'relation': 'nearest'}",triangle,green rectangle,triangle,False,0.16515234799999234,distance_reasoning_error,False
test_000033_q02,test_000033,images/test/test_000033.png,"Which object is smaller, the yellow rectangle or the green rectangle?",green rectangle,relative_size,2,test,,"{'objects': ['obj_2', 'obj_4'], 'target': 'obj_4', 'relation': 'smaller'}",yellow rectangle,green rectangle,yellow rectangle,False,0.21627721299995528,object_confusion,False
test_000033_q03,test_000033,images/test/test_000033.png,Which object is the leftmost in the image?,blue circle,relative_ordering,2,test,,"{'target': 'obj_3', 'relation': 'leftmost'}",circle,blue circle,circle,False,0.16501544399994827,spatial_inversion,False
test_000033_q04,test_000033,images/test/test_000033.png,Which object is between the green rectangle and the blue triangle?,yellow rectangle,between,3,test,,"{'objects': ['obj_4', 'obj_1'], 'target': 'obj_2', 'relation': 'between'}",yellow rectangle,yellow rectangle,yellow rectangle,True,0.2161045310000418,,False
test_000034_q01,test_000034,images/test/test_000034.png,"Which object is closer to the center of the image, the blue triangle or the green circle?",green circle,center_proximity,2,test,,"{'objects': ['obj_1', 'obj_3'], 'target': 'obj_3', 'relation': 'center_proximity'}",blue triangle,green circle,blue triangle,False,0.21492806799994923,distance_reasoning_error,False
test_000034_q02,test_000034,images/test/test_000034.png,How many red objects are in the image?,2,counting,1,test,,{'filter': {'color': 'red'}},2,2,2,True,0.1652324230000204,,False
test_000034_q03,test_000034,images/test/test_000034.png,Which object is the bottommost in the image?,green rectangle,relative_ordering,2,test,,"{'target': 'obj_5', 'relation': 'bottommost'}",green rectangle,green rectangle,green rectangle,True,0.2157550989999777,,False
test_000034_q04,test_000034,images/test/test_000034.png,Which object is between the blue triangle and the green circle?,red rectangle,between,3,test,,"{'objects': ['obj_1', 'obj_3'], 'target': 'obj_2', 'relation': 'between'}",red circle,red rectangle,red circle,False,0.21733621500004574,object_confusion,False
test_000035_q01,test_000035,images/test/test_000035.png,How many green objects are in the image?,2,counting,1,test,,{'filter': {'color': 'green'}},1,2,1,False,0.16686728699994546,counting_error,False
test_000035_q02,test_000035,images/test/test_000035.png,"Which object is smaller, the blue rectangle or the red circle?",red circle,relative_size,2,test,,"{'objects': ['obj_2', 'obj_1'], 'target': 'obj_1', 'relation': 'smaller'}",red circle,red circle,red circle,True,0.21633711499998753,,False
test_000035_q03,test_000035,images/test/test_000035.png,Do the green triangle and the red circle overlap? Answer yes or no.,no,overlap,2,test,,"{'objects': ['obj_5', 'obj_1'], 'relation': 'overlap'}",yes,no,yes,False,0.16639457500002663,relation_error,False
test_000035_q04,test_000035,images/test/test_000035.png,Which object is nearest from the yellow triangle?,red circle,nearest_farthest,2,test,,"{'anchor': 'obj_3', 'target': 'obj_1', 'relation': 'nearest'}",red circle,red circle,red circle,True,0.21631790199995748,,False
test_000036_q01,test_000036,images/test/test_000036.png,Do the yellow circle and the red circle overlap? Answer yes or no.,no,overlap,2,test,,"{'objects': ['obj_3', 'obj_1'], 'relation': 'overlap'}",no,no,no,True,0.1657213340000112,,False
test_000036_q02,test_000036,images/test/test_000036.png,Which object is immediately right of the green triangle?,red circle,left_right,2,test,,"{'anchor': 'obj_4', 'target': 'obj_1', 'relation': 'right'}",red circle,red circle,red circle,True,0.21492319200001475,,False
test_000036_q03,test_000036,images/test/test_000036.png,Which object is both right of the green triangle and below the red triangle?,red circle,multi_hop,4,test,,"{'anchors': ['obj_4', 'obj_2'], 'target': 'obj_1', 'relations': ['right of', 'below']}",red circle,red circle,red circle,True,0.2146869610000408,,False
test_000036_q04,test_000036,images/test/test_000036.png,Which object is the leftmost in the image?,yellow circle,relative_ordering,2,test,,"{'target': 'obj_3', 'relation': 'leftmost'}",yellow circle,yellow circle,yellow circle,True,0.21560329100003628,,False
test_000037_q01,test_000037,images/test/test_000037.png,Which object is between the blue rectangle and the green triangle?,red triangle,between,3,test,,"{'objects': ['obj_4', 'obj_1'], 'target': 'obj_2', 'relation': 'between'}",red triangle,red triangle,red triangle,True,0.21549289699999008,,False
test_000037_q02,test_000037,images/test/test_000037.png,Is the blue circle completely inside the green triangle? Answer yes or no.,no,inside_outside,2,test,,"{'objects': ['obj_3', 'obj_1'], 'relation': 'inside'}",no,no,no,True,0.16547431300000426,,False
test_000037_q03,test_000037,images/test/test_000037.png,Which object is nearest from the blue circle?,green triangle,nearest_farthest,2,test,,"{'anchor': 'obj_3', 'target': 'obj_1', 'relation': 'nearest'}",triangle,green triangle,triangle,False,0.16511070100000325,distance_reasoning_error,False
test_000037_q04,test_000037,images/test/test_000037.png,Which object is both above the blue circle and left of the blue rectangle?,green triangle,multi_hop,4,test,,"{'anchors': ['obj_3', 'obj_4'], 'target': 'obj_1', 'relations': ['above', 'left of']}",triangle,green triangle,triangle,False,0.16562738900000795,relation_chain_failure,False
test_000038_q01,test_000038,images/test/test_000038.png,Which object is nearest from the blue rectangle?,blue circle,nearest_farthest,2,test,,"{'anchor': 'obj_1', 'target': 'obj_2', 'relation': 'nearest'}",blue rectangle,blue circle,blue rectangle,False,0.21592433699998992,distance_reasoning_error,False
test_000038_q02,test_000038,images/test/test_000038.png,"Which object is closer to the center of the image, the blue rectangle or the blue circle?",blue circle,center_proximity,2,test,,"{'objects': ['obj_1', 'obj_2'], 'target': 'obj_2', 'relation': 'center_proximity'}",blue circle,blue circle,blue circle,True,0.22390051700000413,,False
test_000038_q03,test_000038,images/test/test_000038.png,Is the blue rectangle completely inside the green triangle? Answer yes or no.,no,inside_outside,2,test,,"{'objects': ['obj_1', 'obj_4'], 'relation': 'inside'}",no,no,no,True,0.1680624329999887,,False
test_000038_q04,test_000038,images/test/test_000038.png,How many triangle objects are in the image?,2,counting,1,test,,{'filter': {'shape': 'triangle'}},1,2,1,False,0.1670719680000161,counting_error,False
test_000039_q01,test_000039,images/test/test_000039.png,Which object is between the yellow triangle and the yellow rectangle?,green circle,between,3,test,,"{'objects': ['obj_1', 'obj_2'], 'target': 'obj_3', 'relation': 'between'}",blue rectangle,green circle,blue rectangle,False,0.21617773700000953,object_confusion,False
test_000039_q02,test_000039,images/test/test_000039.png,Is the yellow triangle completely inside the yellow rectangle? Answer yes or no.,no,inside_outside,2,test,,"{'objects': ['obj_1', 'obj_2'], 'relation': 'inside'}",no,no,no,True,0.16772184100000231,,False
test_000039_q03,test_000039,images/test/test_000039.png,Which object is both below the yellow rectangle and right of the blue rectangle?,green circle,multi_hop,4,test,,"{'anchors': ['obj_2', 'obj_4'], 'target': 'obj_3', 'relations': ['below', 'right of']}",green circle,green circle,green circle,True,0.2175507830000356,,False
test_000039_q04,test_000039,images/test/test_000039.png,Which object is immediately below the yellow rectangle?,blue rectangle,above_below,2,test,,"{'anchor': 'obj_2', 'target': 'obj_4', 'relation': 'below'}",blue rectangle,blue rectangle,blue rectangle,True,0.21761030999999775,,False
test_000040_q01,test_000040,images/test/test_000040.png,Which object is both right of the yellow circle and below the green circle?,blue circle,multi_hop,4,test,,"{'anchors': ['obj_1', 'obj_3'], 'target': 'obj_2', 'relations': ['right of', 'below']}",blue circle,blue circle,blue circle,True,0.22106255099998862,,False
test_000040_q02,test_000040,images/test/test_000040.png,Is the blue circle completely inside the green circle? Answer yes or no.,no,inside_outside,2,test,,"{'objects': ['obj_2', 'obj_3'], 'relation': 'inside'}",no,no,no,True,0.17060639799996125,,False
test_000040_q03,test_000040,images/test/test_000040.png,Which object is immediately left of the blue circle?,green circle,left_right,2,test,,"{'anchor': 'obj_2', 'target': 'obj_3', 'relation': 'left'}",yellow circle,green circle,yellow circle,False,0.21749255700001413,spatial_inversion,False
test_000040_q04,test_000040,images/test/test_000040.png,How many objects are left of the yellow circle?,0,counting,2,test,,"{'anchor': 'obj_1', 'relation': 'left'}",2,0,2,False,0.1664434099999994,counting_error,False
test_000041_q01,test_000041,images/test/test_000041.png,Which object is both above the yellow triangle and below the green rectangle?,blue circle,multi_hop,4,test,,"{'anchors': ['obj_3', 'obj_2'], 'target': 'obj_1', 'relations': ['above', 'below']}",blue circle,blue circle,blue circle,True,0.21816396200000554,,False
test_000041_q02,test_000041,images/test/test_000041.png,How many circle objects are in the image?,1,counting,1,test,,{'filter': {'shape': 'circle'}},2,1,2,False,0.1662875660000509,counting_error,False
test_000041_q03,test_000041,images/test/test_000041.png,Which object is farthest from the blue circle?,green rectangle,nearest_farthest,2,test,,"{'anchor': 'obj_1', 'target': 'obj_2', 'relation': 'farthest'}",green rectangle,green rectangle,green rectangle,True,0.21636311700001443,,False
test_000041_q04,test_000041,images/test/test_000041.png,Which object is the topmost in the image?,green rectangle,relative_ordering,2,test,,"{'target': 'obj_2', 'relation': 'topmost'}",square,green rectangle,square,False,0.1670191690000138,spatial_inversion,False
test_000042_q01,test_000042,images/test/test_000042.png,Which object is nearest from the green triangle?,green rectangle,nearest_farthest,2,test,,"{'anchor': 'obj_3', 'target': 'obj_2', 'relation': 'nearest'}",green triangle,green rectangle,green triangle,False,0.21748073799994927,distance_reasoning_error,False
test_000042_q02,test_000042,images/test/test_000042.png,"Which object is smaller, the green rectangle or the yellow rectangle?",yellow rectangle,relative_size,2,test,,"{'objects': ['obj_2', 'obj_4'], 'target': 'obj_4', 'relation': 'smaller'}",green rectangle,yellow rectangle,green rectangle,False,0.21828834299998334,object_confusion,False
test_000042_q03,test_000042,images/test/test_000042.png,Which object is the leftmost in the image?,yellow triangle,relative_ordering,2,test,,"{'target': 'obj_1', 'relation': 'leftmost'}",square,yellow triangle,square,False,0.16632255299998633,spatial_inversion,False
test_000042_q04,test_000042,images/test/test_000042.png,Which object is between the yellow rectangle and the green triangle?,green rectangle,between,3,test,,"{'objects': ['obj_4', 'obj_3'], 'target': 'obj_2', 'relation': 'between'}",square,green rectangle,square,False,0.16658042199998135,other,False
test_000043_q01,test_000043,images/test/test_000043.png,"Which object is closer to the center of the image, the green rectangle or the yellow rectangle?",yellow rectangle,center_proximity,2,test,,"{'objects': ['obj_1', 'obj_3'], 'target': 'obj_3', 'relation': 'center_proximity'}",yellow rectangle,yellow rectangle,yellow rectangle,True,0.2165091759999882,,False
test_000043_q02,test_000043,images/test/test_000043.png,How many objects are above the green rectangle?,0,counting,2,test,,"{'anchor': 'obj_1', 'relation': 'above'}",2,0,2,False,0.1671871719999558,counting_error,False
test_000043_q03,test_000043,images/test/test_000043.png,Which object is the bottommost in the image?,yellow rectangle,relative_ordering,2,test,,"{'target': 'obj_3', 'relation': 'bottommost'}",yellow square,yellow rectangle,yellow square,False,0.21802246300001116,spatial_inversion,False
test_000043_q04,test_000043,images/test/test_000043.png,Which object is immediately above the blue rectangle?,red triangle,above_below,2,test,,"{'anchor': 'obj_4', 'target': 'obj_2', 'relation': 'above'}",green rectangle,red triangle,green rectangle,False,0.21645447599996714,spatial_inversion,False
test_000044_q01,test_000044,images/test/test_000044.png,How many blue objects are in the image?,1,counting,1,test,,{'filter': {'color': 'blue'}},1,1,1,True,0.1664234870000314,,False
test_000044_q02,test_000044,images/test/test_000044.png,"Which object is smaller, the red triangle or the blue circle?",red triangle,relative_size,2,test,,"{'objects': ['obj_1', 'obj_3'], 'target': 'obj_1', 'relation': 'smaller'}",red triangle,red triangle,red triangle,True,0.2175937809999482,,False
test_000044_q03,test_000044,images/test/test_000044.png,Do the blue circle and the red triangle overlap? Answer yes or no.,no,overlap,2,test,,"{'objects': ['obj_3', 'obj_1'], 'relation': 'overlap'}",no,no,no,True,0.16731671899998446,,False
test_000044_q04,test_000044,images/test/test_000044.png,Which object is nearest from the green triangle?,red triangle,nearest_farthest,2,test,,"{'anchor': 'obj_2', 'target': 'obj_1', 'relation': 'nearest'}",red triangle,red triangle,red triangle,True,0.2170136839999941,,False
test_000045_q01,test_000045,images/test/test_000045.png,Do the blue triangle and the green triangle overlap? Answer yes or no.,no,overlap,2,test,,"{'objects': ['obj_3', 'obj_2'], 'relation': 'overlap'}",no,no,no,True,0.1687969570000405,,False
test_000045_q02,test_000045,images/test/test_000045.png,Which object is immediately right of the blue rectangle?,red circle,left_right,2,test,,"{'anchor': 'obj_5', 'target': 'obj_4', 'relation': 'right'}",triangle,red circle,triangle,False,0.16776651300000367,spatial_inversion,False
test_000045_q03,test_000045,images/test/test_000045.png,Which object is both above the green triangle and right of the blue triangle?,blue rectangle,multi_hop,4,test,,"{'anchors': ['obj_2', 'obj_3'], 'target': 'obj_5', 'relations': ['above', 'right of']}",blue rectangle,blue rectangle,blue rectangle,True,0.21846252900002128,,False
test_000045_q04,test_000045,images/test/test_000045.png,Which object is the bottommost in the image?,blue triangle,relative_ordering,2,test,,"{'target': 'obj_3', 'relation': 'bottommost'}",triangle,blue triangle,triangle,False,0.16822590099997115,spatial_inversion,False
test_000046_q01,test_000046,images/test/test_000046.png,Which object is between the blue circle and the blue rectangle?,green circle,between,3,test,,"{'objects': ['obj_1', 'obj_5'], 'target': 'obj_2', 'relation': 'between'}",green circle,green circle,green circle,True,0.2178575170000272,,False
test_000046_q02,test_000046,images/test/test_000046.png,Is the yellow circle completely inside the green circle? Answer yes or no.,no,inside_outside,2,test,,"{'objects': ['obj_3', 'obj_2'], 'relation': 'inside'}",no,no,no,True,0.16764554100001305,,False
test_000046_q03,test_000046,images/test/test_000046.png,Which object is nearest from the yellow circle?,green circle,nearest_farthest,2,test,,"{'anchor': 'obj_3', 'target': 'obj_2', 'relation': 'nearest'}",green circle,green circle,green circle,True,0.21637487099997088,,False
test_000046_q04,test_000046,images/test/test_000046.png,Which object is both left of the green circle and below the yellow circle?,blue rectangle,multi_hop,4,test,,"{'anchors': ['obj_2', 'obj_3'], 'target': 'obj_5', 'relations': ['left of', 'below']}",blue square,blue rectangle,blue square,False,0.22056233000000702,relation_chain_failure,False
test_000047_q01,test_000047,images/test/test_000047.png,Which object is nearest from the red circle?,green circle,nearest_farthest,2,test,,"{'anchor': 'obj_1', 'target': 'obj_4', 'relation': 'nearest'}",green triangle,green circle,green triangle,False,0.21796295799998688,distance_reasoning_error,False
test_000047_q02,test_000047,images/test/test_000047.png,"Which object is closer to the center of the image, the red circle or the green circle?",red circle,center_proximity,2,test,,"{'objects': ['obj_1', 'obj_4'], 'target': 'obj_1', 'relation': 'center_proximity'}",red circle,red circle,red circle,True,0.2170462020000059,,False
test_000047_q03,test_000047,images/test/test_000047.png,Is the red circle completely inside the blue triangle? Answer yes or no.,no,inside_outside,2,test,,"{'objects': ['obj_1', 'obj_2'], 'relation': 'inside'}",no,no,no,True,0.1671578930000237,,False
test_000047_q04,test_000047,images/test/test_000047.png,How many triangle objects are in the image?,2,counting,1,test,,{'filter': {'shape': 'triangle'}},2,2,2,True,0.16718758199999684,,False
test_000048_q01,test_000048,images/test/test_000048.png,Which object is immediately right of the green rectangle?,blue rectangle,left_right,2,test,,"{'anchor': 'obj_1', 'target': 'obj_3', 'relation': 'right'}",triangle,blue rectangle,triangle,False,0.16711468500000137,spatial_inversion,False
test_000048_q02,test_000048,images/test/test_000048.png,Is the green rectangle completely inside the blue rectangle? Answer yes or no.,no,inside_outside,2,test,,"{'objects': ['obj_1', 'obj_3'], 'relation': 'inside'}",no,no,no,True,0.16743679899997232,,False
test_000048_q03,test_000048,images/test/test_000048.png,Which object is both right of the green rectangle and below the blue rectangle?,blue triangle,multi_hop,4,test,,"{'anchors': ['obj_1', 'obj_3'], 'target': 'obj_2', 'relations': ['right of', 'below']}",triangle,blue triangle,triangle,False,0.16713453399995615,relation_chain_failure,False
test_000048_q04,test_000048,images/test/test_000048.png,Do the blue triangle and the blue rectangle overlap? Answer yes or no.,no,overlap,2,test,,"{'objects': ['obj_2', 'obj_3'], 'relation': 'overlap'}",no,no,no,True,0.16862029300000358,,False
test_000049_q01,test_000049,images/test/test_000049.png,"Which object is larger, the red rectangle or the blue circle?",blue circle,relative_size,2,test,,"{'objects': ['obj_5', 'obj_1'], 'target': 'obj_1', 'relation': 'larger'}",red rectangle,blue circle,red rectangle,False,0.21920169599997053,object_confusion,False
test_000049_q02,test_000049,images/test/test_000049.png,Which object is between the green circle and the red rectangle?,blue circle,between,3,test,,"{'objects': ['obj_2', 'obj_5'], 'target': 'obj_1', 'relation': 'between'}",blue triangle,blue circle,blue triangle,False,0.21654453899998316,object_confusion,False
test_000049_q03,test_000049,images/test/test_000049.png,Which object is both right of the blue circle and left of the blue rectangle?,red rectangle,multi_hop,4,test,,"{'anchors': ['obj_1', 'obj_4'], 'target': 'obj_5', 'relations': ['right of', 'left of']}",red rectangle,red rectangle,red rectangle,True,0.2209242640000184,,False
test_000049_q04,test_000049,images/test/test_000049.png,"Which object is closer to the center of the image, the blue rectangle or the red rectangle?",blue rectangle,center_proximity,2,test,,"{'objects': ['obj_4', 'obj_5'], 'target': 'obj_4', 'relation': 'center_proximity'}",blue rectangle,blue rectangle,blue rectangle,True,0.2172792210000125,,False
test_000050_q01,test_000050,images/test/test_000050.png,Which object is immediately right of the red circle?,green triangle,left_right,2,test,,"{'anchor': 'obj_2', 'target': 'obj_4', 'relation': 'right'}",square,green triangle,square,False,0.1689963729999704,spatial_inversion,False
test_000050_q02,test_000050,images/test/test_000050.png,Which object is both left of the green triangle and below the yellow triangle?,red circle,multi_hop,4,test,,"{'anchors': ['obj_4', 'obj_5'], 'target': 'obj_2', 'relations': ['left of', 'below']}",green circle,red circle,green circle,False,0.21781805500000928,relation_chain_failure,False
test_000050_q03,test_000050,images/test/test_000050.png,Which object is immediately above the yellow triangle?,green circle,above_below,2,test,,"{'anchor': 'obj_5', 'target': 'obj_3', 'relation': 'above'}",green circle,green circle,green circle,True,0.21655354199998555,,False
test_000050_q04,test_000050,images/test/test_000050.png,How many rectangle objects are in the image?,1,counting,1,test,,{'filter': {'shape': 'rectangle'}},1,1,1,True,0.16733401599998388,,False
test_000051_q01,test_000051,images/test/test_000051.png,Which object is nearest from the yellow triangle?,blue circle,nearest_farthest,2,test,,"{'anchor': 'obj_3', 'target': 'obj_2', 'relation': 'nearest'}",blue circle,blue circle,blue circle,True,0.21635888600002318,,False
test_000051_q02,test_000051,images/test/test_000051.png,"Which object is smaller, the blue circle or the green triangle?",blue circle,relative_size,2,test,,"{'objects': ['obj_2', 'obj_4'], 'target': 'obj_2', 'relation': 'smaller'}",green triangle,blue circle,green triangle,False,0.21709553099998402,object_confusion,False
test_000051_q03,test_000051,images/test/test_000051.png,Which object is the leftmost in the image?,red circle,relative_ordering,2,test,,"{'target': 'obj_1', 'relation': 'leftmost'}",red circle,red circle,red circle,True,0.21656921400000329,,False
test_000051_q04,test_000051,images/test/test_000051.png,Which object is between the green triangle and the red circle?,blue circle,between,3,test,,"{'objects': ['obj_4', 'obj_1'], 'target': 'obj_2', 'relation': 'between'}",blue circle,blue circle,blue circle,True,0.2166058820000103,,False
test_000052_q01,test_000052,images/test/test_000052.png,"Which object is closer to the center of the image, the yellow rectangle or the green triangle?",yellow rectangle,center_proximity,2,test,,"{'objects': ['obj_1', 'obj_3'], 'target': 'obj_1', 'relation': 'center_proximity'}",yellow rectangle,yellow rectangle,yellow rectangle,True,0.21837852800001656,,False
test_000052_q02,test_000052,images/test/test_000052.png,How many yellow objects are in the image?,1,counting,1,test,,{'filter': {'color': 'yellow'}},1,1,1,True,0.1671335099999851,,False
test_000052_q03,test_000052,images/test/test_000052.png,Which object is the bottommost in the image?,green triangle,relative_ordering,2,test,,"{'target': 'obj_3', 'relation': 'bottommost'}",triangle,green triangle,triangle,False,0.1668782059999785,spatial_inversion,False
test_000052_q04,test_000052,images/test/test_000052.png,Which object is immediately above the green circle?,blue triangle,above_below,2,test,,"{'anchor': 'obj_5', 'target': 'obj_2', 'relation': 'above'}",triangle,blue triangle,triangle,False,0.16806625399999575,spatial_inversion,False
test_000053_q01,test_000053,images/test/test_000053.png,How many blue objects are in the image?,2,counting,1,test,,{'filter': {'color': 'blue'}},1,2,1,False,0.17118213200001264,counting_error,False
test_000053_q02,test_000053,images/test/test_000053.png,"Which object is smaller, the yellow rectangle or the red circle?",red circle,relative_size,2,test,,"{'objects': ['obj_2', 'obj_1'], 'target': 'obj_1', 'relation': 'smaller'}",yellow rectangle,red circle,yellow rectangle,False,0.22245480800000905,object_confusion,False
test_000053_q03,test_000053,images/test/test_000053.png,Do the red circle and the yellow rectangle overlap? Answer yes or no.,no,overlap,2,test,,"{'objects': ['obj_1', 'obj_2'], 'relation': 'overlap'}",no,no,no,True,0.1717234100000269,,False
test_000053_q04,test_000053,images/test/test_000053.png,Which object is farthest from the yellow rectangle?,red circle,nearest_farthest,2,test,,"{'anchor': 'obj_2', 'target': 'obj_1', 'relation': 'farthest'}",blue triangle,red circle,blue triangle,False,0.22187329199999795,distance_reasoning_error,False
test_000054_q01,test_000054,images/test/test_000054.png,Do the red circle and the yellow triangle overlap? Answer yes or no.,no,overlap,2,test,,"{'objects': ['obj_3', 'obj_2'], 'relation': 'overlap'}",no,no,no,True,0.17065682700001616,,False
test_000054_q02,test_000054,images/test/test_000054.png,Which object is both below the yellow triangle and above the yellow circle?,red rectangle,multi_hop,4,test,,"{'anchors': ['obj_2', 'obj_5'], 'target': 'obj_4', 'relations': ['below', 'above']}",red circle,red rectangle,red circle,False,0.22078805500001408,relation_chain_failure,False
test_000054_q03,test_000054,images/test/test_000054.png,Which object is the topmost in the image?,green circle,relative_ordering,2,test,,"{'target': 'obj_1', 'relation': 'topmost'}",triangle,green circle,triangle,False,0.17039383899998484,spatial_inversion,False
test_000054_q04,test_000054,images/test/test_000054.png,Which object is farthest from the red rectangle?,green circle,nearest_farthest,2,test,,"{'anchor': 'obj_4', 'target': 'obj_1', 'relation': 'farthest'}",yellow circle,green circle,yellow circle,False,0.22967750000003662,distance_reasoning_error,False
test_000055_q01,test_000055,images/test/test_000055.png,Which object is between the blue rectangle and the red rectangle?,red circle,between,3,test,,"{'objects': ['obj_1', 'obj_2'], 'target': 'obj_3', 'relation': 'between'}",green rectangle,red circle,green rectangle,False,0.22387432900001158,object_confusion,False
test_000055_q02,test_000055,images/test/test_000055.png,Is the red circle completely inside the blue rectangle? Answer yes or no.,no,inside_outside,2,test,,"{'objects': ['obj_3', 'obj_1'], 'relation': 'inside'}",no,no,no,True,0.17014274500002102,,False
test_000055_q03,test_000055,images/test/test_000055.png,Which object is farthest from the green rectangle?,blue rectangle,nearest_farthest,2,test,,"{'anchor': 'obj_4', 'target': 'obj_1', 'relation': 'farthest'}",blue rectangle,blue rectangle,blue rectangle,True,0.21895795199998247,,False
test_000055_q04,test_000055,images/test/test_000055.png,Which object is both above the red circle and left of the green rectangle?,red rectangle,multi_hop,4,test,,"{'anchors': ['obj_3', 'obj_4'], 'target': 'obj_2', 'relations': ['above', 'left of']}",blue rectangle,red rectangle,blue rectangle,False,0.21714644200000066,relation_chain_failure,False
test_000056_q01,test_000056,images/test/test_000056.png,Which object is nearest from the green rectangle?,red circle,nearest_farthest,2,test,,"{'anchor': 'obj_1', 'target': 'obj_4', 'relation': 'nearest'}",triangle,red circle,triangle,False,0.16579301000001578,distance_reasoning_error,False
test_000056_q02,test_000056,images/test/test_000056.png,"Which object is closer to the center of the image, the green rectangle or the red circle?",green rectangle,center_proximity,2,test,,"{'objects': ['obj_1', 'obj_4'], 'target': 'obj_1', 'relation': 'center_proximity'}",red circle,green rectangle,red circle,False,0.21503210299999864,distance_reasoning_error,False
test_000056_q03,test_000056,images/test/test_000056.png,Is the green rectangle completely inside the green triangle? Answer yes or no.,no,inside_outside,2,test,,"{'objects': ['obj_1', 'obj_2'], 'relation': 'inside'}",no,no,no,True,0.16580992999996624,,False
test_000056_q04,test_000056,images/test/test_000056.png,How many triangle objects are in the image?,2,counting,1,test,,{'filter': {'shape': 'triangle'}},1,2,1,False,0.1672174630000427,counting_error,False
test_000057_q01,test_000057,images/test/test_000057.png,Which object is between the red circle and the yellow triangle?,red rectangle,between,3,test,,"{'objects': ['obj_4', 'obj_1'], 'target': 'obj_2', 'relation': 'between'}",square,red rectangle,square,False,0.1708966109999892,other,False
test_000057_q02,test_000057,images/test/test_000057.png,Is the green rectangle completely inside the yellow triangle? Answer yes or no.,no,inside_outside,2,test,,"{'objects': ['obj_5', 'obj_1'], 'relation': 'inside'}",no,no,no,True,0.16724690500001316,,False
test_000057_q03,test_000057,images/test/test_000057.png,Which object is both below the green rectangle and above the red triangle?,yellow triangle,multi_hop,4,test,,"{'anchors': ['obj_5', 'obj_3'], 'target': 'obj_1', 'relations': ['below', 'above']}",red rectangle,yellow triangle,red rectangle,False,0.21574885499995844,relation_chain_failure,False
test_000057_q04,test_000057,images/test/test_000057.png,Which object is immediately below the yellow triangle?,red triangle,above_below,2,test,,"{'anchor': 'obj_1', 'target': 'obj_3', 'relation': 'below'}",square,red triangle,square,False,0.16579534799996054,spatial_inversion,False
test_000058_q01,test_000058,images/test/test_000058.png,"Which object is larger, the yellow circle or the red circle?",red circle,relative_size,2,test,,"{'objects': ['obj_5', 'obj_1'], 'target': 'obj_1', 'relation': 'larger'}",yellow circle,red circle,yellow circle,False,0.2162893210000334,object_confusion,False
test_000058_q02,test_000058,images/test/test_000058.png,Which object is between the red circle and the yellow rectangle?,yellow circle,between,3,test,,"{'objects': ['obj_1', 'obj_2'], 'target': 'obj_5', 'relation': 'between'}",triangle,yellow circle,triangle,False,0.16701669799999763,object_confusion,False
test_000058_q03,test_000058,images/test/test_000058.png,Which object is both right of the green triangle and above the red circle?,yellow circle,multi_hop,4,test,,"{'anchors': ['obj_3', 'obj_1'], 'target': 'obj_5', 'relations': ['right of', 'above']}",yellow circle,yellow circle,yellow circle,True,0.21675543599997127,,False
test_000058_q04,test_000058,images/test/test_000058.png,"Which object is closer to the center of the image, the yellow circle or the green rectangle?",green rectangle,center_proximity,2,test,,"{'objects': ['obj_5', 'obj_4'], 'target': 'obj_4', 'relation': 'center_proximity'}",green rectangle,green rectangle,green rectangle,True,0.21662147900002537,,False
test_000059_q01,test_000059,images/test/test_000059.png,Do the blue rectangle and the yellow circle overlap? Answer yes or no.,no,overlap,2,test,,"{'objects': ['obj_3', 'obj_2'], 'relation': 'overlap'}",no,no,no,True,0.1667161329999658,,False
test_000059_q02,test_000059,images/test/test_000059.png,"Which object is closer to the center of the image, the blue rectangle or the yellow circle?",yellow circle,center_proximity,2,test,,"{'objects': ['obj_3', 'obj_2'], 'target': 'obj_2', 'relation': 'center_proximity'}",yellow circle,yellow circle,yellow circle,True,0.21654355900000155,,False
test_000059_q03,test_000059,images/test/test_000059.png,Is the blue rectangle completely inside the red circle? Answer yes or no.,no,inside_outside,2,test,,"{'objects': ['obj_3', 'obj_1'], 'relation': 'inside'}",no,no,no,True,0.1673339619999865,,False
test_000059_q04,test_000059,images/test/test_000059.png,How many circle objects are in the image?,2,counting,1,test,,{'filter': {'shape': 'circle'}},2,2,2,True,0.1675070759999926,,False
test_000060_q01,test_000060,images/test/test_000060.png,Which object is nearest from the green rectangle?,yellow rectangle,nearest_farthest,2,test,,"{'anchor': 'obj_2', 'target': 'obj_3', 'relation': 'nearest'}",circle,yellow rectangle,circle,False,0.16659673800000974,distance_reasoning_error,False
test_000060_q02,test_000060,images/test/test_000060.png,"Which object is smaller, the yellow circle or the green rectangle?",yellow circle,relative_size,2,test,,"{'objects': ['obj_1', 'obj_2'], 'target': 'obj_1', 'relation': 'smaller'}",yellow circle,yellow circle,yellow circle,True,0.21725214200000664,,False
test_000060_q03,test_000060,images/test/test_000060.png,Which object is the leftmost in the image?,yellow rectangle,relative_ordering,2,test,,"{'target': 'obj_3', 'relation': 'leftmost'}",rectangle,yellow rectangle,rectangle,False,0.16591549599996824,spatial_inversion,False
test_000060_q04,test_000060,images/test/test_000060.png,Is the yellow circle completely inside the yellow rectangle? Answer yes or no.,no,inside_outside,2,test,,"{'objects': ['obj_1', 'obj_3'], 'relation': 'inside'}",no,no,no,True,0.16670381699998416,,False
test_000061_q01,test_000061,images/test/test_000061.png,"Which object is closer to the center of the image, the blue circle or the blue rectangle?",blue circle,center_proximity,2,test,,"{'objects': ['obj_1', 'obj_2'], 'target': 'obj_1', 'relation': 'center_proximity'}",blue circle,blue circle,blue circle,True,0.2163719389999983,,False
test_000061_q02,test_000061,images/test/test_000061.png,How many red objects are in the image?,1,counting,1,test,,{'filter': {'color': 'red'}},1,1,1,True,0.16651766500001486,,False
test_000061_q03,test_000061,images/test/test_000061.png,Which object is the bottommost in the image?,blue circle,relative_ordering,2,test,,"{'target': 'obj_1', 'relation': 'bottommost'}",blue circle,blue circle,blue circle,True,0.216318149000017,,False
test_000061_q04,test_000061,images/test/test_000061.png,Which object is immediately above the red circle?,blue rectangle,above_below,2,test,,"{'anchor': 'obj_3', 'target': 'obj_2', 'relation': 'above'}",blue rectangle,blue rectangle,blue rectangle,True,0.2178390640000316,,False
test_000062_q01,test_000062,images/test/test_000062.png,How many blue objects are in the image?,1,counting,1,test,,{'filter': {'color': 'blue'}},1,1,1,True,0.16671423000002505,,False
test_000062_q02,test_000062,images/test/test_000062.png,"Which object is smaller, the blue rectangle or the green circle?",green circle,relative_size,2,test,,"{'objects': ['obj_1', 'obj_3'], 'target': 'obj_3', 'relation': 'smaller'}",blue rectangle,green circle,blue rectangle,False,0.21732682499998646,object_confusion,False
test_000062_q03,test_000062,images/test/test_000062.png,Do the green circle and the blue rectangle overlap? Answer yes or no.,no,overlap,2,test,,"{'objects': ['obj_3', 'obj_1'], 'relation': 'overlap'}",no,no,no,True,0.167136524,,False
test_000062_q04,test_000062,images/test/test_000062.png,Which object is nearest from the yellow circle?,blue rectangle,nearest_farthest,2,test,,"{'anchor': 'obj_2', 'target': 'obj_1', 'relation': 'nearest'}",blue rectangle,blue rectangle,blue rectangle,True,0.21648446000000376,,False
test_000063_q01,test_000063,images/test/test_000063.png,Do the green rectangle and the green triangle overlap? Answer yes or no.,no,overlap,2,test,,"{'objects': ['obj_3', 'obj_1'], 'relation': 'overlap'}",no,no,no,True,0.16678839299999026,,False
test_000063_q02,test_000063,images/test/test_000063.png,Which object is immediately right of the blue circle?,green rectangle,left_right,2,test,,"{'anchor': 'obj_4', 'target': 'obj_3', 'relation': 'right'}",triangle,green rectangle,triangle,False,0.16673459700001558,spatial_inversion,False
test_000063_q03,test_000063,images/test/test_000063.png,Which object is both left of the green rectangle and above the red circle?,blue circle,multi_hop,4,test,,"{'anchors': ['obj_3', 'obj_2'], 'target': 'obj_4', 'relations': ['left of', 'above']}",blue circle,blue circle,blue circle,True,0.2184757260000083,,False
test_000063_q04,test_000063,images/test/test_000063.png,Which object is the rightmost in the image?,green triangle,relative_ordering,2,test,,"{'target': 'obj_1', 'relation': 'rightmost'}",triangle,green triangle,triangle,False,0.16749371000003066,spatial_inversion,False
test_000064_q01,test_000064,images/test/test_000064.png,Which object is between the red circle and the red rectangle?,blue rectangle,between,3,test,,"{'objects': ['obj_4', 'obj_5'], 'target': 'obj_2', 'relation': 'between'}",blue circle,blue rectangle,blue circle,False,0.21683351800004402,object_confusion,False
test_000064_q02,test_000064,images/test/test_000064.png,Is the green triangle completely inside the blue rectangle? Answer yes or no.,no,inside_outside,2,test,,"{'objects': ['obj_3', 'obj_2'], 'relation': 'inside'}",no,no,no,True,0.16757877600002757,,False
test_000064_q03,test_000064,images/test/test_000064.png,Which object is nearest from the green triangle?,red circle,nearest_farthest,2,test,,"{'anchor': 'obj_3', 'target': 'obj_4', 'relation': 'nearest'}",triangle,red circle,triangle,False,0.16668971799998644,distance_reasoning_error,False
test_000064_q04,test_000064,images/test/test_000064.png,Which object is both right of the red circle and above the red rectangle?,blue rectangle,multi_hop,4,test,,"{'anchors': ['obj_4', 'obj_5'], 'target': 'obj_2', 'relations': ['right of', 'above']}",triangle,blue rectangle,triangle,False,0.16722566900000402,relation_chain_failure,False
test_000065_q01,test_000065,images/test/test_000065.png,Which object is nearest from the blue triangle?,red rectangle,nearest_farthest,2,test,,"{'anchor': 'obj_1', 'target': 'obj_3', 'relation': 'nearest'}",blue triangle,red rectangle,blue triangle,False,0.21660046499999908,distance_reasoning_error,False
test_000065_q02,test_000065,images/test/test_000065.png,"Which object is closer to the center of the image, the blue triangle or the red rectangle?",red rectangle,center_proximity,2,test,,"{'objects': ['obj_1', 'obj_3'], 'target': 'obj_3', 'relation': 'center_proximity'}",blue triangle,red rectangle,blue triangle,False,0.21616146500002742,distance_reasoning_error,False
test_000065_q03,test_000065,images/test/test_000065.png,Is the blue triangle completely inside the yellow circle? Answer yes or no.,no,inside_outside,2,test,,"{'objects': ['obj_1', 'obj_2'], 'relation': 'inside'}",no,no,no,True,0.16672546900002772,,False
test_000065_q04,test_000065,images/test/test_000065.png,How many triangle objects are in the image?,1,counting,1,test,,{'filter': {'shape': 'triangle'}},1,1,1,True,0.16583485600000358,,False
test_000066_q01,test_000066,images/test/test_000066.png,Which object is immediately right of the yellow circle?,yellow rectangle,left_right,2,test,,"{'anchor': 'obj_1', 'target': 'obj_3', 'relation': 'right'}",green rectangle,yellow rectangle,green rectangle,False,0.2167130589999715,spatial_inversion,False
test_000066_q02,test_000066,images/test/test_000066.png,Is the yellow circle completely inside the yellow rectangle? Answer yes or no.,no,inside_outside,2,test,,"{'objects': ['obj_1', 'obj_3'], 'relation': 'inside'}",yes,no,yes,False,0.16690484899999092,relation_error,False
test_000066_q03,test_000066,images/test/test_000066.png,Which object is both right of the yellow circle and below the yellow rectangle?,green rectangle,multi_hop,4,test,,"{'anchors': ['obj_1', 'obj_3'], 'target': 'obj_2', 'relations': ['right of', 'below']}",green rectangle,green rectangle,green rectangle,True,0.21584376800001337,,False
test_000066_q04,test_000066,images/test/test_000066.png,Which object is immediately below the yellow circle?,green rectangle,above_below,2,test,,"{'anchor': 'obj_1', 'target': 'obj_2', 'relation': 'below'}",green rectangle,green rectangle,green rectangle,True,0.21630742400003555,,False
test_000067_q01,test_000067,images/test/test_000067.png,"Which object is larger, the yellow triangle or the red circle?",red circle,relative_size,2,test,,"{'objects': ['obj_1', 'obj_4'], 'target': 'obj_4', 'relation': 'larger'}",red circle,red circle,red circle,True,0.21538121300000057,,False
test_000067_q02,test_000067,images/test/test_000067.png,Which object is between the green rectangle and the yellow circle?,yellow triangle,between,3,test,,"{'objects': ['obj_2', 'obj_3'], 'target': 'obj_1', 'relation': 'between'}",triangle,yellow triangle,triangle,False,0.16695277899998473,object_confusion,False
test_000067_q03,test_000067,images/test/test_000067.png,Which object is both left of the green rectangle and above the yellow circle?,red circle,multi_hop,4,test,,"{'anchors': ['obj_2', 'obj_3'], 'target': 'obj_4', 'relations': ['left of', 'above']}",red circle,red circle,red circle,True,0.21776949499997045,,False
test_000067_q04,test_000067,images/test/test_000067.png,"Which object is closer to the center of the image, the red circle or the yellow triangle?",yellow triangle,center_proximity,2,test,,"{'objects': ['obj_4', 'obj_1'], 'target': 'obj_1', 'relation': 'center_proximity'}",yellow triangle,yellow triangle,yellow triangle,True,0.21634715899995172,,False
test_000068_q01,test_000068,images/test/test_000068.png,Do the blue circle and the green triangle overlap? Answer yes or no.,no,overlap,2,test,,"{'objects': ['obj_4', 'obj_3'], 'relation': 'overlap'}",no,no,no,True,0.16679312999997364,,False
test_000068_q02,test_000068,images/test/test_000068.png,"Which object is closer to the center of the image, the red rectangle or the yellow circle?",yellow circle,center_proximity,2,test,,"{'objects': ['obj_2', 'obj_5'], 'target': 'obj_5', 'relation': 'center_proximity'}",yellow circle,yellow circle,yellow circle,True,0.22030893199996626,,False
test_000068_q03,test_000068,images/test/test_000068.png,Is the yellow rectangle completely inside the yellow circle? Answer yes or no.,no,inside_outside,2,test,,"{'objects': ['obj_1', 'obj_5'], 'relation': 'inside'}",no,no,no,True,0.16879655899998625,,False
test_000068_q04,test_000068,images/test/test_000068.png,How many rectangle objects are in the image?,2,counting,1,test,,{'filter': {'shape': 'rectangle'}},1,2,1,False,0.16808251000003338,counting_error,False
test_000069_q01,test_000069,images/test/test_000069.png,"Which object is smaller, the yellow circle or the green rectangle?",green rectangle,relative_size,2,test,,"{'objects': ['obj_3', 'obj_2'], 'target': 'obj_2', 'relation': 'smaller'}",yellow circle,green rectangle,yellow circle,False,0.21881885699997383,object_confusion,False
test_000069_q02,test_000069,images/test/test_000069.png,Which object is both left of the green rectangle and above the yellow circle?,green circle,multi_hop,4,test,,"{'anchors': ['obj_2', 'obj_3'], 'target': 'obj_1', 'relations': ['left of', 'above']}",green circle,green circle,green circle,True,0.21758075700000745,,False
test_000069_q03,test_000069,images/test/test_000069.png,How many objects are left of the green circle?,0,counting,2,test,,"{'anchor': 'obj_1', 'relation': 'left'}",2,0,2,False,0.16828674300001012,counting_error,False
test_000069_q04,test_000069,images/test/test_000069.png,Is the green rectangle completely inside the yellow circle? Answer yes or no.,no,inside_outside,2,test,,"{'objects': ['obj_2', 'obj_3'], 'relation': 'inside'}",no,no,no,True,0.16773072699999148,,False
test_000070_q01,test_000070,images/test/test_000070.png,"Which object is closer to the center of the image, the red rectangle or the green circle?",green circle,center_proximity,2,test,,"{'objects': ['obj_1', 'obj_2'], 'target': 'obj_2', 'relation': 'center_proximity'}",green circle,green circle,green circle,True,0.22335601899999347,,False
test_000070_q02,test_000070,images/test/test_000070.png,How many red objects are in the image?,1,counting,1,test,,{'filter': {'color': 'red'}},1,1,1,True,0.17060402599997815,,False
test_000070_q03,test_000070,images/test/test_000070.png,Which object is the bottommost in the image?,green circle,relative_ordering,2,test,,"{'target': 'obj_2', 'relation': 'bottommost'}",circle,green circle,circle,False,0.16913517899996577,spatial_inversion,False
test_000070_q04,test_000070,images/test/test_000070.png,Which object is immediately below the blue triangle?,red rectangle,above_below,2,test,,"{'anchor': 'obj_3', 'target': 'obj_1', 'relation': 'below'}",green circle,red rectangle,green circle,False,0.21702180099998714,spatial_inversion,False
test_000071_q01,test_000071,images/test/test_000071.png,How many blue objects are in the image?,1,counting,1,test,,{'filter': {'color': 'blue'}},1,1,1,True,0.16778884000001426,,False
test_000071_q02,test_000071,images/test/test_000071.png,"Which object is smaller, the green rectangle or the red triangle?",green rectangle,relative_size,2,test,,"{'objects': ['obj_1', 'obj_3'], 'target': 'obj_1', 'relation': 'smaller'}",red triangle,green rectangle,red triangle,False,0.21821087699998998,object_confusion,False
test_000071_q03,test_000071,images/test/test_000071.png,Do the red triangle and the green rectangle overlap? Answer yes or no.,no,overlap,2,test,,"{'objects': ['obj_3', 'obj_1'], 'relation': 'overlap'}",no,no,no,True,0.1718943129999957,,False
test_000071_q04,test_000071,images/test/test_000071.png,Which object is nearest from the blue circle?,green rectangle,nearest_farthest,2,test,,"{'anchor': 'obj_2', 'target': 'obj_1', 'relation': 'nearest'}",triangle,green rectangle,triangle,False,0.1672742590000098,distance_reasoning_error,False
test_000072_q01,test_000072,images/test/test_000072.png,Do the green rectangle and the red triangle overlap? Answer yes or no.,no,overlap,2,test,,"{'objects': ['obj_3', 'obj_1'], 'relation': 'overlap'}",no,no,no,True,0.16676182300000164,,False
test_000072_q02,test_000072,images/test/test_000072.png,Which object is immediately right of the yellow rectangle?,blue circle,left_right,2,test,,"{'anchor': 'obj_4', 'target': 'obj_2', 'relation': 'right'}",triangle,blue circle,triangle,False,0.16626730000001544,spatial_inversion,False
test_000072_q03,test_000072,images/test/test_000072.png,Which object is both right of the yellow rectangle and below the blue circle?,green rectangle,multi_hop,4,test,,"{'anchors': ['obj_4', 'obj_2'], 'target': 'obj_3', 'relations': ['right of', 'below']}",green rectangle,green rectangle,green rectangle,True,0.2160878750000279,,False
test_000072_q04,test_000072,images/test/test_000072.png,Which object is the leftmost in the image?,yellow rectangle,relative_ordering,2,test,,"{'target': 'obj_4', 'relation': 'leftmost'}",yellow square,yellow rectangle,yellow square,False,0.21619468599999436,spatial_inversion,False
test_000073_q01,test_000073,images/test/test_000073.png,Which object is between the red triangle and the yellow circle?,blue circle,between,3,test,,"{'objects': ['obj_4', 'obj_1'], 'target': 'obj_3', 'relation': 'between'}",blue circle,blue circle,blue circle,True,0.2167910480000046,,False
test_000073_q02,test_000073,images/test/test_000073.png,Is the blue circle completely inside the yellow circle? Answer yes or no.,no,inside_outside,2,test,,"{'objects': ['obj_3', 'obj_1'], 'relation': 'inside'}",no,no,no,True,0.16798455499997544,,False
test_000073_q03,test_000073,images/test/test_000073.png,Which object is farthest from the red triangle?,blue rectangle,nearest_farthest,2,test,,"{'anchor': 'obj_4', 'target': 'obj_5', 'relation': 'farthest'}",blue square,blue rectangle,blue square,False,0.21506772000003593,distance_reasoning_error,False
test_000073_q04,test_000073,images/test/test_000073.png,Which object is both above the red triangle and right of the yellow rectangle?,yellow circle,multi_hop,4,test,,"{'anchors': ['obj_4', 'obj_2'], 'target': 'obj_1', 'relations': ['above', 'right of']}",blue square,yellow circle,blue square,False,0.21661857600003032,relation_chain_failure,False
test_000074_q01,test_000074,images/test/test_000074.png,Which object is nearest from the green rectangle?,yellow circle,nearest_farthest,2,test,,"{'anchor': 'obj_1', 'target': 'obj_4', 'relation': 'nearest'}",triangle,yellow circle,triangle,False,0.16623494200001687,distance_reasoning_error,False
test_000074_q02,test_000074,images/test/test_000074.png,"Which object is closer to the center of the image, the green rectangle or the green triangle?",green rectangle,center_proximity,2,test,,"{'objects': ['obj_1', 'obj_2'], 'target': 'obj_1', 'relation': 'center_proximity'}",green triangle,green rectangle,green triangle,False,0.2164318090000279,distance_reasoning_error,False
test_000074_q03,test_000074,images/test/test_000074.png,Is the green rectangle completely inside the yellow circle? Answer yes or no.,no,inside_outside,2,test,,"{'objects': ['obj_1', 'obj_4'], 'relation': 'inside'}",no,no,no,True,0.16718551499997147,,False
test_000074_q04,test_000074,images/test/test_000074.png,How many triangle objects are in the image?,2,counting,1,test,,{'filter': {'shape': 'triangle'}},1,2,1,False,0.16563357799998357,counting_error,False
test_000075_q01,test_000075,images/test/test_000075.png,Which object is immediately right of the red circle?,green rectangle,left_right,2,test,,"{'anchor': 'obj_1', 'target': 'obj_3', 'relation': 'right'}",triangle,green rectangle,triangle,False,0.16598292800000536,spatial_inversion,False
test_000075_q02,test_000075,images/test/test_000075.png,Is the red triangle completely inside the green circle? Answer yes or no.,no,inside_outside,2,test,,"{'objects': ['obj_4', 'obj_2'], 'relation': 'inside'}",no,no,no,True,0.16674128500000052,,False
test_000075_q03,test_000075,images/test/test_000075.png,Which object is both below the green circle and left of the green rectangle?,red circle,multi_hop,4,test,,"{'anchors': ['obj_2', 'obj_3'], 'target': 'obj_1', 'relations': ['below', 'left of']}",triangle,red circle,triangle,False,0.16662131099997168,relation_chain_failure,False
test_000075_q04,test_000075,images/test/test_000075.png,Which object is immediately above the red triangle?,green circle,above_below,2,test,,"{'anchor': 'obj_4', 'target': 'obj_2', 'relation': 'above'}",green circle,green circle,green circle,True,0.21562695899996243,,False
test_000076_q01,test_000076,images/test/test_000076.png,"Which object is larger, the red triangle or the red rectangle?",red triangle,relative_size,2,test,,"{'objects': ['obj_5', 'obj_1'], 'target': 'obj_5', 'relation': 'larger'}",red rectangle,red triangle,red rectangle,False,0.21577252599996655,object_confusion,False
test_000076_q02,test_000076,images/test/test_000076.png,Which object is between the red rectangle and the yellow rectangle?,yellow circle,between,3,test,,"{'objects': ['obj_1', 'obj_3'], 'target': 'obj_2', 'relation': 'between'}",circle,yellow circle,circle,False,0.16628820400001132,object_confusion,False
test_000076_q03,test_000076,images/test/test_000076.png,Which object is both above the red triangle and left of the green triangle?,red rectangle,multi_hop,4,test,,"{'anchors': ['obj_5', 'obj_4'], 'target': 'obj_1', 'relations': ['above', 'left of']}",red rectangle,red rectangle,red rectangle,True,0.21622517499997684,,False
test_000076_q04,test_000076,images/test/test_000076.png,"Which object is closer to the center of the image, the red rectangle or the red triangle?",red rectangle,center_proximity,2,test,,"{'objects': ['obj_1', 'obj_5'], 'target': 'obj_1', 'relation': 'center_proximity'}",red triangle,red rectangle,red triangle,False,0.21573359000001346,distance_reasoning_error,False
test_000077_q01,test_000077,images/test/test_000077.png,Do the blue circle and the green triangle overlap? Answer yes or no.,no,overlap,2,test,,"{'objects': ['obj_4', 'obj_3'], 'relation': 'overlap'}",no,no,no,True,0.16645785200000773,,False
test_000077_q02,test_000077,images/test/test_000077.png,"Which object is closer to the center of the image, the green triangle or the blue circle?",green triangle,center_proximity,2,test,,"{'objects': ['obj_3', 'obj_4'], 'target': 'obj_3', 'relation': 'center_proximity'}",green triangle,green triangle,green triangle,True,0.2167654719999632,,False
test_000077_q03,test_000077,images/test/test_000077.png,Is the yellow circle completely inside the blue rectangle? Answer yes or no.,no,inside_outside,2,test,,"{'objects': ['obj_2', 'obj_1'], 'relation': 'inside'}",no,no,no,True,0.1668606430000068,,False
test_000077_q04,test_000077,images/test/test_000077.png,How many blue objects are in the image?,2,counting,1,test,,{'filter': {'color': 'blue'}},2,2,2,True,0.17008825599998545,,False
test_000078_q01,test_000078,images/test/test_000078.png,"Which object is smaller, the green circle or the blue rectangle?",blue rectangle,relative_size,2,test,,"{'objects': ['obj_4', 'obj_3'], 'target': 'obj_3', 'relation': 'smaller'}",green circle,blue rectangle,green circle,False,0.2173826149999627,object_confusion,False
test_000078_q02,test_000078,images/test/test_000078.png,Which object is both left of the blue rectangle and above the green triangle?,yellow circle,multi_hop,4,test,,"{'anchors': ['obj_3', 'obj_2'], 'target': 'obj_1', 'relations': ['left of', 'above']}",yellow circle,yellow circle,yellow circle,True,0.21641737400000238,,False
test_000078_q03,test_000078,images/test/test_000078.png,How many objects are left of the green triangle?,1,counting,2,test,,"{'anchor': 'obj_2', 'relation': 'left'}",2,1,2,False,0.1680888309999773,counting_error,False
test_000078_q04,test_000078,images/test/test_000078.png,Is the blue rectangle completely inside the green triangle? Answer yes or no.,no,inside_outside,2,test,,"{'objects': ['obj_3', 'obj_2'], 'relation': 'inside'}",no,no,no,True,0.16659486800000423,,False
test_000079_q01,test_000079,images/test/test_000079.png,Do the red circle and the blue circle overlap? Answer yes or no.,no,overlap,2,test,,"{'objects': ['obj_1', 'obj_3'], 'relation': 'overlap'}",no,no,no,True,0.16595169200002147,,False
test_000079_q02,test_000079,images/test/test_000079.png,How many blue objects are in the image?,1,counting,1,test,,{'filter': {'color': 'blue'}},1,1,1,True,0.16656345999996347,,False
test_000079_q03,test_000079,images/test/test_000079.png,Which object is the leftmost in the image?,blue circle,relative_ordering,2,test,,"{'target': 'obj_3', 'relation': 'leftmost'}",green circle,blue circle,green circle,False,0.21623684100001128,spatial_inversion,False
test_000079_q04,test_000079,images/test/test_000079.png,"Which object is larger, the red circle or the green circle?",red circle,relative_size,2,test,,"{'objects': ['obj_1', 'obj_2'], 'target': 'obj_1', 'relation': 'larger'}",red circle,red circle,red circle,True,0.21674368200001481,,False
test_000080_q01,test_000080,images/test/test_000080.png,How many green objects are in the image?,2,counting,1,test,,{'filter': {'color': 'green'}},2,2,2,True,0.1667530419999821,,False
test_000080_q02,test_000080,images/test/test_000080.png,"Which object is smaller, the green triangle or the blue triangle?",blue triangle,relative_size,2,test,,"{'objects': ['obj_2', 'obj_1'], 'target': 'obj_1', 'relation': 'smaller'}",green triangle,blue triangle,green triangle,False,0.21612990799997078,object_confusion,False
test_000080_q03,test_000080,images/test/test_000080.png,Do the yellow triangle and the blue triangle overlap? Answer yes or no.,no,overlap,2,test,,"{'objects': ['obj_5', 'obj_1'], 'relation': 'overlap'}",no,no,no,True,0.16678213199998027,,False
test_000080_q04,test_000080,images/test/test_000080.png,Which object is nearest from the red circle?,yellow triangle,nearest_farthest,2,test,,"{'anchor': 'obj_3', 'target': 'obj_5', 'relation': 'nearest'}",triangle,yellow triangle,triangle,False,0.1666985179999756,distance_reasoning_error,False
test_000081_q01,test_000081,images/test/test_000081.png,Do the red rectangle and the red triangle overlap? Answer yes or no.,no,overlap,2,test,,"{'objects': ['obj_3', 'obj_2'], 'relation': 'overlap'}",no,no,no,True,0.1664353120000328,,False
test_000081_q02,test_000081,images/test/test_000081.png,Which object is both left of the yellow circle and right of the red rectangle?,yellow triangle,multi_hop,4,test,,"{'anchors': ['obj_4', 'obj_3'], 'target': 'obj_1', 'relations': ['left of', 'right of']}",green rectangle,yellow triangle,green rectangle,False,0.21695304999997234,relation_chain_failure,False
test_000081_q03,test_000081,images/test/test_000081.png,Which object is the rightmost in the image?,green rectangle,relative_ordering,2,test,,"{'target': 'obj_5', 'relation': 'rightmost'}",green rectangle,green rectangle,green rectangle,True,0.21723751700000093,,False
test_000081_q04,test_000081,images/test/test_000081.png,Which object is farthest from the red triangle?,red rectangle,nearest_farthest,2,test,,"{'anchor': 'obj_2', 'target': 'obj_3', 'relation': 'farthest'}",square,red rectangle,square,False,0.1665974530000085,distance_reasoning_error,False
test_000082_q01,test_000082,images/test/test_000082.png,Is the red circle completely inside the yellow rectangle? Answer yes or no.,no,inside_outside,2,test,,"{'objects': ['obj_3', 'obj_1'], 'relation': 'inside'}",no,no,no,True,0.16701633399998173,,False
test_000082_q02,test_000082,images/test/test_000082.png,Which object is farthest from the red circle?,blue triangle,nearest_farthest,2,test,,"{'anchor': 'obj_3', 'target': 'obj_2', 'relation': 'farthest'}",blue triangle,blue triangle,blue triangle,True,0.21661552699998765,,False
test_000082_q03,test_000082,images/test/test_000082.png,Which object is both right of the blue triangle and above the yellow rectangle?,red circle,multi_hop,4,test,,"{'anchors': ['obj_2', 'obj_1'], 'target': 'obj_3', 'relations': ['right of', 'above']}",red circle,red circle,red circle,True,0.2162560440000334,,False
test_000082_q04,test_000082,images/test/test_000082.png,How many triangle objects are in the image?,1,counting,1,test,,{'filter': {'shape': 'triangle'}},1,1,1,True,0.16845017299999654,,False
test_000083_q01,test_000083,images/test/test_000083.png,Which object is nearest from the yellow triangle?,red circle,nearest_farthest,2,test,,"{'anchor': 'obj_1', 'target': 'obj_3', 'relation': 'nearest'}",red circle,red circle,red circle,True,0.21710208900003636,,False
test_000083_q02,test_000083,images/test/test_000083.png,"Which object is closer to the center of the image, the yellow triangle or the red circle?",yellow triangle,center_proximity,2,test,,"{'objects': ['obj_1', 'obj_3'], 'target': 'obj_1', 'relation': 'center_proximity'}",red circle,yellow triangle,red circle,False,0.21700608899999452,distance_reasoning_error,False
test_000083_q03,test_000083,images/test/test_000083.png,Is the yellow triangle completely inside the green triangle? Answer yes or no.,no,inside_outside,2,test,,"{'objects': ['obj_1', 'obj_2'], 'relation': 'inside'}",no,no,no,True,0.17324975399998266,,False
test_000083_q04,test_000083,images/test/test_000083.png,How many triangle objects are in the image?,2,counting,1,test,,{'filter': {'shape': 'triangle'}},1,2,1,False,0.17223117099996443,counting_error,False
test_000084_q01,test_000084,images/test/test_000084.png,Which object is immediately right of the yellow circle?,red rectangle,left_right,2,test,,"{'anchor': 'obj_1', 'target': 'obj_4', 'relation': 'right'}",square,red rectangle,square,False,0.1678777359999799,spatial_inversion,False
test_000084_q02,test_000084,images/test/test_000084.png,Is the red rectangle completely inside the red triangle? Answer yes or no.,no,inside_outside,2,test,,"{'objects': ['obj_4', 'obj_2'], 'relation': 'inside'}",no,no,no,True,0.1689162580000243,,False
test_000084_q03,test_000084,images/test/test_000084.png,Which object is both right of the red triangle and left of the yellow rectangle?,red rectangle,multi_hop,4,test,,"{'anchors': ['obj_2', 'obj_3'], 'target': 'obj_4', 'relations': ['right of', 'left of']}",yellow rectangle,red rectangle,yellow rectangle,False,0.21758303400002887,relation_chain_failure,False
test_000084_q04,test_000084,images/test/test_000084.png,Which object is immediately above the red triangle?,red rectangle,above_below,2,test,,"{'anchor': 'obj_2', 'target': 'obj_4', 'relation': 'above'}",square,red rectangle,square,False,0.17095283200001177,spatial_inversion,False
test_000085_q01,test_000085,images/test/test_000085.png,"Which object is larger, the yellow circle or the red triangle?",red triangle,relative_size,2,test,,"{'objects': ['obj_5', 'obj_1'], 'target': 'obj_1', 'relation': 'larger'}",yellow circle,red triangle,yellow circle,False,0.22898370600000817,object_confusion,False
test_000085_q02,test_000085,images/test/test_000085.png,Which object is between the green rectangle and the green triangle?,red triangle,between,3,test,,"{'objects': ['obj_2', 'obj_4'], 'target': 'obj_1', 'relation': 'between'}",square,red triangle,square,False,0.17590000699999564,other,False
test_000085_q03,test_000085,images/test/test_000085.png,Which object is both right of the red triangle and left of the green triangle?,yellow rectangle,multi_hop,4,test,,"{'anchors': ['obj_1', 'obj_4'], 'target': 'obj_3', 'relations': ['right of', 'left of']}",yellow circle,yellow rectangle,yellow circle,False,0.2375698019999959,relation_chain_failure,False
test_000085_q04,test_000085,images/test/test_000085.png,"Which object is closer to the center of the image, the green triangle or the yellow circle?",yellow circle,center_proximity,2,test,,"{'objects': ['obj_4', 'obj_5'], 'target': 'obj_5', 'relation': 'center_proximity'}",yellow circle,yellow circle,yellow circle,True,0.21926949900000636,,False
test_000086_q01,test_000086,images/test/test_000086.png,Do the blue triangle and the yellow rectangle overlap? Answer yes or no.,no,overlap,2,test,,"{'objects': ['obj_4', 'obj_3'], 'relation': 'overlap'}",no,no,no,True,0.16673582300001044,,False
test_000086_q02,test_000086,images/test/test_000086.png,"Which object is closer to the center of the image, the red circle or the yellow circle?",yellow circle,center_proximity,2,test,,"{'objects': ['obj_2', 'obj_5'], 'target': 'obj_5', 'relation': 'center_proximity'}",red circle,yellow circle,red circle,False,0.2164036760000272,distance_reasoning_error,False
test_000086_q03,test_000086,images/test/test_000086.png,Is the green rectangle completely inside the yellow circle? Answer yes or no.,no,inside_outside,2,test,,"{'objects': ['obj_1', 'obj_5'], 'relation': 'inside'}",no,no,no,True,0.1678191689999835,,False
test_000086_q04,test_000086,images/test/test_000086.png,How many rectangle objects are in the image?,2,counting,1,test,,{'filter': {'shape': 'rectangle'}},2,2,2,True,0.16626288700001624,,False
test_000087_q01,test_000087,images/test/test_000087.png,"Which object is smaller, the blue triangle or the green rectangle?",green rectangle,relative_size,2,test,,"{'objects': ['obj_3', 'obj_2'], 'target': 'obj_2', 'relation': 'smaller'}",blue triangle,green rectangle,blue triangle,False,0.21628162900003645,object_confusion,False
test_000087_q02,test_000087,images/test/test_000087.png,Which object is both left of the blue rectangle and right of the blue triangle?,green rectangle,multi_hop,4,test,,"{'anchors': ['obj_1', 'obj_3'], 'target': 'obj_2', 'relations': ['left of', 'right of']}",green rectangle,green rectangle,green rectangle,True,0.21764402399998062,,False
test_000087_q03,test_000087,images/test/test_000087.png,How many objects are left of the blue rectangle?,2,counting,2,test,,"{'anchor': 'obj_1', 'relation': 'left'}",1,2,1,False,0.16664217400000325,counting_error,False
test_000087_q04,test_000087,images/test/test_000087.png,Is the blue rectangle completely inside the green rectangle? Answer yes or no.,no,inside_outside,2,test,,"{'objects': ['obj_1', 'obj_2'], 'relation': 'inside'}",no,no,no,True,0.16616691500001934,,False
test_000088_q01,test_000088,images/test/test_000088.png,Do the green rectangle and the yellow circle overlap? Answer yes or no.,no,overlap,2,test,,"{'objects': ['obj_1', 'obj_3'], 'relation': 'overlap'}",no,no,no,True,0.166658501000029,,False
test_000088_q02,test_000088,images/test/test_000088.png,Which object is immediately below the red circle?,yellow circle,above_below,2,test,,"{'anchor': 'obj_2', 'target': 'obj_3', 'relation': 'below'}",yellow circle,yellow circle,yellow circle,True,0.21608781899999485,,False
test_000088_q03,test_000088,images/test/test_000088.png,How many green objects are in the image?,1,counting,1,test,,{'filter': {'color': 'green'}},1,1,1,True,0.17088782000001856,,False
test_000088_q04,test_000088,images/test/test_000088.png,Which object is the leftmost in the image?,red circle,relative_ordering,2,test,,"{'target': 'obj_2', 'relation': 'leftmost'}",red circle,red circle,red circle,True,0.21666059799997583,,False
test_000089_q01,test_000089,images/test/test_000089.png,Which object is immediately below the green triangle?,yellow circle,above_below,2,test,,"{'anchor': 'obj_3', 'target': 'obj_1', 'relation': 'below'}",yellow circle,yellow circle,yellow circle,True,0.21593759000001,,False
test_000089_q02,test_000089,images/test/test_000089.png,Which object is farthest from the green rectangle?,red triangle,nearest_farthest,2,test,,"{'anchor': 'obj_5', 'target': 'obj_2', 'relation': 'farthest'}",triangle,red triangle,triangle,False,0.16816321299995707,distance_reasoning_error,False
test_000089_q03,test_000089,images/test/test_000089.png,Which object is immediately left of the yellow circle?,green rectangle,left_right,2,test,,"{'anchor': 'obj_1', 'target': 'obj_5', 'relation': 'left'}",green circle,green rectangle,green circle,False,0.2180583150000075,spatial_inversion,False
test_000089_q04,test_000089,images/test/test_000089.png,Which object is both below the green circle and above the yellow circle?,green triangle,multi_hop,4,test,,"{'anchors': ['obj_4', 'obj_1'], 'target': 'obj_3', 'relations': ['below', 'above']}",triangle,green triangle,triangle,False,0.16562663800004884,relation_chain_failure,False
test_000090_q01,test_000090,images/test/test_000090.png,Do the yellow circle and the red triangle overlap? Answer yes or no.,no,overlap,2,test,,"{'objects': ['obj_3', 'obj_1'], 'relation': 'overlap'}",no,no,no,True,0.16708180799997763,,False
test_000090_q02,test_000090,images/test/test_000090.png,Which object is immediately right of the green triangle?,green rectangle,left_right,2,test,,"{'anchor': 'obj_4', 'target': 'obj_2', 'relation': 'right'}",square,green rectangle,square,False,0.1660446579999757,spatial_inversion,False
test_000090_q03,test_000090,images/test/test_000090.png,Which object is both right of the green triangle and below the green rectangle?,red triangle,multi_hop,4,test,,"{'anchors': ['obj_4', 'obj_2'], 'target': 'obj_1', 'relations': ['right of', 'below']}",circle,red triangle,circle,False,0.16715646299996934,relation_chain_failure,False
test_000090_q04,test_000090,images/test/test_000090.png,Which object is the leftmost in the image?,green triangle,relative_ordering,2,test,,"{'target': 'obj_4', 'relation': 'leftmost'}",triangle,green triangle,triangle,False,0.16621960000003355,spatial_inversion,False
test_000091_q01,test_000091,images/test/test_000091.png,Is the blue triangle completely inside the blue rectangle? Answer yes or no.,no,inside_outside,2,test,,"{'objects': ['obj_2', 'obj_1'], 'relation': 'inside'}",no,no,no,True,0.16621991599998864,,False
test_000091_q02,test_000091,images/test/test_000091.png,Which object is farthest from the blue triangle?,red circle,nearest_farthest,2,test,,"{'anchor': 'obj_2', 'target': 'obj_4', 'relation': 'farthest'}",rectangle,red circle,rectangle,False,0.16573058900002025,distance_reasoning_error,False
test_000091_q03,test_000091,images/test/test_000091.png,Which object is both right of the blue rectangle and below the blue triangle?,red circle,multi_hop,4,test,,"{'anchors': ['obj_1', 'obj_2'], 'target': 'obj_4', 'relations': ['right of', 'below']}",red circle,red circle,red circle,True,0.21731570499997588,,False
test_000091_q04,test_000091,images/test/test_000091.png,How many red objects are in the image?,2,counting,1,test,,{'filter': {'color': 'red'}},1,2,1,False,0.16593306700002586,counting_error,False
test_000092_q01,test_000092,images/test/test_000092.png,Which object is nearest from the green rectangle?,green triangle,nearest_farthest,2,test,,"{'anchor': 'obj_1', 'target': 'obj_3', 'relation': 'nearest'}",green rectangle,green triangle,green rectangle,False,0.21613694100000203,distance_reasoning_error,False
test_000092_q02,test_000092,images/test/test_000092.png,"Which object is closer to the center of the image, the green rectangle or the green triangle?",green triangle,center_proximity,2,test,,"{'objects': ['obj_1', 'obj_3'], 'target': 'obj_3', 'relation': 'center_proximity'}",green triangle,green triangle,green triangle,True,0.21680536799999572,,False
test_000092_q03,test_000092,images/test/test_000092.png,Is the green rectangle completely inside the yellow circle? Answer yes or no.,no,inside_outside,2,test,,"{'objects': ['obj_1', 'obj_2'], 'relation': 'inside'}",no,no,no,True,0.1659692380000024,,False
test_000092_q04,test_000092,images/test/test_000092.png,How many triangle objects are in the image?,1,counting,1,test,,{'filter': {'shape': 'triangle'}},1,1,1,True,0.16728009900003826,,False
test_000093_q01,test_000093,images/test/test_000093.png,Which object is immediately right of the red circle?,blue triangle,left_right,2,test,,"{'anchor': 'obj_1', 'target': 'obj_2', 'relation': 'right'}",green rectangle,blue triangle,green rectangle,False,0.21598837300001605,spatial_inversion,False
test_000093_q02,test_000093,images/test/test_000093.png,Is the red circle completely inside the green rectangle? Answer yes or no.,no,inside_outside,2,test,,"{'objects': ['obj_1', 'obj_3'], 'relation': 'inside'}",no,no,no,True,0.1660542239999927,,False
test_000093_q03,test_000093,images/test/test_000093.png,Which object is both above the green rectangle and right of the red circle?,blue triangle,multi_hop,4,test,,"{'anchors': ['obj_3', 'obj_1'], 'target': 'obj_2', 'relations': ['above', 'right of']}",triangle,blue triangle,triangle,False,0.16616181699998833,relation_chain_failure,False
test_000093_q04,test_000093,images/test/test_000093.png,Which object is immediately below the green rectangle?,red circle,above_below,2,test,,"{'anchor': 'obj_3', 'target': 'obj_1', 'relation': 'below'}",triangle,red circle,triangle,False,0.1653824129999748,spatial_inversion,False
test_000094_q01,test_000094,images/test/test_000094.png,"Which object is larger, the green triangle or the green circle?",green circle,relative_size,2,test,,"{'objects': ['obj_1', 'obj_4'], 'target': 'obj_4', 'relation': 'larger'}",circle,green circle,circle,False,0.16677217900002006,object_confusion,False
test_000094_q02,test_000094,images/test/test_000094.png,Which object is between the yellow triangle and the green circle?,yellow rectangle,between,3,test,,"{'objects': ['obj_3', 'obj_4'], 'target': 'obj_2', 'relation': 'between'}",square,yellow rectangle,square,False,0.1664352450000024,other,False
test_000094_q03,test_000094,images/test/test_000094.png,Which object is both below the green triangle and right of the yellow rectangle?,yellow triangle,multi_hop,4,test,,"{'anchors': ['obj_1', 'obj_2'], 'target': 'obj_3', 'relations': ['below', 'right of']}",triangle,yellow triangle,triangle,False,0.16619583599998577,relation_chain_failure,False
test_000094_q04,test_000094,images/test/test_000094.png,"Which object is closer to the center of the image, the yellow triangle or the green triangle?",yellow triangle,center_proximity,2,test,,"{'objects': ['obj_3', 'obj_1'], 'target': 'obj_3', 'relation': 'center_proximity'}",yellow triangle,yellow triangle,yellow triangle,True,0.2156954519999772,,False
test_000095_q01,test_000095,images/test/test_000095.png,Do the green circle and the blue triangle overlap? Answer yes or no.,no,overlap,2,test,,"{'objects': ['obj_4', 'obj_3'], 'relation': 'overlap'}",no,no,no,True,0.16792457600001853,,False
test_000095_q02,test_000095,images/test/test_000095.png,"Which object is closer to the center of the image, the blue triangle or the green circle?",green circle,center_proximity,2,test,,"{'objects': ['obj_3', 'obj_4'], 'target': 'obj_4', 'relation': 'center_proximity'}",blue triangle,green circle,blue triangle,False,0.21902880499999355,distance_reasoning_error,False
test_000095_q03,test_000095,images/test/test_000095.png,Is the green triangle completely inside the yellow circle? Answer yes or no.,no,inside_outside,2,test,,"{'objects': ['obj_2', 'obj_1'], 'relation': 'inside'}",no,no,no,True,0.16722909499998195,,False
test_000095_q04,test_000095,images/test/test_000095.png,How many blue objects are in the image?,1,counting,1,test,,{'filter': {'color': 'blue'}},1,1,1,True,0.16625666099997716,,False
test_000096_q01,test_000096,images/test/test_000096.png,"Which object is smaller, the red triangle or the red rectangle?",red triangle,relative_size,2,test,,"{'objects': ['obj_4', 'obj_5'], 'target': 'obj_4', 'relation': 'smaller'}",red triangle,red triangle,red triangle,True,0.2162786859999528,,False
test_000096_q02,test_000096,images/test/test_000096.png,Which object is both above the red triangle and below the blue rectangle?,yellow circle,multi_hop,4,test,,"{'anchors': ['obj_4', 'obj_1'], 'target': 'obj_2', 'relations': ['above', 'below']}",green triangle,yellow circle,green triangle,False,0.21501928700001827,relation_chain_failure,False
test_000096_q03,test_000096,images/test/test_000096.png,How many rectangle objects are in the image?,2,counting,1,test,,{'filter': {'shape': 'rectangle'}},2,2,2,True,0.16732561800000667,,False
test_000096_q04,test_000096,images/test/test_000096.png,Is the green triangle completely inside the yellow circle? Answer yes or no.,no,inside_outside,2,test,,"{'objects': ['obj_3', 'obj_2'], 'relation': 'inside'}",no,no,no,True,0.16554232099997535,,False
test_000097_q01,test_000097,images/test/test_000097.png,Do the red triangle and the green triangle overlap? Answer yes or no.,no,overlap,2,test,,"{'objects': ['obj_2', 'obj_1'], 'relation': 'overlap'}",no,no,no,True,0.16692884299999378,,False
test_000097_q02,test_000097,images/test/test_000097.png,How many blue objects are in the image?,1,counting,1,test,,{'filter': {'color': 'blue'}},1,1,1,True,0.16679321300000538,,False
test_000097_q03,test_000097,images/test/test_000097.png,Which object is the leftmost in the image?,blue triangle,relative_ordering,2,test,,"{'target': 'obj_4', 'relation': 'leftmost'}",triangle,blue triangle,triangle,False,0.166225618999988,spatial_inversion,False
test_000097_q04,test_000097,images/test/test_000097.png,"Which object is larger, the green triangle or the blue triangle?",green triangle,relative_size,2,test,,"{'objects': ['obj_1', 'obj_4'], 'target': 'obj_1', 'relation': 'larger'}",green triangle,green triangle,green triangle,True,0.21519989499995518,,False
test_000098_q01,test_000098,images/test/test_000098.png,Which object is farthest from the yellow circle?,blue triangle,nearest_farthest,2,test,,"{'anchor': 'obj_3', 'target': 'obj_2', 'relation': 'farthest'}",triangle,blue triangle,triangle,False,0.16669547800000828,distance_reasoning_error,False
test_000098_q02,test_000098,images/test/test_000098.png,Which object is both left of the blue triangle and below the yellow circle?,blue circle,multi_hop,4,test,,"{'anchors': ['obj_2', 'obj_3'], 'target': 'obj_1', 'relations': ['left of', 'below']}",blue circle,blue circle,blue circle,True,0.21744062700003042,,False
test_000098_q03,test_000098,images/test/test_000098.png,"Which object is closer to the center of the image, the blue triangle or the yellow circle?",blue triangle,center_proximity,2,test,,"{'objects': ['obj_2', 'obj_3'], 'target': 'obj_2', 'relation': 'center_proximity'}",blue triangle,blue triangle,blue triangle,True,0.2181754339999884,,False
test_000098_q04,test_000098,images/test/test_000098.png,Which object is the leftmost in the image?,blue circle,relative_ordering,2,test,,"{'target': 'obj_1', 'relation': 'leftmost'}",triangle,blue circle,triangle,False,0.1674581859999762,spatial_inversion,False
test_000099_q01,test_000099,images/test/test_000099.png,Which object is immediately below the red circle?,blue triangle,above_below,2,test,,"{'anchor': 'obj_4', 'target': 'obj_3', 'relation': 'below'}",square,blue triangle,square,False,0.1697397080000087,spatial_inversion,False
test_000099_q02,test_000099,images/test/test_000099.png,"Which object is closer to the center of the image, the green rectangle or the blue triangle?",blue triangle,center_proximity,2,test,,"{'objects': ['obj_2', 'obj_3'], 'target': 'obj_3', 'relation': 'center_proximity'}",green rectangle,blue triangle,green rectangle,False,0.22413606499998195,distance_reasoning_error,False
test_000099_q03,test_000099,images/test/test_000099.png,Do the blue triangle and the red circle overlap? Answer yes or no.,no,overlap,2,test,,"{'objects': ['obj_3', 'obj_4'], 'relation': 'overlap'}",no,no,no,True,0.1689536029999772,,False
test_000099_q04,test_000099,images/test/test_000099.png,Which object is between the blue triangle and the green rectangle?,red triangle,between,3,test,,"{'objects': ['obj_3', 'obj_2'], 'target': 'obj_1', 'relation': 'between'}",red triangle,red triangle,red triangle,True,0.21962681600001588,,False
ood_shape_000000_q01,ood_shape_000000,images/ood_shape/ood_shape_000000.png,How many objects are above the blue hexagon?,1,counting,2,ood_shape,shape,"{'anchor': 'obj_1', 'relation': 'above'}",2,1,2,False,0.16681841899998062,counting_error,True
ood_shape_000000_q02,ood_shape_000000,images/ood_shape/ood_shape_000000.png,"Which object is smaller, the blue star or the blue hexagon?",blue star,relative_size,2,ood_shape,shape,"{'objects': ['obj_2', 'obj_1'], 'target': 'obj_2', 'relation': 'smaller'}",blue star,blue star,blue star,True,0.21951477099997874,,False
ood_shape_000000_q03,ood_shape_000000,images/ood_shape/ood_shape_000000.png,Is the blue hexagon completely inside the green diamond? Answer yes or no.,no,inside_outside,2,ood_shape,shape,"{'objects': ['obj_1', 'obj_4'], 'relation': 'inside'}",no,no,no,True,0.16654486100003396,,False
ood_shape_000000_q04,ood_shape_000000,images/ood_shape/ood_shape_000000.png,Which object is immediately below the blue hexagon?,yellow diamond,above_below,2,ood_shape,shape,"{'anchor': 'obj_1', 'target': 'obj_3', 'relation': 'below'}",yellow hexagon,yellow diamond,yellow hexagon,False,0.26911226499998975,spatial_inversion,True
ood_shape_000001_q01,ood_shape_000001,images/ood_shape/ood_shape_000001.png,How many objects are above the yellow diamond?,1,counting,2,ood_shape,shape,"{'anchor': 'obj_5', 'relation': 'above'}",3,1,3,False,0.16958023000000821,counting_error,True
ood_shape_000001_q02,ood_shape_000001,images/ood_shape/ood_shape_000001.png,Which object is both right of the blue star and above the red hexagon?,green hexagon,multi_hop,4,ood_shape,shape,"{'anchors': ['obj_4', 'obj_1'], 'target': 'obj_3', 'relations': ['right of', 'above']}",green triangle,green hexagon,green triangle,False,0.21952816499998562,relation_chain_failure,True
ood_shape_000001_q03,ood_shape_000001,images/ood_shape/ood_shape_000001.png,Do the yellow diamond and the red hexagon overlap? Answer yes or no.,no,overlap,2,ood_shape,shape,"{'objects': ['obj_5', 'obj_1'], 'relation': 'overlap'}",no,no,no,True,0.16757804799999576,,False
ood_shape_000001_q04,ood_shape_000001,images/ood_shape/ood_shape_000001.png,Which object is farthest from the red hexagon?,green hexagon,nearest_farthest,2,ood_shape,shape,"{'anchor': 'obj_1', 'target': 'obj_3', 'relation': 'farthest'}",green triangle,green hexagon,green triangle,False,0.21934676199998648,distance_reasoning_error,True
ood_shape_000002_q01,ood_shape_000002,images/ood_shape/ood_shape_000002.png,Is the red hexagon completely inside the red star? Answer yes or no.,no,inside_outside,2,ood_shape,shape,"{'objects': ['obj_3', 'obj_1'], 'relation': 'inside'}",no,no,no,True,0.17046244799996657,,False
ood_shape_000002_q02,ood_shape_000002,images/ood_shape/ood_shape_000002.png,Which object is both above the red star and below the red hexagon?,blue hexagon,multi_hop,4,ood_shape,shape,"{'anchors': ['obj_1', 'obj_3'], 'target': 'obj_2', 'relations': ['above', 'below']}",blue hexagon,blue hexagon,blue hexagon,True,0.26583777700000155,,False
ood_shape_000002_q03,ood_shape_000002,images/ood_shape/ood_shape_000002.png,Do the red star and the blue hexagon overlap? Answer yes or no.,no,overlap,2,ood_shape,shape,"{'objects': ['obj_1', 'obj_2'], 'relation': 'overlap'}",no,no,no,True,0.16563350800004173,,False
ood_shape_000002_q04,ood_shape_000002,images/ood_shape/ood_shape_000002.png,Which object is the rightmost in the image?,red hexagon,relative_ordering,2,ood_shape,shape,"{'target': 'obj_3', 'relation': 'rightmost'}",red star,red hexagon,red star,False,0.21578691100000924,spatial_inversion,True
ood_shape_000003_q01,ood_shape_000003,images/ood_shape/ood_shape_000003.png,"Which object is smaller, the red hexagon or the red diamond?",red diamond,relative_size,2,ood_shape,shape,"{'objects': ['obj_5', 'obj_4'], 'target': 'obj_4', 'relation': 'smaller'}",red hexagon,red diamond,red hexagon,False,0.2655961269999807,object_confusion,True
ood_shape_000003_q02,ood_shape_000003,images/ood_shape/ood_shape_000003.png,Which object is farthest from the red hexagon?,yellow diamond,nearest_farthest,2,ood_shape,shape,"{'anchor': 'obj_5', 'target': 'obj_2', 'relation': 'farthest'}",blue star,yellow diamond,blue star,False,0.21647848599997133,distance_reasoning_error,True
ood_shape_000003_q03,ood_shape_000003,images/ood_shape/ood_shape_000003.png,Is the blue diamond completely inside the red hexagon? Answer yes or no.,no,inside_outside,2,ood_shape,shape,"{'objects': ['obj_3', 'obj_5'], 'relation': 'inside'}",no,no,no,True,0.16588924799998495,,False
ood_shape_000003_q04,ood_shape_000003,images/ood_shape/ood_shape_000003.png,Which object is immediately right of the red hexagon?,blue star,left_right,2,ood_shape,shape,"{'anchor': 'obj_5', 'target': 'obj_1', 'relation': 'right'}",blue star,blue star,blue star,True,0.21484333000000788,,False
ood_shape_000004_q01,ood_shape_000004,images/ood_shape/ood_shape_000004.png,"Which object is closer to the center of the image, the red hexagon or the yellow diamond?",red hexagon,center_proximity,2,ood_shape,shape,"{'objects': ['obj_1', 'obj_3'], 'target': 'obj_1', 'relation': 'center_proximity'}",yellow diamond,red hexagon,yellow diamond,False,0.21583282900002132,distance_reasoning_error,True
ood_shape_000004_q02,ood_shape_000004,images/ood_shape/ood_shape_000004.png,Do the red hexagon and the yellow diamond overlap? Answer yes or no.,no,overlap,2,ood_shape,shape,"{'objects': ['obj_1', 'obj_3'], 'relation': 'overlap'}",yes,no,yes,False,0.1663129970000341,relation_error,True
ood_shape_000004_q03,ood_shape_000004,images/ood_shape/ood_shape_000004.png,Is the yellow star completely inside the red hexagon? Answer yes or no.,no,inside_outside,2,ood_shape,shape,"{'objects': ['obj_2', 'obj_1'], 'relation': 'inside'}",no,no,no,True,0.16607707500003244,,False
ood_shape_000004_q04,ood_shape_000004,images/ood_shape/ood_shape_000004.png,Which object is nearest from the yellow diamond?,red hexagon,nearest_farthest,2,ood_shape,shape,"{'anchor': 'obj_3', 'target': 'obj_1', 'relation': 'nearest'}",yellow diamond,red hexagon,yellow diamond,False,0.21636126399999966,distance_reasoning_error,True
ood_shape_000005_q01,ood_shape_000005,images/ood_shape/ood_shape_000005.png,Do the green star and the green diamond overlap? Answer yes or no.,no,overlap,2,ood_shape,shape,"{'objects': ['obj_2', 'obj_3'], 'relation': 'overlap'}",no,no,no,True,0.1663159179999525,,False
ood_shape_000005_q02,ood_shape_000005,images/ood_shape/ood_shape_000005.png,How many green objects are in the image?,2,counting,1,ood_shape,shape,{'filter': {'color': 'green'}},1,2,1,False,0.16562917999999627,counting_error,True
ood_shape_000005_q03,ood_shape_000005,images/ood_shape/ood_shape_000005.png,Which object is farthest from the green diamond?,red diamond,nearest_farthest,2,ood_shape,shape,"{'anchor': 'obj_3', 'target': 'obj_1', 'relation': 'farthest'}",red diamond,red diamond,red diamond,True,0.21600253999997676,,False
ood_shape_000005_q04,ood_shape_000005,images/ood_shape/ood_shape_000005.png,Which object is the rightmost in the image?,red diamond,relative_ordering,2,ood_shape,shape,"{'target': 'obj_1', 'relation': 'rightmost'}",rectangle,red diamond,rectangle,False,0.1656211509999821,spatial_inversion,True
ood_shape_000006_q01,ood_shape_000006,images/ood_shape/ood_shape_000006.png,Do the blue diamond and the red diamond overlap? Answer yes or no.,no,overlap,2,ood_shape,shape,"{'objects': ['obj_2', 'obj_3'], 'relation': 'overlap'}",no,no,no,True,0.1669916980000039,,False
ood_shape_000006_q02,ood_shape_000006,images/ood_shape/ood_shape_000006.png,Which object is both left of the blue star and below the blue diamond?,red diamond,multi_hop,4,ood_shape,shape,"{'anchors': ['obj_1', 'obj_2'], 'target': 'obj_3', 'relations': ['left of', 'below']}",red diamond,red diamond,red diamond,True,0.2151207239999735,,False
ood_shape_000006_q03,ood_shape_000006,images/ood_shape/ood_shape_000006.png,Is the blue star completely inside the blue diamond? Answer yes or no.,no,inside_outside,2,ood_shape,shape,"{'objects': ['obj_1', 'obj_2'], 'relation': 'inside'}",no,no,no,True,0.16573238699999138,,False
ood_shape_000006_q04,ood_shape_000006,images/ood_shape/ood_shape_000006.png,"Which object is larger, the red diamond or the blue star?",red diamond,relative_size,2,ood_shape,shape,"{'objects': ['obj_3', 'obj_1'], 'target': 'obj_3', 'relation': 'larger'}",red diamond,red diamond,red diamond,True,0.21586929300002566,,False
ood_shape_000007_q01,ood_shape_000007,images/ood_shape/ood_shape_000007.png,Which object is farthest from the green hexagon?,blue hexagon,nearest_farthest,2,ood_shape,shape,"{'anchor': 'obj_1', 'target': 'obj_2', 'relation': 'farthest'}",blue triangle,blue hexagon,blue triangle,False,0.21537166499996374,distance_reasoning_error,True
ood_shape_000007_q02,ood_shape_000007,images/ood_shape/ood_shape_000007.png,Is the green star completely inside the green hexagon? Answer yes or no.,no,inside_outside,2,ood_shape,shape,"{'objects': ['obj_4', 'obj_1'], 'relation': 'inside'}",yes,no,yes,False,0.16581037200000992,relation_error,True
ood_shape_000007_q03,ood_shape_000007,images/ood_shape/ood_shape_000007.png,"Which object is larger, the green star or the blue hexagon?",green star,relative_size,2,ood_shape,shape,"{'objects': ['obj_4', 'obj_2'], 'target': 'obj_4', 'relation': 'larger'}",green star,green star,green star,True,0.21495050400000082,,False
ood_shape_000007_q04,ood_shape_000007,images/ood_shape/ood_shape_000007.png,Which object is both above the green star and below the yellow diamond?,green hexagon,multi_hop,4,ood_shape,shape,"{'anchors': ['obj_4', 'obj_3'], 'target': 'obj_1', 'relations': ['above', 'below']}",blue triangle,green hexagon,blue triangle,False,0.21611064400002533,relation_chain_failure,True
ood_shape_000008_q01,ood_shape_000008,images/ood_shape/ood_shape_000008.png,"Which object is closer to the center of the image, the red hexagon or the yellow diamond?",red hexagon,center_proximity,2,ood_shape,shape,"{'objects': ['obj_4', 'obj_3'], 'target': 'obj_4', 'relation': 'center_proximity'}",yellow diamond,red hexagon,yellow diamond,False,0.2158597839999743,distance_reasoning_error,True
ood_shape_000008_q02,ood_shape_000008,images/ood_shape/ood_shape_000008.png,How many blue objects are in the image?,1,counting,1,ood_shape,shape,{'filter': {'color': 'blue'}},1,1,1,True,0.16626895500002092,,False
ood_shape_000008_q03,ood_shape_000008,images/ood_shape/ood_shape_000008.png,Do the red hexagon and the red diamond overlap? Answer yes or no.,no,overlap,2,ood_shape,shape,"{'objects': ['obj_4', 'obj_1'], 'relation': 'overlap'}",no,no,no,True,0.16587705900002447,,False
ood_shape_000008_q04,ood_shape_000008,images/ood_shape/ood_shape_000008.png,Which object is the bottommost in the image?,yellow diamond,relative_ordering,2,ood_shape,shape,"{'target': 'obj_3', 'relation': 'bottommost'}",triangle,yellow diamond,triangle,False,0.16582379199996922,spatial_inversion,True
ood_shape_000009_q01,ood_shape_000009,images/ood_shape/ood_shape_000009.png,"Which object is closer to the center of the image, the green hexagon or the blue star?",green hexagon,center_proximity,2,ood_shape,shape,"{'objects': ['obj_2', 'obj_1'], 'target': 'obj_2', 'relation': 'center_proximity'}",blue star,green hexagon,blue star,False,0.22042427100001305,distance_reasoning_error,True
ood_shape_000009_q02,ood_shape_000009,images/ood_shape/ood_shape_000009.png,"Which object is smaller, the green hexagon or the red diamond?",red diamond,relative_size,2,ood_shape,shape,"{'objects': ['obj_2', 'obj_3'], 'target': 'obj_3', 'relation': 'smaller'}",red diamond,red diamond,red diamond,True,0.21546712999997908,,False
ood_shape_000009_q03,ood_shape_000009,images/ood_shape/ood_shape_000009.png,How many objects are above the blue star?,2,counting,2,ood_shape,shape,"{'anchor': 'obj_1', 'relation': 'above'}",2,2,2,True,0.16789518600000974,,False
ood_shape_000009_q04,ood_shape_000009,images/ood_shape/ood_shape_000009.png,Which object is immediately above the green hexagon?,red diamond,above_below,2,ood_shape,shape,"{'anchor': 'obj_2', 'target': 'obj_3', 'relation': 'above'}",red triangle,red diamond,red triangle,False,0.21541127899996582,spatial_inversion,True
ood_shape_000010_q01,ood_shape_000010,images/ood_shape/ood_shape_000010.png,How many objects are above the green star?,0,counting,2,ood_shape,shape,"{'anchor': 'obj_3', 'relation': 'above'}",2,0,2,False,0.1659841280000478,counting_error,True
ood_shape_000010_q02,ood_shape_000010,images/ood_shape/ood_shape_000010.png,Which object is both below the green star and left of the yellow diamond?,blue star,multi_hop,4,ood_shape,shape,"{'anchors': ['obj_3', 'obj_1'], 'target': 'obj_2', 'relations': ['below', 'left of']}",blue star,blue star,blue star,True,0.21664164099996697,,False
ood_shape_000010_q03,ood_shape_000010,images/ood_shape/ood_shape_000010.png,Do the red hexagon and the green star overlap? Answer yes or no.,no,overlap,2,ood_shape,shape,"{'objects': ['obj_4', 'obj_3'], 'relation': 'overlap'}",no,no,no,True,0.16483279100003756,,False
ood_shape_000010_q04,ood_shape_000010,images/ood_shape/ood_shape_000010.png,Which object is nearest from the blue star?,yellow diamond,nearest_farthest,2,ood_shape,shape,"{'anchor': 'obj_2', 'target': 'obj_1', 'relation': 'nearest'}",yellow triangle,yellow diamond,yellow triangle,False,0.2165837920000513,distance_reasoning_error,True
ood_shape_000011_q01,ood_shape_000011,images/ood_shape/ood_shape_000011.png,Is the yellow star completely inside the red star? Answer yes or no.,no,inside_outside,2,ood_shape,shape,"{'objects': ['obj_1', 'obj_4'], 'relation': 'inside'}",no,no,no,True,0.1654801290000023,,False
ood_shape_000011_q02,ood_shape_000011,images/ood_shape/ood_shape_000011.png,Which object is both above the yellow diamond and below the yellow hexagon?,yellow star,multi_hop,4,ood_shape,shape,"{'anchors': ['obj_2', 'obj_3'], 'target': 'obj_1', 'relations': ['above', 'below']}",star,yellow star,star,False,0.1667809119999788,relation_chain_failure,True
ood_shape_000011_q03,ood_shape_000011,images/ood_shape/ood_shape_000011.png,Do the yellow diamond and the yellow hexagon overlap? Answer yes or no.,no,overlap,2,ood_shape,shape,"{'objects': ['obj_2', 'obj_3'], 'relation': 'overlap'}",no,no,no,True,0.16655283599999393,,False
ood_shape_000011_q04,ood_shape_000011,images/ood_shape/ood_shape_000011.png,Which object is the topmost in the image?,red star,relative_ordering,2,ood_shape,shape,"{'target': 'obj_4', 'relation': 'topmost'}",star,red star,star,False,0.16540455699998802,spatial_inversion,True
ood_shape_000012_q01,ood_shape_000012,images/ood_shape/ood_shape_000012.png,"Which object is smaller, the yellow diamond or the green hexagon?",green hexagon,relative_size,2,ood_shape,shape,"{'objects': ['obj_4', 'obj_2'], 'target': 'obj_2', 'relation': 'smaller'}",yellow diamond,green hexagon,yellow diamond,False,0.21537548399999196,object_confusion,True
ood_shape_000012_q02,ood_shape_000012,images/ood_shape/ood_shape_000012.png,Which object is between the yellow diamond and the green diamond?,yellow star,between,3,ood_shape,shape,"{'objects': ['obj_4', 'obj_1'], 'target': 'obj_3', 'relation': 'between'}",star,yellow star,star,False,0.16610183000000234,object_confusion,True
ood_shape_000012_q03,ood_shape_000012,images/ood_shape/ood_shape_000012.png,Which object is farthest from the green hexagon?,green diamond,nearest_farthest,2,ood_shape,shape,"{'anchor': 'obj_2', 'target': 'obj_1', 'relation': 'farthest'}",yellow triangle,green diamond,yellow triangle,False,0.2161306790000026,distance_reasoning_error,True
ood_shape_000012_q04,ood_shape_000012,images/ood_shape/ood_shape_000012.png,Is the green hexagon completely inside the yellow diamond? Answer yes or no.,no,inside_outside,2,ood_shape,shape,"{'objects': ['obj_2', 'obj_4'], 'relation': 'inside'}",no,no,no,True,0.16572822000000542,,False
ood_shape_000013_q01,ood_shape_000013,images/ood_shape/ood_shape_000013.png,Which object is immediately right of the yellow star?,yellow diamond,left_right,2,ood_shape,shape,"{'anchor': 'obj_3', 'target': 'obj_5', 'relation': 'right'}",blue triangle,yellow diamond,blue triangle,False,0.21589403400002993,spatial_inversion,True
ood_shape_000013_q02,ood_shape_000013,images/ood_shape/ood_shape_000013.png,"Which object is closer to the center of the image, the green diamond or the yellow diamond?",green diamond,center_proximity,2,ood_shape,shape,"{'objects': ['obj_1', 'obj_5'], 'target': 'obj_1', 'relation': 'center_proximity'}",green diamond,green diamond,green diamond,True,0.2184990029999767,,False
ood_shape_000013_q03,ood_shape_000013,images/ood_shape/ood_shape_000013.png,Do the green diamond and the blue diamond overlap? Answer yes or no.,no,overlap,2,ood_shape,shape,"{'objects': ['obj_1', 'obj_2'], 'relation': 'overlap'}",no,no,no,True,0.16621617399999877,,False
ood_shape_000013_q04,ood_shape_000013,images/ood_shape/ood_shape_000013.png,Is the yellow star completely inside the blue diamond? Answer yes or no.,no,inside_outside,2,ood_shape,shape,"{'objects': ['obj_3', 'obj_2'], 'relation': 'inside'}",yes,no,yes,False,0.1654790119999916,relation_error,True
ood_shape_000014_q01,ood_shape_000014,images/ood_shape/ood_shape_000014.png,Which object is immediately right of the green hexagon?,yellow diamond,left_right,2,ood_shape,shape,"{'anchor': 'obj_1', 'target': 'obj_3', 'relation': 'right'}",yellow triangle,yellow diamond,yellow triangle,False,0.22031326799998396,spatial_inversion,True
ood_shape_000014_q02,ood_shape_000014,images/ood_shape/ood_shape_000014.png,Do the yellow diamond and the yellow hexagon overlap? Answer yes or no.,no,overlap,2,ood_shape,shape,"{'objects': ['obj_3', 'obj_4'], 'relation': 'overlap'}",no,no,no,True,0.16852573599999232,,False
ood_shape_000014_q03,ood_shape_000014,images/ood_shape/ood_shape_000014.png,How many objects are left of the green hexagon?,0,counting,2,ood_shape,shape,"{'anchor': 'obj_1', 'relation': 'left'}",2,0,2,False,0.16759823200004575,counting_error,True
ood_shape_000014_q04,ood_shape_000014,images/ood_shape/ood_shape_000014.png,Which object is farthest from the green hexagon?,yellow hexagon,nearest_farthest,2,ood_shape,shape,"{'anchor': 'obj_1', 'target': 'obj_4', 'relation': 'farthest'}",yellow triangle,yellow hexagon,yellow triangle,False,0.21844300800000838,distance_reasoning_error,True
ood_shape_000015_q01,ood_shape_000015,images/ood_shape/ood_shape_000015.png,Do the green star and the green hexagon overlap? Answer yes or no.,no,overlap,2,ood_shape,shape,"{'objects': ['obj_4', 'obj_5'], 'relation': 'overlap'}",no,no,no,True,0.16675861400000258,,False
ood_shape_000015_q02,ood_shape_000015,images/ood_shape/ood_shape_000015.png,Which object is both left of the red diamond and below the green star?,yellow diamond,multi_hop,4,ood_shape,shape,"{'anchors': ['obj_1', 'obj_4'], 'target': 'obj_2', 'relations': ['left of', 'below']}",yellow diamond,yellow diamond,yellow diamond,True,0.2168592260000537,,False
ood_shape_000015_q03,ood_shape_000015,images/ood_shape/ood_shape_000015.png,Is the yellow diamond completely inside the green star? Answer yes or no.,no,inside_outside,2,ood_shape,shape,"{'objects': ['obj_2', 'obj_4'], 'relation': 'inside'}",no,no,no,True,0.16810549500002026,,False
ood_shape_000015_q04,ood_shape_000015,images/ood_shape/ood_shape_000015.png,"Which object is larger, the green hexagon or the yellow diamond?",green hexagon,relative_size,2,ood_shape,shape,"{'objects': ['obj_5', 'obj_2'], 'target': 'obj_5', 'relation': 'larger'}",green hexagon,green hexagon,green hexagon,True,0.2698253059999729,,False
ood_shape_000016_q01,ood_shape_000016,images/ood_shape/ood_shape_000016.png,Which object is farthest from the red diamond?,green diamond,nearest_farthest,2,ood_shape,shape,"{'anchor': 'obj_1', 'target': 'obj_4', 'relation': 'farthest'}",green star,green diamond,green star,False,0.2212465590000079,distance_reasoning_error,True
ood_shape_000016_q02,ood_shape_000016,images/ood_shape/ood_shape_000016.png,Is the green diamond completely inside the red diamond? Answer yes or no.,no,inside_outside,2,ood_shape,shape,"{'objects': ['obj_4', 'obj_1'], 'relation': 'inside'}",no,no,no,True,0.1677888290000169,,False
ood_shape_000016_q03,ood_shape_000016,images/ood_shape/ood_shape_000016.png,"Which object is larger, the green diamond or the green star?",green star,relative_size,2,ood_shape,shape,"{'objects': ['obj_4', 'obj_2'], 'target': 'obj_2', 'relation': 'larger'}",green star,green star,green star,True,0.2172915860000444,,False
ood_shape_000016_q04,ood_shape_000016,images/ood_shape/ood_shape_000016.png,Which object is both below the green star and above the green diamond?,blue hexagon,multi_hop,4,ood_shape,shape,"{'anchors': ['obj_2', 'obj_4'], 'target': 'obj_3', 'relations': ['below', 'above']}",blue square,blue hexagon,blue square,False,0.21573932100000093,relation_chain_failure,True
ood_shape_000017_q01,ood_shape_000017,images/ood_shape/ood_shape_000017.png,"Which object is closer to the center of the image, the blue hexagon or the red hexagon?",red hexagon,center_proximity,2,ood_shape,shape,"{'objects': ['obj_4', 'obj_3'], 'target': 'obj_3', 'relation': 'center_proximity'}",blue hexagon,red hexagon,blue hexagon,False,0.26642371100001583,distance_reasoning_error,True
ood_shape_000017_q02,ood_shape_000017,images/ood_shape/ood_shape_000017.png,How many blue objects are in the image?,1,counting,1,ood_shape,shape,{'filter': {'color': 'blue'}},1,1,1,True,0.16542318800003386,,False
ood_shape_000017_q03,ood_shape_000017,images/ood_shape/ood_shape_000017.png,Do the blue hexagon and the yellow star overlap? Answer yes or no.,no,overlap,2,ood_shape,shape,"{'objects': ['obj_4', 'obj_1'], 'relation': 'overlap'}",no,no,no,True,0.16571705699999484,,False
ood_shape_000017_q04,ood_shape_000017,images/ood_shape/ood_shape_000017.png,Which object is the bottommost in the image?,yellow star,relative_ordering,2,ood_shape,shape,"{'target': 'obj_1', 'relation': 'bottommost'}",star,yellow star,star,False,0.16591172400001142,spatial_inversion,True
ood_shape_000018_q01,ood_shape_000018,images/ood_shape/ood_shape_000018.png,"Which object is closer to the center of the image, the red diamond or the red hexagon?",red hexagon,center_proximity,2,ood_shape,shape,"{'objects': ['obj_3', 'obj_2'], 'target': 'obj_2', 'relation': 'center_proximity'}",red hexagon,red hexagon,red hexagon,True,0.2667014720000225,,False
ood_shape_000018_q02,ood_shape_000018,images/ood_shape/ood_shape_000018.png,"Which object is smaller, the red diamond or the blue diamond?",blue diamond,relative_size,2,ood_shape,shape,"{'objects': ['obj_3', 'obj_4'], 'target': 'obj_4', 'relation': 'smaller'}",blue diamond,blue diamond,blue diamond,True,0.21624179200000526,,False
ood_shape_000018_q03,ood_shape_000018,images/ood_shape/ood_shape_000018.png,How many objects are above the red hexagon?,1,counting,2,ood_shape,shape,"{'anchor': 'obj_2', 'relation': 'above'}",2,1,2,False,0.1664245370000117,counting_error,True
ood_shape_000018_q04,ood_shape_000018,images/ood_shape/ood_shape_000018.png,Which object is farthest from the yellow star?,red hexagon,nearest_farthest,2,ood_shape,shape,"{'anchor': 'obj_5', 'target': 'obj_2', 'relation': 'farthest'}",red star,red hexagon,red star,False,0.21559548299995868,distance_reasoning_error,True
ood_shape_000019_q01,ood_shape_000019,images/ood_shape/ood_shape_000019.png,"Which object is closer to the center of the image, the blue star or the green diamond?",blue star,center_proximity,2,ood_shape,shape,"{'objects': ['obj_3', 'obj_1'], 'target': 'obj_3', 'relation': 'center_proximity'}",blue star,blue star,blue star,True,0.21712606699998105,,False
ood_shape_000019_q02,ood_shape_000019,images/ood_shape/ood_shape_000019.png,Which object is between the green star and the red hexagon?,blue star,between,3,ood_shape,shape,"{'objects': ['obj_2', 'obj_5'], 'target': 'obj_3', 'relation': 'between'}",yellow star,blue star,yellow star,False,0.2157592429999795,object_confusion,True
ood_shape_000019_q03,ood_shape_000019,images/ood_shape/ood_shape_000019.png,"Which object is larger, the yellow star or the green diamond?",green diamond,relative_size,2,ood_shape,shape,"{'objects': ['obj_4', 'obj_1'], 'target': 'obj_1', 'relation': 'larger'}",yellow star,green diamond,yellow star,False,0.2155613540000445,object_confusion,True
ood_shape_000019_q04,ood_shape_000019,images/ood_shape/ood_shape_000019.png,Do the yellow star and the red hexagon overlap? Answer yes or no.,no,overlap,2,ood_shape,shape,"{'objects': ['obj_4', 'obj_5'], 'relation': 'overlap'}",yes,no,yes,False,0.1659231179999665,relation_error,True
ood_shape_000020_q01,ood_shape_000020,images/ood_shape/ood_shape_000020.png,Is the red diamond completely inside the red star? Answer yes or no.,no,inside_outside,2,ood_shape,shape,"{'objects': ['obj_3', 'obj_1'], 'relation': 'inside'}",no,no,no,True,0.16571489200003953,,False
ood_shape_000020_q02,ood_shape_000020,images/ood_shape/ood_shape_000020.png,Which object is both above the red star and below the red diamond?,yellow star,multi_hop,4,ood_shape,shape,"{'anchors': ['obj_1', 'obj_3'], 'target': 'obj_2', 'relations': ['above', 'below']}",yellow star,yellow star,yellow star,True,0.21717359999996688,,False
ood_shape_000020_q03,ood_shape_000020,images/ood_shape/ood_shape_000020.png,Do the red star and the yellow star overlap? Answer yes or no.,no,overlap,2,ood_shape,shape,"{'objects': ['obj_1', 'obj_2'], 'relation': 'overlap'}",yes,no,yes,False,0.16615273000002162,relation_error,True
ood_shape_000020_q04,ood_shape_000020,images/ood_shape/ood_shape_000020.png,Which object is the rightmost in the image?,red star,relative_ordering,2,ood_shape,shape,"{'target': 'obj_1', 'relation': 'rightmost'}",star,red star,star,False,0.16593903199998294,spatial_inversion,True
ood_shape_000021_q01,ood_shape_000021,images/ood_shape/ood_shape_000021.png,"Which object is smaller, the green hexagon or the yellow star?",yellow star,relative_size,2,ood_shape,shape,"{'objects': ['obj_5', 'obj_4'], 'target': 'obj_4', 'relation': 'smaller'}",yellow star,yellow star,yellow star,True,0.21657056899999816,,False
ood_shape_000021_q02,ood_shape_000021,images/ood_shape/ood_shape_000021.png,Which object is farthest from the green hexagon?,red star,nearest_farthest,2,ood_shape,shape,"{'anchor': 'obj_5', 'target': 'obj_3', 'relation': 'farthest'}",yellow star,red star,yellow star,False,0.21603555600000846,distance_reasoning_error,True
ood_shape_000021_q03,ood_shape_000021,images/ood_shape/ood_shape_000021.png,Is the red star completely inside the green hexagon? Answer yes or no.,no,inside_outside,2,ood_shape,shape,"{'objects': ['obj_3', 'obj_5'], 'relation': 'inside'}",no,no,no,True,0.17004154099998914,,False
ood_shape_000021_q04,ood_shape_000021,images/ood_shape/ood_shape_000021.png,Which object is immediately right of the green hexagon?,yellow hexagon,left_right,2,ood_shape,shape,"{'anchor': 'obj_5', 'target': 'obj_2', 'relation': 'right'}",blue hexagon,yellow hexagon,blue hexagon,False,0.2664304869999796,spatial_inversion,True
ood_shape_000022_q01,ood_shape_000022,images/ood_shape/ood_shape_000022.png,"Which object is closer to the center of the image, the red hexagon or the red star?",red hexagon,center_proximity,2,ood_shape,shape,"{'objects': ['obj_1', 'obj_3'], 'target': 'obj_1', 'relation': 'center_proximity'}",red hexagon,red hexagon,red hexagon,True,0.2672091640000076,,False
ood_shape_000022_q02,ood_shape_000022,images/ood_shape/ood_shape_000022.png,Do the red hexagon and the red star overlap? Answer yes or no.,no,overlap,2,ood_shape,shape,"{'objects': ['obj_1', 'obj_3'], 'relation': 'overlap'}",no,no,no,True,0.16641404599999987,,False
ood_shape_000022_q03,ood_shape_000022,images/ood_shape/ood_shape_000022.png,Is the yellow hexagon completely inside the red hexagon? Answer yes or no.,no,inside_outside,2,ood_shape,shape,"{'objects': ['obj_2', 'obj_1'], 'relation': 'inside'}",no,no,no,True,0.1668205740000417,,False
ood_shape_000022_q04,ood_shape_000022,images/ood_shape/ood_shape_000022.png,Which object is nearest from the red star?,red hexagon,nearest_farthest,2,ood_shape,shape,"{'anchor': 'obj_3', 'target': 'obj_1', 'relation': 'nearest'}",red hexagon,red hexagon,red hexagon,True,0.2681332889999908,,False
ood_shape_000023_q01,ood_shape_000023,images/ood_shape/ood_shape_000023.png,Which object is immediately right of the red star?,green hexagon,left_right,2,ood_shape,shape,"{'anchor': 'obj_1', 'target': 'obj_2', 'relation': 'right'}",green hexagon,green hexagon,green hexagon,True,0.2792999879999911,,False
ood_shape_000023_q02,ood_shape_000023,images/ood_shape/ood_shape_000023.png,Do the green hexagon and the red diamond overlap? Answer yes or no.,no,overlap,2,ood_shape,shape,"{'objects': ['obj_2', 'obj_3'], 'relation': 'overlap'}",no,no,no,True,0.16694088099995952,,False
ood_shape_000023_q03,ood_shape_000023,images/ood_shape/ood_shape_000023.png,How many green objects are in the image?,1,counting,1,ood_shape,shape,{'filter': {'color': 'green'}},1,1,1,True,0.1679882000000248,,False
ood_shape_000023_q04,ood_shape_000023,images/ood_shape/ood_shape_000023.png,Which object is farthest from the red diamond?,green hexagon,nearest_farthest,2,ood_shape,shape,"{'anchor': 'obj_3', 'target': 'obj_2', 'relation': 'farthest'}",green hexagon,green hexagon,green hexagon,True,0.26749846199999183,,False
ood_shape_000024_q01,ood_shape_000024,images/ood_shape/ood_shape_000024.png,Do the red hexagon and the yellow diamond overlap? Answer yes or no.,no,overlap,2,ood_shape,shape,"{'objects': ['obj_4', 'obj_5'], 'relation': 'overlap'}",no,no,no,True,0.16581706399995255,,False
ood_shape_000024_q02,ood_shape_000024,images/ood_shape/ood_shape_000024.png,Which object is both right of the red hexagon and above the yellow diamond?,green star,multi_hop,4,ood_shape,shape,"{'anchors': ['obj_4', 'obj_5'], 'target': 'obj_2', 'relations': ['right of', 'above']}",star,green star,star,False,0.16644515199999432,relation_chain_failure,True
ood_shape_000024_q03,ood_shape_000024,images/ood_shape/ood_shape_000024.png,Is the red diamond completely inside the red hexagon? Answer yes or no.,no,inside_outside,2,ood_shape,shape,"{'objects': ['obj_1', 'obj_4'], 'relation': 'inside'}",no,no,no,True,0.16586837799997056,,False
ood_shape_000024_q04,ood_shape_000024,images/ood_shape/ood_shape_000024.png,"Which object is larger, the blue diamond or the red hexagon?",red hexagon,relative_size,2,ood_shape,shape,"{'objects': ['obj_3', 'obj_4'], 'target': 'obj_4', 'relation': 'larger'}",red hexagon,red hexagon,red hexagon,True,0.26479246399998146,,False
ood_shape_000025_q01,ood_shape_000025,images/ood_shape/ood_shape_000025.png,Which object is farthest from the red diamond?,yellow diamond,nearest_farthest,2,ood_shape,shape,"{'anchor': 'obj_1', 'target': 'obj_2', 'relation': 'farthest'}",yellow hexagon,yellow diamond,yellow hexagon,False,0.26675095299998475,distance_reasoning_error,True
ood_shape_000025_q02,ood_shape_000025,images/ood_shape/ood_shape_000025.png,Is the yellow hexagon completely inside the yellow diamond? Answer yes or no.,no,inside_outside,2,ood_shape,shape,"{'objects': ['obj_3', 'obj_2'], 'relation': 'inside'}",no,no,no,True,0.1660840809999513,,False
ood_shape_000025_q03,ood_shape_000025,images/ood_shape/ood_shape_000025.png,"Which object is smaller, the red diamond or the yellow diamond?",red diamond,relative_size,2,ood_shape,shape,"{'objects': ['obj_1', 'obj_2'], 'target': 'obj_1', 'relation': 'smaller'}",red diamond,red diamond,red diamond,True,0.21947029200003954,,False
ood_shape_000025_q04,ood_shape_000025,images/ood_shape/ood_shape_000025.png,Which object is both right of the yellow diamond and below the red diamond?,yellow hexagon,multi_hop,4,ood_shape,shape,"{'anchors': ['obj_2', 'obj_1'], 'target': 'obj_3', 'relations': ['right of', 'below']}",yellow hexagon,yellow hexagon,yellow hexagon,True,0.2670913659999883,,False
ood_shape_000026_q01,ood_shape_000026,images/ood_shape/ood_shape_000026.png,"Which object is closer to the center of the image, the green star or the green hexagon?",green hexagon,center_proximity,2,ood_shape,shape,"{'objects': ['obj_4', 'obj_3'], 'target': 'obj_3', 'relation': 'center_proximity'}",green star,green hexagon,green star,False,0.21630891500001326,distance_reasoning_error,True
ood_shape_000026_q02,ood_shape_000026,images/ood_shape/ood_shape_000026.png,How many blue objects are in the image?,2,counting,1,ood_shape,shape,{'filter': {'color': 'blue'}},2,2,2,True,0.16721349900001314,,False
ood_shape_000026_q03,ood_shape_000026,images/ood_shape/ood_shape_000026.png,Do the green star and the blue star overlap? Answer yes or no.,no,overlap,2,ood_shape,shape,"{'objects': ['obj_4', 'obj_1'], 'relation': 'overlap'}",no,no,no,True,0.1685070249999967,,False
ood_shape_000026_q04,ood_shape_000026,images/ood_shape/ood_shape_000026.png,Which object is the bottommost in the image?,green star,relative_ordering,2,ood_shape,shape,"{'target': 'obj_4', 'relation': 'bottommost'}",star,green star,star,False,0.16783589099998153,spatial_inversion,True
ood_shape_000027_q01,ood_shape_000027,images/ood_shape/ood_shape_000027.png,"Which object is closer to the center of the image, the red star or the yellow hexagon?",yellow hexagon,center_proximity,2,ood_shape,shape,"{'objects': ['obj_3', 'obj_1'], 'target': 'obj_1', 'relation': 'center_proximity'}",red star,yellow hexagon,red star,False,0.21560139499996467,distance_reasoning_error,True
ood_shape_000027_q02,ood_shape_000027,images/ood_shape/ood_shape_000027.png,"Which object is smaller, the red star or the red diamond?",red star,relative_size,2,ood_shape,shape,"{'objects': ['obj_3', 'obj_2'], 'target': 'obj_3', 'relation': 'smaller'}",red star,red star,red star,True,0.21767548299999362,,False
ood_shape_000027_q03,ood_shape_000027,images/ood_shape/ood_shape_000027.png,How many objects are above the red diamond?,2,counting,2,ood_shape,shape,"{'anchor': 'obj_2', 'relation': 'above'}",3,2,3,False,0.16619786199998998,counting_error,True
ood_shape_000027_q04,ood_shape_000027,images/ood_shape/ood_shape_000027.png,Which object is immediately above the green hexagon?,red star,above_below,2,ood_shape,shape,"{'anchor': 'obj_4', 'target': 'obj_3', 'relation': 'above'}",red triangle,red star,red triangle,False,0.21882443999999168,spatial_inversion,True
ood_shape_000028_q01,ood_shape_000028,images/ood_shape/ood_shape_000028.png,"Which object is closer to the center of the image, the green hexagon or the green star?",green hexagon,center_proximity,2,ood_shape,shape,"{'objects': ['obj_3', 'obj_1'], 'target': 'obj_3', 'relation': 'center_proximity'}",green hexagon,green hexagon,green hexagon,True,0.2674345299999459,,False
ood_shape_000028_q02,ood_shape_000028,images/ood_shape/ood_shape_000028.png,Which object is between the yellow star and the blue hexagon?,green hexagon,between,3,ood_shape,shape,"{'objects': ['obj_4', 'obj_5'], 'target': 'obj_3', 'relation': 'between'}",green hexagon,green hexagon,green hexagon,True,0.2735564519999798,,False
ood_shape_000028_q03,ood_shape_000028,images/ood_shape/ood_shape_000028.png,"Which object is larger, the yellow star or the green star?",yellow star,relative_size,2,ood_shape,shape,"{'objects': ['obj_4', 'obj_1'], 'target': 'obj_4', 'relation': 'larger'}",yellow star,yellow star,yellow star,True,0.21797022399999832,,False
ood_shape_000028_q04,ood_shape_000028,images/ood_shape/ood_shape_000028.png,Do the yellow star and the blue hexagon overlap? Answer yes or no.,no,overlap,2,ood_shape,shape,"{'objects': ['obj_4', 'obj_5'], 'relation': 'overlap'}",no,no,no,True,0.1682070759999874,,False
ood_shape_000029_q01,ood_shape_000029,images/ood_shape/ood_shape_000029.png,"Which object is smaller, the yellow hexagon or the blue diamond?",yellow hexagon,relative_size,2,ood_shape,shape,"{'objects': ['obj_1', 'obj_3'], 'target': 'obj_1', 'relation': 'smaller'}",yellow hexagon,yellow hexagon,yellow hexagon,True,0.2690022360000057,,False
ood_shape_000029_q02,ood_shape_000029,images/ood_shape/ood_shape_000029.png,Is the red hexagon completely inside the blue diamond? Answer yes or no.,no,inside_outside,2,ood_shape,shape,"{'objects': ['obj_2', 'obj_3'], 'relation': 'inside'}",no,no,no,True,0.16720411999995122,,False
ood_shape_000029_q03,ood_shape_000029,images/ood_shape/ood_shape_000029.png,Which object is nearest from the blue diamond?,yellow hexagon,nearest_farthest,2,ood_shape,shape,"{'anchor': 'obj_3', 'target': 'obj_1', 'relation': 'nearest'}",red triangle,yellow hexagon,red triangle,False,0.22025518899999952,distance_reasoning_error,True
ood_shape_000029_q04,ood_shape_000029,images/ood_shape/ood_shape_000029.png,Do the blue diamond and the red hexagon overlap? Answer yes or no.,no,overlap,2,ood_shape,shape,"{'objects': ['obj_3', 'obj_2'], 'relation': 'overlap'}",no,no,no,True,0.16947893600001862,,False
ood_shape_000030_q01,ood_shape_000030,images/ood_shape/ood_shape_000030.png,"Which object is smaller, the green star or the green hexagon?",green hexagon,relative_size,2,ood_shape,shape,"{'objects': ['obj_5', 'obj_4'], 'target': 'obj_4', 'relation': 'smaller'}",green star,green hexagon,green star,False,0.2392086469999981,object_confusion,True
ood_shape_000030_q02,ood_shape_000030,images/ood_shape/ood_shape_000030.png,Which object is between the green star and the blue hexagon?,yellow hexagon,between,3,ood_shape,shape,"{'objects': ['obj_5', 'obj_2'], 'target': 'obj_1', 'relation': 'between'}",yellow hexagon,yellow hexagon,yellow hexagon,True,0.26798479999996516,,False
ood_shape_000030_q03,ood_shape_000030,images/ood_shape/ood_shape_000030.png,Which object is nearest from the red diamond?,blue hexagon,nearest_farthest,2,ood_shape,shape,"{'anchor': 'obj_3', 'target': 'obj_2', 'relation': 'nearest'}",blue hexagon,blue hexagon,blue hexagon,True,0.26415911300000516,,False
ood_shape_000030_q04,ood_shape_000030,images/ood_shape/ood_shape_000030.png,Is the green hexagon completely inside the blue hexagon? Answer yes or no.,no,inside_outside,2,ood_shape,shape,"{'objects': ['obj_4', 'obj_2'], 'relation': 'inside'}",no,no,no,True,0.1649787570000285,,False
ood_shape_000031_q01,ood_shape_000031,images/ood_shape/ood_shape_000031.png,Which object is immediately right of the blue hexagon?,green star,left_right,2,ood_shape,shape,"{'anchor': 'obj_3', 'target': 'obj_2', 'relation': 'right'}",yellow triangle,green star,yellow triangle,False,0.21634552800003348,spatial_inversion,True
ood_shape_000031_q02,ood_shape_000031,images/ood_shape/ood_shape_000031.png,"Which object is closer to the center of the image, the blue star or the yellow diamond?",yellow diamond,center_proximity,2,ood_shape,shape,"{'objects': ['obj_1', 'obj_4'], 'target': 'obj_4', 'relation': 'center_proximity'}",blue star,yellow diamond,blue star,False,0.21526995099998203,distance_reasoning_error,True
ood_shape_000031_q03,ood_shape_000031,images/ood_shape/ood_shape_000031.png,Do the blue star and the yellow diamond overlap? Answer yes or no.,no,overlap,2,ood_shape,shape,"{'objects': ['obj_1', 'obj_4'], 'relation': 'overlap'}",no,no,no,True,0.16490232600000354,,False
ood_shape_000031_q04,ood_shape_000031,images/ood_shape/ood_shape_000031.png,Is the blue hexagon completely inside the blue star? Answer yes or no.,no,inside_outside,2,ood_shape,shape,"{'objects': ['obj_3', 'obj_1'], 'relation': 'inside'}",no,no,no,True,0.16464636899996776,,False
ood_shape_000032_q01,ood_shape_000032,images/ood_shape/ood_shape_000032.png,Which object is immediately right of the yellow diamond?,blue hexagon,left_right,2,ood_shape,shape,"{'anchor': 'obj_1', 'target': 'obj_2', 'relation': 'right'}",star,blue hexagon,star,False,0.16554868600002237,spatial_inversion,True
ood_shape_000032_q02,ood_shape_000032,images/ood_shape/ood_shape_000032.png,Do the yellow hexagon and the red star overlap? Answer yes or no.,no,overlap,2,ood_shape,shape,"{'objects': ['obj_3', 'obj_4'], 'relation': 'overlap'}",yes,no,yes,False,0.16576266399999895,relation_error,True
ood_shape_000032_q03,ood_shape_000032,images/ood_shape/ood_shape_000032.png,How many objects are left of the yellow diamond?,0,counting,2,ood_shape,shape,"{'anchor': 'obj_1', 'relation': 'left'}",3,0,3,False,0.16608486799998445,counting_error,True
ood_shape_000032_q04,ood_shape_000032,images/ood_shape/ood_shape_000032.png,Which object is farthest from the yellow diamond?,red star,nearest_farthest,2,ood_shape,shape,"{'anchor': 'obj_1', 'target': 'obj_4', 'relation': 'farthest'}",blue hexagon,red star,blue hexagon,False,0.2714995690000137,distance_reasoning_error,True
ood_shape_000033_q01,ood_shape_000033,images/ood_shape/ood_shape_000033.png,Do the red star and the red hexagon overlap? Answer yes or no.,no,overlap,2,ood_shape,shape,"{'objects': ['obj_4', 'obj_5'], 'relation': 'overlap'}",no,no,no,True,0.18373581499997726,,False
ood_shape_000033_q02,ood_shape_000033,images/ood_shape/ood_shape_000033.png,Which object is both left of the yellow hexagon and below the red star?,red hexagon,multi_hop,4,ood_shape,shape,"{'anchors': ['obj_1', 'obj_4'], 'target': 'obj_5', 'relations': ['left of', 'below']}",red hexagon,red hexagon,red hexagon,True,0.265893645999995,,False
ood_shape_000033_q03,ood_shape_000033,images/ood_shape/ood_shape_000033.png,Is the yellow star completely inside the red star? Answer yes or no.,no,inside_outside,2,ood_shape,shape,"{'objects': ['obj_2', 'obj_4'], 'relation': 'inside'}",no,no,no,True,0.16471387100000356,,False
ood_shape_000033_q04,ood_shape_000033,images/ood_shape/ood_shape_000033.png,"Which object is larger, the red hexagon or the yellow star?",red hexagon,relative_size,2,ood_shape,shape,"{'objects': ['obj_5', 'obj_2'], 'target': 'obj_5', 'relation': 'larger'}",red hexagon,red hexagon,red hexagon,True,0.26516919300001973,,False
ood_shape_000034_q01,ood_shape_000034,images/ood_shape/ood_shape_000034.png,Which object is farthest from the yellow star?,green star,nearest_farthest,2,ood_shape,shape,"{'anchor': 'obj_1', 'target': 'obj_2', 'relation': 'farthest'}",blue triangle,green star,blue triangle,False,0.2142470940000294,distance_reasoning_error,True
ood_shape_000034_q02,ood_shape_000034,images/ood_shape/ood_shape_000034.png,Is the yellow hexagon completely inside the yellow star? Answer yes or no.,no,inside_outside,2,ood_shape,shape,"{'objects': ['obj_4', 'obj_1'], 'relation': 'inside'}",no,no,no,True,0.16527262099998552,,False
ood_shape_000034_q03,ood_shape_000034,images/ood_shape/ood_shape_000034.png,"Which object is larger, the yellow hexagon or the green star?",green star,relative_size,2,ood_shape,shape,"{'objects': ['obj_4', 'obj_2'], 'target': 'obj_2', 'relation': 'larger'}",yellow hexagon,green star,yellow hexagon,False,0.2639214210000205,object_confusion,True
ood_shape_000034_q04,ood_shape_000034,images/ood_shape/ood_shape_000034.png,Which object is both left of the green star and below the yellow hexagon?,yellow star,multi_hop,4,ood_shape,shape,"{'anchors': ['obj_2', 'obj_4'], 'target': 'obj_1', 'relations': ['left of', 'below']}",blue triangle,yellow star,blue triangle,False,0.21499251000000186,relation_chain_failure,True
ood_shape_000035_q01,ood_shape_000035,images/ood_shape/ood_shape_000035.png,How many blue objects are in the image?,2,counting,1,ood_shape,shape,{'filter': {'color': 'blue'}},2,2,2,True,0.17234042499995894,,False
ood_shape_000035_q02,ood_shape_000035,images/ood_shape/ood_shape_000035.png,Do the blue hexagon and the yellow diamond overlap? Answer yes or no.,no,overlap,2,ood_shape,shape,"{'objects': ['obj_3', 'obj_2'], 'relation': 'overlap'}",no,no,no,True,0.16524954999999864,,False
ood_shape_000035_q03,ood_shape_000035,images/ood_shape/ood_shape_000035.png,Which object is the leftmost in the image?,blue hexagon,relative_ordering,2,ood_shape,shape,"{'target': 'obj_3', 'relation': 'leftmost'}",hexagon,blue hexagon,hexagon,False,0.21478203100002702,spatial_inversion,True
ood_shape_000035_q04,ood_shape_000035,images/ood_shape/ood_shape_000035.png,Which object is immediately above the yellow diamond?,blue star,above_below,2,ood_shape,shape,"{'anchor': 'obj_2', 'target': 'obj_1', 'relation': 'above'}",blue star,blue star,blue star,True,0.21579891999999745,,False
ood_shape_000036_q01,ood_shape_000036,images/ood_shape/ood_shape_000036.png,"Which object is closer to the center of the image, the blue diamond or the red hexagon?",red hexagon,center_proximity,2,ood_shape,shape,"{'objects': ['obj_3', 'obj_1'], 'target': 'obj_1', 'relation': 'center_proximity'}",blue diamond,red hexagon,blue diamond,False,0.21825647500003242,distance_reasoning_error,True
ood_shape_000036_q02,ood_shape_000036,images/ood_shape/ood_shape_000036.png,"Which object is smaller, the blue diamond or the green hexagon?",blue diamond,relative_size,2,ood_shape,shape,"{'objects': ['obj_3', 'obj_2'], 'target': 'obj_3', 'relation': 'smaller'}",blue diamond,blue diamond,blue diamond,True,0.21652442099997415,,False
ood_shape_000036_q03,ood_shape_000036,images/ood_shape/ood_shape_000036.png,How many objects are above the green hexagon?,2,counting,2,ood_shape,shape,"{'anchor': 'obj_2', 'relation': 'above'}",2,2,2,True,0.1665616900000373,,False
ood_shape_000036_q04,ood_shape_000036,images/ood_shape/ood_shape_000036.png,Which object is nearest from the blue diamond?,green hexagon,nearest_farthest,2,ood_shape,shape,"{'anchor': 'obj_3', 'target': 'obj_2', 'relation': 'nearest'}",blue diamond,green hexagon,blue diamond,False,0.21774154999997108,distance_reasoning_error,True
ood_shape_000037_q01,ood_shape_000037,images/ood_shape/ood_shape_000037.png,"Which object is closer to the center of the image, the green star or the yellow diamond?",yellow diamond,center_proximity,2,ood_shape,shape,"{'objects': ['obj_3', 'obj_1'], 'target': 'obj_1', 'relation': 'center_proximity'}",yellow diamond,yellow diamond,yellow diamond,True,0.2150899640000148,,False
ood_shape_000037_q02,ood_shape_000037,images/ood_shape/ood_shape_000037.png,Which object is between the blue star and the yellow hexagon?,yellow diamond,between,3,ood_shape,shape,"{'objects': ['obj_4', 'obj_2'], 'target': 'obj_1', 'relation': 'between'}",yellow hexagon,yellow diamond,yellow hexagon,False,0.2681120269999724,object_confusion,True
ood_shape_000037_q03,ood_shape_000037,images/ood_shape/ood_shape_000037.png,"Which object is smaller, the yellow diamond or the yellow hexagon?",yellow hexagon,relative_size,2,ood_shape,shape,"{'objects': ['obj_1', 'obj_2'], 'target': 'obj_2', 'relation': 'smaller'}",yellow hexagon,yellow hexagon,yellow hexagon,True,0.2719228790000443,,False
ood_shape_000037_q04,ood_shape_000037,images/ood_shape/ood_shape_000037.png,Do the green star and the yellow hexagon overlap? Answer yes or no.,no,overlap,2,ood_shape,shape,"{'objects': ['obj_3', 'obj_2'], 'relation': 'overlap'}",no,no,no,True,0.16693080999999665,,False
ood_shape_000038_q01,ood_shape_000038,images/ood_shape/ood_shape_000038.png,"Which object is smaller, the blue star or the red star?",red star,relative_size,2,ood_shape,shape,"{'objects': ['obj_1', 'obj_3'], 'target': 'obj_3', 'relation': 'smaller'}",blue star,red star,blue star,False,0.21636257300002626,object_confusion,True
ood_shape_000038_q02,ood_shape_000038,images/ood_shape/ood_shape_000038.png,Is the blue hexagon completely inside the red star? Answer yes or no.,no,inside_outside,2,ood_shape,shape,"{'objects': ['obj_2', 'obj_3'], 'relation': 'inside'}",no,no,no,True,0.16623748799997884,,False
ood_shape_000038_q03,ood_shape_000038,images/ood_shape/ood_shape_000038.png,Which object is nearest from the red star?,blue hexagon,nearest_farthest,2,ood_shape,shape,"{'anchor': 'obj_3', 'target': 'obj_2', 'relation': 'nearest'}",blue star,blue hexagon,blue star,False,0.2195064290000346,distance_reasoning_error,True
ood_shape_000038_q04,ood_shape_000038,images/ood_shape/ood_shape_000038.png,Which object is immediately right of the blue hexagon?,red star,left_right,2,ood_shape,shape,"{'anchor': 'obj_2', 'target': 'obj_3', 'relation': 'right'}",blue star,red star,blue star,False,0.21718721600001345,spatial_inversion,True
ood_shape_000039_q01,ood_shape_000039,images/ood_shape/ood_shape_000039.png,"Which object is closer to the center of the image, the blue diamond or the green star?",green star,center_proximity,2,ood_shape,shape,"{'objects': ['obj_2', 'obj_3'], 'target': 'obj_3', 'relation': 'center_proximity'}",green star,green star,green star,True,0.21820173700001533,,False
ood_shape_000039_q02,ood_shape_000039,images/ood_shape/ood_shape_000039.png,Which object is farthest from the blue diamond?,green hexagon,nearest_farthest,2,ood_shape,shape,"{'anchor': 'obj_2', 'target': 'obj_1', 'relation': 'farthest'}",star,green hexagon,star,False,0.1673460339999906,distance_reasoning_error,True
ood_shape_000039_q03,ood_shape_000039,images/ood_shape/ood_shape_000039.png,Which object is both left of the blue diamond and right of the green star?,green hexagon,multi_hop,4,ood_shape,shape,"{'anchors': ['obj_2', 'obj_3'], 'target': 'obj_1', 'relations': ['left of', 'right of']}",green star,green hexagon,green star,False,0.21540189099999907,relation_chain_failure,True
ood_shape_000039_q04,ood_shape_000039,images/ood_shape/ood_shape_000039.png,Do the blue diamond and the green star overlap? Answer yes or no.,no,overlap,2,ood_shape,shape,"{'objects': ['obj_2', 'obj_3'], 'relation': 'overlap'}",no,no,no,True,0.1671661500000141,,False
ood_shape_000040_q01,ood_shape_000040,images/ood_shape/ood_shape_000040.png,Which object is immediately right of the blue diamond?,blue star,left_right,2,ood_shape,shape,"{'anchor': 'obj_2', 'target': 'obj_1', 'relation': 'right'}",star,blue star,star,False,0.16699453499995798,spatial_inversion,True
ood_shape_000040_q02,ood_shape_000040,images/ood_shape/ood_shape_000040.png,"Which object is closer to the center of the image, the blue star or the red star?",blue star,center_proximity,2,ood_shape,shape,"{'objects': ['obj_1', 'obj_3'], 'target': 'obj_1', 'relation': 'center_proximity'}",blue star,blue star,blue star,True,0.2219670349999774,,False
ood_shape_000040_q03,ood_shape_000040,images/ood_shape/ood_shape_000040.png,Do the blue star and the red star overlap? Answer yes or no.,no,overlap,2,ood_shape,shape,"{'objects': ['obj_1', 'obj_3'], 'relation': 'overlap'}",no,no,no,True,0.171368340000015,,False
ood_shape_000040_q04,ood_shape_000040,images/ood_shape/ood_shape_000040.png,Is the blue diamond completely inside the blue star? Answer yes or no.,no,inside_outside,2,ood_shape,shape,"{'objects': ['obj_2', 'obj_1'], 'relation': 'inside'}",no,no,no,True,0.16547261600004504,,False
ood_shape_000041_q01,ood_shape_000041,images/ood_shape/ood_shape_000041.png,Which object is immediately right of the yellow star?,green diamond,left_right,2,ood_shape,shape,"{'anchor': 'obj_1', 'target': 'obj_3', 'relation': 'right'}",green triangle,green diamond,green triangle,False,0.21575584499998968,spatial_inversion,True
ood_shape_000041_q02,ood_shape_000041,images/ood_shape/ood_shape_000041.png,Do the red star and the green diamond overlap? Answer yes or no.,no,overlap,2,ood_shape,shape,"{'objects': ['obj_2', 'obj_3'], 'relation': 'overlap'}",no,no,no,True,0.16877850700001318,,False
ood_shape_000041_q03,ood_shape_000041,images/ood_shape/ood_shape_000041.png,How many green objects are in the image?,1,counting,1,ood_shape,shape,{'filter': {'color': 'green'}},1,1,1,True,0.1654594479999787,,False
ood_shape_000041_q04,ood_shape_000041,images/ood_shape/ood_shape_000041.png,Which object is farthest from the green diamond?,yellow star,nearest_farthest,2,ood_shape,shape,"{'anchor': 'obj_3', 'target': 'obj_1', 'relation': 'farthest'}",star,yellow star,star,False,0.16622432500003015,distance_reasoning_error,True
ood_shape_000042_q01,ood_shape_000042,images/ood_shape/ood_shape_000042.png,Do the green hexagon and the red diamond overlap? Answer yes or no.,no,overlap,2,ood_shape,shape,"{'objects': ['obj_2', 'obj_3'], 'relation': 'overlap'}",no,no,no,True,0.16555810599999177,,False
ood_shape_000042_q02,ood_shape_000042,images/ood_shape/ood_shape_000042.png,Which object is both below the yellow diamond and left of the red diamond?,green hexagon,multi_hop,4,ood_shape,shape,"{'anchors': ['obj_1', 'obj_3'], 'target': 'obj_2', 'relations': ['below', 'left of']}",green hexagon,green hexagon,green hexagon,True,0.2660824130000492,,False
ood_shape_000042_q03,ood_shape_000042,images/ood_shape/ood_shape_000042.png,Is the red diamond completely inside the green hexagon? Answer yes or no.,no,inside_outside,2,ood_shape,shape,"{'objects': ['obj_3', 'obj_2'], 'relation': 'inside'}",no,no,no,True,0.17529698899994628,,False
ood_shape_000042_q04,ood_shape_000042,images/ood_shape/ood_shape_000042.png,"Which object is larger, the red diamond or the green hexagon?",green hexagon,relative_size,2,ood_shape,shape,"{'objects': ['obj_3', 'obj_2'], 'target': 'obj_2', 'relation': 'larger'}",red diamond,green hexagon,red diamond,False,0.21953646700001173,object_confusion,True
ood_shape_000043_q01,ood_shape_000043,images/ood_shape/ood_shape_000043.png,Which object is farthest from the blue diamond?,red hexagon,nearest_farthest,2,ood_shape,shape,"{'anchor': 'obj_1', 'target': 'obj_3', 'relation': 'farthest'}",green triangle,red hexagon,green triangle,False,0.21780178000000205,distance_reasoning_error,True
ood_shape_000043_q02,ood_shape_000043,images/ood_shape/ood_shape_000043.png,Is the red hexagon completely inside the green diamond? Answer yes or no.,no,inside_outside,2,ood_shape,shape,"{'objects': ['obj_3', 'obj_2'], 'relation': 'inside'}",no,no,no,True,0.167250346000003,,False
ood_shape_000043_q03,ood_shape_000043,images/ood_shape/ood_shape_000043.png,"Which object is smaller, the blue diamond or the green diamond?",blue diamond,relative_size,2,ood_shape,shape,"{'objects': ['obj_1', 'obj_2'], 'target': 'obj_1', 'relation': 'smaller'}",blue diamond,blue diamond,blue diamond,True,0.2177020999999968,,False
ood_shape_000043_q04,ood_shape_000043,images/ood_shape/ood_shape_000043.png,Which object is both right of the blue diamond and below the red hexagon?,green diamond,multi_hop,4,ood_shape,shape,"{'anchors': ['obj_1', 'obj_3'], 'target': 'obj_2', 'relations': ['right of', 'below']}",green triangle,green diamond,green triangle,False,0.22236814799998683,relation_chain_failure,True
ood_shape_000044_q01,ood_shape_000044,images/ood_shape/ood_shape_000044.png,How many yellow objects are in the image?,2,counting,1,ood_shape,shape,{'filter': {'color': 'yellow'}},2,2,2,True,0.17030901599997605,,False
ood_shape_000044_q02,ood_shape_000044,images/ood_shape/ood_shape_000044.png,Do the yellow diamond and the blue hexagon overlap? Answer yes or no.,no,overlap,2,ood_shape,shape,"{'objects': ['obj_4', 'obj_1'], 'relation': 'overlap'}",no,no,no,True,0.17024761499999386,,False
ood_shape_000044_q03,ood_shape_000044,images/ood_shape/ood_shape_000044.png,Which object is the bottommost in the image?,yellow hexagon,relative_ordering,2,ood_shape,shape,"{'target': 'obj_5', 'relation': 'bottommost'}",triangle,yellow hexagon,triangle,False,0.16974221399999578,spatial_inversion,True
ood_shape_000044_q04,ood_shape_000044,images/ood_shape/ood_shape_000044.png,Which object is immediately below the blue star?,blue hexagon,above_below,2,ood_shape,shape,"{'anchor': 'obj_2', 'target': 'obj_1', 'relation': 'below'}",green triangle,blue hexagon,green triangle,False,0.21999398299999484,spatial_inversion,True
ood_shape_000045_q01,ood_shape_000045,images/ood_shape/ood_shape_000045.png,"Which object is smaller, the yellow star or the green hexagon?",yellow star,relative_size,2,ood_shape,shape,"{'objects': ['obj_3', 'obj_2'], 'target': 'obj_3', 'relation': 'smaller'}",yellow star,yellow star,yellow star,True,0.21699189000003116,,False
ood_shape_000045_q02,ood_shape_000045,images/ood_shape/ood_shape_000045.png,How many objects are above the green hexagon?,3,counting,2,ood_shape,shape,"{'anchor': 'obj_2', 'relation': 'above'}",2,3,2,False,0.16650426899997228,counting_error,True
ood_shape_000045_q03,ood_shape_000045,images/ood_shape/ood_shape_000045.png,Which object is immediately above the green star?,yellow diamond,above_below,2,ood_shape,shape,"{'anchor': 'obj_4', 'target': 'obj_1', 'relation': 'above'}",triangle,yellow diamond,triangle,False,0.1665131869999641,spatial_inversion,True
ood_shape_000045_q04,ood_shape_000045,images/ood_shape/ood_shape_000045.png,Which object is nearest from the yellow star?,yellow diamond,nearest_farthest,2,ood_shape,shape,"{'anchor': 'obj_3', 'target': 'obj_1', 'relation': 'nearest'}",yellow star,yellow diamond,yellow star,False,0.2160465890000296,distance_reasoning_error,True
ood_shape_000046_q01,ood_shape_000046,images/ood_shape/ood_shape_000046.png,"Which object is closer to the center of the image, the green star or the red diamond?",red diamond,center_proximity,2,ood_shape,shape,"{'objects': ['obj_2', 'obj_1'], 'target': 'obj_1', 'relation': 'center_proximity'}",red diamond,red diamond,red diamond,True,0.21779243800000359,,False
ood_shape_000046_q02,ood_shape_000046,images/ood_shape/ood_shape_000046.png,"Which object is smaller, the red diamond or the green star?",red diamond,relative_size,2,ood_shape,shape,"{'objects': ['obj_1', 'obj_2'], 'target': 'obj_1', 'relation': 'smaller'}",red diamond,red diamond,red diamond,True,0.219768466000005,,False
ood_shape_000046_q03,ood_shape_000046,images/ood_shape/ood_shape_000046.png,Do the red diamond and the blue diamond overlap? Answer yes or no.,no,overlap,2,ood_shape,shape,"{'objects': ['obj_1', 'obj_3'], 'relation': 'overlap'}",no,no,no,True,0.16747828000001164,,False
ood_shape_000046_q04,ood_shape_000046,images/ood_shape/ood_shape_000046.png,How many objects are left of the green star?,1,counting,2,ood_shape,shape,"{'anchor': 'obj_2', 'relation': 'left'}",1,1,1,True,0.16660874400002967,,False
ood_shape_000047_q01,ood_shape_000047,images/ood_shape/ood_shape_000047.png,"Which object is smaller, the yellow star or the green diamond?",green diamond,relative_size,2,ood_shape,shape,"{'objects': ['obj_1', 'obj_2'], 'target': 'obj_2', 'relation': 'smaller'}",yellow star,green diamond,yellow star,False,0.21500617700002067,object_confusion,True
ood_shape_000047_q02,ood_shape_000047,images/ood_shape/ood_shape_000047.png,Is the yellow diamond completely inside the green star? Answer yes or no.,no,inside_outside,2,ood_shape,shape,"{'objects': ['obj_3', 'obj_5'], 'relation': 'inside'}",no,no,no,True,0.1673614239999779,,False
ood_shape_000047_q03,ood_shape_000047,images/ood_shape/ood_shape_000047.png,Which object is farthest from the yellow star?,green hexagon,nearest_farthest,2,ood_shape,shape,"{'anchor': 'obj_1', 'target': 'obj_4', 'relation': 'farthest'}",green hexagon,green hexagon,green hexagon,True,0.26943528599997535,,False
ood_shape_000047_q04,ood_shape_000047,images/ood_shape/ood_shape_000047.png,Which object is immediately right of the green star?,green hexagon,left_right,2,ood_shape,shape,"{'anchor': 'obj_5', 'target': 'obj_4', 'relation': 'right'}",triangle,green hexagon,triangle,False,0.16600952199996755,spatial_inversion,True
ood_shape_000048_q01,ood_shape_000048,images/ood_shape/ood_shape_000048.png,"Which object is closer to the center of the image, the green hexagon or the yellow star?",green hexagon,center_proximity,2,ood_shape,shape,"{'objects': ['obj_4', 'obj_5'], 'target': 'obj_4', 'relation': 'center_proximity'}",green hexagon,green hexagon,green hexagon,True,0.26608704500000613,,False
ood_shape_000048_q02,ood_shape_000048,images/ood_shape/ood_shape_000048.png,Which object is farthest from the red star?,green diamond,nearest_farthest,2,ood_shape,shape,"{'anchor': 'obj_3', 'target': 'obj_1', 'relation': 'farthest'}",green triangle,green diamond,green triangle,False,0.21518553800001428,distance_reasoning_error,True
ood_shape_000048_q03,ood_shape_000048,images/ood_shape/ood_shape_000048.png,Which object is immediately below the blue hexagon?,green diamond,above_below,2,ood_shape,shape,"{'anchor': 'obj_2', 'target': 'obj_1', 'relation': 'below'}",green triangle,green diamond,green triangle,False,0.21819645099998297,spatial_inversion,True
ood_shape_000048_q04,ood_shape_000048,images/ood_shape/ood_shape_000048.png,Which object is between the green diamond and the red star?,blue hexagon,between,3,ood_shape,shape,"{'objects': ['obj_1', 'obj_3'], 'target': 'obj_2', 'relation': 'between'}",blue hexagon,blue hexagon,blue hexagon,True,0.2670660640000051,,False
ood_shape_000049_q01,ood_shape_000049,images/ood_shape/ood_shape_000049.png,"Which object is closer to the center of the image, the red diamond or the red star?",red star,center_proximity,2,ood_shape,shape,"{'objects': ['obj_2', 'obj_1'], 'target': 'obj_1', 'relation': 'center_proximity'}",red star,red star,red star,True,0.2159982929999842,,False
ood_shape_000049_q02,ood_shape_000049,images/ood_shape/ood_shape_000049.png,Which object is both below the red star and left of the green diamond?,green hexagon,multi_hop,4,ood_shape,shape,"{'anchors': ['obj_1', 'obj_4'], 'target': 'obj_3', 'relations': ['below', 'left of']}",green hexagon,green hexagon,green hexagon,True,0.2676452640000093,,False
ood_shape_000049_q03,ood_shape_000049,images/ood_shape/ood_shape_000049.png,Which object is farthest from the green hexagon?,red diamond,nearest_farthest,2,ood_shape,shape,"{'anchor': 'obj_3', 'target': 'obj_2', 'relation': 'farthest'}",red triangle,red diamond,red triangle,False,0.21967059799999333,distance_reasoning_error,True
ood_shape_000049_q04,ood_shape_000049,images/ood_shape/ood_shape_000049.png,Which object is the rightmost in the image?,green diamond,relative_ordering,2,ood_shape,shape,"{'target': 'obj_4', 'relation': 'rightmost'}",triangle,green diamond,triangle,False,0.16693550999997342,spatial_inversion,True
ood_palette_000000_q01,ood_palette_000000,images/ood_palette/ood_palette_000000.png,Which object is immediately below the purple rectangle?,cyan rectangle,above_below,2,ood_palette,palette,"{'anchor': 'obj_1', 'target': 'obj_2', 'relation': 'below'}",triangle,cyan rectangle,triangle,False,0.16781327600000395,spatial_inversion,True
ood_palette_000000_q02,ood_palette_000000,images/ood_palette/ood_palette_000000.png,"Which object is larger, the purple rectangle or the pink triangle?",purple rectangle,relative_size,2,ood_palette,palette,"{'objects': ['obj_1', 'obj_3'], 'target': 'obj_1', 'relation': 'larger'}",purple rectangle,purple rectangle,purple rectangle,True,0.21711351600004036,,False
ood_palette_000000_q03,ood_palette_000000,images/ood_palette/ood_palette_000000.png,Do the purple rectangle and the cyan rectangle overlap? Answer yes or no.,no,overlap,2,ood_palette,palette,"{'objects': ['obj_1', 'obj_2'], 'relation': 'overlap'}",no,no,no,True,0.16618122400001312,,False
ood_palette_000000_q04,ood_palette_000000,images/ood_palette/ood_palette_000000.png,How many cyan objects are in the image?,1,counting,1,ood_palette,palette,{'filter': {'color': 'cyan'}},1,1,1,True,0.16744791599995779,,False
ood_palette_000001_q01,ood_palette_000001,images/ood_palette/ood_palette_000001.png,Which object is between the pink triangle and the purple rectangle?,cyan rectangle,between,3,ood_palette,palette,"{'objects': ['obj_3', 'obj_4'], 'target': 'obj_2', 'relation': 'between'}",green rectangle,cyan rectangle,green rectangle,False,0.22154347100001814,object_confusion,True
ood_palette_000001_q02,ood_palette_000001,images/ood_palette/ood_palette_000001.png,Which object is both right of the cyan circle and above the purple rectangle?,pink triangle,multi_hop,4,ood_palette,palette,"{'anchors': ['obj_5', 'obj_4'], 'target': 'obj_3', 'relations': ['right of', 'above']}",triangle,pink triangle,triangle,False,0.16765479499997582,relation_chain_failure,True
ood_palette_000001_q03,ood_palette_000001,images/ood_palette/ood_palette_000001.png,Which object is the rightmost in the image?,pink triangle,relative_ordering,2,ood_palette,palette,"{'target': 'obj_3', 'relation': 'rightmost'}",triangle,pink triangle,triangle,False,0.16645161000002417,spatial_inversion,True
ood_palette_000001_q04,ood_palette_000001,images/ood_palette/ood_palette_000001.png,Is the pink triangle completely inside the pink rectangle? Answer yes or no.,no,inside_outside,2,ood_palette,palette,"{'objects': ['obj_3', 'obj_1'], 'relation': 'inside'}",no,no,no,True,0.16644379699999945,,False
ood_palette_000002_q01,ood_palette_000002,images/ood_palette/ood_palette_000002.png,Which object is between the pink circle and the cyan triangle?,pink triangle,between,3,ood_palette,palette,"{'objects': ['obj_3', 'obj_2'], 'target': 'obj_4', 'relation': 'between'}",triangle,pink triangle,triangle,False,0.16492811599999868,object_confusion,True
ood_palette_000002_q02,ood_palette_000002,images/ood_palette/ood_palette_000002.png,Which object is both below the cyan triangle and left of the pink triangle?,orange rectangle,multi_hop,4,ood_palette,palette,"{'anchors': ['obj_2', 'obj_4'], 'target': 'obj_1', 'relations': ['below', 'left of']}",orange square,orange rectangle,orange square,False,0.21859859500000312,relation_chain_failure,True
ood_palette_000002_q03,ood_palette_000002,images/ood_palette/ood_palette_000002.png,"Which object is closer to the center of the image, the orange rectangle or the pink circle?",orange rectangle,center_proximity,2,ood_palette,palette,"{'objects': ['obj_1', 'obj_3'], 'target': 'obj_1', 'relation': 'center_proximity'}",pink circle,orange rectangle,pink circle,False,0.21690754599995898,distance_reasoning_error,True
ood_palette_000002_q04,ood_palette_000002,images/ood_palette/ood_palette_000002.png,Which object is immediately below the cyan triangle?,pink triangle,above_below,2,ood_palette,palette,"{'anchor': 'obj_2', 'target': 'obj_4', 'relation': 'below'}",red triangle,pink triangle,red triangle,False,0.2155584299999873,spatial_inversion,True
ood_palette_000003_q01,ood_palette_000003,images/ood_palette/ood_palette_000003.png,"Which object is closer to the center of the image, the purple circle or the purple rectangle?",purple circle,center_proximity,2,ood_palette,palette,"{'objects': ['obj_4', 'obj_5'], 'target': 'obj_4', 'relation': 'center_proximity'}",purple rectangle,purple circle,purple rectangle,False,0.2155307550000316,distance_reasoning_error,True
ood_palette_000003_q02,ood_palette_000003,images/ood_palette/ood_palette_000003.png,Is the orange rectangle completely inside the orange triangle? Answer yes or no.,no,inside_outside,2,ood_palette,palette,"{'objects': ['obj_2', 'obj_3'], 'relation': 'inside'}",no,no,no,True,0.16532462100002476,,False
ood_palette_000003_q03,ood_palette_000003,images/ood_palette/ood_palette_000003.png,Which object is between the purple rectangle and the orange triangle?,orange circle,between,3,ood_palette,palette,"{'objects': ['obj_5', 'obj_3'], 'target': 'obj_1', 'relation': 'between'}",orange circle,orange circle,orange circle,True,0.21640357799998355,,False
ood_palette_000003_q04,ood_palette_000003,images/ood_palette/ood_palette_000003.png,How many objects are left of the orange rectangle?,2,counting,2,ood_palette,palette,"{'anchor': 'obj_2', 'relation': 'left'}",2,2,2,True,0.16714339899999686,,False
ood_palette_000004_q01,ood_palette_000004,images/ood_palette/ood_palette_000004.png,Which object is immediately right of the purple triangle?,purple circle,left_right,2,ood_palette,palette,"{'anchor': 'obj_3', 'target': 'obj_2', 'relation': 'right'}",circle,purple circle,circle,False,0.16683059700000058,spatial_inversion,True
ood_palette_000004_q02,ood_palette_000004,images/ood_palette/ood_palette_000004.png,"Which object is smaller, the purple rectangle or the purple circle?",purple rectangle,relative_size,2,ood_palette,palette,"{'objects': ['obj_1', 'obj_2'], 'target': 'obj_1', 'relation': 'smaller'}",purple rectangle,purple rectangle,purple rectangle,True,0.21603243399999883,,False
ood_palette_000004_q03,ood_palette_000004,images/ood_palette/ood_palette_000004.png,Which object is both above the purple triangle and left of the purple circle?,purple rectangle,multi_hop,4,ood_palette,palette,"{'anchors': ['obj_3', 'obj_2'], 'target': 'obj_1', 'relations': ['above', 'left of']}",square,purple rectangle,square,False,0.16581103999999414,relation_chain_failure,True
ood_palette_000004_q04,ood_palette_000004,images/ood_palette/ood_palette_000004.png,Which object is the leftmost in the image?,purple rectangle,relative_ordering,2,ood_palette,palette,"{'target': 'obj_1', 'relation': 'leftmost'}",rectangle,purple rectangle,rectangle,False,0.16598399000002928,spatial_inversion,True
ood_palette_000005_q01,ood_palette_000005,images/ood_palette/ood_palette_000005.png,Which object is immediately left of the cyan circle?,pink circle,left_right,2,ood_palette,palette,"{'anchor': 'obj_1', 'target': 'obj_3', 'relation': 'left'}",red circle,pink circle,red circle,False,0.2164405169999668,spatial_inversion,True
ood_palette_000005_q02,ood_palette_000005,images/ood_palette/ood_palette_000005.png,Which object is both below the orange rectangle and right of the pink circle?,cyan circle,multi_hop,4,ood_palette,palette,"{'anchors': ['obj_2', 'obj_3'], 'target': 'obj_1', 'relations': ['below', 'right of']}",blue circle,cyan circle,blue circle,False,0.21503958900001408,relation_chain_failure,True
ood_palette_000005_q03,ood_palette_000005,images/ood_palette/ood_palette_000005.png,Do the pink circle and the cyan circle overlap? Answer yes or no.,no,overlap,2,ood_palette,palette,"{'objects': ['obj_3', 'obj_1'], 'relation': 'overlap'}",no,no,no,True,0.16520981999997275,,False
ood_palette_000005_q04,ood_palette_000005,images/ood_palette/ood_palette_000005.png,Which object is immediately above the orange rectangle?,pink circle,above_below,2,ood_palette,palette,"{'anchor': 'obj_2', 'target': 'obj_3', 'relation': 'above'}",circle,pink circle,circle,False,0.1649294599999962,spatial_inversion,True
ood_palette_000006_q01,ood_palette_000006,images/ood_palette/ood_palette_000006.png,"Which object is closer to the center of the image, the pink rectangle or the cyan rectangle?",pink rectangle,center_proximity,2,ood_palette,palette,"{'objects': ['obj_1', 'obj_2'], 'target': 'obj_1', 'relation': 'center_proximity'}",pink rectangle,pink rectangle,pink rectangle,True,0.21454092100003663,,False
ood_palette_000006_q02,ood_palette_000006,images/ood_palette/ood_palette_000006.png,Which object is both left of the purple triangle and below the pink rectangle?,orange rectangle,multi_hop,4,ood_palette,palette,"{'anchors': ['obj_4', 'obj_1'], 'target': 'obj_3', 'relations': ['left of', 'below']}",orange rectangle,orange rectangle,orange rectangle,True,0.21498714599999857,,False
ood_palette_000006_q03,ood_palette_000006,images/ood_palette/ood_palette_000006.png,Which object is immediately below the purple triangle?,orange rectangle,above_below,2,ood_palette,palette,"{'anchor': 'obj_4', 'target': 'obj_3', 'relation': 'below'}",square,orange rectangle,square,False,0.1654120970000008,spatial_inversion,True
ood_palette_000006_q04,ood_palette_000006,images/ood_palette/ood_palette_000006.png,Which object is immediately left of the pink rectangle?,purple triangle,left_right,2,ood_palette,palette,"{'anchor': 'obj_1', 'target': 'obj_4', 'relation': 'left'}",orange rectangle,purple triangle,orange rectangle,False,0.21546195399997714,spatial_inversion,True
ood_palette_000007_q01,ood_palette_000007,images/ood_palette/ood_palette_000007.png,Which object is both left of the purple triangle and above the orange circle?,cyan circle,multi_hop,4,ood_palette,palette,"{'anchors': ['obj_3', 'obj_1'], 'target': 'obj_2', 'relations': ['left of', 'above']}",teal circle,cyan circle,teal circle,False,0.2696221300000161,relation_chain_failure,True
ood_palette_000007_q02,ood_palette_000007,images/ood_palette/ood_palette_000007.png,Which object is the topmost in the image?,purple triangle,relative_ordering,2,ood_palette,palette,"{'target': 'obj_3', 'relation': 'topmost'}",triangle,purple triangle,triangle,False,0.17217230900001823,spatial_inversion,True
ood_palette_000007_q03,ood_palette_000007,images/ood_palette/ood_palette_000007.png,"Which object is smaller, the purple triangle or the cyan circle?",cyan circle,relative_size,2,ood_palette,palette,"{'objects': ['obj_3', 'obj_2'], 'target': 'obj_2', 'relation': 'smaller'}",purple triangle,cyan circle,purple triangle,False,0.21746125599997868,object_confusion,True
ood_palette_000007_q04,ood_palette_000007,images/ood_palette/ood_palette_000007.png,Which object is nearest from the purple triangle?,cyan circle,nearest_farthest,2,ood_palette,palette,"{'anchor': 'obj_3', 'target': 'obj_2', 'relation': 'nearest'}",orange circle,cyan circle,orange circle,False,0.2180529250000518,distance_reasoning_error,True
ood_palette_000008_q01,ood_palette_000008,images/ood_palette/ood_palette_000008.png,Do the pink circle and the cyan rectangle overlap? Answer yes or no.,no,overlap,2,ood_palette,palette,"{'objects': ['obj_3', 'obj_2'], 'relation': 'overlap'}",no,no,no,True,0.16765593799999579,,False
ood_palette_000008_q02,ood_palette_000008,images/ood_palette/ood_palette_000008.png,Which object is both left of the cyan rectangle and above the orange rectangle?,pink circle,multi_hop,4,ood_palette,palette,"{'anchors': ['obj_2', 'obj_1'], 'target': 'obj_3', 'relations': ['left of', 'above']}",red circle,pink circle,red circle,False,0.2256064620000302,relation_chain_failure,True
ood_palette_000008_q03,ood_palette_000008,images/ood_palette/ood_palette_000008.png,How many pink objects are in the image?,1,counting,1,ood_palette,palette,{'filter': {'color': 'pink'}},1,1,1,True,0.16823422100003427,,False
ood_palette_000008_q04,ood_palette_000008,images/ood_palette/ood_palette_000008.png,"Which object is closer to the center of the image, the cyan rectangle or the pink circle?",cyan rectangle,center_proximity,2,ood_palette,palette,"{'objects': ['obj_2', 'obj_3'], 'target': 'obj_2', 'relation': 'center_proximity'}",pink circle,cyan rectangle,pink circle,False,0.23056881600001589,distance_reasoning_error,True
ood_palette_000009_q01,ood_palette_000009,images/ood_palette/ood_palette_000009.png,Which object is the rightmost in the image?,purple rectangle,relative_ordering,2,ood_palette,palette,"{'target': 'obj_3', 'relation': 'rightmost'}",square,purple rectangle,square,False,0.16792416399999865,spatial_inversion,True
ood_palette_000009_q02,ood_palette_000009,images/ood_palette/ood_palette_000009.png,Is the purple triangle completely inside the purple rectangle? Answer yes or no.,no,inside_outside,2,ood_palette,palette,"{'objects': ['obj_2', 'obj_3'], 'relation': 'inside'}",no,no,no,True,0.16822549799996978,,False
ood_palette_000009_q03,ood_palette_000009,images/ood_palette/ood_palette_000009.png,"Which object is closer to the center of the image, the purple triangle or the purple rectangle?",purple rectangle,center_proximity,2,ood_palette,palette,"{'objects': ['obj_2', 'obj_3'], 'target': 'obj_3', 'relation': 'center_proximity'}",purple triangle,purple rectangle,purple triangle,False,0.21526648399998294,distance_reasoning_error,True
ood_palette_000009_q04,ood_palette_000009,images/ood_palette/ood_palette_000009.png,Do the cyan triangle and the purple triangle overlap? Answer yes or no.,no,overlap,2,ood_palette,palette,"{'objects': ['obj_1', 'obj_2'], 'relation': 'overlap'}",no,no,no,True,0.16497697599999128,,False
ood_palette_000010_q01,ood_palette_000010,images/ood_palette/ood_palette_000010.png,Which object is between the cyan circle and the purple triangle?,purple rectangle,between,3,ood_palette,palette,"{'objects': ['obj_2', 'obj_3'], 'target': 'obj_1', 'relation': 'between'}",square,purple rectangle,square,False,0.1683589270000425,other,True
ood_palette_000010_q02,ood_palette_000010,images/ood_palette/ood_palette_000010.png,Which object is both left of the purple rectangle and above the pink triangle?,purple triangle,multi_hop,4,ood_palette,palette,"{'anchors': ['obj_1', 'obj_4'], 'target': 'obj_3', 'relations': ['left of', 'above']}",triangle,purple triangle,triangle,False,0.16572266399998625,relation_chain_failure,True
ood_palette_000010_q03,ood_palette_000010,images/ood_palette/ood_palette_000010.png,Which object is the bottommost in the image?,pink triangle,relative_ordering,2,ood_palette,palette,"{'target': 'obj_4', 'relation': 'bottommost'}",circle,pink triangle,circle,False,0.16553124500001104,spatial_inversion,True
ood_palette_000010_q04,ood_palette_000010,images/ood_palette/ood_palette_000010.png,"Which object is smaller, the cyan triangle or the cyan circle?",cyan triangle,relative_size,2,ood_palette,palette,"{'objects': ['obj_5', 'obj_2'], 'target': 'obj_5', 'relation': 'smaller'}",cyan triangle,cyan triangle,cyan triangle,True,0.21723155800003724,,False
ood_palette_000011_q01,ood_palette_000011,images/ood_palette/ood_palette_000011.png,Which object is between the orange rectangle and the pink circle?,purple rectangle,between,3,ood_palette,palette,"{'objects': ['obj_2', 'obj_1'], 'target': 'obj_4', 'relation': 'between'}",blue circle,purple rectangle,blue circle,False,0.21814620699996112,object_confusion,True
ood_palette_000011_q02,ood_palette_000011,images/ood_palette/ood_palette_000011.png,"Which object is closer to the center of the image, the purple rectangle or the orange rectangle?",purple rectangle,center_proximity,2,ood_palette,palette,"{'objects': ['obj_4', 'obj_2'], 'target': 'obj_4', 'relation': 'center_proximity'}",purple rectangle,purple rectangle,purple rectangle,True,0.21480794699999706,,False
ood_palette_000011_q03,ood_palette_000011,images/ood_palette/ood_palette_000011.png,Which object is immediately below the pink circle?,purple rectangle,above_below,2,ood_palette,palette,"{'anchor': 'obj_1', 'target': 'obj_4', 'relation': 'below'}",rectangle,purple rectangle,rectangle,False,0.16593768299998146,spatial_inversion,True
ood_palette_000011_q04,ood_palette_000011,images/ood_palette/ood_palette_000011.png,Is the orange rectangle completely inside the purple rectangle? Answer yes or no.,no,inside_outside,2,ood_palette,palette,"{'objects': ['obj_2', 'obj_4'], 'relation': 'inside'}",no,no,no,True,0.16658806099997037,,False
ood_palette_000012_q01,ood_palette_000012,images/ood_palette/ood_palette_000012.png,Which object is immediately above the orange circle?,pink triangle,above_below,2,ood_palette,palette,"{'anchor': 'obj_2', 'target': 'obj_1', 'relation': 'above'}",blue square,pink triangle,blue square,False,0.21550675200001024,spatial_inversion,True
ood_palette_000012_q02,ood_palette_000012,images/ood_palette/ood_palette_000012.png,"Which object is closer to the center of the image, the orange rectangle or the cyan rectangle?",cyan rectangle,center_proximity,2,ood_palette,palette,"{'objects': ['obj_4', 'obj_5'], 'target': 'obj_5', 'relation': 'center_proximity'}",orange rectangle,cyan rectangle,orange rectangle,False,0.21537431699999843,distance_reasoning_error,True
ood_palette_000012_q03,ood_palette_000012,images/ood_palette/ood_palette_000012.png,Is the orange circle completely inside the purple triangle? Answer yes or no.,no,inside_outside,2,ood_palette,palette,"{'objects': ['obj_2', 'obj_3'], 'relation': 'inside'}",no,no,no,True,0.1653848299999936,,False
ood_palette_000012_q04,ood_palette_000012,images/ood_palette/ood_palette_000012.png,Which object is between the pink triangle and the orange rectangle?,cyan rectangle,between,3,ood_palette,palette,"{'objects': ['obj_1', 'obj_4'], 'target': 'obj_5', 'relation': 'between'}",orange circle,cyan rectangle,orange circle,False,0.2163555480000241,object_confusion,True
ood_palette_000013_q01,ood_palette_000013,images/ood_palette/ood_palette_000013.png,Which object is immediately left of the cyan circle?,pink rectangle,left_right,2,ood_palette,palette,"{'anchor': 'obj_3', 'target': 'obj_4', 'relation': 'left'}",square,pink rectangle,square,False,0.16628450500002145,spatial_inversion,True
ood_palette_000013_q02,ood_palette_000013,images/ood_palette/ood_palette_000013.png,"Which object is smaller, the pink rectangle or the cyan circle?",cyan circle,relative_size,2,ood_palette,palette,"{'objects': ['obj_4', 'obj_3'], 'target': 'obj_3', 'relation': 'smaller'}",cyan circle,cyan circle,cyan circle,True,0.2169653070000095,,False
ood_palette_000013_q03,ood_palette_000013,images/ood_palette/ood_palette_000013.png,Which object is both below the cyan rectangle and above the cyan circle?,purple triangle,multi_hop,4,ood_palette,palette,"{'anchors': ['obj_2', 'obj_3'], 'target': 'obj_1', 'relations': ['below', 'above']}",triangle,purple triangle,triangle,False,0.16511996000002682,relation_chain_failure,True
ood_palette_000013_q04,ood_palette_000013,images/ood_palette/ood_palette_000013.png,Which object is the bottommost in the image?,pink rectangle,relative_ordering,2,ood_palette,palette,"{'target': 'obj_4', 'relation': 'bottommost'}",triangle,pink rectangle,triangle,False,0.165397181000003,spatial_inversion,True
ood_palette_000014_q01,ood_palette_000014,images/ood_palette/ood_palette_000014.png,Which object is immediately left of the orange rectangle?,pink triangle,left_right,2,ood_palette,palette,"{'anchor': 'obj_1', 'target': 'obj_5', 'relation': 'left'}",triangle,pink triangle,triangle,False,0.1653948790000186,spatial_inversion,True
ood_palette_000014_q02,ood_palette_000014,images/ood_palette/ood_palette_000014.png,Which object is both above the orange rectangle and right of the pink rectangle?,cyan rectangle,multi_hop,4,ood_palette,palette,"{'anchors': ['obj_1', 'obj_3'], 'target': 'obj_2', 'relations': ['above', 'right of']}",teal rectangle,cyan rectangle,teal rectangle,False,0.2673633299999665,relation_chain_failure,True
ood_palette_000014_q03,ood_palette_000014,images/ood_palette/ood_palette_000014.png,Do the pink triangle and the pink rectangle overlap? Answer yes or no.,no,overlap,2,ood_palette,palette,"{'objects': ['obj_5', 'obj_3'], 'relation': 'overlap'}",no,no,no,True,0.16567719500000067,,False
ood_palette_000014_q04,ood_palette_000014,images/ood_palette/ood_palette_000014.png,Which object is immediately below the pink rectangle?,orange rectangle,above_below,2,ood_palette,palette,"{'anchor': 'obj_3', 'target': 'obj_1', 'relation': 'below'}",orange rectangle,orange rectangle,orange rectangle,True,0.2149546719999762,,False
ood_palette_000015_q01,ood_palette_000015,images/ood_palette/ood_palette_000015.png,"Which object is closer to the center of the image, the orange rectangle or the purple rectangle?",purple rectangle,center_proximity,2,ood_palette,palette,"{'objects': ['obj_1', 'obj_3'], 'target': 'obj_3', 'relation': 'center_proximity'}",purple rectangle,purple rectangle,purple rectangle,True,0.2169375940000009,,False
ood_palette_000015_q02,ood_palette_000015,images/ood_palette/ood_palette_000015.png,Which object is both below the cyan rectangle and right of the purple rectangle?,orange rectangle,multi_hop,4,ood_palette,palette,"{'anchors': ['obj_5', 'obj_3'], 'target': 'obj_1', 'relations': ['below', 'right of']}",orange rectangle,orange rectangle,orange rectangle,True,0.21903581800000893,,False
ood_palette_000015_q03,ood_palette_000015,images/ood_palette/ood_palette_000015.png,Which object is immediately above the cyan rectangle?,purple circle,above_below,2,ood_palette,palette,"{'anchor': 'obj_5', 'target': 'obj_2', 'relation': 'above'}",purple rectangle,purple circle,purple rectangle,False,0.21745036500004744,spatial_inversion,True
ood_palette_000015_q04,ood_palette_000015,images/ood_palette/ood_palette_000015.png,Which object is immediately left of the pink circle?,orange rectangle,left_right,2,ood_palette,palette,"{'anchor': 'obj_4', 'target': 'obj_1', 'relation': 'left'}",rectangle,orange rectangle,rectangle,False,0.16622643699997752,spatial_inversion,True
ood_palette_000016_q01,ood_palette_000016,images/ood_palette/ood_palette_000016.png,Which object is between the pink rectangle and the pink circle?,orange circle,between,3,ood_palette,palette,"{'objects': ['obj_5', 'obj_3'], 'target': 'obj_1', 'relation': 'between'}",rectangle,orange circle,rectangle,False,0.16587684099999933,object_confusion,True
ood_palette_000016_q02,ood_palette_000016,images/ood_palette/ood_palette_000016.png,Which object is both left of the pink rectangle and below the orange circle?,pink circle,multi_hop,4,ood_palette,palette,"{'anchors': ['obj_5', 'obj_1'], 'target': 'obj_3', 'relations': ['left of', 'below']}",orange rectangle,pink circle,orange rectangle,False,0.21634253500002387,relation_chain_failure,True
ood_palette_000016_q03,ood_palette_000016,images/ood_palette/ood_palette_000016.png,Which object is immediately left of the pink rectangle?,orange circle,left_right,2,ood_palette,palette,"{'anchor': 'obj_5', 'target': 'obj_1', 'relation': 'left'}",orange rectangle,orange circle,orange rectangle,False,0.21459572200001276,spatial_inversion,True
ood_palette_000016_q04,ood_palette_000016,images/ood_palette/ood_palette_000016.png,Which object is the bottommost in the image?,pink circle,relative_ordering,2,ood_palette,palette,"{'target': 'obj_3', 'relation': 'bottommost'}",circle,pink circle,circle,False,0.16654038199999377,spatial_inversion,True
ood_palette_000017_q01,ood_palette_000017,images/ood_palette/ood_palette_000017.png,Do the cyan triangle and the orange circle overlap? Answer yes or no.,no,overlap,2,ood_palette,palette,"{'objects': ['obj_5', 'obj_3'], 'relation': 'overlap'}",no,no,no,True,0.1662888039999757,,False
ood_palette_000017_q02,ood_palette_000017,images/ood_palette/ood_palette_000017.png,Which object is both below the pink triangle and above the purple rectangle?,orange circle,multi_hop,4,ood_palette,palette,"{'anchors': ['obj_2', 'obj_4'], 'target': 'obj_3', 'relations': ['below', 'above']}",green triangle,orange circle,green triangle,False,0.21588912599997911,relation_chain_failure,True
ood_palette_000017_q03,ood_palette_000017,images/ood_palette/ood_palette_000017.png,How many rectangle objects are in the image?,2,counting,1,ood_palette,palette,{'filter': {'shape': 'rectangle'}},2,2,2,True,0.165319506000003,,False
ood_palette_000017_q04,ood_palette_000017,images/ood_palette/ood_palette_000017.png,"Which object is closer to the center of the image, the orange circle or the cyan triangle?",orange circle,center_proximity,2,ood_palette,palette,"{'objects': ['obj_3', 'obj_5'], 'target': 'obj_3', 'relation': 'center_proximity'}",orange circle,orange circle,orange circle,True,0.21600151900003084,,False
ood_palette_000018_q01,ood_palette_000018,images/ood_palette/ood_palette_000018.png,Which object is the rightmost in the image?,cyan circle,relative_ordering,2,ood_palette,palette,"{'target': 'obj_2', 'relation': 'rightmost'}",triangle,cyan circle,triangle,False,0.16563555900000893,spatial_inversion,True
ood_palette_000018_q02,ood_palette_000018,images/ood_palette/ood_palette_000018.png,Which object is immediately right of the orange circle?,cyan rectangle,left_right,2,ood_palette,palette,"{'anchor': 'obj_3', 'target': 'obj_1', 'relation': 'right'}",triangle,cyan rectangle,triangle,False,0.16688995599997725,spatial_inversion,True
ood_palette_000018_q03,ood_palette_000018,images/ood_palette/ood_palette_000018.png,Is the cyan triangle completely inside the cyan circle? Answer yes or no.,no,inside_outside,2,ood_palette,palette,"{'objects': ['obj_4', 'obj_2'], 'relation': 'inside'}",no,no,no,True,0.1662222090000114,,False
ood_palette_000018_q04,ood_palette_000018,images/ood_palette/ood_palette_000018.png,Which object is immediately below the orange circle?,cyan circle,above_below,2,ood_palette,palette,"{'anchor': 'obj_3', 'target': 'obj_2', 'relation': 'below'}",triangle,cyan circle,triangle,False,0.166349356000012,spatial_inversion,True
ood_palette_000019_q01,ood_palette_000019,images/ood_palette/ood_palette_000019.png,Which object is both left of the purple rectangle and above the pink rectangle?,orange circle,multi_hop,4,ood_palette,palette,"{'anchors': ['obj_3', 'obj_2'], 'target': 'obj_4', 'relations': ['left of', 'above']}",orange circle,orange circle,orange circle,True,0.2152659440000093,,False
ood_palette_000019_q02,ood_palette_000019,images/ood_palette/ood_palette_000019.png,Which object is nearest from the orange rectangle?,pink rectangle,nearest_farthest,2,ood_palette,palette,"{'anchor': 'obj_1', 'target': 'obj_2', 'relation': 'nearest'}",orange rectangle,pink rectangle,orange rectangle,False,0.21614834799999016,distance_reasoning_error,True
ood_palette_000019_q03,ood_palette_000019,images/ood_palette/ood_palette_000019.png,Which object is between the pink rectangle and the orange circle?,purple rectangle,between,3,ood_palette,palette,"{'objects': ['obj_2', 'obj_4'], 'target': 'obj_3', 'relation': 'between'}",orange rectangle,purple rectangle,orange rectangle,False,0.2165208019999909,object_confusion,True
ood_palette_000019_q04,ood_palette_000019,images/ood_palette/ood_palette_000019.png,Which object is immediately left of the pink rectangle?,purple rectangle,left_right,2,ood_palette,palette,"{'anchor': 'obj_2', 'target': 'obj_3', 'relation': 'left'}",orange rectangle,purple rectangle,orange rectangle,False,0.21591698100002077,spatial_inversion,True
ood_palette_000020_q01,ood_palette_000020,images/ood_palette/ood_palette_000020.png,Which object is between the pink triangle and the purple circle?,orange triangle,between,3,ood_palette,palette,"{'objects': ['obj_2', 'obj_1'], 'target': 'obj_3', 'relation': 'between'}",orange triangle,orange triangle,orange triangle,True,0.21616889400002037,,False
ood_palette_000020_q02,ood_palette_000020,images/ood_palette/ood_palette_000020.png,Which object is both above the pink triangle and right of the orange triangle?,purple circle,multi_hop,4,ood_palette,palette,"{'anchors': ['obj_2', 'obj_3'], 'target': 'obj_1', 'relations': ['above', 'right of']}",purple circle,purple circle,purple circle,True,0.21604141299997082,,False
ood_palette_000020_q03,ood_palette_000020,images/ood_palette/ood_palette_000020.png,"Which object is closer to the center of the image, the pink triangle or the orange triangle?",orange triangle,center_proximity,2,ood_palette,palette,"{'objects': ['obj_2', 'obj_3'], 'target': 'obj_3', 'relation': 'center_proximity'}",pink triangle,orange triangle,pink triangle,False,0.2160474640000416,distance_reasoning_error,True
ood_palette_000020_q04,ood_palette_000020,images/ood_palette/ood_palette_000020.png,Is the orange triangle completely inside the purple circle? Answer yes or no.,no,inside_outside,2,ood_palette,palette,"{'objects': ['obj_3', 'obj_1'], 'relation': 'inside'}",no,no,no,True,0.16721359900003563,,False
ood_palette_000021_q01,ood_palette_000021,images/ood_palette/ood_palette_000021.png,Which object is immediately above the orange circle?,pink circle,above_below,2,ood_palette,palette,"{'anchor': 'obj_2', 'target': 'obj_4', 'relation': 'above'}",pink circle,pink circle,pink circle,True,0.21528386100004582,,False
ood_palette_000021_q02,ood_palette_000021,images/ood_palette/ood_palette_000021.png,"Which object is closer to the center of the image, the pink circle or the orange circle?",orange circle,center_proximity,2,ood_palette,palette,"{'objects': ['obj_4', 'obj_2'], 'target': 'obj_2', 'relation': 'center_proximity'}",orange circle,orange circle,orange circle,True,0.2160169140000221,,False
ood_palette_000021_q03,ood_palette_000021,images/ood_palette/ood_palette_000021.png,Is the orange circle completely inside the purple rectangle? Answer yes or no.,no,inside_outside,2,ood_palette,palette,"{'objects': ['obj_2', 'obj_3'], 'relation': 'inside'}",no,no,no,True,0.16522809500003177,,False
ood_palette_000021_q04,ood_palette_000021,images/ood_palette/ood_palette_000021.png,Which object is between the purple triangle and the pink circle?,orange circle,between,3,ood_palette,palette,"{'objects': ['obj_1', 'obj_4'], 'target': 'obj_2', 'relation': 'between'}",orange circle,orange circle,orange circle,True,0.21522232199998825,,False
ood_palette_000022_q01,ood_palette_000022,images/ood_palette/ood_palette_000022.png,"Which object is smaller, the cyan triangle or the purple rectangle?",cyan triangle,relative_size,2,ood_palette,palette,"{'objects': ['obj_1', 'obj_2'], 'target': 'obj_1', 'relation': 'smaller'}",cyan triangle,cyan triangle,cyan triangle,True,0.22241557899997133,,False
ood_palette_000022_q02,ood_palette_000022,images/ood_palette/ood_palette_000022.png,Which object is both above the purple triangle and left of the purple rectangle?,cyan triangle,multi_hop,4,ood_palette,palette,"{'anchors': ['obj_3', 'obj_2'], 'target': 'obj_1', 'relations': ['above', 'left of']}",green triangle,cyan triangle,green triangle,False,0.21798427400000264,relation_chain_failure,True
ood_palette_000022_q03,ood_palette_000022,images/ood_palette/ood_palette_000022.png,Which object is the leftmost in the image?,cyan triangle,relative_ordering,2,ood_palette,palette,"{'target': 'obj_1', 'relation': 'leftmost'}",triangle,cyan triangle,triangle,False,0.16683406799995737,spatial_inversion,True
ood_palette_000022_q04,ood_palette_000022,images/ood_palette/ood_palette_000022.png,How many rectangle objects are in the image?,1,counting,1,ood_palette,palette,{'filter': {'shape': 'rectangle'}},2,1,2,False,0.1666157969999631,counting_error,True
ood_palette_000023_q01,ood_palette_000023,images/ood_palette/ood_palette_000023.png,Which object is immediately left of the pink circle?,pink triangle,left_right,2,ood_palette,palette,"{'anchor': 'obj_1', 'target': 'obj_5', 'relation': 'left'}",orange square,pink triangle,orange square,False,0.2152795430000083,spatial_inversion,True
ood_palette_000023_q02,ood_palette_000023,images/ood_palette/ood_palette_000023.png,Which object is both above the pink circle and right of the orange rectangle?,pink triangle,multi_hop,4,ood_palette,palette,"{'anchors': ['obj_1', 'obj_3'], 'target': 'obj_5', 'relations': ['above', 'right of']}",triangle,pink triangle,triangle,False,0.16927875999999742,relation_chain_failure,True
ood_palette_000023_q03,ood_palette_000023,images/ood_palette/ood_palette_000023.png,Do the pink triangle and the orange rectangle overlap? Answer yes or no.,no,overlap,2,ood_palette,palette,"{'objects': ['obj_5', 'obj_3'], 'relation': 'overlap'}",no,no,no,True,0.16731589200003327,,False
ood_palette_000023_q04,ood_palette_000023,images/ood_palette/ood_palette_000023.png,Which object is immediately below the orange rectangle?,orange circle,above_below,2,ood_palette,palette,"{'anchor': 'obj_3', 'target': 'obj_2', 'relation': 'below'}",circle,orange circle,circle,False,0.17008305699999937,spatial_inversion,True
ood_palette_000024_q01,ood_palette_000024,images/ood_palette/ood_palette_000024.png,Which object is both above the orange triangle and left of the purple circle?,purple rectangle,multi_hop,4,ood_palette,palette,"{'anchors': ['obj_1', 'obj_3'], 'target': 'obj_2', 'relations': ['above', 'left of']}",square,purple rectangle,square,False,0.1682798109999908,relation_chain_failure,True
ood_palette_000024_q02,ood_palette_000024,images/ood_palette/ood_palette_000024.png,Which object is immediately above the orange triangle?,purple rectangle,above_below,2,ood_palette,palette,"{'anchor': 'obj_1', 'target': 'obj_2', 'relation': 'above'}",circle,purple rectangle,circle,False,0.16718686100000468,spatial_inversion,True
ood_palette_000024_q03,ood_palette_000024,images/ood_palette/ood_palette_000024.png,Is the orange triangle completely inside the purple circle? Answer yes or no.,no,inside_outside,2,ood_palette,palette,"{'objects': ['obj_1', 'obj_3'], 'relation': 'inside'}",no,no,no,True,0.1652021129999639,,False
ood_palette_000024_q04,ood_palette_000024,images/ood_palette/ood_palette_000024.png,Which object is the bottommost in the image?,orange triangle,relative_ordering,2,ood_palette,palette,"{'target': 'obj_1', 'relation': 'bottommost'}",triangle,orange triangle,triangle,False,0.1662042779999524,spatial_inversion,True
ood_palette_000025_q01,ood_palette_000025,images/ood_palette/ood_palette_000025.png,Which object is between the pink triangle and the pink circle?,purple circle,between,3,ood_palette,palette,"{'objects': ['obj_5', 'obj_4'], 'target': 'obj_2', 'relation': 'between'}",purple circle,purple circle,purple circle,True,0.21454055199995992,,False
ood_palette_000025_q02,ood_palette_000025,images/ood_palette/ood_palette_000025.png,Which object is both above the pink triangle and left of the pink circle?,cyan triangle,multi_hop,4,ood_palette,palette,"{'anchors': ['obj_5', 'obj_4'], 'target': 'obj_1', 'relations': ['above', 'left of']}",triangle,cyan triangle,triangle,False,0.16699912699999686,relation_chain_failure,True
ood_palette_000025_q03,ood_palette_000025,images/ood_palette/ood_palette_000025.png,Which object is the bottommost in the image?,pink triangle,relative_ordering,2,ood_palette,palette,"{'target': 'obj_5', 'relation': 'bottommost'}",triangle,pink triangle,triangle,False,0.16583897300000672,spatial_inversion,True
ood_palette_000025_q04,ood_palette_000025,images/ood_palette/ood_palette_000025.png,"Which object is smaller, the purple circle or the cyan rectangle?",cyan rectangle,relative_size,2,ood_palette,palette,"{'objects': ['obj_2', 'obj_3'], 'target': 'obj_3', 'relation': 'smaller'}",purple circle,cyan rectangle,purple circle,False,0.21641499300000078,object_confusion,True
ood_palette_000026_q01,ood_palette_000026,images/ood_palette/ood_palette_000026.png,Do the orange rectangle and the orange triangle overlap? Answer yes or no.,no,overlap,2,ood_palette,palette,"{'objects': ['obj_3', 'obj_2'], 'relation': 'overlap'}",no,no,no,True,0.16652860199997122,,False
ood_palette_000026_q02,ood_palette_000026,images/ood_palette/ood_palette_000026.png,Which object is both right of the orange rectangle and below the orange circle?,orange triangle,multi_hop,4,ood_palette,palette,"{'anchors': ['obj_3', 'obj_1'], 'target': 'obj_2', 'relations': ['right of', 'below']}",triangle,orange triangle,triangle,False,0.16636141099996848,relation_chain_failure,True
ood_palette_000026_q03,ood_palette_000026,images/ood_palette/ood_palette_000026.png,How many objects are above the orange rectangle?,2,counting,2,ood_palette,palette,"{'anchor': 'obj_3', 'relation': 'above'}",2,2,2,True,0.16591901200001757,,False
ood_palette_000026_q04,ood_palette_000026,images/ood_palette/ood_palette_000026.png,"Which object is closer to the center of the image, the orange circle or the orange triangle?",orange triangle,center_proximity,2,ood_palette,palette,"{'objects': ['obj_1', 'obj_2'], 'target': 'obj_2', 'relation': 'center_proximity'}",orange circle,orange triangle,orange circle,False,0.2178460560000417,distance_reasoning_error,True
ood_palette_000027_q01,ood_palette_000027,images/ood_palette/ood_palette_000027.png,Which object is the rightmost in the image?,cyan circle,relative_ordering,2,ood_palette,palette,"{'target': 'obj_4', 'relation': 'rightmost'}",circle,cyan circle,circle,False,0.1660318710000297,spatial_inversion,True
ood_palette_000027_q02,ood_palette_000027,images/ood_palette/ood_palette_000027.png,Which object is immediately right of the cyan rectangle?,cyan circle,left_right,2,ood_palette,palette,"{'anchor': 'obj_5', 'target': 'obj_4', 'relation': 'right'}",triangle,cyan circle,triangle,False,0.16613759900002378,spatial_inversion,True
ood_palette_000027_q03,ood_palette_000027,images/ood_palette/ood_palette_000027.png,Is the purple triangle completely inside the cyan circle? Answer yes or no.,no,inside_outside,2,ood_palette,palette,"{'objects': ['obj_3', 'obj_4'], 'relation': 'inside'}",no,no,no,True,0.16822823400002562,,False
ood_palette_000027_q04,ood_palette_000027,images/ood_palette/ood_palette_000027.png,Which object is immediately below the purple triangle?,orange rectangle,above_below,2,ood_palette,palette,"{'anchor': 'obj_3', 'target': 'obj_2', 'relation': 'below'}",circle,orange rectangle,circle,False,0.1671357980000039,spatial_inversion,True
ood_palette_000028_q01,ood_palette_000028,images/ood_palette/ood_palette_000028.png,Which object is both left of the orange rectangle and above the cyan circle?,cyan rectangle,multi_hop,4,ood_palette,palette,"{'anchors': ['obj_5', 'obj_4'], 'target': 'obj_1', 'relations': ['left of', 'above']}",square,cyan rectangle,square,False,0.1661380939999617,relation_chain_failure,True
ood_palette_000028_q02,ood_palette_000028,images/ood_palette/ood_palette_000028.png,Which object is farthest from the cyan circle?,cyan triangle,nearest_farthest,2,ood_palette,palette,"{'anchor': 'obj_4', 'target': 'obj_2', 'relation': 'farthest'}",square,cyan triangle,square,False,0.1660338219999744,distance_reasoning_error,True
ood_palette_000028_q03,ood_palette_000028,images/ood_palette/ood_palette_000028.png,Which object is between the cyan triangle and the cyan rectangle?,pink rectangle,between,3,ood_palette,palette,"{'objects': ['obj_2', 'obj_1'], 'target': 'obj_3', 'relation': 'between'}",square,pink rectangle,square,False,0.16601235299998507,other,True
ood_palette_000028_q04,ood_palette_000028,images/ood_palette/ood_palette_000028.png,Which object is immediately left of the cyan rectangle?,cyan circle,left_right,2,ood_palette,palette,"{'anchor': 'obj_1', 'target': 'obj_4', 'relation': 'left'}",triangle,cyan circle,triangle,False,0.16575839600000108,spatial_inversion,True
ood_palette_000029_q01,ood_palette_000029,images/ood_palette/ood_palette_000029.png,Is the purple circle completely inside the cyan rectangle? Answer yes or no.,no,inside_outside,2,ood_palette,palette,"{'objects': ['obj_2', 'obj_1'], 'relation': 'inside'}",no,no,no,True,0.16589901200001123,,False
ood_palette_000029_q02,ood_palette_000029,images/ood_palette/ood_palette_000029.png,Which object is both left of the cyan rectangle and right of the purple circle?,purple triangle,multi_hop,4,ood_palette,palette,"{'anchors': ['obj_1', 'obj_2'], 'target': 'obj_3', 'relations': ['left of', 'right of']}",triangle,purple triangle,triangle,False,0.16595295399997667,relation_chain_failure,True
ood_palette_000029_q03,ood_palette_000029,images/ood_palette/ood_palette_000029.png,Which object is the leftmost in the image?,purple circle,relative_ordering,2,ood_palette,palette,"{'target': 'obj_2', 'relation': 'leftmost'}",circle,purple circle,circle,False,0.16566404700000703,spatial_inversion,True
ood_palette_000029_q04,ood_palette_000029,images/ood_palette/ood_palette_000029.png,Do the purple triangle and the purple circle overlap? Answer yes or no.,no,overlap,2,ood_palette,palette,"{'objects': ['obj_3', 'obj_2'], 'relation': 'overlap'}",no,no,no,True,0.1657219709999822,,False
ood_palette_000030_q01,ood_palette_000030,images/ood_palette/ood_palette_000030.png,"Which object is closer to the center of the image, the orange rectangle or the cyan rectangle?",cyan rectangle,center_proximity,2,ood_palette,palette,"{'objects': ['obj_2', 'obj_3'], 'target': 'obj_3', 'relation': 'center_proximity'}",orange rectangle,cyan rectangle,orange rectangle,False,0.2155561450000505,distance_reasoning_error,True
ood_palette_000030_q02,ood_palette_000030,images/ood_palette/ood_palette_000030.png,Is the cyan circle completely inside the orange rectangle? Answer yes or no.,no,inside_outside,2,ood_palette,palette,"{'objects': ['obj_1', 'obj_2'], 'relation': 'inside'}",no,no,no,True,0.16632452099997863,,False
ood_palette_000030_q03,ood_palette_000030,images/ood_palette/ood_palette_000030.png,How many circle objects are in the image?,1,counting,1,ood_palette,palette,{'filter': {'shape': 'circle'}},1,1,1,True,0.16639753499998733,,False
ood_palette_000030_q04,ood_palette_000030,images/ood_palette/ood_palette_000030.png,Do the cyan circle and the cyan rectangle overlap? Answer yes or no.,no,overlap,2,ood_palette,palette,"{'objects': ['obj_1', 'obj_3'], 'relation': 'overlap'}",no,no,no,True,0.16601899299996603,,False
ood_palette_000031_q01,ood_palette_000031,images/ood_palette/ood_palette_000031.png,Which object is immediately left of the orange rectangle?,pink circle,left_right,2,ood_palette,palette,"{'anchor': 'obj_3', 'target': 'obj_2', 'relation': 'left'}",square,pink circle,square,False,0.16555873300001167,spatial_inversion,True
ood_palette_000031_q02,ood_palette_000031,images/ood_palette/ood_palette_000031.png,"Which object is larger, the purple triangle or the orange rectangle?",purple triangle,relative_size,2,ood_palette,palette,"{'objects': ['obj_4', 'obj_3'], 'target': 'obj_4', 'relation': 'larger'}",orange rectangle,purple triangle,orange rectangle,False,0.21733665700003257,object_confusion,True
ood_palette_000031_q03,ood_palette_000031,images/ood_palette/ood_palette_000031.png,Which object is both below the cyan triangle and right of the pink circle?,purple triangle,multi_hop,4,ood_palette,palette,"{'anchors': ['obj_5', 'obj_2'], 'target': 'obj_4', 'relations': ['below', 'right of']}",orange square,purple triangle,orange square,False,0.21775813499999686,relation_chain_failure,True
ood_palette_000031_q04,ood_palette_000031,images/ood_palette/ood_palette_000031.png,Which object is the leftmost in the image?,pink rectangle,relative_ordering,2,ood_palette,palette,"{'target': 'obj_1', 'relation': 'leftmost'}",square,pink rectangle,square,False,0.1675464709999801,spatial_inversion,True
ood_palette_000032_q01,ood_palette_000032,images/ood_palette/ood_palette_000032.png,Which object is both above the purple circle and right of the orange rectangle?,cyan rectangle,multi_hop,4,ood_palette,palette,"{'anchors': ['obj_1', 'obj_3'], 'target': 'obj_2', 'relations': ['above', 'right of']}",teal rectangle,cyan rectangle,teal rectangle,False,0.26615109900001244,relation_chain_failure,True
ood_palette_000032_q02,ood_palette_000032,images/ood_palette/ood_palette_000032.png,Do the pink rectangle and the orange rectangle overlap? Answer yes or no.,no,overlap,2,ood_palette,palette,"{'objects': ['obj_5', 'obj_3'], 'relation': 'overlap'}",no,no,no,True,0.16555890499995485,,False
ood_palette_000032_q03,ood_palette_000032,images/ood_palette/ood_palette_000032.png,"Which object is smaller, the orange rectangle or the purple circle?",purple circle,relative_size,2,ood_palette,palette,"{'objects': ['obj_3', 'obj_1'], 'target': 'obj_1', 'relation': 'smaller'}",orange rectangle,purple circle,orange rectangle,False,0.21679094500001383,object_confusion,True
ood_palette_000032_q04,ood_palette_000032,images/ood_palette/ood_palette_000032.png,How many rectangle objects are in the image?,3,counting,1,ood_palette,palette,{'filter': {'shape': 'rectangle'}},2,3,2,False,0.17209106000001384,counting_error,True
ood_palette_000033_q01,ood_palette_000033,images/ood_palette/ood_palette_000033.png,"Which object is closer to the center of the image, the orange triangle or the pink rectangle?",orange triangle,center_proximity,2,ood_palette,palette,"{'objects': ['obj_3', 'obj_1'], 'target': 'obj_3', 'relation': 'center_proximity'}",orange triangle,orange triangle,orange triangle,True,0.21679200800002718,,False
ood_palette_000033_q02,ood_palette_000033,images/ood_palette/ood_palette_000033.png,Which object is both above the pink rectangle and left of the orange triangle?,cyan triangle,multi_hop,4,ood_palette,palette,"{'anchors': ['obj_1', 'obj_3'], 'target': 'obj_2', 'relations': ['above', 'left of']}",triangle,cyan triangle,triangle,False,0.1659986370000297,relation_chain_failure,True
ood_palette_000033_q03,ood_palette_000033,images/ood_palette/ood_palette_000033.png,Which object is immediately above the pink rectangle?,cyan triangle,above_below,2,ood_palette,palette,"{'anchor': 'obj_1', 'target': 'obj_2', 'relation': 'above'}",triangle,cyan triangle,triangle,False,0.16630083299997978,spatial_inversion,True
ood_palette_000033_q04,ood_palette_000033,images/ood_palette/ood_palette_000033.png,Which object is immediately right of the pink rectangle?,orange triangle,left_right,2,ood_palette,palette,"{'anchor': 'obj_1', 'target': 'obj_3', 'relation': 'right'}",triangle,orange triangle,triangle,False,0.1654908639999917,spatial_inversion,True
ood_palette_000034_q01,ood_palette_000034,images/ood_palette/ood_palette_000034.png,Which object is between the purple circle and the pink triangle?,cyan triangle,between,3,ood_palette,palette,"{'objects': ['obj_5', 'obj_4'], 'target': 'obj_2', 'relation': 'between'}",orange triangle,cyan triangle,orange triangle,False,0.21521491100003232,object_confusion,True
ood_palette_000034_q02,ood_palette_000034,images/ood_palette/ood_palette_000034.png,Which object is both below the cyan circle and right of the orange triangle?,cyan triangle,multi_hop,4,ood_palette,palette,"{'anchors': ['obj_1', 'obj_3'], 'target': 'obj_2', 'relations': ['below', 'right of']}",triangle,cyan triangle,triangle,False,0.16572876999998698,relation_chain_failure,True
ood_palette_000034_q03,ood_palette_000034,images/ood_palette/ood_palette_000034.png,Which object is immediately right of the orange triangle?,cyan triangle,left_right,2,ood_palette,palette,"{'anchor': 'obj_3', 'target': 'obj_2', 'relation': 'right'}",triangle,cyan triangle,triangle,False,0.1661753369999701,spatial_inversion,True
ood_palette_000034_q04,ood_palette_000034,images/ood_palette/ood_palette_000034.png,Which object is the rightmost in the image?,cyan circle,relative_ordering,2,ood_palette,palette,"{'target': 'obj_1', 'relation': 'rightmost'}",circle,cyan circle,circle,False,0.16662682700001596,spatial_inversion,True
ood_palette_000035_q01,ood_palette_000035,images/ood_palette/ood_palette_000035.png,Do the orange circle and the cyan triangle overlap? Answer yes or no.,no,overlap,2,ood_palette,palette,"{'objects': ['obj_3', 'obj_2'], 'relation': 'overlap'}",no,no,no,True,0.16603424499999164,,False
ood_palette_000035_q02,ood_palette_000035,images/ood_palette/ood_palette_000035.png,Which object is both below the cyan rectangle and above the cyan triangle?,orange circle,multi_hop,4,ood_palette,palette,"{'anchors': ['obj_1', 'obj_2'], 'target': 'obj_3', 'relations': ['below', 'above']}",orange circle,orange circle,orange circle,True,0.2156877580000014,,False
ood_palette_000035_q03,ood_palette_000035,images/ood_palette/ood_palette_000035.png,How many rectangle objects are in the image?,1,counting,1,ood_palette,palette,{'filter': {'shape': 'rectangle'}},1,1,1,True,0.1655265120000422,,False
ood_palette_000035_q04,ood_palette_000035,images/ood_palette/ood_palette_000035.png,"Which object is closer to the center of the image, the orange circle or the cyan triangle?",cyan triangle,center_proximity,2,ood_palette,palette,"{'objects': ['obj_3', 'obj_2'], 'target': 'obj_2', 'relation': 'center_proximity'}",cyan triangle,cyan triangle,cyan triangle,True,0.21537726100001464,,False
ood_palette_000036_q01,ood_palette_000036,images/ood_palette/ood_palette_000036.png,Which object is the rightmost in the image?,cyan circle,relative_ordering,2,ood_palette,palette,"{'target': 'obj_1', 'relation': 'rightmost'}",rectangle,cyan circle,rectangle,False,0.16731605300003594,spatial_inversion,True
ood_palette_000036_q02,ood_palette_000036,images/ood_palette/ood_palette_000036.png,Which object is immediately right of the purple rectangle?,cyan circle,left_right,2,ood_palette,palette,"{'anchor': 'obj_3', 'target': 'obj_1', 'relation': 'right'}",triangle,cyan circle,triangle,False,0.16555105700001604,spatial_inversion,True
ood_palette_000036_q03,ood_palette_000036,images/ood_palette/ood_palette_000036.png,Is the orange triangle completely inside the pink circle? Answer yes or no.,no,inside_outside,2,ood_palette,palette,"{'objects': ['obj_4', 'obj_2'], 'relation': 'inside'}",no,no,no,True,0.16517829500003245,,False
ood_palette_000036_q04,ood_palette_000036,images/ood_palette/ood_palette_000036.png,Which object is immediately below the purple rectangle?,pink circle,above_below,2,ood_palette,palette,"{'anchor': 'obj_3', 'target': 'obj_2', 'relation': 'below'}",circle,pink circle,circle,False,0.1649953250000067,spatial_inversion,True
ood_palette_000037_q01,ood_palette_000037,images/ood_palette/ood_palette_000037.png,Which object is farthest from the cyan triangle?,purple triangle,nearest_farthest,2,ood_palette,palette,"{'anchor': 'obj_1', 'target': 'obj_4', 'relation': 'farthest'}",orange triangle,purple triangle,orange triangle,False,0.2149876429999722,distance_reasoning_error,True
ood_palette_000037_q02,ood_palette_000037,images/ood_palette/ood_palette_000037.png,Which object is between the cyan rectangle and the orange triangle?,cyan triangle,between,3,ood_palette,palette,"{'objects': ['obj_2', 'obj_5'], 'target': 'obj_1', 'relation': 'between'}",triangle,cyan triangle,triangle,False,0.16577710500001785,object_confusion,True
ood_palette_000037_q03,ood_palette_000037,images/ood_palette/ood_palette_000037.png,Which object is immediately above the cyan triangle?,purple triangle,above_below,2,ood_palette,palette,"{'anchor': 'obj_1', 'target': 'obj_4', 'relation': 'above'}",square,purple triangle,square,False,0.16558659599996872,spatial_inversion,True
ood_palette_000037_q04,ood_palette_000037,images/ood_palette/ood_palette_000037.png,"Which object is smaller, the orange triangle or the pink rectangle?",pink rectangle,relative_size,2,ood_palette,palette,"{'objects': ['obj_5', 'obj_3'], 'target': 'obj_3', 'relation': 'smaller'}",orange triangle,pink rectangle,orange triangle,False,0.21537668399997756,object_confusion,True
ood_palette_000038_q01,ood_palette_000038,images/ood_palette/ood_palette_000038.png,Is the cyan triangle completely inside the pink triangle? Answer yes or no.,no,inside_outside,2,ood_palette,palette,"{'objects': ['obj_3', 'obj_1'], 'relation': 'inside'}",no,no,no,True,0.17116322400005402,,False
ood_palette_000038_q02,ood_palette_000038,images/ood_palette/ood_palette_000038.png,Which object is both above the cyan triangle and left of the pink triangle?,orange circle,multi_hop,4,ood_palette,palette,"{'anchors': ['obj_3', 'obj_1'], 'target': 'obj_2', 'relations': ['above', 'left of']}",orange circle,orange circle,orange circle,True,0.21757978100004038,,False
ood_palette_000038_q03,ood_palette_000038,images/ood_palette/ood_palette_000038.png,Which object is the topmost in the image?,purple triangle,relative_ordering,2,ood_palette,palette,"{'target': 'obj_4', 'relation': 'topmost'}",triangle,purple triangle,triangle,False,0.1650094489999674,spatial_inversion,True
ood_palette_000038_q04,ood_palette_000038,images/ood_palette/ood_palette_000038.png,Do the orange circle and the cyan triangle overlap? Answer yes or no.,no,overlap,2,ood_palette,palette,"{'objects': ['obj_2', 'obj_3'], 'relation': 'overlap'}",no,no,no,True,0.1664470970000025,,False
ood_palette_000039_q01,ood_palette_000039,images/ood_palette/ood_palette_000039.png,Do the purple triangle and the cyan circle overlap? Answer yes or no.,no,overlap,2,ood_palette,palette,"{'objects': ['obj_2', 'obj_3'], 'relation': 'overlap'}",no,no,no,True,0.1658438260000139,,False
ood_palette_000039_q02,ood_palette_000039,images/ood_palette/ood_palette_000039.png,"Which object is closer to the center of the image, the purple triangle or the cyan circle?",cyan circle,center_proximity,2,ood_palette,palette,"{'objects': ['obj_2', 'obj_3'], 'target': 'obj_3', 'relation': 'center_proximity'}",cyan circle,cyan circle,cyan circle,True,0.21517152100000203,,False
ood_palette_000039_q03,ood_palette_000039,images/ood_palette/ood_palette_000039.png,Which object is both below the cyan circle and right of the cyan rectangle?,purple triangle,multi_hop,4,ood_palette,palette,"{'anchors': ['obj_3', 'obj_1'], 'target': 'obj_2', 'relations': ['below', 'right of']}",triangle,purple triangle,triangle,False,0.16740632500000174,relation_chain_failure,True
ood_palette_000039_q04,ood_palette_000039,images/ood_palette/ood_palette_000039.png,"Which object is smaller, the purple triangle or the cyan rectangle?",cyan rectangle,relative_size,2,ood_palette,palette,"{'objects': ['obj_2', 'obj_1'], 'target': 'obj_1', 'relation': 'smaller'}",purple triangle,cyan rectangle,purple triangle,False,0.21996108099995126,object_confusion,True
ood_palette_000040_q01,ood_palette_000040,images/ood_palette/ood_palette_000040.png,"Which object is smaller, the purple rectangle or the cyan rectangle?",purple rectangle,relative_size,2,ood_palette,palette,"{'objects': ['obj_1', 'obj_2'], 'target': 'obj_1', 'relation': 'smaller'}",purple rectangle,purple rectangle,purple rectangle,True,0.21968167300002506,,False
ood_palette_000040_q02,ood_palette_000040,images/ood_palette/ood_palette_000040.png,Which object is both right of the cyan rectangle and above the purple rectangle?,orange circle,multi_hop,4,ood_palette,palette,"{'anchors': ['obj_2', 'obj_1'], 'target': 'obj_3', 'relations': ['right of', 'above']}",orange circle,orange circle,orange circle,True,0.21690649100003156,,False
ood_palette_000040_q03,ood_palette_000040,images/ood_palette/ood_palette_000040.png,Which object is the bottommost in the image?,purple rectangle,relative_ordering,2,ood_palette,palette,"{'target': 'obj_1', 'relation': 'bottommost'}",rectangle,purple rectangle,rectangle,False,0.16522429700000885,spatial_inversion,True
ood_palette_000040_q04,ood_palette_000040,images/ood_palette/ood_palette_000040.png,How many objects are above the orange circle?,0,counting,2,ood_palette,palette,"{'anchor': 'obj_3', 'relation': 'above'}",2,0,2,False,0.16476689399996758,counting_error,True
ood_palette_000041_q01,ood_palette_000041,images/ood_palette/ood_palette_000041.png,Which object is both above the pink triangle and right of the purple rectangle?,orange triangle,multi_hop,4,ood_palette,palette,"{'anchors': ['obj_1', 'obj_2'], 'target': 'obj_4', 'relations': ['above', 'right of']}",orange triangle,orange triangle,orange triangle,True,0.21567873699996198,,False
ood_palette_000041_q02,ood_palette_000041,images/ood_palette/ood_palette_000041.png,Do the pink rectangle and the purple rectangle overlap? Answer yes or no.,no,overlap,2,ood_palette,palette,"{'objects': ['obj_3', 'obj_2'], 'relation': 'overlap'}",no,no,no,True,0.1659755119999886,,False
ood_palette_000041_q03,ood_palette_000041,images/ood_palette/ood_palette_000041.png,Which object is immediately below the orange triangle?,pink triangle,above_below,2,ood_palette,palette,"{'anchor': 'obj_4', 'target': 'obj_1', 'relation': 'below'}",square,pink triangle,square,False,0.16629695500000707,spatial_inversion,True
ood_palette_000041_q04,ood_palette_000041,images/ood_palette/ood_palette_000041.png,"Which object is larger, the pink triangle or the purple rectangle?",purple rectangle,relative_size,2,ood_palette,palette,"{'objects': ['obj_1', 'obj_2'], 'target': 'obj_2', 'relation': 'larger'}",purple rectangle,purple rectangle,purple rectangle,True,0.21486295700003666,,False
ood_palette_000042_q01,ood_palette_000042,images/ood_palette/ood_palette_000042.png,"Which object is closer to the center of the image, the orange rectangle or the purple triangle?",orange rectangle,center_proximity,2,ood_palette,palette,"{'objects': ['obj_3', 'obj_1'], 'target': 'obj_3', 'relation': 'center_proximity'}",orange rectangle,orange rectangle,orange rectangle,True,0.2159187999999972,,False
ood_palette_000042_q02,ood_palette_000042,images/ood_palette/ood_palette_000042.png,Which object is both above the orange rectangle and below the purple triangle?,pink rectangle,multi_hop,4,ood_palette,palette,"{'anchors': ['obj_3', 'obj_1'], 'target': 'obj_2', 'relations': ['above', 'below']}",red rectangle,pink rectangle,red rectangle,False,0.21763440900002706,relation_chain_failure,True
ood_palette_000042_q03,ood_palette_000042,images/ood_palette/ood_palette_000042.png,Which object is immediately right of the orange rectangle?,purple triangle,left_right,2,ood_palette,palette,"{'anchor': 'obj_3', 'target': 'obj_1', 'relation': 'right'}",red rectangle,purple triangle,red rectangle,False,0.21647478599999204,spatial_inversion,True
ood_palette_000042_q04,ood_palette_000042,images/ood_palette/ood_palette_000042.png,Is the purple triangle completely inside the orange rectangle? Answer yes or no.,no,inside_outside,2,ood_palette,palette,"{'objects': ['obj_1', 'obj_3'], 'relation': 'inside'}",no,no,no,True,0.16572776800001066,,False
ood_palette_000043_q01,ood_palette_000043,images/ood_palette/ood_palette_000043.png,Which object is between the pink rectangle and the purple circle?,cyan triangle,between,3,ood_palette,palette,"{'objects': ['obj_1', 'obj_3'], 'target': 'obj_5', 'relation': 'between'}",triangle,cyan triangle,triangle,False,0.16529822900002955,object_confusion,True
ood_palette_000043_q02,ood_palette_000043,images/ood_palette/ood_palette_000043.png,Which object is both left of the pink circle and below the cyan triangle?,pink rectangle,multi_hop,4,ood_palette,palette,"{'anchors': ['obj_2', 'obj_5'], 'target': 'obj_1', 'relations': ['left of', 'below']}",square,pink rectangle,square,False,0.16487883899998224,relation_chain_failure,True
ood_palette_000043_q03,ood_palette_000043,images/ood_palette/ood_palette_000043.png,Which object is immediately left of the purple circle?,cyan triangle,left_right,2,ood_palette,palette,"{'anchor': 'obj_3', 'target': 'obj_5', 'relation': 'left'}",square,cyan triangle,square,False,0.16485198599997375,spatial_inversion,True
ood_palette_000043_q04,ood_palette_000043,images/ood_palette/ood_palette_000043.png,Which object is the bottommost in the image?,pink circle,relative_ordering,2,ood_palette,palette,"{'target': 'obj_2', 'relation': 'bottommost'}",circle,pink circle,circle,False,0.1652078049999659,spatial_inversion,True
ood_palette_000044_q01,ood_palette_000044,images/ood_palette/ood_palette_000044.png,Do the pink triangle and the pink rectangle overlap? Answer yes or no.,no,overlap,2,ood_palette,palette,"{'objects': ['obj_5', 'obj_3'], 'relation': 'overlap'}",no,no,no,True,0.16564426899998352,,False
ood_palette_000044_q02,ood_palette_000044,images/ood_palette/ood_palette_000044.png,Which object is both left of the pink rectangle and above the cyan circle?,purple triangle,multi_hop,4,ood_palette,palette,"{'anchors': ['obj_3', 'obj_2'], 'target': 'obj_4', 'relations': ['left of', 'above']}",triangle,purple triangle,triangle,False,0.1664572540000222,relation_chain_failure,True
ood_palette_000044_q03,ood_palette_000044,images/ood_palette/ood_palette_000044.png,How many purple objects are in the image?,2,counting,1,ood_palette,palette,{'filter': {'color': 'purple'}},2,2,2,True,0.1649439010000151,,False
ood_palette_000044_q04,ood_palette_000044,images/ood_palette/ood_palette_000044.png,"Which object is closer to the center of the image, the pink rectangle or the purple triangle?",pink rectangle,center_proximity,2,ood_palette,palette,"{'objects': ['obj_3', 'obj_4'], 'target': 'obj_3', 'relation': 'center_proximity'}",pink rectangle,pink rectangle,pink rectangle,True,0.21503759000000855,,False
ood_palette_000045_q01,ood_palette_000045,images/ood_palette/ood_palette_000045.png,Which object is the rightmost in the image?,purple triangle,relative_ordering,2,ood_palette,palette,"{'target': 'obj_4', 'relation': 'rightmost'}",triangle,purple triangle,triangle,False,0.1657092910000415,spatial_inversion,True
ood_palette_000045_q02,ood_palette_000045,images/ood_palette/ood_palette_000045.png,Which object is immediately right of the cyan rectangle?,purple triangle,left_right,2,ood_palette,palette,"{'anchor': 'obj_3', 'target': 'obj_4', 'relation': 'right'}",triangle,purple triangle,triangle,False,0.16524953699996558,spatial_inversion,True
ood_palette_000045_q03,ood_palette_000045,images/ood_palette/ood_palette_000045.png,Is the purple triangle completely inside the purple rectangle? Answer yes or no.,no,inside_outside,2,ood_palette,palette,"{'objects': ['obj_4', 'obj_2'], 'relation': 'inside'}",no,no,no,True,0.16647312200001352,,False
ood_palette_000045_q04,ood_palette_000045,images/ood_palette/ood_palette_000045.png,"Which object is closer to the center of the image, the cyan rectangle or the pink triangle?",pink triangle,center_proximity,2,ood_palette,palette,"{'objects': ['obj_3', 'obj_1'], 'target': 'obj_1', 'relation': 'center_proximity'}",cyan rectangle,pink triangle,cyan rectangle,False,0.21444890700001906,distance_reasoning_error,True
ood_palette_000046_q01,ood_palette_000046,images/ood_palette/ood_palette_000046.png,Which object is both left of the cyan circle and below the orange triangle?,orange rectangle,multi_hop,4,ood_palette,palette,"{'anchors': ['obj_4', 'obj_2'], 'target': 'obj_3', 'relations': ['left of', 'below']}",orange rectangle,orange rectangle,orange rectangle,True,0.21494068399999833,,False
ood_palette_000046_q02,ood_palette_000046,images/ood_palette/ood_palette_000046.png,Which object is nearest from the orange triangle?,cyan circle,nearest_farthest,2,ood_palette,palette,"{'anchor': 'obj_2', 'target': 'obj_4', 'relation': 'nearest'}",orange triangle,cyan circle,orange triangle,False,0.21539745200004745,distance_reasoning_error,True
ood_palette_000046_q03,ood_palette_000046,images/ood_palette/ood_palette_000046.png,Which object is immediately left of the orange triangle?,pink rectangle,left_right,2,ood_palette,palette,"{'anchor': 'obj_2', 'target': 'obj_1', 'relation': 'left'}",square,pink rectangle,square,False,0.1643858630000068,spatial_inversion,True
ood_palette_000046_q04,ood_palette_000046,images/ood_palette/ood_palette_000046.png,"Which object is larger, the orange rectangle or the cyan circle?",orange rectangle,relative_size,2,ood_palette,palette,"{'objects': ['obj_3', 'obj_4'], 'target': 'obj_3', 'relation': 'larger'}",orange rectangle,orange rectangle,orange rectangle,True,0.21562448299999915,,False
ood_palette_000047_q01,ood_palette_000047,images/ood_palette/ood_palette_000047.png,Is the orange rectangle completely inside the purple circle? Answer yes or no.,no,inside_outside,2,ood_palette,palette,"{'objects': ['obj_2', 'obj_1'], 'relation': 'inside'}",no,no,no,True,0.16509529200004636,,False
ood_palette_000047_q02,ood_palette_000047,images/ood_palette/ood_palette_000047.png,Which object is both left of the purple circle and above the orange rectangle?,purple triangle,multi_hop,4,ood_palette,palette,"{'anchors': ['obj_1', 'obj_2'], 'target': 'obj_3', 'relations': ['left of', 'above']}",triangle,purple triangle,triangle,False,0.16532714999999598,relation_chain_failure,True
ood_palette_000047_q03,ood_palette_000047,images/ood_palette/ood_palette_000047.png,Which object is the rightmost in the image?,purple circle,relative_ordering,2,ood_palette,palette,"{'target': 'obj_1', 'relation': 'rightmost'}",circle,purple circle,circle,False,0.16518234300002632,spatial_inversion,True
ood_palette_000047_q04,ood_palette_000047,images/ood_palette/ood_palette_000047.png,Do the purple triangle and the orange rectangle overlap? Answer yes or no.,no,overlap,2,ood_palette,palette,"{'objects': ['obj_3', 'obj_2'], 'relation': 'overlap'}",no,no,no,True,0.1659033789999853,,False
ood_palette_000048_q01,ood_palette_000048,images/ood_palette/ood_palette_000048.png,Do the pink triangle and the orange circle overlap? Answer yes or no.,no,overlap,2,ood_palette,palette,"{'objects': ['obj_3', 'obj_2'], 'relation': 'overlap'}",no,no,no,True,0.16616218599995136,,False
ood_palette_000048_q02,ood_palette_000048,images/ood_palette/ood_palette_000048.png,Which object is both right of the purple triangle and left of the pink triangle?,pink circle,multi_hop,4,ood_palette,palette,"{'anchors': ['obj_4', 'obj_3'], 'target': 'obj_1', 'relations': ['right of', 'left of']}",orange circle,pink circle,orange circle,False,0.21680630700001302,relation_chain_failure,True
ood_palette_000048_q03,ood_palette_000048,images/ood_palette/ood_palette_000048.png,"Which object is larger, the pink circle or the pink triangle?",pink circle,relative_size,2,ood_palette,palette,"{'objects': ['obj_1', 'obj_3'], 'target': 'obj_1', 'relation': 'larger'}",pink circle,pink circle,pink circle,True,0.21644728100000066,,False
ood_palette_000048_q04,ood_palette_000048,images/ood_palette/ood_palette_000048.png,Is the pink circle completely inside the purple triangle? Answer yes or no.,no,inside_outside,2,ood_palette,palette,"{'objects': ['obj_1', 'obj_4'], 'relation': 'inside'}",no,no,no,True,0.16619114399998125,,False
ood_palette_000049_q01,ood_palette_000049,images/ood_palette/ood_palette_000049.png,Which object is farthest from the pink triangle?,orange triangle,nearest_farthest,2,ood_palette,palette,"{'anchor': 'obj_2', 'target': 'obj_3', 'relation': 'farthest'}",square,orange triangle,square,False,0.1658953849999989,distance_reasoning_error,True
ood_palette_000049_q02,ood_palette_000049,images/ood_palette/ood_palette_000049.png,"Which object is closer to the center of the image, the orange triangle or the pink triangle?",pink triangle,center_proximity,2,ood_palette,palette,"{'objects': ['obj_3', 'obj_2'], 'target': 'obj_2', 'relation': 'center_proximity'}",orange triangle,pink triangle,orange triangle,False,0.2153608960000497,distance_reasoning_error,True
ood_palette_000049_q03,ood_palette_000049,images/ood_palette/ood_palette_000049.png,Which object is immediately below the pink rectangle?,pink triangle,above_below,2,ood_palette,palette,"{'anchor': 'obj_1', 'target': 'obj_2', 'relation': 'below'}",triangle,pink triangle,triangle,False,0.16663921800000026,spatial_inversion,True
ood_palette_000049_q04,ood_palette_000049,images/ood_palette/ood_palette_000049.png,Which object is the leftmost in the image?,orange triangle,relative_ordering,2,ood_palette,palette,"{'target': 'obj_3', 'relation': 'leftmost'}",triangle,orange triangle,triangle,False,0.1654078830000003,spatial_inversion,True
ood_count_000000_q01,ood_count_000000,images/ood_count/ood_count_000000.png,Which object is the bottommost in the image?,green triangle,relative_ordering,2,ood_count,count,"{'target': 'obj_8', 'relation': 'bottommost'}",green triangle,green triangle,green triangle,True,0.2168812330000378,,False
ood_count_000000_q02,ood_count_000000,images/ood_count/ood_count_000000.png,How many circle objects are in the image?,1,counting,1,ood_count,count,{'filter': {'shape': 'circle'}},1,1,1,True,0.16617306300003065,,False
ood_count_000000_q03,ood_count_000000,images/ood_count/ood_count_000000.png,Is the red rectangle completely inside the yellow triangle? Answer yes or no.,no,inside_outside,2,ood_count,count,"{'objects': ['obj_7', 'obj_5'], 'relation': 'inside'}",no,no,no,True,0.16474981800001842,,False
ood_count_000000_q04,ood_count_000000,images/ood_count/ood_count_000000.png,Which object is immediately below the green rectangle?,green triangle,above_below,2,ood_count,count,"{'anchor': 'obj_4', 'target': 'obj_8', 'relation': 'below'}",red triangle,green triangle,red triangle,False,0.21451527600004283,spatial_inversion,True
ood_count_000001_q01,ood_count_000001,images/ood_count/ood_count_000001.png,Is the green rectangle completely inside the red triangle? Answer yes or no.,no,inside_outside,2,ood_count,count,"{'objects': ['obj_2', 'obj_7'], 'relation': 'inside'}",no,no,no,True,0.16656577200001266,,False
ood_count_000001_q02,ood_count_000001,images/ood_count/ood_count_000001.png,"Which object is closer to the center of the image, the red circle or the blue rectangle?",red circle,center_proximity,2,ood_count,count,"{'objects': ['obj_4', 'obj_1'], 'target': 'obj_4', 'relation': 'center_proximity'}",red circle,red circle,red circle,True,0.2158151359999465,,False
ood_count_000001_q03,ood_count_000001,images/ood_count/ood_count_000001.png,Which object is both below the blue triangle and right of the yellow rectangle?,green rectangle,multi_hop,4,ood_count,count,"{'anchors': ['obj_3', 'obj_6'], 'target': 'obj_2', 'relations': ['below', 'right of']}",green rectangle,green rectangle,green rectangle,True,0.2143921750000004,,False
ood_count_000001_q04,ood_count_000001,images/ood_count/ood_count_000001.png,Which object is the rightmost in the image?,blue triangle,relative_ordering,2,ood_count,count,"{'target': 'obj_3', 'relation': 'rightmost'}",triangle,blue triangle,triangle,False,0.16538081900000634,spatial_inversion,True
ood_count_000002_q01,ood_count_000002,images/ood_count/ood_count_000002.png,Which object is immediately above the red circle?,green rectangle,above_below,2,ood_count,count,"{'anchor': 'obj_7', 'target': 'obj_4', 'relation': 'above'}",square,green rectangle,square,False,0.16706474500000468,spatial_inversion,True
ood_count_000002_q02,ood_count_000002,images/ood_count/ood_count_000002.png,"Which object is larger, the red circle or the green triangle?",red circle,relative_size,2,ood_count,count,"{'objects': ['obj_7', 'obj_6'], 'target': 'obj_7', 'relation': 'larger'}",red circle,red circle,red circle,True,0.21739791300001343,,False
ood_count_000002_q03,ood_count_000002,images/ood_count/ood_count_000002.png,How many red objects are in the image?,1,counting,1,ood_count,count,{'filter': {'color': 'red'}},1,1,1,True,0.16589799799999128,,False
ood_count_000002_q04,ood_count_000002,images/ood_count/ood_count_000002.png,Which object is between the yellow circle and the red circle?,yellow rectangle,between,3,ood_count,count,"{'objects': ['obj_2', 'obj_7'], 'target': 'obj_1', 'relation': 'between'}",green triangle,yellow rectangle,green triangle,False,0.21518954300000814,object_confusion,True
ood_count_000003_q01,ood_count_000003,images/ood_count/ood_count_000003.png,Do the yellow triangle and the green circle overlap? Answer yes or no.,no,overlap,2,ood_count,count,"{'objects': ['obj_5', 'obj_6'], 'relation': 'overlap'}",no,no,no,True,0.16564425100000335,,False
ood_count_000003_q02,ood_count_000003,images/ood_count/ood_count_000003.png,Which object is the leftmost in the image?,yellow circle,relative_ordering,2,ood_count,count,"{'target': 'obj_3', 'relation': 'leftmost'}",red circle,yellow circle,red circle,False,0.22003628999999592,spatial_inversion,True
ood_count_000003_q03,ood_count_000003,images/ood_count/ood_count_000003.png,Which object is between the yellow circle and the red rectangle?,yellow rectangle,between,3,ood_count,count,"{'objects': ['obj_3', 'obj_8'], 'target': 'obj_1', 'relation': 'between'}",green rectangle,yellow rectangle,green rectangle,False,0.2236780490000001,object_confusion,True
ood_count_000003_q04,ood_count_000003,images/ood_count/ood_count_000003.png,"Which object is larger, the red circle or the blue triangle?",red circle,relative_size,2,ood_count,count,"{'objects': ['obj_7', 'obj_9'], 'target': 'obj_7', 'relation': 'larger'}",red circle,red circle,red circle,True,0.21951366299998654,,False
ood_count_000004_q01,ood_count_000004,images/ood_count/ood_count_000004.png,Which object is the rightmost in the image?,blue circle,relative_ordering,2,ood_count,count,"{'target': 'obj_4', 'relation': 'rightmost'}",blue circle,blue circle,blue circle,True,0.21669671199998675,,False
ood_count_000004_q02,ood_count_000004,images/ood_count/ood_count_000004.png,"Which object is smaller, the yellow rectangle or the blue triangle?",yellow rectangle,relative_size,2,ood_count,count,"{'objects': ['obj_6', 'obj_3'], 'target': 'obj_6', 'relation': 'smaller'}",blue triangle,yellow rectangle,blue triangle,False,0.21713575600000468,object_confusion,True
ood_count_000004_q03,ood_count_000004,images/ood_count/ood_count_000004.png,Which object is both right of the green triangle and above the red circle?,yellow rectangle,multi_hop,4,ood_count,count,"{'anchors': ['obj_2', 'obj_7'], 'target': 'obj_6', 'relations': ['right of', 'above']}",yellow circle,yellow rectangle,yellow circle,False,0.22028561400003355,relation_chain_failure,True
ood_count_000004_q04,ood_count_000004,images/ood_count/ood_count_000004.png,Which object is immediately below the red circle?,blue triangle,above_below,2,ood_count,count,"{'anchor': 'obj_7', 'target': 'obj_3', 'relation': 'below'}",blue circle,blue triangle,blue circle,False,0.22086695000001555,spatial_inversion,True
ood_count_000005_q01,ood_count_000005,images/ood_count/ood_count_000005.png,Which object is both left of the red circle and right of the green rectangle?,blue rectangle,multi_hop,4,ood_count,count,"{'anchors': ['obj_3', 'obj_2'], 'target': 'obj_5', 'relations': ['left of', 'right of']}",triangle,blue rectangle,triangle,False,0.1701061809999942,relation_chain_failure,True
ood_count_000005_q02,ood_count_000005,images/ood_count/ood_count_000005.png,How many yellow objects are in the image?,1,counting,1,ood_count,count,{'filter': {'color': 'yellow'}},1,1,1,True,0.17345102500001985,,False
ood_count_000005_q03,ood_count_000005,images/ood_count/ood_count_000005.png,Which object is the bottommost in the image?,green rectangle,relative_ordering,2,ood_count,count,"{'target': 'obj_2', 'relation': 'bottommost'}",triangle,green rectangle,triangle,False,0.1838263539999616,spatial_inversion,True
ood_count_000005_q04,ood_count_000005,images/ood_count/ood_count_000005.png,Which object is nearest from the yellow triangle?,green rectangle,nearest_farthest,2,ood_count,count,"{'anchor': 'obj_6', 'target': 'obj_2', 'relation': 'nearest'}",green square,green rectangle,green square,False,0.21860203500000353,distance_reasoning_error,True
ood_count_000006_q01,ood_count_000006,images/ood_count/ood_count_000006.png,Is the blue triangle completely inside the red rectangle? Answer yes or no.,no,inside_outside,2,ood_count,count,"{'objects': ['obj_6', 'obj_7'], 'relation': 'inside'}",no,no,no,True,0.16684319799998093,,False
ood_count_000006_q02,ood_count_000006,images/ood_count/ood_count_000006.png,Which object is the topmost in the image?,red triangle,relative_ordering,2,ood_count,count,"{'target': 'obj_5', 'relation': 'topmost'}",triangle,red triangle,triangle,False,0.1690055370000323,spatial_inversion,True
ood_count_000006_q03,ood_count_000006,images/ood_count/ood_count_000006.png,"Which object is closer to the center of the image, the blue rectangle or the yellow triangle?",yellow triangle,center_proximity,2,ood_count,count,"{'objects': ['obj_2', 'obj_3'], 'target': 'obj_3', 'relation': 'center_proximity'}",blue rectangle,yellow triangle,blue rectangle,False,0.21663997299998528,distance_reasoning_error,True
ood_count_000006_q04,ood_count_000006,images/ood_count/ood_count_000006.png,Do the green triangle and the green rectangle overlap? Answer yes or no.,no,overlap,2,ood_count,count,"{'objects': ['obj_4', 'obj_8'], 'relation': 'overlap'}",no,no,no,True,0.16674869900003841,,False
ood_count_000007_q01,ood_count_000007,images/ood_count/ood_count_000007.png,"Which object is closer to the center of the image, the green triangle or the yellow circle?",green triangle,center_proximity,2,ood_count,count,"{'objects': ['obj_4', 'obj_5'], 'target': 'obj_4', 'relation': 'center_proximity'}",green triangle,green triangle,green triangle,True,0.21569824000005156,,False
ood_count_000007_q02,ood_count_000007,images/ood_count/ood_count_000007.png,Which object is nearest from the blue triangle?,blue rectangle,nearest_farthest,2,ood_count,count,"{'anchor': 'obj_1', 'target': 'obj_6', 'relation': 'nearest'}",blue triangle,blue rectangle,blue triangle,False,0.21575340700002243,distance_reasoning_error,True
ood_count_000007_q03,ood_count_000007,images/ood_count/ood_count_000007.png,Which object is immediately left of the yellow rectangle?,red rectangle,left_right,2,ood_count,count,"{'anchor': 'obj_3', 'target': 'obj_7', 'relation': 'left'}",red rectangle,red rectangle,red rectangle,True,0.21937391799997386,,False
ood_count_000007_q04,ood_count_000007,images/ood_count/ood_count_000007.png,Which object is the rightmost in the image?,yellow circle,relative_ordering,2,ood_count,count,"{'target': 'obj_5', 'relation': 'rightmost'}",circle,yellow circle,circle,False,0.16695592999997189,spatial_inversion,True
ood_count_000008_q01,ood_count_000008,images/ood_count/ood_count_000008.png,How many objects are left of the green rectangle?,7,counting,2,ood_count,count,"{'anchor': 'obj_8', 'relation': 'left'}",3,7,3,False,0.16752866199999517,counting_error,True
ood_count_000008_q02,ood_count_000008,images/ood_count/ood_count_000008.png,Which object is both below the yellow rectangle and right of the blue rectangle?,green circle,multi_hop,4,ood_count,count,"{'anchors': ['obj_1', 'obj_2'], 'target': 'obj_4', 'relations': ['below', 'right of']}",green circle,green circle,green circle,True,0.21557174599996642,,False
ood_count_000008_q03,ood_count_000008,images/ood_count/ood_count_000008.png,"Which object is larger, the blue triangle or the yellow rectangle?",blue triangle,relative_size,2,ood_count,count,"{'objects': ['obj_7', 'obj_1'], 'target': 'obj_7', 'relation': 'larger'}",yellow rectangle,blue triangle,yellow rectangle,False,0.21883886300003041,object_confusion,True
ood_count_000008_q04,ood_count_000008,images/ood_count/ood_count_000008.png,Is the blue rectangle completely inside the blue triangle? Answer yes or no.,no,inside_outside,2,ood_count,count,"{'objects': ['obj_2', 'obj_7'], 'relation': 'inside'}",no,no,no,True,0.16741687699999375,,False
ood_count_000009_q01,ood_count_000009,images/ood_count/ood_count_000009.png,Which object is the bottommost in the image?,blue rectangle,relative_ordering,2,ood_count,count,"{'target': 'obj_7', 'relation': 'bottommost'}",yellow circle,blue rectangle,yellow circle,False,0.21718324500000108,spatial_inversion,True
ood_count_000009_q02,ood_count_000009,images/ood_count/ood_count_000009.png,Is the red circle completely inside the blue triangle? Answer yes or no.,no,inside_outside,2,ood_count,count,"{'objects': ['obj_1', 'obj_6'], 'relation': 'inside'}",no,no,no,True,0.16671492399996168,,False
ood_count_000009_q03,ood_count_000009,images/ood_count/ood_count_000009.png,How many objects are left of the red circle?,3,counting,2,ood_count,count,"{'anchor': 'obj_1', 'relation': 'left'}",2,3,2,False,0.16797982999997885,counting_error,True
ood_count_000009_q04,ood_count_000009,images/ood_count/ood_count_000009.png,"Which object is closer to the center of the image, the red circle or the blue circle?",red circle,center_proximity,2,ood_count,count,"{'objects': ['obj_1', 'obj_3'], 'target': 'obj_1', 'relation': 'center_proximity'}",red circle,red circle,red circle,True,0.21617879600000833,,False
ood_count_000010_q01,ood_count_000010,images/ood_count/ood_count_000010.png,Is the red rectangle completely inside the green triangle? Answer yes or no.,no,inside_outside,2,ood_count,count,"{'objects': ['obj_2', 'obj_7'], 'relation': 'inside'}",no,no,no,True,0.16742637200002264,,False
ood_count_000010_q02,ood_count_000010,images/ood_count/ood_count_000010.png,"Which object is closer to the center of the image, the blue rectangle or the yellow circle?",blue rectangle,center_proximity,2,ood_count,count,"{'objects': ['obj_4', 'obj_1'], 'target': 'obj_4', 'relation': 'center_proximity'}",blue rectangle,blue rectangle,blue rectangle,True,0.21611367899998868,,False
ood_count_000010_q03,ood_count_000010,images/ood_count/ood_count_000010.png,Which object is both right of the green triangle and above the yellow circle?,yellow triangle,multi_hop,4,ood_count,count,"{'anchors': ['obj_7', 'obj_1'], 'target': 'obj_6', 'relations': ['right of', 'above']}",red rectangle,yellow triangle,red rectangle,False,0.21613779199998362,relation_chain_failure,True
ood_count_000010_q04,ood_count_000010,images/ood_count/ood_count_000010.png,Which object is the topmost in the image?,yellow triangle,relative_ordering,2,ood_count,count,"{'target': 'obj_6', 'relation': 'topmost'}",triangle,yellow triangle,triangle,False,0.166909214000043,spatial_inversion,True
ood_count_000011_q01,ood_count_000011,images/ood_count/ood_count_000011.png,Which object is immediately above the red rectangle?,blue triangle,above_below,2,ood_count,count,"{'anchor': 'obj_2', 'target': 'obj_6', 'relation': 'above'}",triangle,blue triangle,triangle,False,0.16581566199999997,spatial_inversion,True
ood_count_000011_q02,ood_count_000011,images/ood_count/ood_count_000011.png,"Which object is larger, the red rectangle or the blue triangle?",blue triangle,relative_size,2,ood_count,count,"{'objects': ['obj_2', 'obj_6'], 'target': 'obj_6', 'relation': 'larger'}",red rectangle,blue triangle,red rectangle,False,0.21690521700003274,object_confusion,True
ood_count_000011_q03,ood_count_000011,images/ood_count/ood_count_000011.png,How many green objects are in the image?,3,counting,1,ood_count,count,{'filter': {'color': 'green'}},2,3,2,False,0.1730194840000081,counting_error,True
ood_count_000011_q04,ood_count_000011,images/ood_count/ood_count_000011.png,Which object is between the red circle and the blue rectangle?,green circle,between,3,ood_count,count,"{'objects': ['obj_4', 'obj_7'], 'target': 'obj_1', 'relation': 'between'}",green square,green circle,green square,False,0.21854124499998306,other,True
ood_count_000012_q01,ood_count_000012,images/ood_count/ood_count_000012.png,Do the blue circle and the red rectangle overlap? Answer yes or no.,no,overlap,2,ood_count,count,"{'objects': ['obj_5', 'obj_6'], 'relation': 'overlap'}",yes,no,yes,False,0.16618036800002756,relation_error,True
ood_count_000012_q02,ood_count_000012,images/ood_count/ood_count_000012.png,Which object is the leftmost in the image?,red rectangle,relative_ordering,2,ood_count,count,"{'target': 'obj_6', 'relation': 'leftmost'}",rectangle,red rectangle,rectangle,False,0.16692024799999672,spatial_inversion,True
ood_count_000012_q03,ood_count_000012,images/ood_count/ood_count_000012.png,Which object is between the green rectangle and the red rectangle?,red triangle,between,3,ood_count,count,"{'objects': ['obj_8', 'obj_6'], 'target': 'obj_1', 'relation': 'between'}",blue rectangle,red triangle,blue rectangle,False,0.22329307399996878,object_confusion,True
ood_count_000012_q04,ood_count_000012,images/ood_count/ood_count_000012.png,"Which object is larger, the yellow circle or the red circle?",red circle,relative_size,2,ood_count,count,"{'objects': ['obj_7', 'obj_9'], 'target': 'obj_9', 'relation': 'larger'}",red circle,red circle,red circle,True,0.2171603730000129,,False
ood_count_000013_q01,ood_count_000013,images/ood_count/ood_count_000013.png,Which object is the rightmost in the image?,blue triangle,relative_ordering,2,ood_count,count,"{'target': 'obj_2', 'relation': 'rightmost'}",triangle,blue triangle,triangle,False,0.16555191499998045,spatial_inversion,True
ood_count_000013_q02,ood_count_000013,images/ood_count/ood_count_000013.png,"Which object is smaller, the yellow rectangle or the blue circle?",yellow rectangle,relative_size,2,ood_count,count,"{'objects': ['obj_6', 'obj_3'], 'target': 'obj_6', 'relation': 'smaller'}",yellow rectangle,yellow rectangle,yellow rectangle,True,0.21516682800000808,,False
ood_count_000013_q03,ood_count_000013,images/ood_count/ood_count_000013.png,Which object is both above the yellow rectangle and left of the green triangle?,red circle,multi_hop,4,ood_count,count,"{'anchors': ['obj_6', 'obj_1'], 'target': 'obj_4', 'relations': ['above', 'left of']}",blue triangle,red circle,blue triangle,False,0.21545214400003943,relation_chain_failure,True
ood_count_000013_q04,ood_count_000013,images/ood_count/ood_count_000013.png,Is the blue triangle completely inside the yellow rectangle? Answer yes or no.,no,inside_outside,2,ood_count,count,"{'objects': ['obj_2', 'obj_6'], 'relation': 'inside'}",no,no,no,True,0.16447217900002897,,False
ood_count_000014_q01,ood_count_000014,images/ood_count/ood_count_000014.png,Which object is both above the blue circle and below the blue rectangle?,red rectangle,multi_hop,4,ood_count,count,"{'anchors': ['obj_5', 'obj_6'], 'target': 'obj_3', 'relations': ['above', 'below']}",triangle,red rectangle,triangle,False,0.16529399000000922,relation_chain_failure,True
ood_count_000014_q02,ood_count_000014,images/ood_count/ood_count_000014.png,How many circle objects are in the image?,4,counting,1,ood_count,count,{'filter': {'shape': 'circle'}},3,4,3,False,0.16703038399998604,counting_error,True
ood_count_000014_q03,ood_count_000014,images/ood_count/ood_count_000014.png,Which object is the leftmost in the image?,green circle,relative_ordering,2,ood_count,count,"{'target': 'obj_8', 'relation': 'leftmost'}",square,green circle,square,False,0.16470094999999674,spatial_inversion,True
ood_count_000014_q04,ood_count_000014,images/ood_count/ood_count_000014.png,Which object is farthest from the blue circle?,green circle,nearest_farthest,2,ood_count,count,"{'anchor': 'obj_5', 'target': 'obj_8', 'relation': 'farthest'}",yellow circle,green circle,yellow circle,False,0.2146312259999945,distance_reasoning_error,True
ood_count_000015_q01,ood_count_000015,images/ood_count/ood_count_000015.png,Is the yellow triangle completely inside the yellow rectangle? Answer yes or no.,no,inside_outside,2,ood_count,count,"{'objects': ['obj_6', 'obj_5'], 'relation': 'inside'}",no,no,no,True,0.16533722399998396,,False
ood_count_000015_q02,ood_count_000015,images/ood_count/ood_count_000015.png,Which object is the leftmost in the image?,blue circle,relative_ordering,2,ood_count,count,"{'target': 'obj_4', 'relation': 'leftmost'}",red circle,blue circle,red circle,False,0.2156671419999725,spatial_inversion,True
ood_count_000015_q03,ood_count_000015,images/ood_count/ood_count_000015.png,"Which object is closer to the center of the image, the yellow triangle or the blue circle?",yellow triangle,center_proximity,2,ood_count,count,"{'objects': ['obj_6', 'obj_4'], 'target': 'obj_6', 'relation': 'center_proximity'}",yellow triangle,yellow triangle,yellow triangle,True,0.21541352200000574,,False
ood_count_000015_q04,ood_count_000015,images/ood_count/ood_count_000015.png,Do the red circle and the blue triangle overlap? Answer yes or no.,no,overlap,2,ood_count,count,"{'objects': ['obj_7', 'obj_9'], 'relation': 'overlap'}",no,no,no,True,0.16579655799995408,,False
ood_count_000016_q01,ood_count_000016,images/ood_count/ood_count_000016.png,"Which object is closer to the center of the image, the yellow triangle or the red triangle?",yellow triangle,center_proximity,2,ood_count,count,"{'objects': ['obj_2', 'obj_5'], 'target': 'obj_2', 'relation': 'center_proximity'}",yellow triangle,yellow triangle,yellow triangle,True,0.21470804299997326,,False
ood_count_000016_q02,ood_count_000016,images/ood_count/ood_count_000016.png,Which object is nearest from the yellow rectangle?,blue rectangle,nearest_farthest,2,ood_count,count,"{'anchor': 'obj_6', 'target': 'obj_4', 'relation': 'nearest'}",blue rectangle,blue rectangle,blue rectangle,True,0.21464755799996738,,False
ood_count_000016_q03,ood_count_000016,images/ood_count/ood_count_000016.png,Which object is immediately left of the green triangle?,yellow rectangle,left_right,2,ood_count,count,"{'anchor': 'obj_1', 'target': 'obj_6', 'relation': 'left'}",yellow rectangle,yellow rectangle,yellow rectangle,True,0.21490456600002972,,False
ood_count_000016_q04,ood_count_000016,images/ood_count/ood_count_000016.png,Which object is the leftmost in the image?,red triangle,relative_ordering,2,ood_count,count,"{'target': 'obj_5', 'relation': 'leftmost'}",triangle,red triangle,triangle,False,0.1656482150000329,spatial_inversion,True
ood_count_000017_q01,ood_count_000017,images/ood_count/ood_count_000017.png,How many objects are left of the blue circle?,1,counting,2,ood_count,count,"{'anchor': 'obj_8', 'relation': 'left'}",3,1,3,False,0.1648909749999916,counting_error,True
ood_count_000017_q02,ood_count_000017,images/ood_count/ood_count_000017.png,Which object is both above the green rectangle and right of the blue rectangle?,yellow triangle,multi_hop,4,ood_count,count,"{'anchors': ['obj_5', 'obj_3'], 'target': 'obj_7', 'relations': ['above', 'right of']}",triangle,yellow triangle,triangle,False,0.16477735000000848,relation_chain_failure,True
ood_count_000017_q03,ood_count_000017,images/ood_count/ood_count_000017.png,Which object is immediately right of the red rectangle?,blue triangle,left_right,2,ood_count,count,"{'anchor': 'obj_6', 'target': 'obj_1', 'relation': 'right'}",green triangle,blue triangle,green triangle,False,0.2147305970000275,spatial_inversion,True
ood_count_000017_q04,ood_count_000017,images/ood_count/ood_count_000017.png,"Which object is smaller, the yellow rectangle or the green rectangle?",yellow rectangle,relative_size,2,ood_count,count,"{'objects': ['obj_4', 'obj_5'], 'target': 'obj_4', 'relation': 'smaller'}",yellow rectangle,yellow rectangle,yellow rectangle,True,0.2162225019999937,,False
ood_count_000018_q01,ood_count_000018,images/ood_count/ood_count_000018.png,Which object is the bottommost in the image?,green rectangle,relative_ordering,2,ood_count,count,"{'target': 'obj_5', 'relation': 'bottommost'}",triangle,green rectangle,triangle,False,0.16599609299998974,spatial_inversion,True
ood_count_000018_q02,ood_count_000018,images/ood_count/ood_count_000018.png,Is the red circle completely inside the yellow circle? Answer yes or no.,no,inside_outside,2,ood_count,count,"{'objects': ['obj_1', 'obj_6'], 'relation': 'inside'}",no,no,no,True,0.16507025700002487,,False
ood_count_000018_q03,ood_count_000018,images/ood_count/ood_count_000018.png,How many objects are left of the red circle?,2,counting,2,ood_count,count,"{'anchor': 'obj_1', 'relation': 'left'}",3,2,3,False,0.17100553000000218,counting_error,True
ood_count_000018_q04,ood_count_000018,images/ood_count/ood_count_000018.png,"Which object is closer to the center of the image, the red circle or the red triangle?",red triangle,center_proximity,2,ood_count,count,"{'objects': ['obj_1', 'obj_3'], 'target': 'obj_3', 'relation': 'center_proximity'}",red triangle,red triangle,red triangle,True,0.21733391800000845,,False
ood_count_000019_q01,ood_count_000019,images/ood_count/ood_count_000019.png,How many objects are above the blue rectangle?,8,counting,2,ood_count,count,"{'anchor': 'obj_9', 'relation': 'above'}",3,8,3,False,0.16761423899998817,counting_error,True
ood_count_000019_q02,ood_count_000019,images/ood_count/ood_count_000019.png,Which object is immediately below the yellow triangle?,yellow rectangle,above_below,2,ood_count,count,"{'anchor': 'obj_1', 'target': 'obj_4', 'relation': 'below'}",blue rectangle,yellow rectangle,blue rectangle,False,0.21868205800001306,spatial_inversion,True
ood_count_000019_q03,ood_count_000019,images/ood_count/ood_count_000019.png,Which object is between the blue circle and the yellow circle?,red circle,between,3,ood_count,count,"{'objects': ['obj_6', 'obj_7'], 'target': 'obj_5', 'relation': 'between'}",red circle,red circle,red circle,True,0.21769896400002153,,False
ood_count_000019_q04,ood_count_000019,images/ood_count/ood_count_000019.png,"Which object is larger, the blue triangle or the yellow rectangle?",yellow rectangle,relative_size,2,ood_count,count,"{'objects': ['obj_2', 'obj_4'], 'target': 'obj_4', 'relation': 'larger'}",yellow rectangle,yellow rectangle,yellow rectangle,True,0.21826282099999617,,False
ood_count_000020_q01,ood_count_000020,images/ood_count/ood_count_000020.png,Which object is immediately above the green rectangle?,red triangle,above_below,2,ood_count,count,"{'anchor': 'obj_2', 'target': 'obj_4', 'relation': 'above'}",blue rectangle,red triangle,blue rectangle,False,0.2197218180000391,spatial_inversion,True
ood_count_000020_q02,ood_count_000020,images/ood_count/ood_count_000020.png,"Which object is larger, the green rectangle or the red circle?",red circle,relative_size,2,ood_count,count,"{'objects': ['obj_2', 'obj_6'], 'target': 'obj_6', 'relation': 'larger'}",red circle,red circle,red circle,True,0.22268198400001893,,False
ood_count_000020_q03,ood_count_000020,images/ood_count/ood_count_000020.png,How many green objects are in the image?,3,counting,1,ood_count,count,{'filter': {'color': 'green'}},2,3,2,False,0.1690667400000052,counting_error,True
ood_count_000020_q04,ood_count_000020,images/ood_count/ood_count_000020.png,Which object is between the yellow triangle and the red circle?,blue circle,between,3,ood_count,count,"{'objects': ['obj_9', 'obj_6'], 'target': 'obj_1', 'relation': 'between'}",green circle,blue circle,green circle,False,0.2185372490000077,object_confusion,True
ood_count_000021_q01,ood_count_000021,images/ood_count/ood_count_000021.png,Do the yellow circle and the green rectangle overlap? Answer yes or no.,no,overlap,2,ood_count,count,"{'objects': ['obj_5', 'obj_7'], 'relation': 'overlap'}",no,no,no,True,0.16828931100002364,,False
ood_count_000021_q02,ood_count_000021,images/ood_count/ood_count_000021.png,Which object is the topmost in the image?,blue triangle,relative_ordering,2,ood_count,count,"{'target': 'obj_4', 'relation': 'topmost'}",triangle,blue triangle,triangle,False,0.16613942200001475,spatial_inversion,True
ood_count_000021_q03,ood_count_000021,images/ood_count/ood_count_000021.png,Which object is between the blue triangle and the blue circle?,yellow circle,between,3,ood_count,count,"{'objects': ['obj_4', 'obj_3'], 'target': 'obj_5', 'relation': 'between'}",yellow square,yellow circle,yellow square,False,0.21585823600003096,other,True
ood_count_000021_q04,ood_count_000021,images/ood_count/ood_count_000021.png,"Which object is smaller, the yellow rectangle or the blue rectangle?",blue rectangle,relative_size,2,ood_count,count,"{'objects': ['obj_8', 'obj_6'], 'target': 'obj_6', 'relation': 'smaller'}",yellow rectangle,blue rectangle,yellow rectangle,False,0.21722432100000333,object_confusion,True
ood_count_000022_q01,ood_count_000022,images/ood_count/ood_count_000022.png,Which object is the rightmost in the image?,red rectangle,relative_ordering,2,ood_count,count,"{'target': 'obj_5', 'relation': 'rightmost'}",red square,red rectangle,red square,False,0.2170815110000035,spatial_inversion,True
ood_count_000022_q02,ood_count_000022,images/ood_count/ood_count_000022.png,"Which object is smaller, the blue triangle or the red triangle?",red triangle,relative_size,2,ood_count,count,"{'objects': ['obj_6', 'obj_3'], 'target': 'obj_3', 'relation': 'smaller'}",blue triangle,red triangle,blue triangle,False,0.21607940600000575,object_confusion,True
ood_count_000022_q03,ood_count_000022,images/ood_count/ood_count_000022.png,Which object is both below the yellow triangle and above the green rectangle?,red rectangle,multi_hop,4,ood_count,count,"{'anchors': ['obj_2', 'obj_7'], 'target': 'obj_5', 'relations': ['below', 'above']}",blue triangle,red rectangle,blue triangle,False,0.21989528199998176,relation_chain_failure,True
ood_count_000022_q04,ood_count_000022,images/ood_count/ood_count_000022.png,Is the red triangle completely inside the yellow circle? Answer yes or no.,no,inside_outside,2,ood_count,count,"{'objects': ['obj_3', 'obj_1'], 'relation': 'inside'}",yes,no,yes,False,0.16638188299998546,relation_error,True
ood_count_000023_q01,ood_count_000023,images/ood_count/ood_count_000023.png,Which object is both right of the green triangle and left of the green circle?,red rectangle,multi_hop,4,ood_count,count,"{'anchors': ['obj_4', 'obj_3'], 'target': 'obj_2', 'relations': ['right of', 'left of']}",red circle,red rectangle,red circle,False,0.2177739979999842,relation_chain_failure,True
ood_count_000023_q02,ood_count_000023,images/ood_count/ood_count_000023.png,How many circle objects are in the image?,3,counting,1,ood_count,count,{'filter': {'shape': 'circle'}},3,3,3,True,0.16639879200005225,,False
ood_count_000023_q03,ood_count_000023,images/ood_count/ood_count_000023.png,Which object is the bottommost in the image?,yellow circle,relative_ordering,2,ood_count,count,"{'target': 'obj_1', 'relation': 'bottommost'}",circle,yellow circle,circle,False,0.16740660399995022,spatial_inversion,True
ood_count_000023_q04,ood_count_000023,images/ood_count/ood_count_000023.png,Which object is nearest from the green triangle?,yellow rectangle,nearest_farthest,2,ood_count,count,"{'anchor': 'obj_4', 'target': 'obj_5', 'relation': 'nearest'}",green circle,yellow rectangle,green circle,False,0.21628610400000525,distance_reasoning_error,True
ood_count_000024_q01,ood_count_000024,images/ood_count/ood_count_000024.png,Is the green triangle completely inside the blue circle? Answer yes or no.,no,inside_outside,2,ood_count,count,"{'objects': ['obj_6', 'obj_5'], 'relation': 'inside'}",no,no,no,True,0.16614669599999843,,False
ood_count_000024_q02,ood_count_000024,images/ood_count/ood_count_000024.png,Which object is the leftmost in the image?,blue circle,relative_ordering,2,ood_count,count,"{'target': 'obj_5', 'relation': 'leftmost'}",red circle,blue circle,red circle,False,0.2162946529999772,spatial_inversion,True
ood_count_000024_q03,ood_count_000024,images/ood_count/ood_count_000024.png,"Which object is closer to the center of the image, the green triangle or the red circle?",red circle,center_proximity,2,ood_count,count,"{'objects': ['obj_6', 'obj_4'], 'target': 'obj_4', 'relation': 'center_proximity'}",green triangle,red circle,green triangle,False,0.21611411200001385,distance_reasoning_error,True
ood_count_000024_q04,ood_count_000024,images/ood_count/ood_count_000024.png,Do the red triangle and the yellow rectangle overlap? Answer yes or no.,no,overlap,2,ood_count,count,"{'objects': ['obj_7', 'obj_9'], 'relation': 'overlap'}",no,no,no,True,0.16552966599999763,,False
ood_count_000025_q01,ood_count_000025,images/ood_count/ood_count_000025.png,"Which object is closer to the center of the image, the yellow circle or the blue circle?",blue circle,center_proximity,2,ood_count,count,"{'objects': ['obj_2', 'obj_5'], 'target': 'obj_5', 'relation': 'center_proximity'}",blue circle,blue circle,blue circle,True,0.21864889600004744,,False
ood_count_000025_q02,ood_count_000025,images/ood_count/ood_count_000025.png,Which object is nearest from the red triangle?,blue circle,nearest_farthest,2,ood_count,count,"{'anchor': 'obj_6', 'target': 'obj_5', 'relation': 'nearest'}",blue circle,blue circle,blue circle,True,0.2175086430000306,,False
ood_count_000025_q03,ood_count_000025,images/ood_count/ood_count_000025.png,Which object is the leftmost in the image?,green circle,relative_ordering,2,ood_count,count,"{'target': 'obj_1', 'relation': 'leftmost'}",green circle,green circle,green circle,True,0.2202578540000104,,False
ood_count_000025_q04,ood_count_000025,images/ood_count/ood_count_000025.png,Which object is between the yellow circle and the green circle?,yellow rectangle,between,3,ood_count,count,"{'objects': ['obj_2', 'obj_1'], 'target': 'obj_3', 'relation': 'between'}",red circle,yellow rectangle,red circle,False,0.21635900600000468,object_confusion,True
ood_count_000026_q01,ood_count_000026,images/ood_count/ood_count_000026.png,How many objects are left of the blue rectangle?,7,counting,2,ood_count,count,"{'anchor': 'obj_8', 'relation': 'left'}",3,7,3,False,0.1657665439999505,counting_error,True
ood_count_000026_q02,ood_count_000026,images/ood_count/ood_count_000026.png,Which object is both below the blue triangle and left of the red circle?,red rectangle,multi_hop,4,ood_count,count,"{'anchors': ['obj_3', 'obj_9'], 'target': 'obj_1', 'relations': ['below', 'left of']}",green square,red rectangle,green square,False,0.21660063199999513,relation_chain_failure,True
ood_count_000026_q03,ood_count_000026,images/ood_count/ood_count_000026.png,Which object is immediately left of the red circle?,red rectangle,left_right,2,ood_count,count,"{'anchor': 'obj_9', 'target': 'obj_1', 'relation': 'left'}",green square,red rectangle,green square,False,0.21599587499997597,spatial_inversion,True
ood_count_000026_q04,ood_count_000026,images/ood_count/ood_count_000026.png,"Which object is larger, the green triangle or the red circle?",red circle,relative_size,2,ood_count,count,"{'objects': ['obj_6', 'obj_9'], 'target': 'obj_9', 'relation': 'larger'}",red circle,red circle,red circle,True,0.217367242000023,,False
ood_count_000027_q01,ood_count_000027,images/ood_count/ood_count_000027.png,Which object is the bottommost in the image?,blue rectangle,relative_ordering,2,ood_count,count,"{'target': 'obj_5', 'relation': 'bottommost'}",blue square,blue rectangle,blue square,False,0.21944183099998327,spatial_inversion,True
ood_count_000027_q02,ood_count_000027,images/ood_count/ood_count_000027.png,Is the green rectangle completely inside the blue triangle? Answer yes or no.,no,inside_outside,2,ood_count,count,"{'objects': ['obj_1', 'obj_6'], 'relation': 'inside'}",no,no,no,True,0.165526983999996,,False
ood_count_000027_q03,ood_count_000027,images/ood_count/ood_count_000027.png,How many objects are left of the green triangle?,2,counting,2,ood_count,count,"{'anchor': 'obj_2', 'relation': 'left'}",3,2,3,False,0.16598298399998157,counting_error,True
ood_count_000027_q04,ood_count_000027,images/ood_count/ood_count_000027.png,"Which object is closer to the center of the image, the green triangle or the yellow circle?",green triangle,center_proximity,2,ood_count,count,"{'objects': ['obj_2', 'obj_3'], 'target': 'obj_2', 'relation': 'center_proximity'}",green triangle,green triangle,green triangle,True,0.21516850099999374,,False
ood_count_000028_q01,ood_count_000028,images/ood_count/ood_count_000028.png,How many objects are above the blue rectangle?,1,counting,2,ood_count,count,"{'anchor': 'obj_5', 'relation': 'above'}",3,1,3,False,0.16679495400001088,counting_error,True
ood_count_000028_q02,ood_count_000028,images/ood_count/ood_count_000028.png,Which object is between the blue rectangle and the red rectangle?,yellow triangle,between,3,ood_count,count,"{'objects': ['obj_5', 'obj_6'], 'target': 'obj_3', 'relation': 'between'}",triangle,yellow triangle,triangle,False,0.16693930500002807,object_confusion,True
ood_count_000028_q03,ood_count_000028,images/ood_count/ood_count_000028.png,"Which object is larger, the blue rectangle or the green rectangle?",blue rectangle,relative_size,2,ood_count,count,"{'objects': ['obj_5', 'obj_2'], 'target': 'obj_5', 'relation': 'larger'}",blue rectangle,blue rectangle,blue rectangle,True,0.21519806899999594,,False
ood_count_000028_q04,ood_count_000028,images/ood_count/ood_count_000028.png,Which object is both right of the blue circle and below the blue rectangle?,red rectangle,multi_hop,4,ood_count,count,"{'anchors': ['obj_1', 'obj_5'], 'target': 'obj_6', 'relations': ['right of', 'below']}",red circle,red rectangle,red circle,False,0.21576285899999448,relation_chain_failure,True
ood_count_000029_q01,ood_count_000029,images/ood_count/ood_count_000029.png,Which object is immediately right of the yellow rectangle?,yellow circle,left_right,2,ood_count,count,"{'anchor': 'obj_4', 'target': 'obj_3', 'relation': 'right'}",triangle,yellow circle,triangle,False,0.16542566699996542,spatial_inversion,True
ood_count_000029_q02,ood_count_000029,images/ood_count/ood_count_000029.png,Is the blue triangle completely inside the yellow rectangle? Answer yes or no.,no,inside_outside,2,ood_count,count,"{'objects': ['obj_6', 'obj_4'], 'relation': 'inside'}",no,no,no,True,0.16567551600002162,,False
ood_count_000029_q03,ood_count_000029,images/ood_count/ood_count_000029.png,"Which object is smaller, the yellow rectangle or the yellow circle?",yellow rectangle,relative_size,2,ood_count,count,"{'objects': ['obj_4', 'obj_3'], 'target': 'obj_4', 'relation': 'smaller'}",yellow circle,yellow rectangle,yellow circle,False,0.21735798200001,object_confusion,True
ood_count_000029_q04,ood_count_000029,images/ood_count/ood_count_000029.png,"Which object is closer to the center of the image, the green triangle or the yellow circle?",yellow circle,center_proximity,2,ood_count,count,"{'objects': ['obj_1', 'obj_3'], 'target': 'obj_3', 'relation': 'center_proximity'}",yellow circle,yellow circle,yellow circle,True,0.2155625240000063,,False
ood_count_000030_q01,ood_count_000030,images/ood_count/ood_count_000030.png,Do the red rectangle and the blue triangle overlap? Answer yes or no.,no,overlap,2,ood_count,count,"{'objects': ['obj_6', 'obj_3'], 'relation': 'overlap'}",no,no,no,True,0.1662418689999754,,False
ood_count_000030_q02,ood_count_000030,images/ood_count/ood_count_000030.png,Which object is the topmost in the image?,blue triangle,relative_ordering,2,ood_count,count,"{'target': 'obj_3', 'relation': 'topmost'}",triangle,blue triangle,triangle,False,0.1661790759999917,spatial_inversion,True
ood_count_000030_q03,ood_count_000030,images/ood_count/ood_count_000030.png,Which object is between the green rectangle and the red circle?,yellow rectangle,between,3,ood_count,count,"{'objects': ['obj_1', 'obj_5'], 'target': 'obj_2', 'relation': 'between'}",yellow circle,yellow rectangle,yellow circle,False,0.21673323499999242,object_confusion,True
ood_count_000030_q04,ood_count_000030,images/ood_count/ood_count_000030.png,Which object is immediately right of the yellow circle?,green triangle,left_right,2,ood_count,count,"{'anchor': 'obj_7', 'target': 'obj_4', 'relation': 'right'}",red circle,green triangle,red circle,False,0.21584493099999236,spatial_inversion,True
ood_count_000031_q01,ood_count_000031,images/ood_count/ood_count_000031.png,Which object is the rightmost in the image?,green rectangle,relative_ordering,2,ood_count,count,"{'target': 'obj_4', 'relation': 'rightmost'}",green square,green rectangle,green square,False,0.2155509109999798,spatial_inversion,True
ood_count_000031_q02,ood_count_000031,images/ood_count/ood_count_000031.png,"Which object is smaller, the blue rectangle or the blue triangle?",blue rectangle,relative_size,2,ood_count,count,"{'objects': ['obj_6', 'obj_3'], 'target': 'obj_6', 'relation': 'smaller'}",blue triangle,blue rectangle,blue triangle,False,0.21586613700003454,object_confusion,True
ood_count_000031_q03,ood_count_000031,images/ood_count/ood_count_000031.png,Which object is both above the red triangle and below the green rectangle?,yellow triangle,multi_hop,4,ood_count,count,"{'anchors': ['obj_2', 'obj_4'], 'target': 'obj_1', 'relations': ['above', 'below']}",blue rectangle,yellow triangle,blue rectangle,False,0.214857520999999,relation_chain_failure,True
ood_count_000031_q04,ood_count_000031,images/ood_count/ood_count_000031.png,Is the blue triangle completely inside the yellow triangle? Answer yes or no.,no,inside_outside,2,ood_count,count,"{'objects': ['obj_3', 'obj_1'], 'relation': 'inside'}",no,no,no,True,0.16580306400004474,,False
ood_count_000032_q01,ood_count_000032,images/ood_count/ood_count_000032.png,Which object is both below the green rectangle and left of the red circle?,blue rectangle,multi_hop,4,ood_count,count,"{'anchors': ['obj_5', 'obj_4'], 'target': 'obj_3', 'relations': ['below', 'left of']}",blue rectangle,blue rectangle,blue rectangle,True,0.2153493040000285,,False
ood_count_000032_q02,ood_count_000032,images/ood_count/ood_count_000032.png,How many red objects are in the image?,2,counting,1,ood_count,count,{'filter': {'color': 'red'}},1,2,1,False,0.1656942849999723,counting_error,True
ood_count_000032_q03,ood_count_000032,images/ood_count/ood_count_000032.png,Which object is the topmost in the image?,blue circle,relative_ordering,2,ood_count,count,"{'target': 'obj_2', 'relation': 'topmost'}",blue circle,blue circle,blue circle,True,0.21553666900001645,,False
ood_count_000032_q04,ood_count_000032,images/ood_count/ood_count_000032.png,Which object is farthest from the green triangle?,blue circle,nearest_farthest,2,ood_count,count,"{'anchor': 'obj_7', 'target': 'obj_2', 'relation': 'farthest'}",blue rectangle,blue circle,blue rectangle,False,0.21531063699995912,distance_reasoning_error,True
ood_count_000033_q01,ood_count_000033,images/ood_count/ood_count_000033.png,Is the yellow rectangle completely inside the blue rectangle? Answer yes or no.,no,inside_outside,2,ood_count,count,"{'objects': ['obj_3', 'obj_6'], 'relation': 'inside'}",no,no,no,True,0.17292057499997782,,False
ood_count_000033_q02,ood_count_000033,images/ood_count/ood_count_000033.png,Which object is the leftmost in the image?,blue rectangle,relative_ordering,2,ood_count,count,"{'target': 'obj_6', 'relation': 'leftmost'}",blue shape,blue rectangle,blue shape,False,0.21812724699998398,spatial_inversion,True
ood_count_000033_q03,ood_count_000033,images/ood_count/ood_count_000033.png,"Which object is closer to the center of the image, the yellow rectangle or the yellow circle?",yellow rectangle,center_proximity,2,ood_count,count,"{'objects': ['obj_3', 'obj_2'], 'target': 'obj_3', 'relation': 'center_proximity'}",yellow rectangle,yellow rectangle,yellow rectangle,True,0.21758525400002782,,False
ood_count_000033_q04,ood_count_000033,images/ood_count/ood_count_000033.png,Do the red triangle and the blue circle overlap? Answer yes or no.,no,overlap,2,ood_count,count,"{'objects': ['obj_4', 'obj_5'], 'relation': 'overlap'}",no,no,no,True,0.16714072600001373,,False
ood_count_000034_q01,ood_count_000034,images/ood_count/ood_count_000034.png,"Which object is closer to the center of the image, the yellow triangle or the green circle?",green circle,center_proximity,2,ood_count,count,"{'objects': ['obj_2', 'obj_5'], 'target': 'obj_5', 'relation': 'center_proximity'}",green circle,green circle,green circle,True,0.2174104999999713,,False
ood_count_000034_q02,ood_count_000034,images/ood_count/ood_count_000034.png,Which object is nearest from the blue triangle?,red rectangle,nearest_farthest,2,ood_count,count,"{'anchor': 'obj_6', 'target': 'obj_3', 'relation': 'nearest'}",red rectangle,red rectangle,red rectangle,True,0.21930255799998122,,False
ood_count_000034_q03,ood_count_000034,images/ood_count/ood_count_000034.png,Which object is immediately left of the red triangle?,red circle,left_right,2,ood_count,count,"{'anchor': 'obj_1', 'target': 'obj_4', 'relation': 'left'}",green circle,red circle,green circle,False,0.21857478200001879,spatial_inversion,True
ood_count_000034_q04,ood_count_000034,images/ood_count/ood_count_000034.png,Which object is the leftmost in the image?,green circle,relative_ordering,2,ood_count,count,"{'target': 'obj_5', 'relation': 'leftmost'}",circle,green circle,circle,False,0.1700652170000012,spatial_inversion,True
ood_count_000035_q01,ood_count_000035,images/ood_count/ood_count_000035.png,How many objects are left of the yellow rectangle?,0,counting,2,ood_count,count,"{'anchor': 'obj_7', 'relation': 'left'}",3,0,3,False,0.16722510300002114,counting_error,True
ood_count_000035_q02,ood_count_000035,images/ood_count/ood_count_000035.png,Which object is both above the yellow triangle and below the green triangle?,red rectangle,multi_hop,4,ood_count,count,"{'anchors': ['obj_4', 'obj_1'], 'target': 'obj_2', 'relations': ['above', 'below']}",red rectangle,red rectangle,red rectangle,True,0.21469589600002337,,False
ood_count_000035_q03,ood_count_000035,images/ood_count/ood_count_000035.png,Which object is immediately right of the red rectangle?,green triangle,left_right,2,ood_count,count,"{'anchor': 'obj_2', 'target': 'obj_1', 'relation': 'right'}",triangle,green triangle,triangle,False,0.16472144799996613,spatial_inversion,True
ood_count_000035_q04,ood_count_000035,images/ood_count/ood_count_000035.png,"Which object is smaller, the yellow triangle or the red triangle?",yellow triangle,relative_size,2,ood_count,count,"{'objects': ['obj_4', 'obj_5'], 'target': 'obj_4', 'relation': 'smaller'}",yellow triangle,yellow triangle,yellow triangle,True,0.21476834499998176,,False
ood_count_000036_q01,ood_count_000036,images/ood_count/ood_count_000036.png,Which object is the bottommost in the image?,yellow circle,relative_ordering,2,ood_count,count,"{'target': 'obj_1', 'relation': 'bottommost'}",triangle,yellow circle,triangle,False,0.1654713030000039,spatial_inversion,True
ood_count_000036_q02,ood_count_000036,images/ood_count/ood_count_000036.png,Is the yellow circle completely inside the blue triangle? Answer yes or no.,no,inside_outside,2,ood_count,count,"{'objects': ['obj_1', 'obj_6'], 'relation': 'inside'}",no,no,no,True,0.16569009400001278,,False
ood_count_000036_q03,ood_count_000036,images/ood_count/ood_count_000036.png,How many objects are left of the yellow circle?,1,counting,2,ood_count,count,"{'anchor': 'obj_1', 'relation': 'left'}",3,1,3,False,0.16489064700004974,counting_error,True
ood_count_000036_q04,ood_count_000036,images/ood_count/ood_count_000036.png,"Which object is closer to the center of the image, the yellow circle or the yellow triangle?",yellow triangle,center_proximity,2,ood_count,count,"{'objects': ['obj_1', 'obj_3'], 'target': 'obj_3', 'relation': 'center_proximity'}",yellow circle,yellow triangle,yellow circle,False,0.21462347800002135,distance_reasoning_error,True
ood_count_000037_q01,ood_count_000037,images/ood_count/ood_count_000037.png,How many objects are above the yellow triangle?,0,counting,2,ood_count,count,"{'anchor': 'obj_1', 'relation': 'above'}",2,0,2,False,0.1666048069999988,counting_error,True
ood_count_000037_q02,ood_count_000037,images/ood_count/ood_count_000037.png,Which object is immediately above the red rectangle?,green rectangle,above_below,2,ood_count,count,"{'anchor': 'obj_7', 'target': 'obj_6', 'relation': 'above'}",triangle,green rectangle,triangle,False,0.1657426360000045,spatial_inversion,True
ood_count_000037_q03,ood_count_000037,images/ood_count/ood_count_000037.png,Which object is between the yellow triangle and the red rectangle?,red circle,between,3,ood_count,count,"{'objects': ['obj_1', 'obj_7'], 'target': 'obj_2', 'relation': 'between'}",blue triangle,red circle,blue triangle,False,0.2149384520000126,object_confusion,True
ood_count_000037_q04,ood_count_000037,images/ood_count/ood_count_000037.png,"Which object is larger, the yellow triangle or the yellow rectangle?",yellow rectangle,relative_size,2,ood_count,count,"{'objects': ['obj_1', 'obj_5'], 'target': 'obj_5', 'relation': 'larger'}",yellow rectangle,yellow rectangle,yellow rectangle,True,0.21574689200002695,,False
ood_count_000038_q01,ood_count_000038,images/ood_count/ood_count_000038.png,Which object is immediately right of the yellow triangle?,green triangle,left_right,2,ood_count,count,"{'anchor': 'obj_4', 'target': 'obj_3', 'relation': 'right'}",green triangle,green triangle,green triangle,True,0.21440364900001896,,False
ood_count_000038_q02,ood_count_000038,images/ood_count/ood_count_000038.png,Is the green rectangle completely inside the red triangle? Answer yes or no.,no,inside_outside,2,ood_count,count,"{'objects': ['obj_6', 'obj_7'], 'relation': 'inside'}",no,no,no,True,0.16549907000000985,,False
ood_count_000038_q03,ood_count_000038,images/ood_count/ood_count_000038.png,Which object is both below the green triangle and left of the red circle?,red triangle,multi_hop,4,ood_count,count,"{'anchors': ['obj_3', 'obj_5'], 'target': 'obj_7', 'relations': ['below', 'left of']}",triangle,red triangle,triangle,False,0.16605501399999412,relation_chain_failure,True
ood_count_000038_q04,ood_count_000038,images/ood_count/ood_count_000038.png,How many objects are above the green circle?,4,counting,2,ood_count,count,"{'anchor': 'obj_1', 'relation': 'above'}",3,4,3,False,0.16613285199997563,counting_error,True
ood_count_000039_q01,ood_count_000039,images/ood_count/ood_count_000039.png,Which object is the rightmost in the image?,blue rectangle,relative_ordering,2,ood_count,count,"{'target': 'obj_2', 'relation': 'rightmost'}",blue triangle,blue rectangle,blue triangle,False,0.21441666399999804,spatial_inversion,True
ood_count_000039_q02,ood_count_000039,images/ood_count/ood_count_000039.png,Which object is immediately above the green triangle?,yellow circle,above_below,2,ood_count,count,"{'anchor': 'obj_6', 'target': 'obj_7', 'relation': 'above'}",blue square,yellow circle,blue square,False,0.21463469000002533,spatial_inversion,True
ood_count_000039_q03,ood_count_000039,images/ood_count/ood_count_000039.png,Do the green triangle and the yellow circle overlap? Answer yes or no.,no,overlap,2,ood_count,count,"{'objects': ['obj_6', 'obj_7'], 'relation': 'overlap'}",no,no,no,True,0.16471748399999342,,False
ood_count_000039_q04,ood_count_000039,images/ood_count/ood_count_000039.png,"Which object is closer to the center of the image, the red rectangle or the green triangle?",red rectangle,center_proximity,2,ood_count,count,"{'objects': ['obj_3', 'obj_6'], 'target': 'obj_3', 'relation': 'center_proximity'}",red rectangle,red rectangle,red rectangle,True,0.2146730649999995,,False
ood_count_000040_q01,ood_count_000040,images/ood_count/ood_count_000040.png,Which object is the rightmost in the image?,green triangle,relative_ordering,2,ood_count,count,"{'target': 'obj_1', 'relation': 'rightmost'}",triangle,green triangle,triangle,False,0.1652438630000006,spatial_inversion,True
ood_count_000040_q02,ood_count_000040,images/ood_count/ood_count_000040.png,"Which object is smaller, the yellow circle or the blue rectangle?",yellow circle,relative_size,2,ood_count,count,"{'objects': ['obj_6', 'obj_3'], 'target': 'obj_6', 'relation': 'smaller'}",yellow circle,yellow circle,yellow circle,True,0.21614996699997846,,False
ood_count_000040_q03,ood_count_000040,images/ood_count/ood_count_000040.png,Which object is both below the red rectangle and left of the blue rectangle?,green circle,multi_hop,4,ood_count,count,"{'anchors': ['obj_4', 'obj_3'], 'target': 'obj_2', 'relations': ['below', 'left of']}",yellow circle,green circle,yellow circle,False,0.21439212199999247,relation_chain_failure,True
ood_count_000040_q04,ood_count_000040,images/ood_count/ood_count_000040.png,Which object is immediately below the green circle?,yellow circle,above_below,2,ood_count,count,"{'anchor': 'obj_2', 'target': 'obj_6', 'relation': 'below'}",yellow circle,yellow circle,yellow circle,True,0.2172745940000027,,False
ood_count_000041_q01,ood_count_000041,images/ood_count/ood_count_000041.png,Which object is both below the red rectangle and right of the green circle?,red circle,multi_hop,4,ood_count,count,"{'anchors': ['obj_6', 'obj_7'], 'target': 'obj_3', 'relations': ['below', 'right of']}",red circle,red circle,red circle,True,0.2163895909999951,,False
ood_count_000041_q02,ood_count_000041,images/ood_count/ood_count_000041.png,How many objects are left of the blue triangle?,1,counting,2,ood_count,count,"{'anchor': 'obj_2', 'relation': 'left'}",3,1,3,False,0.16603124300002037,counting_error,True
ood_count_000041_q03,ood_count_000041,images/ood_count/ood_count_000041.png,Which object is the rightmost in the image?,red circle,relative_ordering,2,ood_count,count,"{'target': 'obj_3', 'relation': 'rightmost'}",red circle,red circle,red circle,True,0.2150730019999969,,False
ood_count_000041_q04,ood_count_000041,images/ood_count/ood_count_000041.png,Which object is nearest from the yellow circle?,green circle,nearest_farthest,2,ood_count,count,"{'anchor': 'obj_1', 'target': 'obj_7', 'relation': 'nearest'}",green circle,green circle,green circle,True,0.21485112699997444,,False
ood_count_000042_q01,ood_count_000042,images/ood_count/ood_count_000042.png,Is the blue rectangle completely inside the blue triangle? Answer yes or no.,no,inside_outside,2,ood_count,count,"{'objects': ['obj_7', 'obj_3'], 'relation': 'inside'}",no,no,no,True,0.164477101999978,,False
ood_count_000042_q02,ood_count_000042,images/ood_count/ood_count_000042.png,Which object is the topmost in the image?,red triangle,relative_ordering,2,ood_count,count,"{'target': 'obj_1', 'relation': 'topmost'}",triangle,red triangle,triangle,False,0.16479847099998324,spatial_inversion,True
ood_count_000042_q03,ood_count_000042,images/ood_count/ood_count_000042.png,"Which object is closer to the center of the image, the green circle or the red circle?",red circle,center_proximity,2,ood_count,count,"{'objects': ['obj_6', 'obj_5'], 'target': 'obj_5', 'relation': 'center_proximity'}",red circle,red circle,red circle,True,0.21473899900001925,,False
ood_count_000042_q04,ood_count_000042,images/ood_count/ood_count_000042.png,Do the red triangle and the blue triangle overlap? Answer yes or no.,no,overlap,2,ood_count,count,"{'objects': ['obj_1', 'obj_3'], 'relation': 'overlap'}",no,no,no,True,0.16637279499997248,,False
ood_count_000043_q01,ood_count_000043,images/ood_count/ood_count_000043.png,"Which object is closer to the center of the image, the red rectangle or the red circle?",red rectangle,center_proximity,2,ood_count,count,"{'objects': ['obj_4', 'obj_5'], 'target': 'obj_4', 'relation': 'center_proximity'}",red circle,red rectangle,red circle,False,0.2149589120000428,distance_reasoning_error,True
ood_count_000043_q02,ood_count_000043,images/ood_count/ood_count_000043.png,Which object is nearest from the green circle?,green rectangle,nearest_farthest,2,ood_count,count,"{'anchor': 'obj_1', 'target': 'obj_8', 'relation': 'nearest'}",red circle,green rectangle,red circle,False,0.21525101800000357,distance_reasoning_error,True
ood_count_000043_q03,ood_count_000043,images/ood_count/ood_count_000043.png,Which object is immediately left of the yellow triangle?,blue rectangle,left_right,2,ood_count,count,"{'anchor': 'obj_3', 'target': 'obj_2', 'relation': 'left'}",blue square,blue rectangle,blue square,False,0.21495257399999446,spatial_inversion,True
ood_count_000043_q04,ood_count_000043,images/ood_count/ood_count_000043.png,Which object is the rightmost in the image?,green rectangle,relative_ordering,2,ood_count,count,"{'target': 'obj_8', 'relation': 'rightmost'}",green circle,green rectangle,green circle,False,0.21792884200004892,spatial_inversion,True
ood_count_000044_q01,ood_count_000044,images/ood_count/ood_count_000044.png,How many objects are left of the blue triangle?,7,counting,2,ood_count,count,"{'anchor': 'obj_8', 'relation': 'left'}",3,7,3,False,0.1660322449999967,counting_error,True
ood_count_000044_q02,ood_count_000044,images/ood_count/ood_count_000044.png,Which object is both right of the red circle and above the blue triangle?,yellow circle,multi_hop,4,ood_count,count,"{'anchors': ['obj_6', 'obj_8'], 'target': 'obj_7', 'relations': ['right of', 'above']}",yellow circle,yellow circle,yellow circle,True,0.21687535399996705,,False
ood_count_000044_q03,ood_count_000044,images/ood_count/ood_count_000044.png,Which object is immediately left of the yellow circle?,blue triangle,left_right,2,ood_count,count,"{'anchor': 'obj_7', 'target': 'obj_8', 'relation': 'left'}",red circle,blue triangle,red circle,False,0.2161724270000036,spatial_inversion,True
ood_count_000044_q04,ood_count_000044,images/ood_count/ood_count_000044.png,"Which object is larger, the yellow rectangle or the blue triangle?",blue triangle,relative_size,2,ood_count,count,"{'objects': ['obj_2', 'obj_8'], 'target': 'obj_8', 'relation': 'larger'}",yellow rectangle,blue triangle,yellow rectangle,False,0.21615974999997434,object_confusion,True
ood_count_000045_q01,ood_count_000045,images/ood_count/ood_count_000045.png,Which object is the bottommost in the image?,red circle,relative_ordering,2,ood_count,count,"{'target': 'obj_1', 'relation': 'bottommost'}",red circle,red circle,red circle,True,0.2163717469999824,,False
ood_count_000045_q02,ood_count_000045,images/ood_count/ood_count_000045.png,Is the red circle completely inside the yellow circle? Answer yes or no.,no,inside_outside,2,ood_count,count,"{'objects': ['obj_1', 'obj_4'], 'relation': 'inside'}",no,no,no,True,0.1664372809999577,,False
ood_count_000045_q03,ood_count_000045,images/ood_count/ood_count_000045.png,How many blue objects are in the image?,2,counting,1,ood_count,count,{'filter': {'color': 'blue'}},2,2,2,True,0.16576843400002872,,False
ood_count_000045_q04,ood_count_000045,images/ood_count/ood_count_000045.png,Do the yellow circle and the green rectangle overlap? Answer yes or no.,no,overlap,2,ood_count,count,"{'objects': ['obj_4', 'obj_5'], 'relation': 'overlap'}",no,no,no,True,0.16562893399998302,,False
ood_count_000046_q01,ood_count_000046,images/ood_count/ood_count_000046.png,How many objects are above the yellow rectangle?,2,counting,2,ood_count,count,"{'anchor': 'obj_1', 'relation': 'above'}",4,2,4,False,0.16554629199998772,counting_error,True
ood_count_000046_q02,ood_count_000046,images/ood_count/ood_count_000046.png,Which object is immediately above the blue circle?,green triangle,above_below,2,ood_count,count,"{'anchor': 'obj_7', 'target': 'obj_2', 'relation': 'above'}",triangle,green triangle,triangle,False,0.16572611800000914,spatial_inversion,True
ood_count_000046_q03,ood_count_000046,images/ood_count/ood_count_000046.png,"Which object is larger, the yellow triangle or the green triangle?",green triangle,relative_size,2,ood_count,count,"{'objects': ['obj_4', 'obj_2'], 'target': 'obj_2', 'relation': 'larger'}",yellow triangle,green triangle,yellow triangle,False,0.21563305199998695,object_confusion,True
ood_count_000046_q04,ood_count_000046,images/ood_count/ood_count_000046.png,Which object is both below the red triangle and right of the yellow rectangle?,blue triangle,multi_hop,4,ood_count,count,"{'anchors': ['obj_5', 'obj_1'], 'target': 'obj_6', 'relations': ['below', 'right of']}",blue triangle,blue triangle,blue triangle,True,0.21647958500000186,,False
ood_count_000047_q01,ood_count_000047,images/ood_count/ood_count_000047.png,Which object is immediately right of the red rectangle?,yellow rectangle,left_right,2,ood_count,count,"{'anchor': 'obj_4', 'target': 'obj_2', 'relation': 'right'}",yellow rectangle,yellow rectangle,yellow rectangle,True,0.21616632100000288,,False
ood_count_000047_q02,ood_count_000047,images/ood_count/ood_count_000047.png,Is the green rectangle completely inside the yellow triangle? Answer yes or no.,no,inside_outside,2,ood_count,count,"{'objects': ['obj_6', 'obj_7'], 'relation': 'inside'}",no,no,no,True,0.1655800089999957,,False
ood_count_000047_q03,ood_count_000047,images/ood_count/ood_count_000047.png,"Which object is closer to the center of the image, the yellow triangle or the green rectangle?",yellow triangle,center_proximity,2,ood_count,count,"{'objects': ['obj_7', 'obj_6'], 'target': 'obj_7', 'relation': 'center_proximity'}",yellow triangle,yellow triangle,yellow triangle,True,0.2166411609999841,,False
ood_count_000047_q04,ood_count_000047,images/ood_count/ood_count_000047.png,Which object is both below the yellow rectangle and above the yellow triangle?,yellow circle,multi_hop,4,ood_count,count,"{'anchors': ['obj_2', 'obj_7'], 'target': 'obj_1', 'relations': ['below', 'above']}",green rectangle,yellow circle,green rectangle,False,0.2219470510000292,relation_chain_failure,True
ood_count_000048_q01,ood_count_000048,images/ood_count/ood_count_000048.png,Which object is the rightmost in the image?,blue triangle,relative_ordering,2,ood_count,count,"{'target': 'obj_5', 'relation': 'rightmost'}",triangle,blue triangle,triangle,False,0.16799082799997223,spatial_inversion,True
ood_count_000048_q02,ood_count_000048,images/ood_count/ood_count_000048.png,Which object is immediately below the green rectangle?,green triangle,above_below,2,ood_count,count,"{'anchor': 'obj_3', 'target': 'obj_8', 'relation': 'below'}",blue circle,green triangle,blue circle,False,0.21799791000000823,spatial_inversion,True
ood_count_000048_q03,ood_count_000048,images/ood_count/ood_count_000048.png,Do the blue circle and the green circle overlap? Answer yes or no.,no,overlap,2,ood_count,count,"{'objects': ['obj_4', 'obj_6'], 'relation': 'overlap'}",no,no,no,True,0.16724111299998867,,False
ood_count_000048_q04,ood_count_000048,images/ood_count/ood_count_000048.png,"Which object is closer to the center of the image, the green circle or the blue triangle?",green circle,center_proximity,2,ood_count,count,"{'objects': ['obj_6', 'obj_5'], 'target': 'obj_6', 'relation': 'center_proximity'}",blue triangle,green circle,blue triangle,False,0.21809127000000217,distance_reasoning_error,True
ood_count_000049_q01,ood_count_000049,images/ood_count/ood_count_000049.png,Which object is both right of the yellow rectangle and above the green triangle?,yellow triangle,multi_hop,4,ood_count,count,"{'anchors': ['obj_6', 'obj_5'], 'target': 'obj_3', 'relations': ['right of', 'above']}",yellow rectangle,yellow triangle,yellow rectangle,False,0.2176498499999866,relation_chain_failure,True
ood_count_000049_q02,ood_count_000049,images/ood_count/ood_count_000049.png,"Which object is closer to the center of the image, the yellow circle or the red triangle?",red triangle,center_proximity,2,ood_count,count,"{'objects': ['obj_2', 'obj_1'], 'target': 'obj_1', 'relation': 'center_proximity'}",yellow circle,red triangle,yellow circle,False,0.21776671100002432,distance_reasoning_error,True
ood_count_000049_q03,ood_count_000049,images/ood_count/ood_count_000049.png,Which object is farthest from the yellow rectangle?,yellow circle,nearest_farthest,2,ood_count,count,"{'anchor': 'obj_6', 'target': 'obj_2', 'relation': 'farthest'}",triangle,yellow circle,triangle,False,0.16599634900001092,distance_reasoning_error,True
ood_count_000049_q04,ood_count_000049,images/ood_count/ood_count_000049.png,Which object is the leftmost in the image?,yellow circle,relative_ordering,2,ood_count,count,"{'target': 'obj_2', 'relation': 'leftmost'}",circle,yellow circle,circle,False,0.1679644010000061,spatial_inversion,True
ood_background_000000_q01,ood_background_000000,images/ood_background/ood_background_000000.png,Which object is both right of the red circle and left of the yellow rectangle?,red rectangle,multi_hop,4,ood_background,background,"{'anchors': ['obj_2', 'obj_3'], 'target': 'obj_1', 'relations': ['right of', 'left of']}",red square,red rectangle,red square,False,0.21652501400001256,relation_chain_failure,True
ood_background_000000_q02,ood_background_000000,images/ood_background/ood_background_000000.png,Which object is between the green rectangle and the yellow rectangle?,red circle,between,3,ood_background,background,"{'objects': ['obj_4', 'obj_3'], 'target': 'obj_2', 'relation': 'between'}",red circle,red circle,red circle,True,0.2152088330000197,,False
ood_background_000000_q03,ood_background_000000,images/ood_background/ood_background_000000.png,Which object is farthest from the red rectangle?,yellow rectangle,nearest_farthest,2,ood_background,background,"{'anchor': 'obj_1', 'target': 'obj_3', 'relation': 'farthest'}",yellow square,yellow rectangle,yellow square,False,0.21426348900001813,distance_reasoning_error,True
ood_background_000000_q04,ood_background_000000,images/ood_background/ood_background_000000.png,Do the green rectangle and the blue rectangle overlap? Answer yes or no.,yes,overlap,2,ood_background,background,"{'objects': ['obj_4', 'obj_5'], 'relation': 'overlap'}",yes,yes,yes,True,0.16438498000002255,,False
ood_background_000001_q01,ood_background_000001,images/ood_background/ood_background_000001.png,Which object is both right of the green circle and left of the blue triangle?,green rectangle,multi_hop,4,ood_background,background,"{'anchors': ['obj_4', 'obj_3'], 'target': 'obj_2', 'relations': ['right of', 'left of']}",square,green rectangle,square,False,0.16434194199996455,relation_chain_failure,True
ood_background_000001_q02,ood_background_000001,images/ood_background/ood_background_000001.png,Do the blue triangle and the green circle overlap? Answer yes or no.,no,overlap,2,ood_background,background,"{'objects': ['obj_3', 'obj_4'], 'relation': 'overlap'}",no,no,no,True,0.16429242000003796,,False
ood_background_000001_q03,ood_background_000001,images/ood_background/ood_background_000001.png,Which object is the rightmost in the image?,blue triangle,relative_ordering,2,ood_background,background,"{'target': 'obj_3', 'relation': 'rightmost'}",triangle,blue triangle,triangle,False,0.16530041999999412,spatial_inversion,True
ood_background_000001_q04,ood_background_000001,images/ood_background/ood_background_000001.png,"Which object is closer to the center of the image, the green rectangle or the green circle?",green rectangle,center_proximity,2,ood_background,background,"{'objects': ['obj_2', 'obj_4'], 'target': 'obj_2', 'relation': 'center_proximity'}",green circle,green rectangle,green circle,False,0.21383389200002512,distance_reasoning_error,True
ood_background_000002_q01,ood_background_000002,images/ood_background/ood_background_000002.png,Which object is the topmost in the image?,yellow circle,relative_ordering,2,ood_background,background,"{'target': 'obj_3', 'relation': 'topmost'}",circle,yellow circle,circle,False,0.1654149519999919,spatial_inversion,True
ood_background_000002_q02,ood_background_000002,images/ood_background/ood_background_000002.png,Is the yellow circle completely inside the green triangle? Answer yes or no.,no,inside_outside,2,ood_background,background,"{'objects': ['obj_3', 'obj_2'], 'relation': 'inside'}",no,no,no,True,0.16477446999999756,,False
ood_background_000002_q03,ood_background_000002,images/ood_background/ood_background_000002.png,Do the green triangle and the yellow circle overlap? Answer yes or no.,no,overlap,2,ood_background,background,"{'objects': ['obj_2', 'obj_3'], 'relation': 'overlap'}",no,no,no,True,0.1652488639999774,,False
ood_background_000002_q04,ood_background_000002,images/ood_background/ood_background_000002.png,"Which object is smaller, the green circle or the green triangle?",green triangle,relative_size,2,ood_background,background,"{'objects': ['obj_1', 'obj_2'], 'target': 'obj_2', 'relation': 'smaller'}",green triangle,green triangle,green triangle,True,0.2148162569999954,,False
ood_background_000003_q01,ood_background_000003,images/ood_background/ood_background_000003.png,Which object is the topmost in the image?,blue circle,relative_ordering,2,ood_background,background,"{'target': 'obj_2', 'relation': 'topmost'}",blue circle,blue circle,blue circle,True,0.21562975200004075,,False
ood_background_000003_q02,ood_background_000003,images/ood_background/ood_background_000003.png,Which object is nearest from the blue triangle?,blue circle,nearest_farthest,2,ood_background,background,"{'anchor': 'obj_4', 'target': 'obj_2', 'relation': 'nearest'}",blue circle,blue circle,blue circle,True,0.21569794299995237,,False
ood_background_000003_q03,ood_background_000003,images/ood_background/ood_background_000003.png,Is the yellow circle completely inside the yellow triangle? Answer yes or no.,no,inside_outside,2,ood_background,background,"{'objects': ['obj_1', 'obj_3'], 'relation': 'inside'}",no,no,no,True,0.16542713300003697,,False
ood_background_000003_q04,ood_background_000003,images/ood_background/ood_background_000003.png,How many circle objects are in the image?,3,counting,1,ood_background,background,{'filter': {'shape': 'circle'}},2,3,2,False,0.17311917200004245,counting_error,True
ood_background_000004_q01,ood_background_000004,images/ood_background/ood_background_000004.png,Which object is the rightmost in the image?,green triangle,relative_ordering,2,ood_background,background,"{'target': 'obj_1', 'relation': 'rightmost'}",triangle,green triangle,triangle,False,0.17017737899999474,spatial_inversion,True
ood_background_000004_q02,ood_background_000004,images/ood_background/ood_background_000004.png,"Which object is closer to the center of the image, the green circle or the red rectangle?",green circle,center_proximity,2,ood_background,background,"{'objects': ['obj_5', 'obj_3'], 'target': 'obj_5', 'relation': 'center_proximity'}",red rectangle,green circle,red rectangle,False,0.21658100000001923,distance_reasoning_error,True
ood_background_000004_q03,ood_background_000004,images/ood_background/ood_background_000004.png,"Which object is smaller, the green circle or the red rectangle?",red rectangle,relative_size,2,ood_background,background,"{'objects': ['obj_5', 'obj_3'], 'target': 'obj_3', 'relation': 'smaller'}",red rectangle,red rectangle,red rectangle,True,0.21511606600000732,,False
ood_background_000004_q04,ood_background_000004,images/ood_background/ood_background_000004.png,Is the red rectangle completely inside the green circle? Answer yes or no.,no,inside_outside,2,ood_background,background,"{'objects': ['obj_3', 'obj_5'], 'relation': 'inside'}",no,no,no,True,0.16527318800001467,,False
ood_background_000005_q01,ood_background_000005,images/ood_background/ood_background_000005.png,Is the yellow rectangle completely inside the red circle? Answer yes or no.,no,inside_outside,2,ood_background,background,"{'objects': ['obj_1', 'obj_2'], 'relation': 'inside'}",no,no,no,True,0.16514559099999815,,False
ood_background_000005_q02,ood_background_000005,images/ood_background/ood_background_000005.png,Which object is immediately left of the red circle?,yellow rectangle,left_right,2,ood_background,background,"{'anchor': 'obj_2', 'target': 'obj_1', 'relation': 'left'}",yellow square,yellow rectangle,yellow square,False,0.21539286200004426,spatial_inversion,True
ood_background_000005_q03,ood_background_000005,images/ood_background/ood_background_000005.png,Do the green rectangle and the yellow circle overlap? Answer yes or no.,no,overlap,2,ood_background,background,"{'objects': ['obj_3', 'obj_4'], 'relation': 'overlap'}",no,no,no,True,0.16513810100002502,,False
ood_background_000005_q04,ood_background_000005,images/ood_background/ood_background_000005.png,Which object is the leftmost in the image?,yellow rectangle,relative_ordering,2,ood_background,background,"{'target': 'obj_1', 'relation': 'leftmost'}",square,yellow rectangle,square,False,0.16507292699998288,spatial_inversion,True
ood_background_000006_q01,ood_background_000006,images/ood_background/ood_background_000006.png,"Which object is larger, the green rectangle or the blue triangle?",green rectangle,relative_size,2,ood_background,background,"{'objects': ['obj_5', 'obj_1'], 'target': 'obj_5', 'relation': 'larger'}",green rectangle,green rectangle,green rectangle,True,0.21442437100000689,,False
ood_background_000006_q02,ood_background_000006,images/ood_background/ood_background_000006.png,Which object is farthest from the blue triangle?,green rectangle,nearest_farthest,2,ood_background,background,"{'anchor': 'obj_1', 'target': 'obj_5', 'relation': 'farthest'}",green rectangle,green rectangle,green rectangle,True,0.2143148609999912,,False
ood_background_000006_q03,ood_background_000006,images/ood_background/ood_background_000006.png,Is the blue triangle completely inside the yellow circle? Answer yes or no.,no,inside_outside,2,ood_background,background,"{'objects': ['obj_1', 'obj_4'], 'relation': 'inside'}",no,no,no,True,0.16526910499999303,,False
ood_background_000006_q04,ood_background_000006,images/ood_background/ood_background_000006.png,How many rectangle objects are in the image?,3,counting,1,ood_background,background,{'filter': {'shape': 'rectangle'}},1,3,1,False,0.16675287800001115,counting_error,True
ood_background_000007_q01,ood_background_000007,images/ood_background/ood_background_000007.png,"Which object is closer to the center of the image, the yellow triangle or the yellow circle?",yellow triangle,center_proximity,2,ood_background,background,"{'objects': ['obj_3', 'obj_4'], 'target': 'obj_3', 'relation': 'center_proximity'}",yellow circle,yellow triangle,yellow circle,False,0.21545668499999238,distance_reasoning_error,True
ood_background_000007_q02,ood_background_000007,images/ood_background/ood_background_000007.png,Which object is both above the blue circle and left of the green rectangle?,yellow circle,multi_hop,4,ood_background,background,"{'anchors': ['obj_2', 'obj_1'], 'target': 'obj_4', 'relations': ['above', 'left of']}",triangle,yellow circle,triangle,False,0.16524831999998923,relation_chain_failure,True
ood_background_000007_q03,ood_background_000007,images/ood_background/ood_background_000007.png,Which object is the rightmost in the image?,yellow triangle,relative_ordering,2,ood_background,background,"{'target': 'obj_3', 'relation': 'rightmost'}",triangle,yellow triangle,triangle,False,0.1654552489999901,spatial_inversion,True
ood_background_000007_q04,ood_background_000007,images/ood_background/ood_background_000007.png,"Which object is larger, the yellow circle or the green rectangle?",green rectangle,relative_size,2,ood_background,background,"{'objects': ['obj_4', 'obj_1'], 'target': 'obj_1', 'relation': 'larger'}",green rectangle,green rectangle,green rectangle,True,0.215150135999977,,False
ood_background_000008_q01,ood_background_000008,images/ood_background/ood_background_000008.png,Do the yellow triangle and the yellow rectangle overlap? Answer yes or no.,no,overlap,2,ood_background,background,"{'objects': ['obj_2', 'obj_3'], 'relation': 'overlap'}",no,no,no,True,0.16646347500000047,,False
ood_background_000008_q02,ood_background_000008,images/ood_background/ood_background_000008.png,Is the yellow triangle completely inside the yellow circle? Answer yes or no.,no,inside_outside,2,ood_background,background,"{'objects': ['obj_2', 'obj_4'], 'relation': 'inside'}",no,no,no,True,0.16674135800002432,,False
ood_background_000008_q03,ood_background_000008,images/ood_background/ood_background_000008.png,Which object is immediately left of the yellow circle?,green rectangle,left_right,2,ood_background,background,"{'anchor': 'obj_4', 'target': 'obj_1', 'relation': 'left'}",square,green rectangle,square,False,0.16533724600003552,spatial_inversion,True
ood_background_000008_q04,ood_background_000008,images/ood_background/ood_background_000008.png,"Which object is larger, the green rectangle or the yellow triangle?",yellow triangle,relative_size,2,ood_background,background,"{'objects': ['obj_1', 'obj_2'], 'target': 'obj_2', 'relation': 'larger'}",yellow triangle,yellow triangle,yellow triangle,True,0.21535165099999176,,False
ood_background_000009_q01,ood_background_000009,images/ood_background/ood_background_000009.png,"Which object is smaller, the green rectangle or the red circle?",green rectangle,relative_size,2,ood_background,background,"{'objects': ['obj_3', 'obj_2'], 'target': 'obj_3', 'relation': 'smaller'}",green rectangle,green rectangle,green rectangle,True,0.21578018800005339,,False
ood_background_000009_q02,ood_background_000009,images/ood_background/ood_background_000009.png,How many objects are left of the red circle?,3,counting,2,ood_background,background,"{'anchor': 'obj_2', 'relation': 'left'}",3,3,3,True,0.16570303700001432,,False
ood_background_000009_q03,ood_background_000009,images/ood_background/ood_background_000009.png,Which object is both left of the blue rectangle and right of the green rectangle?,red circle,multi_hop,4,ood_background,background,"{'anchors': ['obj_1', 'obj_3'], 'target': 'obj_2', 'relations': ['left of', 'right of']}",red circle,red circle,red circle,True,0.21567113600002585,,False
ood_background_000009_q04,ood_background_000009,images/ood_background/ood_background_000009.png,Which object is immediately right of the blue circle?,yellow circle,left_right,2,ood_background,background,"{'anchor': 'obj_4', 'target': 'obj_5', 'relation': 'right'}",red circle,yellow circle,red circle,False,0.2157103210000173,spatial_inversion,True
ood_background_000010_q01,ood_background_000010,images/ood_background/ood_background_000010.png,Which object is both right of the yellow circle and left of the red circle?,yellow rectangle,multi_hop,4,ood_background,background,"{'anchors': ['obj_1', 'obj_2'], 'target': 'obj_3', 'relations': ['right of', 'left of']}",yellow square,yellow rectangle,yellow square,False,0.21591609699999026,relation_chain_failure,True
ood_background_000010_q02,ood_background_000010,images/ood_background/ood_background_000010.png,Do the yellow circle and the yellow rectangle overlap? Answer yes or no.,no,overlap,2,ood_background,background,"{'objects': ['obj_1', 'obj_3'], 'relation': 'overlap'}",no,no,no,True,0.16541173799998887,,False
ood_background_000010_q03,ood_background_000010,images/ood_background/ood_background_000010.png,Which object is the bottommost in the image?,yellow rectangle,relative_ordering,2,ood_background,background,"{'target': 'obj_3', 'relation': 'bottommost'}",square,yellow rectangle,square,False,0.16570018599998093,spatial_inversion,True
ood_background_000010_q04,ood_background_000010,images/ood_background/ood_background_000010.png,Which object is immediately right of the yellow rectangle?,red circle,left_right,2,ood_background,background,"{'anchor': 'obj_3', 'target': 'obj_2', 'relation': 'right'}",red circle,red circle,red circle,True,0.21650763100001313,,False
ood_background_000011_q01,ood_background_000011,images/ood_background/ood_background_000011.png,Which object is the topmost in the image?,yellow triangle,relative_ordering,2,ood_background,background,"{'target': 'obj_2', 'relation': 'topmost'}",triangle,yellow triangle,triangle,False,0.1659117699999797,spatial_inversion,True
ood_background_000011_q02,ood_background_000011,images/ood_background/ood_background_000011.png,Is the yellow rectangle completely inside the red rectangle? Answer yes or no.,no,inside_outside,2,ood_background,background,"{'objects': ['obj_5', 'obj_3'], 'relation': 'inside'}",no,no,no,True,0.1664762949999954,,False
ood_background_000011_q03,ood_background_000011,images/ood_background/ood_background_000011.png,Do the red triangle and the yellow rectangle overlap? Answer yes or no.,yes,overlap,2,ood_background,background,"{'objects': ['obj_4', 'obj_5'], 'relation': 'overlap'}",no,yes,no,False,0.1659308929999952,relation_error,True
ood_background_000011_q04,ood_background_000011,images/ood_background/ood_background_000011.png,"Which object is smaller, the blue rectangle or the red rectangle?",red rectangle,relative_size,2,ood_background,background,"{'objects': ['obj_1', 'obj_3'], 'target': 'obj_3', 'relation': 'smaller'}",blue rectangle,red rectangle,blue rectangle,False,0.21533363499997904,object_confusion,True
ood_background_000012_q01,ood_background_000012,images/ood_background/ood_background_000012.png,Which object is the topmost in the image?,green circle,relative_ordering,2,ood_background,background,"{'target': 'obj_2', 'relation': 'topmost'}",circle,green circle,circle,False,0.1647792969999955,spatial_inversion,True
ood_background_000012_q02,ood_background_000012,images/ood_background/ood_background_000012.png,Which object is nearest from the blue circle?,yellow triangle,nearest_farthest,2,ood_background,background,"{'anchor': 'obj_4', 'target': 'obj_3', 'relation': 'nearest'}",triangle,yellow triangle,triangle,False,0.1652228020000166,distance_reasoning_error,True
ood_background_000012_q03,ood_background_000012,images/ood_background/ood_background_000012.png,Is the yellow circle completely inside the yellow triangle? Answer yes or no.,no,inside_outside,2,ood_background,background,"{'objects': ['obj_1', 'obj_3'], 'relation': 'inside'}",no,no,no,True,0.16457454999999754,,False
ood_background_000012_q04,ood_background_000012,images/ood_background/ood_background_000012.png,How many objects are above the green circle?,0,counting,2,ood_background,background,"{'anchor': 'obj_2', 'relation': 'above'}",3,0,3,False,0.16535148900004515,counting_error,True
ood_background_000013_q01,ood_background_000013,images/ood_background/ood_background_000013.png,Which object is the rightmost in the image?,green circle,relative_ordering,2,ood_background,background,"{'target': 'obj_4', 'relation': 'rightmost'}",circle,green circle,circle,False,0.16993033500000365,spatial_inversion,True
ood_background_000013_q02,ood_background_000013,images/ood_background/ood_background_000013.png,"Which object is closer to the center of the image, the yellow rectangle or the red triangle?",red triangle,center_proximity,2,ood_background,background,"{'objects': ['obj_5', 'obj_3'], 'target': 'obj_3', 'relation': 'center_proximity'}",red triangle,red triangle,red triangle,True,0.22154566700004352,,False
ood_background_000013_q03,ood_background_000013,images/ood_background/ood_background_000013.png,"Which object is smaller, the yellow rectangle or the red triangle?",yellow rectangle,relative_size,2,ood_background,background,"{'objects': ['obj_5', 'obj_3'], 'target': 'obj_5', 'relation': 'smaller'}",red triangle,yellow rectangle,red triangle,False,0.2179588029999877,object_confusion,True
ood_background_000013_q04,ood_background_000013,images/ood_background/ood_background_000013.png,Which object is immediately below the red triangle?,red circle,above_below,2,ood_background,background,"{'anchor': 'obj_3', 'target': 'obj_2', 'relation': 'below'}",circle,red circle,circle,False,0.1669846689999872,spatial_inversion,True
ood_background_000014_q01,ood_background_000014,images/ood_background/ood_background_000014.png,Is the yellow circle completely inside the blue triangle? Answer yes or no.,no,inside_outside,2,ood_background,background,"{'objects': ['obj_1', 'obj_2'], 'relation': 'inside'}",no,no,no,True,0.16651946400003226,,False
ood_background_000014_q02,ood_background_000014,images/ood_background/ood_background_000014.png,Do the red rectangle and the red circle overlap? Answer yes or no.,no,overlap,2,ood_background,background,"{'objects': ['obj_3', 'obj_4'], 'relation': 'overlap'}",no,no,no,True,0.16782296700000643,,False
ood_background_000014_q03,ood_background_000014,images/ood_background/ood_background_000014.png,Which object is the leftmost in the image?,blue triangle,relative_ordering,2,ood_background,background,"{'target': 'obj_2', 'relation': 'leftmost'}",triangle,blue triangle,triangle,False,0.16640600100004121,spatial_inversion,True
ood_background_000014_q04,ood_background_000014,images/ood_background/ood_background_000014.png,Which object is between the blue triangle and the red rectangle?,yellow circle,between,3,ood_background,background,"{'objects': ['obj_2', 'obj_3'], 'target': 'obj_1', 'relation': 'between'}",yellow circle,yellow circle,yellow circle,True,0.21724045199999864,,False
ood_background_000015_q01,ood_background_000015,images/ood_background/ood_background_000015.png,"Which object is larger, the red rectangle or the yellow circle?",red rectangle,relative_size,2,ood_background,background,"{'objects': ['obj_1', 'obj_4'], 'target': 'obj_1', 'relation': 'larger'}",red rectangle,red rectangle,red rectangle,True,0.22089555499997005,,False
ood_background_000015_q02,ood_background_000015,images/ood_background/ood_background_000015.png,Which object is nearest from the yellow circle?,blue triangle,nearest_farthest,2,ood_background,background,"{'anchor': 'obj_4', 'target': 'obj_2', 'relation': 'nearest'}",triangle,blue triangle,triangle,False,0.1677700570000411,distance_reasoning_error,True
ood_background_000015_q03,ood_background_000015,images/ood_background/ood_background_000015.png,Is the yellow circle completely inside the red rectangle? Answer yes or no.,no,inside_outside,2,ood_background,background,"{'objects': ['obj_4', 'obj_1'], 'relation': 'inside'}",no,no,no,True,0.16537347700000282,,False
ood_background_000015_q04,ood_background_000015,images/ood_background/ood_background_000015.png,How many objects are left of the red rectangle?,0,counting,2,ood_background,background,"{'anchor': 'obj_1', 'relation': 'left'}",1,0,1,False,0.1654743080000003,counting_error,True
ood_background_000016_q01,ood_background_000016,images/ood_background/ood_background_000016.png,"Which object is closer to the center of the image, the blue rectangle or the red circle?",red circle,center_proximity,2,ood_background,background,"{'objects': ['obj_3', 'obj_4'], 'target': 'obj_4', 'relation': 'center_proximity'}",blue rectangle,red circle,blue rectangle,False,0.21502997600003937,distance_reasoning_error,True
ood_background_000016_q02,ood_background_000016,images/ood_background/ood_background_000016.png,Which object is both above the red circle and right of the blue rectangle?,yellow circle,multi_hop,4,ood_background,background,"{'anchors': ['obj_4', 'obj_3'], 'target': 'obj_1', 'relations': ['above', 'right of']}",yellow circle,yellow circle,yellow circle,True,0.21720720500002244,,False
ood_background_000016_q03,ood_background_000016,images/ood_background/ood_background_000016.png,Which object is the topmost in the image?,yellow circle,relative_ordering,2,ood_background,background,"{'target': 'obj_1', 'relation': 'topmost'}",red circle,yellow circle,red circle,False,0.21717185900001823,spatial_inversion,True
ood_background_000016_q04,ood_background_000016,images/ood_background/ood_background_000016.png,"Which object is larger, the blue rectangle or the red circle?",blue rectangle,relative_size,2,ood_background,background,"{'objects': ['obj_3', 'obj_4'], 'target': 'obj_3', 'relation': 'larger'}",blue rectangle,blue rectangle,blue rectangle,True,0.21657181000000492,,False
ood_background_000017_q01,ood_background_000017,images/ood_background/ood_background_000017.png,Do the yellow circle and the blue rectangle overlap? Answer yes or no.,no,overlap,2,ood_background,background,"{'objects': ['obj_2', 'obj_3'], 'relation': 'overlap'}",no,no,no,True,0.16500644899997496,,False
ood_background_000017_q02,ood_background_000017,images/ood_background/ood_background_000017.png,Is the yellow circle completely inside the blue triangle? Answer yes or no.,no,inside_outside,2,ood_background,background,"{'objects': ['obj_2', 'obj_4'], 'relation': 'inside'}",no,no,no,True,0.16568082799994954,,False
ood_background_000017_q03,ood_background_000017,images/ood_background/ood_background_000017.png,Which object is immediately left of the blue triangle?,blue circle,left_right,2,ood_background,background,"{'anchor': 'obj_4', 'target': 'obj_1', 'relation': 'left'}",yellow circle,blue circle,yellow circle,False,0.21856858199998896,spatial_inversion,True
ood_background_000017_q04,ood_background_000017,images/ood_background/ood_background_000017.png,"Which object is larger, the blue circle or the yellow circle?",yellow circle,relative_size,2,ood_background,background,"{'objects': ['obj_1', 'obj_2'], 'target': 'obj_2', 'relation': 'larger'}",yellow circle,yellow circle,yellow circle,True,0.2141009340000437,,False
ood_background_000018_q01,ood_background_000018,images/ood_background/ood_background_000018.png,"Which object is smaller, the yellow rectangle or the green triangle?",green triangle,relative_size,2,ood_background,background,"{'objects': ['obj_3', 'obj_2'], 'target': 'obj_2', 'relation': 'smaller'}",green triangle,green triangle,green triangle,True,0.21499688599999445,,False
ood_background_000018_q02,ood_background_000018,images/ood_background/ood_background_000018.png,How many objects are left of the green triangle?,4,counting,2,ood_background,background,"{'anchor': 'obj_2', 'relation': 'left'}",3,4,3,False,0.1641462989999809,counting_error,True
ood_background_000018_q03,ood_background_000018,images/ood_background/ood_background_000018.png,Which object is both above the blue triangle and left of the green rectangle?,yellow rectangle,multi_hop,4,ood_background,background,"{'anchors': ['obj_4', 'obj_5'], 'target': 'obj_3', 'relations': ['above', 'left of']}",square,yellow rectangle,square,False,0.16503220800001372,relation_chain_failure,True
ood_background_000018_q04,ood_background_000018,images/ood_background/ood_background_000018.png,Which object is immediately left of the green triangle?,blue triangle,left_right,2,ood_background,background,"{'anchor': 'obj_2', 'target': 'obj_4', 'relation': 'left'}",square,blue triangle,square,False,0.16642904899998712,spatial_inversion,True
ood_background_000019_q01,ood_background_000019,images/ood_background/ood_background_000019.png,Is the green circle completely inside the yellow rectangle? Answer yes or no.,no,inside_outside,2,ood_background,background,"{'objects': ['obj_2', 'obj_4'], 'relation': 'inside'}",no,no,no,True,0.16538312200003702,,False
ood_background_000019_q02,ood_background_000019,images/ood_background/ood_background_000019.png,How many triangle objects are in the image?,2,counting,1,ood_background,background,{'filter': {'shape': 'triangle'}},2,2,2,True,0.1648161609999761,,False
ood_background_000019_q03,ood_background_000019,images/ood_background/ood_background_000019.png,Which object is both right of the green circle and left of the blue triangle?,yellow rectangle,multi_hop,4,ood_background,background,"{'anchors': ['obj_2', 'obj_3'], 'target': 'obj_4', 'relations': ['right of', 'left of']}",yellow square,yellow rectangle,yellow square,False,0.2140326580000078,relation_chain_failure,True
ood_background_000019_q04,ood_background_000019,images/ood_background/ood_background_000019.png,"Which object is larger, the yellow rectangle or the green circle?",yellow rectangle,relative_size,2,ood_background,background,"{'objects': ['obj_4', 'obj_2'], 'target': 'obj_4', 'relation': 'larger'}",yellow rectangle,yellow rectangle,yellow rectangle,True,0.2144185880000009,,False
ood_background_000020_q01,ood_background_000020,images/ood_background/ood_background_000020.png,Which object is the topmost in the image?,green triangle,relative_ordering,2,ood_background,background,"{'target': 'obj_1', 'relation': 'topmost'}",triangle,green triangle,triangle,False,0.1651828020000039,spatial_inversion,True
ood_background_000020_q02,ood_background_000020,images/ood_background/ood_background_000020.png,Is the yellow triangle completely inside the red circle? Answer yes or no.,no,inside_outside,2,ood_background,background,"{'objects': ['obj_5', 'obj_3'], 'relation': 'inside'}",no,no,no,True,0.16535491900003763,,False
ood_background_000020_q03,ood_background_000020,images/ood_background/ood_background_000020.png,Do the blue rectangle and the yellow triangle overlap? Answer yes or no.,no,overlap,2,ood_background,background,"{'objects': ['obj_4', 'obj_5'], 'relation': 'overlap'}",no,no,no,True,0.16504229800000303,,False
ood_background_000020_q04,ood_background_000020,images/ood_background/ood_background_000020.png,Which object is between the green triangle and the yellow triangle?,blue circle,between,3,ood_background,background,"{'objects': ['obj_1', 'obj_5'], 'target': 'obj_2', 'relation': 'between'}",blue circle,blue circle,blue circle,True,0.21471590199996626,,False
ood_background_000021_q01,ood_background_000021,images/ood_background/ood_background_000021.png,Which object is the topmost in the image?,yellow circle,relative_ordering,2,ood_background,background,"{'target': 'obj_1', 'relation': 'topmost'}",circle,yellow circle,circle,False,0.16424557099998083,spatial_inversion,True
ood_background_000021_q02,ood_background_000021,images/ood_background/ood_background_000021.png,Which object is nearest from the yellow triangle?,yellow circle,nearest_farthest,2,ood_background,background,"{'anchor': 'obj_2', 'target': 'obj_1', 'relation': 'nearest'}",triangle,yellow circle,triangle,False,0.1649425549999819,distance_reasoning_error,True
ood_background_000021_q03,ood_background_000021,images/ood_background/ood_background_000021.png,Is the red rectangle completely inside the yellow circle? Answer yes or no.,no,inside_outside,2,ood_background,background,"{'objects': ['obj_3', 'obj_1'], 'relation': 'inside'}",no,no,no,True,0.165439785999979,,False
ood_background_000021_q04,ood_background_000021,images/ood_background/ood_background_000021.png,How many objects are above the yellow circle?,0,counting,2,ood_background,background,"{'anchor': 'obj_1', 'relation': 'above'}",2,0,2,False,0.1656464440000036,counting_error,True
ood_background_000022_q01,ood_background_000022,images/ood_background/ood_background_000022.png,Which object is the rightmost in the image?,yellow rectangle,relative_ordering,2,ood_background,background,"{'target': 'obj_4', 'relation': 'rightmost'}",square,yellow rectangle,square,False,0.16399246499997844,spatial_inversion,True
ood_background_000022_q02,ood_background_000022,images/ood_background/ood_background_000022.png,"Which object is closer to the center of the image, the green circle or the yellow rectangle?",green circle,center_proximity,2,ood_background,background,"{'objects': ['obj_3', 'obj_4'], 'target': 'obj_3', 'relation': 'center_proximity'}",green circle,green circle,green circle,True,0.21333995300000197,,False
ood_background_000022_q03,ood_background_000022,images/ood_background/ood_background_000022.png,"Which object is smaller, the green circle or the green rectangle?",green rectangle,relative_size,2,ood_background,background,"{'objects': ['obj_3', 'obj_2'], 'target': 'obj_2', 'relation': 'smaller'}",green rectangle,green rectangle,green rectangle,True,0.21388596700001017,,False
ood_background_000022_q04,ood_background_000022,images/ood_background/ood_background_000022.png,Which object is immediately below the green circle?,yellow rectangle,above_below,2,ood_background,background,"{'anchor': 'obj_3', 'target': 'obj_4', 'relation': 'below'}",yellow circle,yellow rectangle,yellow circle,False,0.21451880999995865,spatial_inversion,True
ood_background_000023_q01,ood_background_000023,images/ood_background/ood_background_000023.png,Is the red rectangle completely inside the blue rectangle? Answer yes or no.,no,inside_outside,2,ood_background,background,"{'objects': ['obj_1', 'obj_2'], 'relation': 'inside'}",no,no,no,True,0.1655157199999735,,False
ood_background_000023_q02,ood_background_000023,images/ood_background/ood_background_000023.png,Which object is immediately left of the blue rectangle?,blue triangle,left_right,2,ood_background,background,"{'anchor': 'obj_2', 'target': 'obj_4', 'relation': 'left'}",red rectangle,blue triangle,red rectangle,False,0.21438815700003033,spatial_inversion,True
ood_background_000023_q03,ood_background_000023,images/ood_background/ood_background_000023.png,Do the yellow circle and the blue triangle overlap? Answer yes or no.,no,overlap,2,ood_background,background,"{'objects': ['obj_3', 'obj_4'], 'relation': 'overlap'}",no,no,no,True,0.1643798999999717,,False
ood_background_000023_q04,ood_background_000023,images/ood_background/ood_background_000023.png,Which object is the leftmost in the image?,red rectangle,relative_ordering,2,ood_background,background,"{'target': 'obj_1', 'relation': 'leftmost'}",red square,red rectangle,red square,False,0.21437576300002092,spatial_inversion,True
ood_background_000024_q01,ood_background_000024,images/ood_background/ood_background_000024.png,"Which object is larger, the blue rectangle or the green triangle?",blue rectangle,relative_size,2,ood_background,background,"{'objects': ['obj_3', 'obj_1'], 'target': 'obj_3', 'relation': 'larger'}",blue rectangle,blue rectangle,blue rectangle,True,0.21465892800000574,,False
ood_background_000024_q02,ood_background_000024,images/ood_background/ood_background_000024.png,Which object is farthest from the green triangle?,yellow circle,nearest_farthest,2,ood_background,background,"{'anchor': 'obj_1', 'target': 'obj_2', 'relation': 'farthest'}",blue square,yellow circle,blue square,False,0.21549351999999544,distance_reasoning_error,True
ood_background_000024_q03,ood_background_000024,images/ood_background/ood_background_000024.png,Is the green triangle completely inside the yellow circle? Answer yes or no.,no,inside_outside,2,ood_background,background,"{'objects': ['obj_1', 'obj_2'], 'relation': 'inside'}",no,no,no,True,0.16607380799996463,,False
ood_background_000024_q04,ood_background_000024,images/ood_background/ood_background_000024.png,How many rectangle objects are in the image?,1,counting,1,ood_background,background,{'filter': {'shape': 'rectangle'}},1,1,1,True,0.1653830060000132,,False
ood_background_000025_q01,ood_background_000025,images/ood_background/ood_background_000025.png,"Which object is closer to the center of the image, the green rectangle or the blue rectangle?",blue rectangle,center_proximity,2,ood_background,background,"{'objects': ['obj_3', 'obj_2'], 'target': 'obj_2', 'relation': 'center_proximity'}",blue rectangle,blue rectangle,blue rectangle,True,0.21540673599997717,,False
ood_background_000025_q02,ood_background_000025,images/ood_background/ood_background_000025.png,Which object is both below the green rectangle and left of the blue rectangle?,red triangle,multi_hop,4,ood_background,background,"{'anchors': ['obj_3', 'obj_2'], 'target': 'obj_4', 'relations': ['below', 'left of']}",triangle,red triangle,triangle,False,0.1658599500000264,relation_chain_failure,True
ood_background_000025_q03,ood_background_000025,images/ood_background/ood_background_000025.png,Which object is immediately below the blue rectangle?,yellow rectangle,above_below,2,ood_background,background,"{'anchor': 'obj_2', 'target': 'obj_5', 'relation': 'below'}",yellow rectangle,yellow rectangle,yellow rectangle,True,0.21571570600002588,,False
ood_background_000025_q04,ood_background_000025,images/ood_background/ood_background_000025.png,Which object is the leftmost in the image?,red triangle,relative_ordering,2,ood_background,background,"{'target': 'obj_4', 'relation': 'leftmost'}",triangle,red triangle,triangle,False,0.16617406500000698,spatial_inversion,True
ood_background_000026_q01,ood_background_000026,images/ood_background/ood_background_000026.png,Do the blue rectangle and the green rectangle overlap? Answer yes or no.,no,overlap,2,ood_background,background,"{'objects': ['obj_2', 'obj_3'], 'relation': 'overlap'}",no,no,no,True,0.16535366900001236,,False
ood_background_000026_q02,ood_background_000026,images/ood_background/ood_background_000026.png,Is the blue rectangle completely inside the blue circle? Answer yes or no.,no,inside_outside,2,ood_background,background,"{'objects': ['obj_2', 'obj_4'], 'relation': 'inside'}",no,no,no,True,0.16538914699998486,,False
ood_background_000026_q03,ood_background_000026,images/ood_background/ood_background_000026.png,Which object is immediately left of the blue circle?,blue triangle,left_right,2,ood_background,background,"{'anchor': 'obj_4', 'target': 'obj_1', 'relation': 'left'}",triangle,blue triangle,triangle,False,0.16584032100001878,spatial_inversion,True
ood_background_000026_q04,ood_background_000026,images/ood_background/ood_background_000026.png,"Which object is larger, the blue triangle or the blue rectangle?",blue triangle,relative_size,2,ood_background,background,"{'objects': ['obj_1', 'obj_2'], 'target': 'obj_1', 'relation': 'larger'}",blue rectangle,blue triangle,blue rectangle,False,0.21532185699999218,object_confusion,True
ood_background_000027_q01,ood_background_000027,images/ood_background/ood_background_000027.png,"Which object is smaller, the green triangle or the blue circle?",blue circle,relative_size,2,ood_background,background,"{'objects': ['obj_2', 'obj_1'], 'target': 'obj_1', 'relation': 'smaller'}",blue circle,blue circle,blue circle,True,0.21444894400002568,,False
ood_background_000027_q02,ood_background_000027,images/ood_background/ood_background_000027.png,How many objects are left of the blue rectangle?,0,counting,2,ood_background,background,"{'anchor': 'obj_3', 'relation': 'left'}",1,0,1,False,0.16478853900002832,counting_error,True
ood_background_000027_q03,ood_background_000027,images/ood_background/ood_background_000027.png,Which object is both below the blue rectangle and left of the green triangle?,blue circle,multi_hop,4,ood_background,background,"{'anchors': ['obj_3', 'obj_2'], 'target': 'obj_1', 'relations': ['below', 'left of']}",blue rectangle,blue circle,blue rectangle,False,0.2135134750000134,relation_chain_failure,True
ood_background_000027_q04,ood_background_000027,images/ood_background/ood_background_000027.png,Do the blue rectangle and the blue circle overlap? Answer yes or no.,yes,overlap,2,ood_background,background,"{'objects': ['obj_3', 'obj_1'], 'relation': 'overlap'}",no,yes,no,False,0.1647720930000105,relation_error,True
ood_background_000028_q01,ood_background_000028,images/ood_background/ood_background_000028.png,Is the green circle completely inside the yellow rectangle? Answer yes or no.,no,inside_outside,2,ood_background,background,"{'objects': ['obj_2', 'obj_4'], 'relation': 'inside'}",no,no,no,True,0.1648662260000151,,False
ood_background_000028_q02,ood_background_000028,images/ood_background/ood_background_000028.png,How many triangle objects are in the image?,1,counting,1,ood_background,background,{'filter': {'shape': 'triangle'}},1,1,1,True,0.17086068100002194,,False
ood_background_000028_q03,ood_background_000028,images/ood_background/ood_background_000028.png,Which object is both below the yellow rectangle and above the red triangle?,green circle,multi_hop,4,ood_background,background,"{'anchors': ['obj_4', 'obj_1'], 'target': 'obj_2', 'relations': ['below', 'above']}",green square,green circle,green square,False,0.2191323749999583,relation_chain_failure,True
ood_background_000028_q04,ood_background_000028,images/ood_background/ood_background_000028.png,"Which object is smaller, the yellow rectangle or the green circle?",yellow rectangle,relative_size,2,ood_background,background,"{'objects': ['obj_4', 'obj_2'], 'target': 'obj_4', 'relation': 'smaller'}",green circle,yellow rectangle,green circle,False,0.2206531759999848,object_confusion,True
ood_background_000029_q01,ood_background_000029,images/ood_background/ood_background_000029.png,Do the green circle and the green rectangle overlap? Answer yes or no.,no,overlap,2,ood_background,background,"{'objects': ['obj_1', 'obj_2'], 'relation': 'overlap'}",no,no,no,True,0.168242231000022,,False
ood_background_000029_q02,ood_background_000029,images/ood_background/ood_background_000029.png,How many objects are above the green circle?,0,counting,2,ood_background,background,"{'anchor': 'obj_1', 'relation': 'above'}",2,0,2,False,0.1661789950000525,counting_error,True
ood_background_000029_q03,ood_background_000029,images/ood_background/ood_background_000029.png,Which object is the bottommost in the image?,blue circle,relative_ordering,2,ood_background,background,"{'target': 'obj_5', 'relation': 'bottommost'}",blue circle,blue circle,blue circle,True,0.22218801999997595,,False
ood_background_000029_q04,ood_background_000029,images/ood_background/ood_background_000029.png,"Which object is closer to the center of the image, the blue circle or the red rectangle?",blue circle,center_proximity,2,ood_background,background,"{'objects': ['obj_5', 'obj_3'], 'target': 'obj_5', 'relation': 'center_proximity'}",blue circle,blue circle,blue circle,True,0.22758627199999637,,False
ood_background_000030_q01,ood_background_000030,images/ood_background/ood_background_000030.png,Which object is the topmost in the image?,yellow triangle,relative_ordering,2,ood_background,background,"{'target': 'obj_1', 'relation': 'topmost'}",triangle,yellow triangle,triangle,False,0.16720366699996703,spatial_inversion,True
ood_background_000030_q02,ood_background_000030,images/ood_background/ood_background_000030.png,Which object is nearest from the blue rectangle?,yellow triangle,nearest_farthest,2,ood_background,background,"{'anchor': 'obj_2', 'target': 'obj_1', 'relation': 'nearest'}",triangle,yellow triangle,triangle,False,0.1672824279999645,distance_reasoning_error,True
ood_background_000030_q03,ood_background_000030,images/ood_background/ood_background_000030.png,Is the yellow rectangle completely inside the yellow triangle? Answer yes or no.,no,inside_outside,2,ood_background,background,"{'objects': ['obj_3', 'obj_1'], 'relation': 'inside'}",no,no,no,True,0.16607117600000265,,False
ood_background_000030_q04,ood_background_000030,images/ood_background/ood_background_000030.png,How many objects are above the yellow triangle?,0,counting,2,ood_background,background,"{'anchor': 'obj_1', 'relation': 'above'}",2,0,2,False,0.16514935199995762,counting_error,True
ood_background_000031_q01,ood_background_000031,images/ood_background/ood_background_000031.png,Which object is the rightmost in the image?,green triangle,relative_ordering,2,ood_background,background,"{'target': 'obj_3', 'relation': 'rightmost'}",triangle,green triangle,triangle,False,0.16513828600000124,spatial_inversion,True
ood_background_000031_q02,ood_background_000031,images/ood_background/ood_background_000031.png,"Which object is closer to the center of the image, the red rectangle or the green triangle?",red rectangle,center_proximity,2,ood_background,background,"{'objects': ['obj_5', 'obj_3'], 'target': 'obj_5', 'relation': 'center_proximity'}",red rectangle,red rectangle,red rectangle,True,0.21365600499996162,,False
ood_background_000031_q03,ood_background_000031,images/ood_background/ood_background_000031.png,"Which object is smaller, the red rectangle or the green triangle?",green triangle,relative_size,2,ood_background,background,"{'objects': ['obj_5', 'obj_3'], 'target': 'obj_3', 'relation': 'smaller'}",red rectangle,green triangle,red rectangle,False,0.21537235299996382,object_confusion,True
ood_background_000031_q04,ood_background_000031,images/ood_background/ood_background_000031.png,Which object is immediately below the green triangle?,blue rectangle,above_below,2,ood_background,background,"{'anchor': 'obj_3', 'target': 'obj_4', 'relation': 'below'}",blue square,blue rectangle,blue square,False,0.21627938000000313,spatial_inversion,True
ood_background_000032_q01,ood_background_000032,images/ood_background/ood_background_000032.png,Is the red triangle completely inside the yellow triangle? Answer yes or no.,no,inside_outside,2,ood_background,background,"{'objects': ['obj_3', 'obj_1'], 'relation': 'inside'}",no,no,no,True,0.16560313700000506,,False
ood_background_000032_q02,ood_background_000032,images/ood_background/ood_background_000032.png,Do the yellow triangle and the yellow circle overlap? Answer yes or no.,no,overlap,2,ood_background,background,"{'objects': ['obj_1', 'obj_2'], 'relation': 'overlap'}",no,no,no,True,0.16621171799999956,,False
ood_background_000032_q03,ood_background_000032,images/ood_background/ood_background_000032.png,Which object is the leftmost in the image?,yellow circle,relative_ordering,2,ood_background,background,"{'target': 'obj_2', 'relation': 'leftmost'}",circle,yellow circle,circle,False,0.16526106999998547,spatial_inversion,True
ood_background_000032_q04,ood_background_000032,images/ood_background/ood_background_000032.png,Which object is nearest from the red triangle?,yellow triangle,nearest_farthest,2,ood_background,background,"{'anchor': 'obj_3', 'target': 'obj_1', 'relation': 'nearest'}",yellow triangle,yellow triangle,yellow triangle,True,0.21532627499999535,,False
ood_background_000033_q01,ood_background_000033,images/ood_background/ood_background_000033.png,"Which object is larger, the blue rectangle or the yellow triangle?",blue rectangle,relative_size,2,ood_background,background,"{'objects': ['obj_1', 'obj_4'], 'target': 'obj_1', 'relation': 'larger'}",blue rectangle,blue rectangle,blue rectangle,True,0.21645651800002952,,False
ood_background_000033_q02,ood_background_000033,images/ood_background/ood_background_000033.png,Which object is nearest from the yellow triangle?,blue rectangle,nearest_farthest,2,ood_background,background,"{'anchor': 'obj_4', 'target': 'obj_1', 'relation': 'nearest'}",blue square,blue rectangle,blue square,False,0.21617158999998765,distance_reasoning_error,True
ood_background_000033_q03,ood_background_000033,images/ood_background/ood_background_000033.png,Is the yellow triangle completely inside the blue rectangle? Answer yes or no.,no,inside_outside,2,ood_background,background,"{'objects': ['obj_4', 'obj_1'], 'relation': 'inside'}",no,no,no,True,0.16574971900001856,,False
ood_background_000033_q04,ood_background_000033,images/ood_background/ood_background_000033.png,How many objects are left of the blue rectangle?,1,counting,2,ood_background,background,"{'anchor': 'obj_1', 'relation': 'left'}",1,1,1,True,0.16583406799998102,,False
ood_background_000034_q01,ood_background_000034,images/ood_background/ood_background_000034.png,"Which object is closer to the center of the image, the green rectangle or the yellow circle?",yellow circle,center_proximity,2,ood_background,background,"{'objects': ['obj_3', 'obj_2'], 'target': 'obj_2', 'relation': 'center_proximity'}",green rectangle,yellow circle,green rectangle,False,0.21496226499999693,distance_reasoning_error,True
ood_background_000034_q02,ood_background_000034,images/ood_background/ood_background_000034.png,Which object is both right of the green triangle and left of the yellow circle?,red circle,multi_hop,4,ood_background,background,"{'anchors': ['obj_4', 'obj_2'], 'target': 'obj_5', 'relations': ['right of', 'left of']}",red triangle,red circle,red triangle,False,0.21575861300004817,relation_chain_failure,True
ood_background_000034_q03,ood_background_000034,images/ood_background/ood_background_000034.png,Which object is the leftmost in the image?,red triangle,relative_ordering,2,ood_background,background,"{'target': 'obj_1', 'relation': 'leftmost'}",triangle,red triangle,triangle,False,0.16826537399998642,spatial_inversion,True
ood_background_000034_q04,ood_background_000034,images/ood_background/ood_background_000034.png,"Which object is smaller, the red triangle or the green rectangle?",green rectangle,relative_size,2,ood_background,background,"{'objects': ['obj_1', 'obj_3'], 'target': 'obj_3', 'relation': 'smaller'}",green rectangle,green rectangle,green rectangle,True,0.218399566999949,,False
ood_background_000035_q01,ood_background_000035,images/ood_background/ood_background_000035.png,Do the yellow triangle and the red triangle overlap? Answer yes or no.,no,overlap,2,ood_background,background,"{'objects': ['obj_1', 'obj_3'], 'relation': 'overlap'}",no,no,no,True,0.16680962099997032,,False
ood_background_000035_q02,ood_background_000035,images/ood_background/ood_background_000035.png,Is the blue triangle completely inside the red triangle? Answer yes or no.,no,inside_outside,2,ood_background,background,"{'objects': ['obj_2', 'obj_3'], 'relation': 'inside'}",no,no,no,True,0.16640981900002316,,False
ood_background_000035_q03,ood_background_000035,images/ood_background/ood_background_000035.png,Which object is immediately left of the yellow triangle?,blue triangle,left_right,2,ood_background,background,"{'anchor': 'obj_1', 'target': 'obj_2', 'relation': 'left'}",blue triangle,blue triangle,blue triangle,True,0.2160576259999516,,False
ood_background_000035_q04,ood_background_000035,images/ood_background/ood_background_000035.png,"Which object is smaller, the blue triangle or the yellow triangle?",yellow triangle,relative_size,2,ood_background,background,"{'objects': ['obj_2', 'obj_1'], 'target': 'obj_1', 'relation': 'smaller'}",yellow triangle,yellow triangle,yellow triangle,True,0.21753756100002875,,False
ood_background_000036_q01,ood_background_000036,images/ood_background/ood_background_000036.png,"Which object is smaller, the red triangle or the blue rectangle?",red triangle,relative_size,2,ood_background,background,"{'objects': ['obj_3', 'obj_2'], 'target': 'obj_3', 'relation': 'smaller'}",red triangle,red triangle,red triangle,True,0.21723858400002882,,False
ood_background_000036_q02,ood_background_000036,images/ood_background/ood_background_000036.png,How many objects are left of the blue rectangle?,3,counting,2,ood_background,background,"{'anchor': 'obj_2', 'relation': 'left'}",3,3,3,True,0.1665981909999914,,False
ood_background_000036_q03,ood_background_000036,images/ood_background/ood_background_000036.png,Which object is both left of the red triangle and above the yellow circle?,blue circle,multi_hop,4,ood_background,background,"{'anchors': ['obj_3', 'obj_5'], 'target': 'obj_1', 'relations': ['left of', 'above']}",blue square,blue circle,blue square,False,0.21488126600002033,relation_chain_failure,True
ood_background_000036_q04,ood_background_000036,images/ood_background/ood_background_000036.png,Do the blue rectangle and the blue circle overlap? Answer yes or no.,no,overlap,2,ood_background,background,"{'objects': ['obj_2', 'obj_1'], 'relation': 'overlap'}",no,no,no,True,0.16568638400002555,,False
ood_background_000037_q01,ood_background_000037,images/ood_background/ood_background_000037.png,Is the red circle completely inside the yellow circle? Answer yes or no.,no,inside_outside,2,ood_background,background,"{'objects': ['obj_3', 'obj_1'], 'relation': 'inside'}",no,no,no,True,0.16624134999995022,,False
ood_background_000037_q02,ood_background_000037,images/ood_background/ood_background_000037.png,How many objects are above the yellow circle?,2,counting,2,ood_background,background,"{'anchor': 'obj_1', 'relation': 'above'}",2,2,2,True,0.16576222300000154,,False
ood_background_000037_q03,ood_background_000037,images/ood_background/ood_background_000037.png,Which object is both below the yellow rectangle and right of the red circle?,yellow circle,multi_hop,4,ood_background,background,"{'anchors': ['obj_2', 'obj_3'], 'target': 'obj_1', 'relations': ['below', 'right of']}",yellow circle,yellow circle,yellow circle,True,0.2161919179999927,,False
ood_background_000037_q04,ood_background_000037,images/ood_background/ood_background_000037.png,"Which object is larger, the yellow rectangle or the yellow circle?",yellow rectangle,relative_size,2,ood_background,background,"{'objects': ['obj_2', 'obj_1'], 'target': 'obj_2', 'relation': 'larger'}",yellow rectangle,yellow rectangle,yellow rectangle,True,0.216361978000009,,False
ood_background_000038_q01,ood_background_000038,images/ood_background/ood_background_000038.png,Do the blue circle and the green circle overlap? Answer yes or no.,no,overlap,2,ood_background,background,"{'objects': ['obj_1', 'obj_4'], 'relation': 'overlap'}",no,no,no,True,0.16644943400001466,,False
ood_background_000038_q02,ood_background_000038,images/ood_background/ood_background_000038.png,How many objects are above the blue circle?,3,counting,2,ood_background,background,"{'anchor': 'obj_1', 'relation': 'above'}",2,3,2,False,0.16556711299995186,counting_error,True
ood_background_000038_q03,ood_background_000038,images/ood_background/ood_background_000038.png,Which object is the bottommost in the image?,blue circle,relative_ordering,2,ood_background,background,"{'target': 'obj_1', 'relation': 'bottommost'}",blue circle,blue circle,blue circle,True,0.21679663000003302,,False
ood_background_000038_q04,ood_background_000038,images/ood_background/ood_background_000038.png,"Which object is closer to the center of the image, the green triangle or the green circle?",green triangle,center_proximity,2,ood_background,background,"{'objects': ['obj_3', 'obj_4'], 'target': 'obj_3', 'relation': 'center_proximity'}",green circle,green triangle,green circle,False,0.21679685300000529,distance_reasoning_error,True
ood_background_000039_q01,ood_background_000039,images/ood_background/ood_background_000039.png,Is the yellow rectangle completely inside the red rectangle? Answer yes or no.,no,inside_outside,2,ood_background,background,"{'objects': ['obj_3', 'obj_4'], 'relation': 'inside'}",no,no,no,True,0.16540490200003433,,False
ood_background_000039_q02,ood_background_000039,images/ood_background/ood_background_000039.png,"Which object is closer to the center of the image, the blue triangle or the red rectangle?",blue triangle,center_proximity,2,ood_background,background,"{'objects': ['obj_2', 'obj_4'], 'target': 'obj_2', 'relation': 'center_proximity'}",blue triangle,blue triangle,blue triangle,True,0.2168510719999972,,False
ood_background_000039_q03,ood_background_000039,images/ood_background/ood_background_000039.png,Which object is immediately right of the yellow rectangle?,red rectangle,left_right,2,ood_background,background,"{'anchor': 'obj_3', 'target': 'obj_4', 'relation': 'right'}",square,red rectangle,square,False,0.16640706800001226,spatial_inversion,True
ood_background_000039_q04,ood_background_000039,images/ood_background/ood_background_000039.png,Which object is both above the blue triangle and left of the yellow rectangle?,green circle,multi_hop,4,ood_background,background,"{'anchors': ['obj_2', 'obj_3'], 'target': 'obj_1', 'relations': ['above', 'left of']}",red square,green circle,red square,False,0.21600609299997586,relation_chain_failure,True
ood_background_000040_q01,ood_background_000040,images/ood_background/ood_background_000040.png,Which object is the rightmost in the image?,blue rectangle,relative_ordering,2,ood_background,background,"{'target': 'obj_1', 'relation': 'rightmost'}",yellow circle,blue rectangle,yellow circle,False,0.22274411300003294,spatial_inversion,True
ood_background_000040_q02,ood_background_000040,images/ood_background/ood_background_000040.png,"Which object is closer to the center of the image, the yellow circle or the red triangle?",red triangle,center_proximity,2,ood_background,background,"{'objects': ['obj_3', 'obj_2'], 'target': 'obj_2', 'relation': 'center_proximity'}",yellow circle,red triangle,yellow circle,False,0.21944998200001464,distance_reasoning_error,True
ood_background_000040_q03,ood_background_000040,images/ood_background/ood_background_000040.png,"Which object is smaller, the yellow circle or the red triangle?",red triangle,relative_size,2,ood_background,background,"{'objects': ['obj_3', 'obj_2'], 'target': 'obj_2', 'relation': 'smaller'}",red triangle,red triangle,red triangle,True,0.21653745699995852,,False
ood_background_000040_q04,ood_background_000040,images/ood_background/ood_background_000040.png,Which object is immediately below the red triangle?,yellow circle,above_below,2,ood_background,background,"{'anchor': 'obj_2', 'target': 'obj_3', 'relation': 'below'}",yellow circle,yellow circle,yellow circle,True,0.2149741069999891,,False
ood_background_000041_q01,ood_background_000041,images/ood_background/ood_background_000041.png,Is the yellow circle completely inside the yellow triangle? Answer yes or no.,no,inside_outside,2,ood_background,background,"{'objects': ['obj_1', 'obj_2'], 'relation': 'inside'}",no,no,no,True,0.16511451100001295,,False
ood_background_000041_q02,ood_background_000041,images/ood_background/ood_background_000041.png,Which object is immediately left of the yellow triangle?,green circle,left_right,2,ood_background,background,"{'anchor': 'obj_2', 'target': 'obj_3', 'relation': 'left'}",green circle,green circle,green circle,True,0.21617620899996837,,False
ood_background_000041_q03,ood_background_000041,images/ood_background/ood_background_000041.png,Do the green circle and the blue rectangle overlap? Answer yes or no.,no,overlap,2,ood_background,background,"{'objects': ['obj_3', 'obj_4'], 'relation': 'overlap'}",no,no,no,True,0.16581735199997638,,False
ood_background_000041_q04,ood_background_000041,images/ood_background/ood_background_000041.png,Which object is the leftmost in the image?,green circle,relative_ordering,2,ood_background,background,"{'target': 'obj_3', 'relation': 'leftmost'}",green circle,green circle,green circle,True,0.22833243799999536,,False
ood_background_000042_q01,ood_background_000042,images/ood_background/ood_background_000042.png,"Which object is larger, the red circle or the green circle?",green circle,relative_size,2,ood_background,background,"{'objects': ['obj_1', 'obj_4'], 'target': 'obj_4', 'relation': 'larger'}",red circle,green circle,red circle,False,0.21694076099998938,object_confusion,True
ood_background_000042_q02,ood_background_000042,images/ood_background/ood_background_000042.png,Which object is nearest from the green circle?,red circle,nearest_farthest,2,ood_background,background,"{'anchor': 'obj_4', 'target': 'obj_1', 'relation': 'nearest'}",red circle,red circle,red circle,True,0.2157796750000216,,False
ood_background_000042_q03,ood_background_000042,images/ood_background/ood_background_000042.png,Is the green circle completely inside the red circle? Answer yes or no.,no,inside_outside,2,ood_background,background,"{'objects': ['obj_4', 'obj_1'], 'relation': 'inside'}",no,no,no,True,0.166301916000009,,False
ood_background_000042_q04,ood_background_000042,images/ood_background/ood_background_000042.png,How many objects are left of the red circle?,3,counting,2,ood_background,background,"{'anchor': 'obj_1', 'relation': 'left'}",2,3,2,False,0.16598328899999615,counting_error,True
ood_background_000043_q01,ood_background_000043,images/ood_background/ood_background_000043.png,"Which object is closer to the center of the image, the blue circle or the red circle?",blue circle,center_proximity,2,ood_background,background,"{'objects': ['obj_3', 'obj_4'], 'target': 'obj_3', 'relation': 'center_proximity'}",blue circle,blue circle,blue circle,True,0.2210053480000056,,False
ood_background_000043_q02,ood_background_000043,images/ood_background/ood_background_000043.png,Which object is both right of the yellow rectangle and below the blue circle?,red circle,multi_hop,4,ood_background,background,"{'anchors': ['obj_1', 'obj_3'], 'target': 'obj_4', 'relations': ['right of', 'below']}",red circle,red circle,red circle,True,0.2198018590000288,,False
ood_background_000043_q03,ood_background_000043,images/ood_background/ood_background_000043.png,Which object is immediately above the green rectangle?,yellow rectangle,above_below,2,ood_background,background,"{'anchor': 'obj_2', 'target': 'obj_1', 'relation': 'above'}",yellow rectangle,yellow rectangle,yellow rectangle,True,0.21697159400002874,,False
ood_background_000043_q04,ood_background_000043,images/ood_background/ood_background_000043.png,Which object is the leftmost in the image?,yellow rectangle,relative_ordering,2,ood_background,background,"{'target': 'obj_1', 'relation': 'leftmost'}",yellow rectangle,yellow rectangle,yellow rectangle,True,0.21679202699999678,,False
ood_background_000044_q01,ood_background_000044,images/ood_background/ood_background_000044.png,Do the yellow rectangle and the red rectangle overlap? Answer yes or no.,no,overlap,2,ood_background,background,"{'objects': ['obj_1', 'obj_3'], 'relation': 'overlap'}",no,no,no,True,0.16535114200002,,False
ood_background_000044_q02,ood_background_000044,images/ood_background/ood_background_000044.png,Is the green rectangle completely inside the red rectangle? Answer yes or no.,no,inside_outside,2,ood_background,background,"{'objects': ['obj_2', 'obj_3'], 'relation': 'inside'}",no,no,no,True,0.1666583090000131,,False
ood_background_000044_q03,ood_background_000044,images/ood_background/ood_background_000044.png,Which object is immediately left of the yellow rectangle?,red rectangle,left_right,2,ood_background,background,"{'anchor': 'obj_1', 'target': 'obj_3', 'relation': 'left'}",red rectangle,red rectangle,red rectangle,True,0.21760256400000344,,False
ood_background_000044_q04,ood_background_000044,images/ood_background/ood_background_000044.png,"Which object is smaller, the green rectangle or the yellow rectangle?",yellow rectangle,relative_size,2,ood_background,background,"{'objects': ['obj_2', 'obj_1'], 'target': 'obj_1', 'relation': 'smaller'}",yellow rectangle,yellow rectangle,yellow rectangle,True,0.21760558500000116,,False
ood_background_000045_q01,ood_background_000045,images/ood_background/ood_background_000045.png,"Which object is larger, the yellow triangle or the red circle?",yellow triangle,relative_size,2,ood_background,background,"{'objects': ['obj_3', 'obj_4'], 'target': 'obj_3', 'relation': 'larger'}",red circle,yellow triangle,red circle,False,0.21948612400001366,object_confusion,True
ood_background_000045_q02,ood_background_000045,images/ood_background/ood_background_000045.png,How many objects are left of the red circle?,0,counting,2,ood_background,background,"{'anchor': 'obj_4', 'relation': 'left'}",2,0,2,False,0.1662490109999908,counting_error,True
ood_background_000045_q03,ood_background_000045,images/ood_background/ood_background_000045.png,Which object is both right of the red circle and above the yellow triangle?,blue circle,multi_hop,4,ood_background,background,"{'anchors': ['obj_4', 'obj_3'], 'target': 'obj_2', 'relations': ['right of', 'above']}",blue circle,blue circle,blue circle,True,0.2161515619999932,,False
ood_background_000045_q04,ood_background_000045,images/ood_background/ood_background_000045.png,Which object is immediately right of the red circle?,blue circle,left_right,2,ood_background,background,"{'anchor': 'obj_4', 'target': 'obj_2', 'relation': 'right'}",yellow triangle,blue circle,yellow triangle,False,0.21496272199999567,spatial_inversion,True
ood_background_000046_q01,ood_background_000046,images/ood_background/ood_background_000046.png,Is the blue rectangle completely inside the green circle? Answer yes or no.,no,inside_outside,2,ood_background,background,"{'objects': ['obj_2', 'obj_4'], 'relation': 'inside'}",no,no,no,True,0.1653758609999727,,False
ood_background_000046_q02,ood_background_000046,images/ood_background/ood_background_000046.png,How many circle objects are in the image?,2,counting,1,ood_background,background,{'filter': {'shape': 'circle'}},2,2,2,True,0.16605031699998563,,False
ood_background_000046_q03,ood_background_000046,images/ood_background/ood_background_000046.png,Which object is both above the yellow circle and left of the red rectangle?,green circle,multi_hop,4,ood_background,background,"{'anchors': ['obj_3', 'obj_1'], 'target': 'obj_4', 'relations': ['above', 'left of']}",green circle,green circle,green circle,True,0.21558382800003528,,False
ood_background_000046_q04,ood_background_000046,images/ood_background/ood_background_000046.png,"Which object is larger, the blue rectangle or the red rectangle?",blue rectangle,relative_size,2,ood_background,background,"{'objects': ['obj_2', 'obj_1'], 'target': 'obj_2', 'relation': 'larger'}",blue rectangle,blue rectangle,blue rectangle,True,0.21517751200002522,,False
ood_background_000047_q01,ood_background_000047,images/ood_background/ood_background_000047.png,Do the blue circle and the green circle overlap? Answer yes or no.,yes,overlap,2,ood_background,background,"{'objects': ['obj_1', 'obj_3'], 'relation': 'overlap'}",yes,yes,yes,True,0.16603961999999228,,False
ood_background_000047_q02,ood_background_000047,images/ood_background/ood_background_000047.png,How many objects are above the blue circle?,1,counting,2,ood_background,background,"{'anchor': 'obj_1', 'relation': 'above'}",2,1,2,False,0.16613281100001132,counting_error,True
ood_background_000047_q03,ood_background_000047,images/ood_background/ood_background_000047.png,Which object is the bottommost in the image?,green circle,relative_ordering,2,ood_background,background,"{'target': 'obj_3', 'relation': 'bottommost'}",green circle,green circle,green circle,True,0.21707831200001237,,False
ood_background_000047_q04,ood_background_000047,images/ood_background/ood_background_000047.png,Which object is immediately left of the green circle?,blue circle,left_right,2,ood_background,background,"{'anchor': 'obj_3', 'target': 'obj_1', 'relation': 'left'}",blue circle,blue circle,blue circle,True,0.2150233229999685,,False
ood_background_000048_q01,ood_background_000048,images/ood_background/ood_background_000048.png,Is the yellow rectangle completely inside the red rectangle? Answer yes or no.,no,inside_outside,2,ood_background,background,"{'objects': ['obj_3', 'obj_2'], 'relation': 'inside'}",no,no,no,True,0.1670422280000139,,False
ood_background_000048_q02,ood_background_000048,images/ood_background/ood_background_000048.png,"Which object is closer to the center of the image, the yellow rectangle or the green rectangle?",green rectangle,center_proximity,2,ood_background,background,"{'objects': ['obj_3', 'obj_1'], 'target': 'obj_1', 'relation': 'center_proximity'}",green rectangle,green rectangle,green rectangle,True,0.21807352499996568,,False
ood_background_000048_q03,ood_background_000048,images/ood_background/ood_background_000048.png,Which object is both above the red rectangle and left of the green rectangle?,yellow rectangle,multi_hop,4,ood_background,background,"{'anchors': ['obj_2', 'obj_1'], 'target': 'obj_3', 'relations': ['above', 'left of']}",yellow rectangle,yellow rectangle,yellow rectangle,True,0.2149096429999986,,False
ood_background_000048_q04,ood_background_000048,images/ood_background/ood_background_000048.png,"Which object is larger, the green rectangle or the red rectangle?",red rectangle,relative_size,2,ood_background,background,"{'objects': ['obj_1', 'obj_2'], 'target': 'obj_2', 'relation': 'larger'}",red rectangle,red rectangle,red rectangle,True,0.21607654199999615,,False
ood_background_000049_q01,ood_background_000049,images/ood_background/ood_background_000049.png,Which object is the rightmost in the image?,yellow triangle,relative_ordering,2,ood_background,background,"{'target': 'obj_2', 'relation': 'rightmost'}",triangle,yellow triangle,triangle,False,0.16574693599994816,spatial_inversion,True
ood_background_000049_q02,ood_background_000049,images/ood_background/ood_background_000049.png,Is the red rectangle completely inside the blue circle? Answer yes or no.,no,inside_outside,2,ood_background,background,"{'objects': ['obj_1', 'obj_4'], 'relation': 'inside'}",no,no,no,True,0.16744382000001679,,False
ood_background_000049_q03,ood_background_000049,images/ood_background/ood_background_000049.png,Which object is farthest from the yellow triangle?,blue circle,nearest_farthest,2,ood_background,background,"{'anchor': 'obj_2', 'target': 'obj_4', 'relation': 'farthest'}",red square,blue circle,red square,False,0.21596474199998283,distance_reasoning_error,True
ood_background_000049_q04,ood_background_000049,images/ood_background/ood_background_000049.png,Which object is between the blue circle and the yellow triangle?,red circle,between,3,ood_background,background,"{'objects': ['obj_4', 'obj_2'], 'target': 'obj_3', 'relation': 'between'}",red circle,red circle,red circle,True,0.21594020400004865,,False
ood_occlusion_000000_q01,ood_occlusion_000000,images/ood_occlusion/ood_occlusion_000000.png,Which object is immediately right of the yellow circle?,green triangle,left_right,2,ood_occlusion,occlusion,"{'anchor': 'obj_3', 'target': 'obj_2', 'relation': 'right'}",triangle,green triangle,triangle,False,0.16603025300003083,spatial_inversion,True
ood_occlusion_000000_q02,ood_occlusion_000000,images/ood_occlusion/ood_occlusion_000000.png,Which object is the rightmost in the image?,green triangle,relative_ordering,2,ood_occlusion,occlusion,"{'target': 'obj_2', 'relation': 'rightmost'}",triangle,green triangle,triangle,False,0.17035787500003607,spatial_inversion,True
ood_occlusion_000000_q03,ood_occlusion_000000,images/ood_occlusion/ood_occlusion_000000.png,Which object is both left of the green triangle and right of the red circle?,yellow circle,multi_hop,4,ood_occlusion,occlusion,"{'anchors': ['obj_2', 'obj_1'], 'target': 'obj_3', 'relations': ['left of', 'right of']}",yellow circle,yellow circle,yellow circle,True,0.2171890429999621,,False
ood_occlusion_000000_q04,ood_occlusion_000000,images/ood_occlusion/ood_occlusion_000000.png,Which object is immediately below the red circle?,green triangle,above_below,2,ood_occlusion,occlusion,"{'anchor': 'obj_1', 'target': 'obj_2', 'relation': 'below'}",triangle,green triangle,triangle,False,0.16536019599999463,spatial_inversion,True
ood_occlusion_000001_q01,ood_occlusion_000001,images/ood_occlusion/ood_occlusion_000001.png,Which object is between the green triangle and the red rectangle?,blue triangle,between,3,ood_occlusion,occlusion,"{'objects': ['obj_4', 'obj_3'], 'target': 'obj_1', 'relation': 'between'}",green circle,blue triangle,green circle,False,0.2159323390000054,object_confusion,True
ood_occlusion_000001_q02,ood_occlusion_000001,images/ood_occlusion/ood_occlusion_000001.png,Which object is both left of the blue triangle and right of the red rectangle?,green circle,multi_hop,4,ood_occlusion,occlusion,"{'anchors': ['obj_1', 'obj_3'], 'target': 'obj_2', 'relations': ['left of', 'right of']}",green circle,green circle,green circle,True,0.2157062239999732,,False
ood_occlusion_000001_q03,ood_occlusion_000001,images/ood_occlusion/ood_occlusion_000001.png,"Which object is larger, the red rectangle or the green circle?",green circle,relative_size,2,ood_occlusion,occlusion,"{'objects': ['obj_3', 'obj_2'], 'target': 'obj_2', 'relation': 'larger'}",green circle,green circle,green circle,True,0.2156945429999837,,False
ood_occlusion_000001_q04,ood_occlusion_000001,images/ood_occlusion/ood_occlusion_000001.png,How many objects are above the blue triangle?,1,counting,2,ood_occlusion,occlusion,"{'anchor': 'obj_1', 'relation': 'above'}",1,1,1,True,0.16675022000003992,,False
ood_occlusion_000002_q01,ood_occlusion_000002,images/ood_occlusion/ood_occlusion_000002.png,Which object is the leftmost in the image?,blue triangle,relative_ordering,2,ood_occlusion,occlusion,"{'target': 'obj_3', 'relation': 'leftmost'}",triangle,blue triangle,triangle,False,0.16507930500000612,spatial_inversion,True
ood_occlusion_000002_q02,ood_occlusion_000002,images/ood_occlusion/ood_occlusion_000002.png,Which object is immediately left of the yellow circle?,yellow rectangle,left_right,2,ood_occlusion,occlusion,"{'anchor': 'obj_2', 'target': 'obj_1', 'relation': 'left'}",triangle,yellow rectangle,triangle,False,0.1652118610000457,spatial_inversion,True
ood_occlusion_000002_q03,ood_occlusion_000002,images/ood_occlusion/ood_occlusion_000002.png,Which object is immediately above the yellow rectangle?,yellow circle,above_below,2,ood_occlusion,occlusion,"{'anchor': 'obj_1', 'target': 'obj_2', 'relation': 'above'}",circle,yellow circle,circle,False,0.16425945600002478,spatial_inversion,True
ood_occlusion_000002_q04,ood_occlusion_000002,images/ood_occlusion/ood_occlusion_000002.png,How many objects are above the blue triangle?,1,counting,2,ood_occlusion,occlusion,"{'anchor': 'obj_3', 'relation': 'above'}",2,1,2,False,0.1661626540000043,counting_error,True
ood_occlusion_000003_q01,ood_occlusion_000003,images/ood_occlusion/ood_occlusion_000003.png,Which object is both left of the yellow circle and below the yellow triangle?,blue rectangle,multi_hop,4,ood_occlusion,occlusion,"{'anchors': ['obj_5', 'obj_2'], 'target': 'obj_3', 'relations': ['left of', 'below']}",green rectangle,blue rectangle,green rectangle,False,0.21627882599995019,relation_chain_failure,True
ood_occlusion_000003_q02,ood_occlusion_000003,images/ood_occlusion/ood_occlusion_000003.png,How many objects are above the blue rectangle?,2,counting,2,ood_occlusion,occlusion,"{'anchor': 'obj_3', 'relation': 'above'}",2,2,2,True,0.1663172919999738,,False
ood_occlusion_000003_q03,ood_occlusion_000003,images/ood_occlusion/ood_occlusion_000003.png,"Which object is smaller, the green triangle or the yellow triangle?",yellow triangle,relative_size,2,ood_occlusion,occlusion,"{'objects': ['obj_1', 'obj_2'], 'target': 'obj_2', 'relation': 'smaller'}",yellow triangle,yellow triangle,yellow triangle,True,0.21491778300003261,,False
ood_occlusion_000003_q04,ood_occlusion_000003,images/ood_occlusion/ood_occlusion_000003.png,Is the yellow triangle completely inside the yellow circle? Answer yes or no.,no,inside_outside,2,ood_occlusion,occlusion,"{'objects': ['obj_2', 'obj_5'], 'relation': 'inside'}",no,no,no,True,0.167618162999986,,False
ood_occlusion_000004_q01,ood_occlusion_000004,images/ood_occlusion/ood_occlusion_000004.png,How many objects are above the red triangle?,0,counting,2,ood_occlusion,occlusion,"{'anchor': 'obj_1', 'relation': 'above'}",1,0,1,False,0.16679442399998834,counting_error,True
ood_occlusion_000004_q02,ood_occlusion_000004,images/ood_occlusion/ood_occlusion_000004.png,Which object is the bottommost in the image?,green circle,relative_ordering,2,ood_occlusion,occlusion,"{'target': 'obj_3', 'relation': 'bottommost'}",green circle,green circle,green circle,True,0.2149636350000037,,False
ood_occlusion_000004_q03,ood_occlusion_000004,images/ood_occlusion/ood_occlusion_000004.png,Which object is farthest from the yellow circle?,green circle,nearest_farthest,2,ood_occlusion,occlusion,"{'anchor': 'obj_4', 'target': 'obj_3', 'relation': 'farthest'}",green circle,green circle,green circle,True,0.21635687499997402,,False
ood_occlusion_000004_q04,ood_occlusion_000004,images/ood_occlusion/ood_occlusion_000004.png,"Which object is smaller, the yellow circle or the red triangle?",yellow circle,relative_size,2,ood_occlusion,occlusion,"{'objects': ['obj_4', 'obj_1'], 'target': 'obj_4', 'relation': 'smaller'}",yellow circle,yellow circle,yellow circle,True,0.21648502399995095,,False
ood_occlusion_000005_q01,ood_occlusion_000005,images/ood_occlusion/ood_occlusion_000005.png,Which object is both right of the red rectangle and below the blue rectangle?,yellow triangle,multi_hop,4,ood_occlusion,occlusion,"{'anchors': ['obj_3', 'obj_1'], 'target': 'obj_2', 'relations': ['right of', 'below']}",triangle,yellow triangle,triangle,False,0.16814990500000704,relation_chain_failure,True
ood_occlusion_000005_q02,ood_occlusion_000005,images/ood_occlusion/ood_occlusion_000005.png,Which object is immediately below the yellow triangle?,red rectangle,above_below,2,ood_occlusion,occlusion,"{'anchor': 'obj_2', 'target': 'obj_3', 'relation': 'below'}",red rectangle,red rectangle,red rectangle,True,0.21945643700001938,,False
ood_occlusion_000005_q03,ood_occlusion_000005,images/ood_occlusion/ood_occlusion_000005.png,Which object is between the red triangle and the blue rectangle?,blue circle,between,3,ood_occlusion,occlusion,"{'objects': ['obj_4', 'obj_1'], 'target': 'obj_5', 'relation': 'between'}",yellow triangle,blue circle,yellow triangle,False,0.21895022900002914,object_confusion,True
ood_occlusion_000005_q04,ood_occlusion_000005,images/ood_occlusion/ood_occlusion_000005.png,"Which object is larger, the blue circle or the red rectangle?",blue circle,relative_size,2,ood_occlusion,occlusion,"{'objects': ['obj_5', 'obj_3'], 'target': 'obj_5', 'relation': 'larger'}",blue circle,blue circle,blue circle,True,0.22090795200000457,,False
ood_occlusion_000006_q01,ood_occlusion_000006,images/ood_occlusion/ood_occlusion_000006.png,Which object is between the green triangle and the yellow rectangle?,blue circle,between,3,ood_occlusion,occlusion,"{'objects': ['obj_2', 'obj_3'], 'target': 'obj_1', 'relation': 'between'}",blue circle,blue circle,blue circle,True,0.21598730800002386,,False
ood_occlusion_000006_q02,ood_occlusion_000006,images/ood_occlusion/ood_occlusion_000006.png,Which object is the bottommost in the image?,yellow rectangle,relative_ordering,2,ood_occlusion,occlusion,"{'target': 'obj_3', 'relation': 'bottommost'}",square,yellow rectangle,square,False,0.16529635900002404,spatial_inversion,True
ood_occlusion_000006_q03,ood_occlusion_000006,images/ood_occlusion/ood_occlusion_000006.png,Which object is both below the green triangle and left of the blue circle?,yellow rectangle,multi_hop,4,ood_occlusion,occlusion,"{'anchors': ['obj_2', 'obj_1'], 'target': 'obj_3', 'relations': ['below', 'left of']}",yellow rectangle,yellow rectangle,yellow rectangle,True,0.21511030400000664,,False
ood_occlusion_000006_q04,ood_occlusion_000006,images/ood_occlusion/ood_occlusion_000006.png,Which object is immediately left of the green triangle?,blue circle,left_right,2,ood_occlusion,occlusion,"{'anchor': 'obj_2', 'target': 'obj_1', 'relation': 'left'}",yellow rectangle,blue circle,yellow rectangle,False,0.2181075359999909,spatial_inversion,True
ood_occlusion_000007_q01,ood_occlusion_000007,images/ood_occlusion/ood_occlusion_000007.png,Do the blue circle and the green rectangle overlap? Answer yes or no.,no,overlap,2,ood_occlusion,occlusion,"{'objects': ['obj_1', 'obj_2'], 'relation': 'overlap'}",no,no,no,True,0.16604126599997926,,False
ood_occlusion_000007_q02,ood_occlusion_000007,images/ood_occlusion/ood_occlusion_000007.png,Which object is both left of the green rectangle and above the blue circle?,red rectangle,multi_hop,4,ood_occlusion,occlusion,"{'anchors': ['obj_2', 'obj_1'], 'target': 'obj_3', 'relations': ['left of', 'above']}",red rectangle,red rectangle,red rectangle,True,0.214880112000003,,False
ood_occlusion_000007_q03,ood_occlusion_000007,images/ood_occlusion/ood_occlusion_000007.png,Which object is immediately above the green rectangle?,blue circle,above_below,2,ood_occlusion,occlusion,"{'anchor': 'obj_2', 'target': 'obj_1', 'relation': 'above'}",white rectangle,blue circle,white rectangle,False,0.2164058670000486,spatial_inversion,True
ood_occlusion_000007_q04,ood_occlusion_000007,images/ood_occlusion/ood_occlusion_000007.png,"Which object is smaller, the blue circle or the red rectangle?",blue circle,relative_size,2,ood_occlusion,occlusion,"{'objects': ['obj_1', 'obj_3'], 'target': 'obj_1', 'relation': 'smaller'}",blue circle,blue circle,blue circle,True,0.2226373689999832,,False
ood_occlusion_000008_q01,ood_occlusion_000008,images/ood_occlusion/ood_occlusion_000008.png,Do the red circle and the green triangle overlap? Answer yes or no.,no,overlap,2,ood_occlusion,occlusion,"{'objects': ['obj_1', 'obj_3'], 'relation': 'overlap'}",no,no,no,True,0.16906798100001197,,False
ood_occlusion_000008_q02,ood_occlusion_000008,images/ood_occlusion/ood_occlusion_000008.png,"Which object is closer to the center of the image, the red rectangle or the blue rectangle?",blue rectangle,center_proximity,2,ood_occlusion,occlusion,"{'objects': ['obj_2', 'obj_4'], 'target': 'obj_4', 'relation': 'center_proximity'}",blue rectangle,blue rectangle,blue rectangle,True,0.21723889700001564,,False
ood_occlusion_000008_q03,ood_occlusion_000008,images/ood_occlusion/ood_occlusion_000008.png,Which object is between the red rectangle and the red circle?,blue rectangle,between,3,ood_occlusion,occlusion,"{'objects': ['obj_2', 'obj_1'], 'target': 'obj_4', 'relation': 'between'}",triangle,blue rectangle,triangle,False,0.16802885100003095,object_confusion,True
ood_occlusion_000008_q04,ood_occlusion_000008,images/ood_occlusion/ood_occlusion_000008.png,Which object is nearest from the red circle?,blue rectangle,nearest_farthest,2,ood_occlusion,occlusion,"{'anchor': 'obj_1', 'target': 'obj_4', 'relation': 'nearest'}",blue square,blue rectangle,blue square,False,0.2170013420000032,distance_reasoning_error,True
ood_occlusion_000009_q01,ood_occlusion_000009,images/ood_occlusion/ood_occlusion_000009.png,Which object is immediately right of the blue triangle?,blue circle,left_right,2,ood_occlusion,occlusion,"{'anchor': 'obj_4', 'target': 'obj_5', 'relation': 'right'}",rectangle,blue circle,rectangle,False,0.1692769500000395,spatial_inversion,True
ood_occlusion_000009_q02,ood_occlusion_000009,images/ood_occlusion/ood_occlusion_000009.png,Which object is both below the yellow circle and left of the blue rectangle?,blue triangle,multi_hop,4,ood_occlusion,occlusion,"{'anchors': ['obj_3', 'obj_1'], 'target': 'obj_4', 'relations': ['below', 'left of']}",triangle,blue triangle,triangle,False,0.16922457599997642,relation_chain_failure,True
ood_occlusion_000009_q03,ood_occlusion_000009,images/ood_occlusion/ood_occlusion_000009.png,How many blue objects are in the image?,3,counting,1,ood_occlusion,occlusion,{'filter': {'color': 'blue'}},2,3,2,False,0.17252394700000195,counting_error,True
ood_occlusion_000009_q04,ood_occlusion_000009,images/ood_occlusion/ood_occlusion_000009.png,Which object is the rightmost in the image?,blue rectangle,relative_ordering,2,ood_occlusion,occlusion,"{'target': 'obj_1', 'relation': 'rightmost'}",rectangle,blue rectangle,rectangle,False,0.16818665299996383,spatial_inversion,True
ood_occlusion_000010_q01,ood_occlusion_000010,images/ood_occlusion/ood_occlusion_000010.png,Which object is between the red triangle and the blue triangle?,green circle,between,3,ood_occlusion,occlusion,"{'objects': ['obj_3', 'obj_1'], 'target': 'obj_4', 'relation': 'between'}",green circle,green circle,green circle,True,0.21823356099997682,,False
ood_occlusion_000010_q02,ood_occlusion_000010,images/ood_occlusion/ood_occlusion_000010.png,Which object is both above the blue triangle and below the red triangle?,green circle,multi_hop,4,ood_occlusion,occlusion,"{'anchors': ['obj_1', 'obj_3'], 'target': 'obj_4', 'relations': ['above', 'below']}",green circle,green circle,green circle,True,0.21802674599996408,,False
ood_occlusion_000010_q03,ood_occlusion_000010,images/ood_occlusion/ood_occlusion_000010.png,"Which object is larger, the red triangle or the blue triangle?",blue triangle,relative_size,2,ood_occlusion,occlusion,"{'objects': ['obj_3', 'obj_1'], 'target': 'obj_1', 'relation': 'larger'}",red triangle,blue triangle,red triangle,False,0.21982330499997715,object_confusion,True
ood_occlusion_000010_q04,ood_occlusion_000010,images/ood_occlusion/ood_occlusion_000010.png,How many objects are above the green circle?,2,counting,2,ood_occlusion,occlusion,"{'anchor': 'obj_4', 'relation': 'above'}",2,2,2,True,0.1664726719999976,,False
ood_occlusion_000011_q01,ood_occlusion_000011,images/ood_occlusion/ood_occlusion_000011.png,Which object is the leftmost in the image?,red rectangle,relative_ordering,2,ood_occlusion,occlusion,"{'target': 'obj_2', 'relation': 'leftmost'}",square,red rectangle,square,False,0.1664511490000109,spatial_inversion,True
ood_occlusion_000011_q02,ood_occlusion_000011,images/ood_occlusion/ood_occlusion_000011.png,Which object is immediately left of the red triangle?,green triangle,left_right,2,ood_occlusion,occlusion,"{'anchor': 'obj_4', 'target': 'obj_3', 'relation': 'left'}",square,green triangle,square,False,0.16708565999999792,spatial_inversion,True
ood_occlusion_000011_q03,ood_occlusion_000011,images/ood_occlusion/ood_occlusion_000011.png,Which object is immediately above the yellow rectangle?,green triangle,above_below,2,ood_occlusion,occlusion,"{'anchor': 'obj_1', 'target': 'obj_3', 'relation': 'above'}",triangle,green triangle,triangle,False,0.166009846999998,spatial_inversion,True
ood_occlusion_000011_q04,ood_occlusion_000011,images/ood_occlusion/ood_occlusion_000011.png,How many objects are above the red rectangle?,0,counting,2,ood_occlusion,occlusion,"{'anchor': 'obj_2', 'relation': 'above'}",2,0,2,False,0.16576609599997028,counting_error,True
ood_occlusion_000012_q01,ood_occlusion_000012,images/ood_occlusion/ood_occlusion_000012.png,Which object is both below the green triangle and above the red circle?,yellow circle,multi_hop,4,ood_occlusion,occlusion,"{'anchors': ['obj_2', 'obj_1'], 'target': 'obj_3', 'relations': ['below', 'above']}",white,yellow circle,white,False,0.16840896799999427,relation_chain_failure,True
ood_occlusion_000012_q02,ood_occlusion_000012,images/ood_occlusion/ood_occlusion_000012.png,How many yellow objects are in the image?,1,counting,1,ood_occlusion,occlusion,{'filter': {'color': 'yellow'}},1,1,1,True,0.16856470200002605,,False
ood_occlusion_000012_q03,ood_occlusion_000012,images/ood_occlusion/ood_occlusion_000012.png,"Which object is larger, the red circle or the yellow circle?",yellow circle,relative_size,2,ood_occlusion,occlusion,"{'objects': ['obj_1', 'obj_3'], 'target': 'obj_3', 'relation': 'larger'}",yellow circle,yellow circle,yellow circle,True,0.21713019800000666,,False
ood_occlusion_000012_q04,ood_occlusion_000012,images/ood_occlusion/ood_occlusion_000012.png,Is the yellow circle completely inside the red circle? Answer yes or no.,no,inside_outside,2,ood_occlusion,occlusion,"{'objects': ['obj_3', 'obj_1'], 'relation': 'inside'}",no,no,no,True,0.16579660100001092,,False
ood_occlusion_000013_q01,ood_occlusion_000013,images/ood_occlusion/ood_occlusion_000013.png,Which object is immediately below the green circle?,blue circle,above_below,2,ood_occlusion,occlusion,"{'anchor': 'obj_3', 'target': 'obj_2', 'relation': 'below'}",blue circle,blue circle,blue circle,True,0.21678167200002463,,False
ood_occlusion_000013_q02,ood_occlusion_000013,images/ood_occlusion/ood_occlusion_000013.png,How many objects are above the red circle?,2,counting,2,ood_occlusion,occlusion,"{'anchor': 'obj_1', 'relation': 'above'}",2,2,2,True,0.16860092699999996,,False
ood_occlusion_000013_q03,ood_occlusion_000013,images/ood_occlusion/ood_occlusion_000013.png,Which object is the bottommost in the image?,red circle,relative_ordering,2,ood_occlusion,occlusion,"{'target': 'obj_1', 'relation': 'bottommost'}",rectangle,red circle,rectangle,False,0.16675638699996398,spatial_inversion,True
ood_occlusion_000013_q04,ood_occlusion_000013,images/ood_occlusion/ood_occlusion_000013.png,Which object is farthest from the yellow rectangle?,green circle,nearest_farthest,2,ood_occlusion,occlusion,"{'anchor': 'obj_4', 'target': 'obj_3', 'relation': 'farthest'}",blue circle,green circle,blue circle,False,0.21566513599998416,distance_reasoning_error,True
ood_occlusion_000014_q01,ood_occlusion_000014,images/ood_occlusion/ood_occlusion_000014.png,Which object is both below the blue rectangle and right of the yellow triangle?,red triangle,multi_hop,4,ood_occlusion,occlusion,"{'anchors': ['obj_1', 'obj_2'], 'target': 'obj_3', 'relations': ['below', 'right of']}",red triangle,red triangle,red triangle,True,0.2183495369999946,,False
ood_occlusion_000014_q02,ood_occlusion_000014,images/ood_occlusion/ood_occlusion_000014.png,Which object is between the blue rectangle and the yellow triangle?,red triangle,between,3,ood_occlusion,occlusion,"{'objects': ['obj_1', 'obj_2'], 'target': 'obj_3', 'relation': 'between'}",red triangle,red triangle,red triangle,True,0.21593977600002745,,False
ood_occlusion_000014_q03,ood_occlusion_000014,images/ood_occlusion/ood_occlusion_000014.png,Which object is immediately left of the blue rectangle?,yellow triangle,left_right,2,ood_occlusion,occlusion,"{'anchor': 'obj_1', 'target': 'obj_2', 'relation': 'left'}",triangle,yellow triangle,triangle,False,0.1662381650000384,spatial_inversion,True
ood_occlusion_000014_q04,ood_occlusion_000014,images/ood_occlusion/ood_occlusion_000014.png,"Which object is smaller, the red triangle or the yellow triangle?",yellow triangle,relative_size,2,ood_occlusion,occlusion,"{'objects': ['obj_3', 'obj_2'], 'target': 'obj_2', 'relation': 'smaller'}",red triangle,yellow triangle,red triangle,False,0.21836921599998504,object_confusion,True
ood_occlusion_000015_q01,ood_occlusion_000015,images/ood_occlusion/ood_occlusion_000015.png,Which object is the leftmost in the image?,yellow circle,relative_ordering,2,ood_occlusion,occlusion,"{'target': 'obj_3', 'relation': 'leftmost'}",red circle,yellow circle,red circle,False,0.21581438999999136,spatial_inversion,True
ood_occlusion_000015_q02,ood_occlusion_000015,images/ood_occlusion/ood_occlusion_000015.png,Which object is both left of the blue circle and above the yellow circle?,red circle,multi_hop,4,ood_occlusion,occlusion,"{'anchors': ['obj_1', 'obj_3'], 'target': 'obj_2', 'relations': ['left of', 'above']}",red circle,red circle,red circle,True,0.21640203200001906,,False
ood_occlusion_000015_q03,ood_occlusion_000015,images/ood_occlusion/ood_occlusion_000015.png,Which object is immediately left of the blue circle?,red circle,left_right,2,ood_occlusion,occlusion,"{'anchor': 'obj_1', 'target': 'obj_2', 'relation': 'left'}",triangle,red circle,triangle,False,0.16553939799996442,spatial_inversion,True
ood_occlusion_000015_q04,ood_occlusion_000015,images/ood_occlusion/ood_occlusion_000015.png,Do the red triangle and the red circle overlap? Answer yes or no.,no,overlap,2,ood_occlusion,occlusion,"{'objects': ['obj_4', 'obj_2'], 'relation': 'overlap'}",yes,no,yes,False,0.16565633499999421,relation_error,True
ood_occlusion_000016_q01,ood_occlusion_000016,images/ood_occlusion/ood_occlusion_000016.png,Which object is immediately left of the red circle?,yellow circle,left_right,2,ood_occlusion,occlusion,"{'anchor': 'obj_3', 'target': 'obj_2', 'relation': 'left'}",yellow circle,yellow circle,yellow circle,True,0.21762058299998444,,False
ood_occlusion_000016_q02,ood_occlusion_000016,images/ood_occlusion/ood_occlusion_000016.png,Do the yellow triangle and the yellow circle overlap? Answer yes or no.,no,overlap,2,ood_occlusion,occlusion,"{'objects': ['obj_1', 'obj_2'], 'relation': 'overlap'}",no,no,no,True,0.16607445900001494,,False
ood_occlusion_000016_q03,ood_occlusion_000016,images/ood_occlusion/ood_occlusion_000016.png,Which object is both above the yellow triangle and below the yellow circle?,red circle,multi_hop,4,ood_occlusion,occlusion,"{'anchors': ['obj_1', 'obj_2'], 'target': 'obj_3', 'relations': ['above', 'below']}",red circle,red circle,red circle,True,0.21651123700002017,,False
ood_occlusion_000016_q04,ood_occlusion_000016,images/ood_occlusion/ood_occlusion_000016.png,Which object is immediately above the yellow triangle?,red circle,above_below,2,ood_occlusion,occlusion,"{'anchor': 'obj_1', 'target': 'obj_3', 'relation': 'above'}",yellow circle,red circle,yellow circle,False,0.21520609300000615,spatial_inversion,True
ood_occlusion_000017_q01,ood_occlusion_000017,images/ood_occlusion/ood_occlusion_000017.png,Which object is immediately left of the yellow circle?,blue circle,left_right,2,ood_occlusion,occlusion,"{'anchor': 'obj_2', 'target': 'obj_1', 'relation': 'left'}",green square,blue circle,green square,False,0.21630423599998494,spatial_inversion,True
ood_occlusion_000017_q02,ood_occlusion_000017,images/ood_occlusion/ood_occlusion_000017.png,Do the blue circle and the green rectangle overlap? Answer yes or no.,no,overlap,2,ood_occlusion,occlusion,"{'objects': ['obj_1', 'obj_3'], 'relation': 'overlap'}",no,no,no,True,0.16618297799999482,,False
ood_occlusion_000017_q03,ood_occlusion_000017,images/ood_occlusion/ood_occlusion_000017.png,"Which object is closer to the center of the image, the yellow circle or the blue rectangle?",yellow circle,center_proximity,2,ood_occlusion,occlusion,"{'objects': ['obj_2', 'obj_4'], 'target': 'obj_2', 'relation': 'center_proximity'}",blue rectangle,yellow circle,blue rectangle,False,0.21679801600004112,distance_reasoning_error,True
ood_occlusion_000017_q04,ood_occlusion_000017,images/ood_occlusion/ood_occlusion_000017.png,Which object is between the yellow circle and the blue rectangle?,blue circle,between,3,ood_occlusion,occlusion,"{'objects': ['obj_2', 'obj_4'], 'target': 'obj_1', 'relation': 'between'}",green rectangle,blue circle,green rectangle,False,0.21647593099999085,object_confusion,True
ood_occlusion_000018_q01,ood_occlusion_000018,images/ood_occlusion/ood_occlusion_000018.png,Which object is both above the red circle and right of the green circle?,green triangle,multi_hop,4,ood_occlusion,occlusion,"{'anchors': ['obj_2', 'obj_3'], 'target': 'obj_4', 'relations': ['above', 'right of']}",triangle,green triangle,triangle,False,0.16571900899998582,relation_chain_failure,True
ood_occlusion_000018_q02,ood_occlusion_000018,images/ood_occlusion/ood_occlusion_000018.png,How many objects are above the red circle?,2,counting,2,ood_occlusion,occlusion,"{'anchor': 'obj_2', 'relation': 'above'}",2,2,2,True,0.16589361499995903,,False
ood_occlusion_000018_q03,ood_occlusion_000018,images/ood_occlusion/ood_occlusion_000018.png,Which object is the topmost in the image?,green circle,relative_ordering,2,ood_occlusion,occlusion,"{'target': 'obj_3', 'relation': 'topmost'}",circle,green circle,circle,False,0.1672076099999913,spatial_inversion,True
ood_occlusion_000018_q04,ood_occlusion_000018,images/ood_occlusion/ood_occlusion_000018.png,Which object is farthest from the red rectangle?,green triangle,nearest_farthest,2,ood_occlusion,occlusion,"{'anchor': 'obj_1', 'target': 'obj_4', 'relation': 'farthest'}",triangle,green triangle,triangle,False,0.16643655200005014,distance_reasoning_error,True
ood_occlusion_000019_q01,ood_occlusion_000019,images/ood_occlusion/ood_occlusion_000019.png,Which object is between the green circle and the yellow triangle?,green triangle,between,3,ood_occlusion,occlusion,"{'objects': ['obj_2', 'obj_1'], 'target': 'obj_3', 'relation': 'between'}",white triangle,green triangle,white triangle,False,0.2158929440000179,object_confusion,True
ood_occlusion_000019_q02,ood_occlusion_000019,images/ood_occlusion/ood_occlusion_000019.png,"Which object is closer to the center of the image, the yellow triangle or the green triangle?",green triangle,center_proximity,2,ood_occlusion,occlusion,"{'objects': ['obj_1', 'obj_3'], 'target': 'obj_3', 'relation': 'center_proximity'}",green triangle,green triangle,green triangle,True,0.21740292300000874,,False
ood_occlusion_000019_q03,ood_occlusion_000019,images/ood_occlusion/ood_occlusion_000019.png,Which object is the rightmost in the image?,yellow triangle,relative_ordering,2,ood_occlusion,occlusion,"{'target': 'obj_1', 'relation': 'rightmost'}",triangle,yellow triangle,triangle,False,0.1656930489999695,spatial_inversion,True
ood_occlusion_000019_q04,ood_occlusion_000019,images/ood_occlusion/ood_occlusion_000019.png,Is the yellow triangle completely inside the green circle? Answer yes or no.,no,inside_outside,2,ood_occlusion,occlusion,"{'objects': ['obj_1', 'obj_2'], 'relation': 'inside'}",no,no,no,True,0.16840901500000882,,False
ood_occlusion_000020_q01,ood_occlusion_000020,images/ood_occlusion/ood_occlusion_000020.png,Which object is the leftmost in the image?,green circle,relative_ordering,2,ood_occlusion,occlusion,"{'target': 'obj_2', 'relation': 'leftmost'}",circle,green circle,circle,False,0.18036700099997915,spatial_inversion,True
ood_occlusion_000020_q02,ood_occlusion_000020,images/ood_occlusion/ood_occlusion_000020.png,Which object is immediately above the blue triangle?,green circle,above_below,2,ood_occlusion,occlusion,"{'anchor': 'obj_1', 'target': 'obj_2', 'relation': 'above'}",green circle,green circle,green circle,True,0.2170477660000074,,False
ood_occlusion_000020_q03,ood_occlusion_000020,images/ood_occlusion/ood_occlusion_000020.png,How many objects are above the green triangle?,1,counting,2,ood_occlusion,occlusion,"{'anchor': 'obj_3', 'relation': 'above'}",1,1,1,True,0.1659582639999826,,False
ood_occlusion_000020_q04,ood_occlusion_000020,images/ood_occlusion/ood_occlusion_000020.png,"Which object is closer to the center of the image, the green triangle or the blue triangle?",green triangle,center_proximity,2,ood_occlusion,occlusion,"{'objects': ['obj_3', 'obj_1'], 'target': 'obj_3', 'relation': 'center_proximity'}",green triangle,green triangle,green triangle,True,0.21727986199999805,,False
ood_occlusion_000021_q01,ood_occlusion_000021,images/ood_occlusion/ood_occlusion_000021.png,Which object is both below the red triangle and above the blue circle?,yellow rectangle,multi_hop,4,ood_occlusion,occlusion,"{'anchors': ['obj_2', 'obj_1'], 'target': 'obj_3', 'relations': ['below', 'above']}",white,yellow rectangle,white,False,0.17257249600004343,relation_chain_failure,True
ood_occlusion_000021_q02,ood_occlusion_000021,images/ood_occlusion/ood_occlusion_000021.png,How many yellow objects are in the image?,1,counting,1,ood_occlusion,occlusion,{'filter': {'color': 'yellow'}},1,1,1,True,0.16688446400002022,,False
ood_occlusion_000021_q03,ood_occlusion_000021,images/ood_occlusion/ood_occlusion_000021.png,"Which object is larger, the blue circle or the yellow rectangle?",blue circle,relative_size,2,ood_occlusion,occlusion,"{'objects': ['obj_1', 'obj_3'], 'target': 'obj_1', 'relation': 'larger'}",blue circle,blue circle,blue circle,True,0.2163132289999794,,False
ood_occlusion_000021_q04,ood_occlusion_000021,images/ood_occlusion/ood_occlusion_000021.png,Is the yellow rectangle completely inside the blue circle? Answer yes or no.,yes,inside_outside,2,ood_occlusion,occlusion,"{'objects': ['obj_3', 'obj_1'], 'relation': 'inside'}",yes,yes,yes,True,0.16839944999998124,,False
ood_occlusion_000022_q01,ood_occlusion_000022,images/ood_occlusion/ood_occlusion_000022.png,How many objects are above the green triangle?,0,counting,2,ood_occlusion,occlusion,"{'anchor': 'obj_2', 'relation': 'above'}",2,0,2,False,0.1653794869999956,counting_error,True
ood_occlusion_000022_q02,ood_occlusion_000022,images/ood_occlusion/ood_occlusion_000022.png,Which object is the leftmost in the image?,green triangle,relative_ordering,2,ood_occlusion,occlusion,"{'target': 'obj_2', 'relation': 'leftmost'}",triangle,green triangle,triangle,False,0.16285697899996876,spatial_inversion,True
ood_occlusion_000022_q03,ood_occlusion_000022,images/ood_occlusion/ood_occlusion_000022.png,Which object is farthest from the yellow triangle?,green triangle,nearest_farthest,2,ood_occlusion,occlusion,"{'anchor': 'obj_3', 'target': 'obj_2', 'relation': 'farthest'}",green triangle,green triangle,green triangle,True,0.21435416100001703,,False
ood_occlusion_000022_q04,ood_occlusion_000022,images/ood_occlusion/ood_occlusion_000022.png,"Which object is smaller, the green triangle or the yellow triangle?",green triangle,relative_size,2,ood_occlusion,occlusion,"{'objects': ['obj_2', 'obj_3'], 'target': 'obj_2', 'relation': 'smaller'}",green triangle,green triangle,green triangle,True,0.21391885299999558,,False
ood_occlusion_000023_q01,ood_occlusion_000023,images/ood_occlusion/ood_occlusion_000023.png,Which object is both above the blue triangle and right of the blue circle?,red triangle,multi_hop,4,ood_occlusion,occlusion,"{'anchors': ['obj_2', 'obj_3'], 'target': 'obj_1', 'relations': ['above', 'right of']}",triangle,red triangle,triangle,False,0.17158117800005357,relation_chain_failure,True
ood_occlusion_000023_q02,ood_occlusion_000023,images/ood_occlusion/ood_occlusion_000023.png,Which object is immediately below the blue circle?,blue triangle,above_below,2,ood_occlusion,occlusion,"{'anchor': 'obj_3', 'target': 'obj_2', 'relation': 'below'}",triangle,blue triangle,triangle,False,0.1663328829999955,spatial_inversion,True
ood_occlusion_000023_q03,ood_occlusion_000023,images/ood_occlusion/ood_occlusion_000023.png,Which object is immediately right of the red triangle?,blue triangle,left_right,2,ood_occlusion,occlusion,"{'anchor': 'obj_1', 'target': 'obj_2', 'relation': 'right'}",blue triangle,blue triangle,blue triangle,True,0.21574523800001089,,False
ood_occlusion_000023_q04,ood_occlusion_000023,images/ood_occlusion/ood_occlusion_000023.png,"Which object is larger, the blue triangle or the blue circle?",blue circle,relative_size,2,ood_occlusion,occlusion,"{'objects': ['obj_2', 'obj_3'], 'target': 'obj_3', 'relation': 'larger'}",circle,blue circle,circle,False,0.16671340699997472,object_confusion,True
ood_occlusion_000024_q01,ood_occlusion_000024,images/ood_occlusion/ood_occlusion_000024.png,Which object is between the red rectangle and the yellow circle?,green circle,between,3,ood_occlusion,occlusion,"{'objects': ['obj_3', 'obj_4'], 'target': 'obj_2', 'relation': 'between'}",green circle,green circle,green circle,True,0.217295632999992,,False
ood_occlusion_000024_q02,ood_occlusion_000024,images/ood_occlusion/ood_occlusion_000024.png,Which object is the leftmost in the image?,red rectangle,relative_ordering,2,ood_occlusion,occlusion,"{'target': 'obj_3', 'relation': 'leftmost'}",red square,red rectangle,red square,False,0.21680885000000671,spatial_inversion,True
ood_occlusion_000024_q03,ood_occlusion_000024,images/ood_occlusion/ood_occlusion_000024.png,Which object is both above the green circle and left of the green rectangle?,red rectangle,multi_hop,4,ood_occlusion,occlusion,"{'anchors': ['obj_2', 'obj_1'], 'target': 'obj_3', 'relations': ['above', 'left of']}",red square,red rectangle,red square,False,0.21654749700002185,relation_chain_failure,True
ood_occlusion_000024_q04,ood_occlusion_000024,images/ood_occlusion/ood_occlusion_000024.png,Which object is immediately right of the red rectangle?,green circle,left_right,2,ood_occlusion,occlusion,"{'anchor': 'obj_3', 'target': 'obj_2', 'relation': 'right'}",green circle,green circle,green circle,True,0.21805840799993348,,False
ood_occlusion_000025_q01,ood_occlusion_000025,images/ood_occlusion/ood_occlusion_000025.png,Do the red triangle and the red circle overlap? Answer yes or no.,no,overlap,2,ood_occlusion,occlusion,"{'objects': ['obj_1', 'obj_2'], 'relation': 'overlap'}",yes,no,yes,False,0.16491170199992666,relation_error,True
ood_occlusion_000025_q02,ood_occlusion_000025,images/ood_occlusion/ood_occlusion_000025.png,Which object is both above the red triangle and below the red circle?,yellow triangle,multi_hop,4,ood_occlusion,occlusion,"{'anchors': ['obj_1', 'obj_2'], 'target': 'obj_3', 'relations': ['above', 'below']}",white triangle,yellow triangle,white triangle,False,0.21442718499997682,relation_chain_failure,True
ood_occlusion_000025_q03,ood_occlusion_000025,images/ood_occlusion/ood_occlusion_000025.png,Which object is immediately above the red triangle?,yellow triangle,above_below,2,ood_occlusion,occlusion,"{'anchor': 'obj_1', 'target': 'obj_3', 'relation': 'above'}",red circle,yellow triangle,red circle,False,0.21414541599995118,spatial_inversion,True
ood_occlusion_000025_q04,ood_occlusion_000025,images/ood_occlusion/ood_occlusion_000025.png,Which object is between the red triangle and the red circle?,yellow triangle,between,3,ood_occlusion,occlusion,"{'objects': ['obj_1', 'obj_2'], 'target': 'obj_3', 'relation': 'between'}",white triangle,yellow triangle,white triangle,False,0.212814547999983,object_confusion,True
ood_occlusion_000026_q01,ood_occlusion_000026,images/ood_occlusion/ood_occlusion_000026.png,Which object is immediately left of the red triangle?,yellow circle,left_right,2,ood_occlusion,occlusion,"{'anchor': 'obj_1', 'target': 'obj_2', 'relation': 'left'}",yellow circle,yellow circle,yellow circle,True,0.2124110349999455,,False
ood_occlusion_000026_q02,ood_occlusion_000026,images/ood_occlusion/ood_occlusion_000026.png,Do the red triangle and the blue circle overlap? Answer yes or no.,yes,overlap,2,ood_occlusion,occlusion,"{'objects': ['obj_1', 'obj_3'], 'relation': 'overlap'}",yes,yes,yes,True,0.16412199000001237,,False
ood_occlusion_000026_q03,ood_occlusion_000026,images/ood_occlusion/ood_occlusion_000026.png,"Which object is closer to the center of the image, the yellow circle or the red triangle?",red triangle,center_proximity,2,ood_occlusion,occlusion,"{'objects': ['obj_2', 'obj_1'], 'target': 'obj_1', 'relation': 'center_proximity'}",yellow circle,red triangle,yellow circle,False,0.2199557569999797,distance_reasoning_error,True
ood_occlusion_000026_q04,ood_occlusion_000026,images/ood_occlusion/ood_occlusion_000026.png,Which object is between the yellow circle and the blue circle?,red triangle,between,3,ood_occlusion,occlusion,"{'objects': ['obj_2', 'obj_3'], 'target': 'obj_1', 'relation': 'between'}",red triangle,red triangle,red triangle,True,0.21584887399990293,,False
ood_occlusion_000027_q01,ood_occlusion_000027,images/ood_occlusion/ood_occlusion_000027.png,Which object is both below the red rectangle and left of the blue rectangle?,blue circle,multi_hop,4,ood_occlusion,occlusion,"{'anchors': ['obj_3', 'obj_1'], 'target': 'obj_2', 'relations': ['below', 'left of']}",blue circle,blue circle,blue circle,True,0.21709610699997484,,False
ood_occlusion_000027_q02,ood_occlusion_000027,images/ood_occlusion/ood_occlusion_000027.png,"Which object is closer to the center of the image, the blue rectangle or the red rectangle?",red rectangle,center_proximity,2,ood_occlusion,occlusion,"{'objects': ['obj_1', 'obj_3'], 'target': 'obj_3', 'relation': 'center_proximity'}",blue rectangle,red rectangle,blue rectangle,False,0.21587605299998813,distance_reasoning_error,True
ood_occlusion_000027_q03,ood_occlusion_000027,images/ood_occlusion/ood_occlusion_000027.png,How many blue objects are in the image?,2,counting,1,ood_occlusion,occlusion,{'filter': {'color': 'blue'}},1,2,1,False,0.16603768999993918,counting_error,True
ood_occlusion_000027_q04,ood_occlusion_000027,images/ood_occlusion/ood_occlusion_000027.png,Which object is the leftmost in the image?,red rectangle,relative_ordering,2,ood_occlusion,occlusion,"{'target': 'obj_3', 'relation': 'leftmost'}",rectangle,red rectangle,rectangle,False,0.16607962699993095,spatial_inversion,True
ood_occlusion_000028_q01,ood_occlusion_000028,images/ood_occlusion/ood_occlusion_000028.png,Which object is between the green circle and the yellow circle?,red circle,between,3,ood_occlusion,occlusion,"{'objects': ['obj_4', 'obj_5'], 'target': 'obj_1', 'relation': 'between'}",red circle,red circle,red circle,True,0.2160357089999252,,False
ood_occlusion_000028_q02,ood_occlusion_000028,images/ood_occlusion/ood_occlusion_000028.png,"Which object is closer to the center of the image, the blue circle or the yellow triangle?",yellow triangle,center_proximity,2,ood_occlusion,occlusion,"{'objects': ['obj_2', 'obj_3'], 'target': 'obj_3', 'relation': 'center_proximity'}",yellow triangle,yellow triangle,yellow triangle,True,0.21534265799994046,,False
ood_occlusion_000028_q03,ood_occlusion_000028,images/ood_occlusion/ood_occlusion_000028.png,Which object is the rightmost in the image?,green circle,relative_ordering,2,ood_occlusion,occlusion,"{'target': 'obj_4', 'relation': 'rightmost'}",green circle,green circle,green circle,True,0.21519372900002054,,False
ood_occlusion_000028_q04,ood_occlusion_000028,images/ood_occlusion/ood_occlusion_000028.png,Is the yellow triangle completely inside the green circle? Answer yes or no.,no,inside_outside,2,ood_occlusion,occlusion,"{'objects': ['obj_3', 'obj_4'], 'relation': 'inside'}",no,no,no,True,0.165796175999958,,False
ood_occlusion_000029_q01,ood_occlusion_000029,images/ood_occlusion/ood_occlusion_000029.png,"Which object is closer to the center of the image, the green rectangle or the yellow triangle?",green rectangle,center_proximity,2,ood_occlusion,occlusion,"{'objects': ['obj_2', 'obj_4'], 'target': 'obj_2', 'relation': 'center_proximity'}",green rectangle,green rectangle,green rectangle,True,0.2158853439999575,,False
ood_occlusion_000029_q02,ood_occlusion_000029,images/ood_occlusion/ood_occlusion_000029.png,Which object is farthest from the green rectangle?,red triangle,nearest_farthest,2,ood_occlusion,occlusion,"{'anchor': 'obj_2', 'target': 'obj_3', 'relation': 'farthest'}",triangle,red triangle,triangle,False,0.16588959099999556,distance_reasoning_error,True
ood_occlusion_000029_q03,ood_occlusion_000029,images/ood_occlusion/ood_occlusion_000029.png,Which object is the leftmost in the image?,red triangle,relative_ordering,2,ood_occlusion,occlusion,"{'target': 'obj_3', 'relation': 'leftmost'}",triangle,red triangle,triangle,False,0.16839775400001145,spatial_inversion,True
ood_occlusion_000029_q04,ood_occlusion_000029,images/ood_occlusion/ood_occlusion_000029.png,"Which object is larger, the yellow triangle or the green rectangle?",yellow triangle,relative_size,2,ood_occlusion,occlusion,"{'objects': ['obj_4', 'obj_2'], 'target': 'obj_4', 'relation': 'larger'}",green rectangle,yellow triangle,green rectangle,False,0.21532550999995692,object_confusion,True
ood_occlusion_000030_q01,ood_occlusion_000030,images/ood_occlusion/ood_occlusion_000030.png,Which object is both right of the yellow circle and below the green circle?,blue circle,multi_hop,4,ood_occlusion,occlusion,"{'anchors': ['obj_1', 'obj_2'], 'target': 'obj_3', 'relations': ['right of', 'below']}",blue circle,blue circle,blue circle,True,0.21616155300000628,,False
ood_occlusion_000030_q02,ood_occlusion_000030,images/ood_occlusion/ood_occlusion_000030.png,How many objects are left of the yellow circle?,1,counting,2,ood_occlusion,occlusion,"{'anchor': 'obj_1', 'relation': 'left'}",2,1,2,False,0.16671782299999904,counting_error,True
ood_occlusion_000030_q03,ood_occlusion_000030,images/ood_occlusion/ood_occlusion_000030.png,"Which object is larger, the green circle or the blue circle?",green circle,relative_size,2,ood_occlusion,occlusion,"{'objects': ['obj_2', 'obj_3'], 'target': 'obj_2', 'relation': 'larger'}",green circle,green circle,green circle,True,0.21584561999998186,,False
ood_occlusion_000030_q04,ood_occlusion_000030,images/ood_occlusion/ood_occlusion_000030.png,Is the blue circle completely inside the green circle? Answer yes or no.,no,inside_outside,2,ood_occlusion,occlusion,"{'objects': ['obj_3', 'obj_2'], 'relation': 'inside'}",no,no,no,True,0.1652736679999407,,False
ood_occlusion_000031_q01,ood_occlusion_000031,images/ood_occlusion/ood_occlusion_000031.png,Which object is immediately below the red triangle?,blue triangle,above_below,2,ood_occlusion,occlusion,"{'anchor': 'obj_3', 'target': 'obj_2', 'relation': 'below'}",yellow circle,blue triangle,yellow circle,False,0.21596537899995383,spatial_inversion,True
ood_occlusion_000031_q02,ood_occlusion_000031,images/ood_occlusion/ood_occlusion_000031.png,How many objects are above the blue circle?,0,counting,2,ood_occlusion,occlusion,"{'anchor': 'obj_1', 'relation': 'above'}",2,0,2,False,0.16614205200005472,counting_error,True
ood_occlusion_000031_q03,ood_occlusion_000031,images/ood_occlusion/ood_occlusion_000031.png,Which object is the bottommost in the image?,yellow circle,relative_ordering,2,ood_occlusion,occlusion,"{'target': 'obj_4', 'relation': 'bottommost'}",yellow circle,yellow circle,yellow circle,True,0.21695190100001582,,False
ood_occlusion_000031_q04,ood_occlusion_000031,images/ood_occlusion/ood_occlusion_000031.png,Which object is farthest from the yellow circle?,green circle,nearest_farthest,2,ood_occlusion,occlusion,"{'anchor': 'obj_4', 'target': 'obj_5', 'relation': 'farthest'}",blue triangle,green circle,blue triangle,False,0.21625157699998,distance_reasoning_error,True
ood_occlusion_000032_q01,ood_occlusion_000032,images/ood_occlusion/ood_occlusion_000032.png,Which object is both right of the green circle and below the yellow triangle?,green triangle,multi_hop,4,ood_occlusion,occlusion,"{'anchors': ['obj_1', 'obj_2'], 'target': 'obj_3', 'relations': ['right of', 'below']}",white rectangle,green triangle,white rectangle,False,0.21568410100007895,relation_chain_failure,True
ood_occlusion_000032_q02,ood_occlusion_000032,images/ood_occlusion/ood_occlusion_000032.png,Which object is immediately above the green triangle?,yellow triangle,above_below,2,ood_occlusion,occlusion,"{'anchor': 'obj_3', 'target': 'obj_2', 'relation': 'above'}",white triangle,yellow triangle,white triangle,False,0.2156116659999725,spatial_inversion,True
ood_occlusion_000032_q03,ood_occlusion_000032,images/ood_occlusion/ood_occlusion_000032.png,Which object is between the green circle and the yellow triangle?,green triangle,between,3,ood_occlusion,occlusion,"{'objects': ['obj_1', 'obj_2'], 'target': 'obj_3', 'relation': 'between'}",white square,green triangle,white square,False,0.217094237000083,other,True
ood_occlusion_000032_q04,ood_occlusion_000032,images/ood_occlusion/ood_occlusion_000032.png,"Which object is smaller, the green triangle or the green circle?",green triangle,relative_size,2,ood_occlusion,occlusion,"{'objects': ['obj_3', 'obj_1'], 'target': 'obj_3', 'relation': 'smaller'}",green triangle,green triangle,green triangle,True,0.217249723000009,,False
ood_occlusion_000033_q01,ood_occlusion_000033,images/ood_occlusion/ood_occlusion_000033.png,Which object is between the red circle and the green circle?,green rectangle,between,3,ood_occlusion,occlusion,"{'objects': ['obj_3', 'obj_2'], 'target': 'obj_1', 'relation': 'between'}",blue triangle,green rectangle,blue triangle,False,0.21677275400008966,object_confusion,True
ood_occlusion_000033_q02,ood_occlusion_000033,images/ood_occlusion/ood_occlusion_000033.png,Which object is the topmost in the image?,red rectangle,relative_ordering,2,ood_occlusion,occlusion,"{'target': 'obj_4', 'relation': 'topmost'}",rectangle,red rectangle,rectangle,False,0.1658818829999973,spatial_inversion,True
ood_occlusion_000033_q03,ood_occlusion_000033,images/ood_occlusion/ood_occlusion_000033.png,Which object is both right of the green circle and below the green rectangle?,red circle,multi_hop,4,ood_occlusion,occlusion,"{'anchors': ['obj_2', 'obj_1'], 'target': 'obj_3', 'relations': ['right of', 'below']}",red rectangle,red circle,red rectangle,False,0.21494124499997724,relation_chain_failure,True
ood_occlusion_000033_q04,ood_occlusion_000033,images/ood_occlusion/ood_occlusion_000033.png,Which object is immediately left of the red rectangle?,green rectangle,left_right,2,ood_occlusion,occlusion,"{'anchor': 'obj_4', 'target': 'obj_1', 'relation': 'left'}",triangle,green rectangle,triangle,False,0.1657978450000428,spatial_inversion,True
ood_occlusion_000034_q01,ood_occlusion_000034,images/ood_occlusion/ood_occlusion_000034.png,Which object is immediately left of the green triangle?,yellow triangle,left_right,2,ood_occlusion,occlusion,"{'anchor': 'obj_5', 'target': 'obj_1', 'relation': 'left'}",yellow circle,yellow triangle,yellow circle,False,0.21640638600001694,spatial_inversion,True
ood_occlusion_000034_q02,ood_occlusion_000034,images/ood_occlusion/ood_occlusion_000034.png,Do the blue rectangle and the green circle overlap? Answer yes or no.,no,overlap,2,ood_occlusion,occlusion,"{'objects': ['obj_2', 'obj_3'], 'relation': 'overlap'}",no,no,no,True,0.1665119900000036,,False
ood_occlusion_000034_q03,ood_occlusion_000034,images/ood_occlusion/ood_occlusion_000034.png,Which object is both above the yellow circle and left of the green circle?,yellow triangle,multi_hop,4,ood_occlusion,occlusion,"{'anchors': ['obj_4', 'obj_3'], 'target': 'obj_1', 'relations': ['above', 'left of']}",blue square,yellow triangle,blue square,False,0.21486715599996842,relation_chain_failure,True
ood_occlusion_000034_q04,ood_occlusion_000034,images/ood_occlusion/ood_occlusion_000034.png,Which object is immediately above the green circle?,yellow circle,above_below,2,ood_occlusion,occlusion,"{'anchor': 'obj_3', 'target': 'obj_4', 'relation': 'above'}",blue square,yellow circle,blue square,False,0.21523054499994032,spatial_inversion,True
ood_occlusion_000035_q01,ood_occlusion_000035,images/ood_occlusion/ood_occlusion_000035.png,Which object is immediately left of the green circle?,red circle,left_right,2,ood_occlusion,occlusion,"{'anchor': 'obj_1', 'target': 'obj_3', 'relation': 'left'}",blue rectangle,red circle,blue rectangle,False,0.2165977129999419,spatial_inversion,True
ood_occlusion_000035_q02,ood_occlusion_000035,images/ood_occlusion/ood_occlusion_000035.png,Do the green circle and the red circle overlap? Answer yes or no.,yes,overlap,2,ood_occlusion,occlusion,"{'objects': ['obj_1', 'obj_3'], 'relation': 'overlap'}",no,yes,no,False,0.16621256799999173,relation_error,True
ood_occlusion_000035_q03,ood_occlusion_000035,images/ood_occlusion/ood_occlusion_000035.png,Which object is between the green circle and the blue rectangle?,red circle,between,3,ood_occlusion,occlusion,"{'objects': ['obj_1', 'obj_2'], 'target': 'obj_3', 'relation': 'between'}",red circle,red circle,red circle,True,0.21779745200001344,,False
ood_occlusion_000035_q04,ood_occlusion_000035,images/ood_occlusion/ood_occlusion_000035.png,Which object is nearest from the blue rectangle?,red circle,nearest_farthest,2,ood_occlusion,occlusion,"{'anchor': 'obj_2', 'target': 'obj_3', 'relation': 'nearest'}",red circle,red circle,red circle,True,0.21893751499999325,,False
ood_occlusion_000036_q01,ood_occlusion_000036,images/ood_occlusion/ood_occlusion_000036.png,Which object is both below the green rectangle and right of the yellow circle?,yellow triangle,multi_hop,4,ood_occlusion,occlusion,"{'anchors': ['obj_4', 'obj_3'], 'target': 'obj_1', 'relations': ['below', 'right of']}",triangle,yellow triangle,triangle,False,0.16629867699998613,relation_chain_failure,True
ood_occlusion_000036_q02,ood_occlusion_000036,images/ood_occlusion/ood_occlusion_000036.png,"Which object is closer to the center of the image, the blue triangle or the green rectangle?",green rectangle,center_proximity,2,ood_occlusion,occlusion,"{'objects': ['obj_2', 'obj_4'], 'target': 'obj_4', 'relation': 'center_proximity'}",green rectangle,green rectangle,green rectangle,True,0.21615326000005552,,False
ood_occlusion_000036_q03,ood_occlusion_000036,images/ood_occlusion/ood_occlusion_000036.png,How many rectangle objects are in the image?,1,counting,1,ood_occlusion,occlusion,{'filter': {'shape': 'rectangle'}},1,1,1,True,0.16698711300000468,,False
ood_occlusion_000036_q04,ood_occlusion_000036,images/ood_occlusion/ood_occlusion_000036.png,Which object is the bottommost in the image?,yellow triangle,relative_ordering,2,ood_occlusion,occlusion,"{'target': 'obj_1', 'relation': 'bottommost'}",green rectangle,yellow triangle,green rectangle,False,0.21727733499994883,spatial_inversion,True
ood_occlusion_000037_q01,ood_occlusion_000037,images/ood_occlusion/ood_occlusion_000037.png,"Which object is closer to the center of the image, the red rectangle or the green triangle?",green triangle,center_proximity,2,ood_occlusion,occlusion,"{'objects': ['obj_1', 'obj_3'], 'target': 'obj_3', 'relation': 'center_proximity'}",green triangle,green triangle,green triangle,True,0.21652937199996813,,False
ood_occlusion_000037_q02,ood_occlusion_000037,images/ood_occlusion/ood_occlusion_000037.png,Which object is the leftmost in the image?,green triangle,relative_ordering,2,ood_occlusion,occlusion,"{'target': 'obj_3', 'relation': 'leftmost'}",triangle,green triangle,triangle,False,0.17020148500000687,spatial_inversion,True
ood_occlusion_000037_q03,ood_occlusion_000037,images/ood_occlusion/ood_occlusion_000037.png,Is the yellow rectangle completely inside the yellow circle? Answer yes or no.,no,inside_outside,2,ood_occlusion,occlusion,"{'objects': ['obj_4', 'obj_2'], 'relation': 'inside'}",no,no,no,True,0.1742924080000421,,False
ood_occlusion_000037_q04,ood_occlusion_000037,images/ood_occlusion/ood_occlusion_000037.png,How many objects are above the red rectangle?,0,counting,2,ood_occlusion,occlusion,"{'anchor': 'obj_1', 'relation': 'above'}",2,0,2,False,0.16953026399994542,counting_error,True
ood_occlusion_000038_q01,ood_occlusion_000038,images/ood_occlusion/ood_occlusion_000038.png,Which object is between the yellow circle and the blue circle?,green rectangle,between,3,ood_occlusion,occlusion,"{'objects': ['obj_1', 'obj_3'], 'target': 'obj_4', 'relation': 'between'}",green triangle,green rectangle,green triangle,False,0.2203063120000479,object_confusion,True
ood_occlusion_000038_q02,ood_occlusion_000038,images/ood_occlusion/ood_occlusion_000038.png,Which object is immediately below the blue circle?,green triangle,above_below,2,ood_occlusion,occlusion,"{'anchor': 'obj_3', 'target': 'obj_2', 'relation': 'below'}",square,green triangle,square,False,0.16760636100002557,spatial_inversion,True
ood_occlusion_000038_q03,ood_occlusion_000038,images/ood_occlusion/ood_occlusion_000038.png,"Which object is closer to the center of the image, the green triangle or the green rectangle?",green rectangle,center_proximity,2,ood_occlusion,occlusion,"{'objects': ['obj_2', 'obj_4'], 'target': 'obj_4', 'relation': 'center_proximity'}",green triangle,green rectangle,green triangle,False,0.21653793799998766,distance_reasoning_error,True
ood_occlusion_000038_q04,ood_occlusion_000038,images/ood_occlusion/ood_occlusion_000038.png,Which object is farthest from the green triangle?,yellow circle,nearest_farthest,2,ood_occlusion,occlusion,"{'anchor': 'obj_2', 'target': 'obj_1', 'relation': 'farthest'}",blue circle,yellow circle,blue circle,False,0.21923991599999226,distance_reasoning_error,True
ood_occlusion_000039_q01,ood_occlusion_000039,images/ood_occlusion/ood_occlusion_000039.png,Which object is farthest from the blue rectangle?,green triangle,nearest_farthest,2,ood_occlusion,occlusion,"{'anchor': 'obj_4', 'target': 'obj_1', 'relation': 'farthest'}",triangle,green triangle,triangle,False,0.166897371999994,distance_reasoning_error,True
ood_occlusion_000039_q02,ood_occlusion_000039,images/ood_occlusion/ood_occlusion_000039.png,Which object is both below the blue rectangle and left of the yellow triangle?,red triangle,multi_hop,4,ood_occlusion,occlusion,"{'anchors': ['obj_4', 'obj_2'], 'target': 'obj_3', 'relations': ['below', 'left of']}",red triangle,red triangle,red triangle,True,0.2367043739999417,,False
ood_occlusion_000039_q03,ood_occlusion_000039,images/ood_occlusion/ood_occlusion_000039.png,How many objects are left of the yellow circle?,1,counting,2,ood_occlusion,occlusion,"{'anchor': 'obj_5', 'relation': 'left'}",2,1,2,False,0.16729228799999873,counting_error,True
ood_occlusion_000039_q04,ood_occlusion_000039,images/ood_occlusion/ood_occlusion_000039.png,Which object is the bottommost in the image?,red triangle,relative_ordering,2,ood_occlusion,occlusion,"{'target': 'obj_3', 'relation': 'bottommost'}",triangle,red triangle,triangle,False,0.16666251099991314,spatial_inversion,True
ood_occlusion_000040_q01,ood_occlusion_000040,images/ood_occlusion/ood_occlusion_000040.png,How many objects are above the blue rectangle?,2,counting,2,ood_occlusion,occlusion,"{'anchor': 'obj_1', 'relation': 'above'}",3,2,3,False,0.16671385800009375,counting_error,True
ood_occlusion_000040_q02,ood_occlusion_000040,images/ood_occlusion/ood_occlusion_000040.png,Which object is the bottommost in the image?,blue circle,relative_ordering,2,ood_occlusion,occlusion,"{'target': 'obj_3', 'relation': 'bottommost'}",blue circle,blue circle,blue circle,True,0.21649315800004842,,False
ood_occlusion_000040_q03,ood_occlusion_000040,images/ood_occlusion/ood_occlusion_000040.png,Which object is farthest from the green circle?,blue rectangle,nearest_farthest,2,ood_occlusion,occlusion,"{'anchor': 'obj_4', 'target': 'obj_1', 'relation': 'farthest'}",blue triangle,blue rectangle,blue triangle,False,0.21626382800002375,distance_reasoning_error,True
ood_occlusion_000040_q04,ood_occlusion_000040,images/ood_occlusion/ood_occlusion_000040.png,"Which object is smaller, the green circle or the blue triangle?",blue triangle,relative_size,2,ood_occlusion,occlusion,"{'objects': ['obj_4', 'obj_2'], 'target': 'obj_2', 'relation': 'smaller'}",blue triangle,blue triangle,blue triangle,True,0.21633996599996408,,False
ood_occlusion_000041_q01,ood_occlusion_000041,images/ood_occlusion/ood_occlusion_000041.png,Which object is both below the red circle and right of the blue circle?,yellow rectangle,multi_hop,4,ood_occlusion,occlusion,"{'anchors': ['obj_1', 'obj_2'], 'target': 'obj_3', 'relations': ['below', 'right of']}",yellow rectangle,yellow rectangle,yellow rectangle,True,0.2159310250000317,,False
ood_occlusion_000041_q02,ood_occlusion_000041,images/ood_occlusion/ood_occlusion_000041.png,"Which object is smaller, the yellow rectangle or the blue circle?",yellow rectangle,relative_size,2,ood_occlusion,occlusion,"{'objects': ['obj_3', 'obj_2'], 'target': 'obj_3', 'relation': 'smaller'}",blue circle,yellow rectangle,blue circle,False,0.21619337099991753,object_confusion,True
ood_occlusion_000041_q03,ood_occlusion_000041,images/ood_occlusion/ood_occlusion_000041.png,How many circle objects are in the image?,2,counting,1,ood_occlusion,occlusion,{'filter': {'shape': 'circle'}},1,2,1,False,0.16584019499998703,counting_error,True
ood_occlusion_000041_q04,ood_occlusion_000041,images/ood_occlusion/ood_occlusion_000041.png,Which object is the rightmost in the image?,yellow rectangle,relative_ordering,2,ood_occlusion,occlusion,"{'target': 'obj_3', 'relation': 'rightmost'}",rectangle,yellow rectangle,rectangle,False,0.16739159999997355,spatial_inversion,True
ood_occlusion_000042_q01,ood_occlusion_000042,images/ood_occlusion/ood_occlusion_000042.png,Which object is between the yellow rectangle and the green rectangle?,red triangle,between,3,ood_occlusion,occlusion,"{'objects': ['obj_2', 'obj_3'], 'target': 'obj_1', 'relation': 'between'}",triangle,red triangle,triangle,False,0.16579117999992832,object_confusion,True
ood_occlusion_000042_q02,ood_occlusion_000042,images/ood_occlusion/ood_occlusion_000042.png,Which object is the bottommost in the image?,green rectangle,relative_ordering,2,ood_occlusion,occlusion,"{'target': 'obj_3', 'relation': 'bottommost'}",green box,green rectangle,green box,False,0.21568889499997113,spatial_inversion,True
ood_occlusion_000042_q03,ood_occlusion_000042,images/ood_occlusion/ood_occlusion_000042.png,Which object is both above the red triangle and left of the green rectangle?,yellow rectangle,multi_hop,4,ood_occlusion,occlusion,"{'anchors': ['obj_1', 'obj_3'], 'target': 'obj_2', 'relations': ['above', 'left of']}",yellow rectangle,yellow rectangle,yellow rectangle,True,0.21567661899996438,,False
ood_occlusion_000042_q04,ood_occlusion_000042,images/ood_occlusion/ood_occlusion_000042.png,Which object is immediately right of the yellow rectangle?,red triangle,left_right,2,ood_occlusion,occlusion,"{'anchor': 'obj_2', 'target': 'obj_1', 'relation': 'right'}",green rectangle,red triangle,green rectangle,False,0.21683487899997544,spatial_inversion,True
ood_occlusion_000043_q01,ood_occlusion_000043,images/ood_occlusion/ood_occlusion_000043.png,Which object is immediately left of the green triangle?,yellow circle,left_right,2,ood_occlusion,occlusion,"{'anchor': 'obj_5', 'target': 'obj_4', 'relation': 'left'}",blue shape,yellow circle,blue shape,False,0.21666707999997925,spatial_inversion,True
ood_occlusion_000043_q02,ood_occlusion_000043,images/ood_occlusion/ood_occlusion_000043.png,Do the blue circle and the blue rectangle overlap? Answer yes or no.,yes,overlap,2,ood_occlusion,occlusion,"{'objects': ['obj_2', 'obj_3'], 'relation': 'overlap'}",yes,yes,yes,True,0.16588300600005823,,False
ood_occlusion_000043_q03,ood_occlusion_000043,images/ood_occlusion/ood_occlusion_000043.png,Which object is both right of the green triangle and left of the blue rectangle?,red triangle,multi_hop,4,ood_occlusion,occlusion,"{'anchors': ['obj_5', 'obj_3'], 'target': 'obj_1', 'relations': ['right of', 'left of']}",blue rectangle,red triangle,blue rectangle,False,0.2180162739999787,relation_chain_failure,True
ood_occlusion_000043_q04,ood_occlusion_000043,images/ood_occlusion/ood_occlusion_000043.png,"Which object is closer to the center of the image, the green triangle or the blue rectangle?",blue rectangle,center_proximity,2,ood_occlusion,occlusion,"{'objects': ['obj_5', 'obj_3'], 'target': 'obj_3', 'relation': 'center_proximity'}",blue rectangle,blue rectangle,blue rectangle,True,0.21762570900000355,,False
ood_occlusion_000044_q01,ood_occlusion_000044,images/ood_occlusion/ood_occlusion_000044.png,Which object is immediately left of the yellow circle?,green triangle,left_right,2,ood_occlusion,occlusion,"{'anchor': 'obj_2', 'target': 'obj_3', 'relation': 'left'}",triangle,green triangle,triangle,False,0.1667159719999063,spatial_inversion,True
ood_occlusion_000044_q02,ood_occlusion_000044,images/ood_occlusion/ood_occlusion_000044.png,Do the green circle and the yellow circle overlap? Answer yes or no.,no,overlap,2,ood_occlusion,occlusion,"{'objects': ['obj_1', 'obj_2'], 'relation': 'overlap'}",yes,no,yes,False,0.167086698999924,relation_error,True
ood_occlusion_000044_q03,ood_occlusion_000044,images/ood_occlusion/ood_occlusion_000044.png,"Which object is closer to the center of the image, the green triangle or the green circle?",green circle,center_proximity,2,ood_occlusion,occlusion,"{'objects': ['obj_3', 'obj_1'], 'target': 'obj_1', 'relation': 'center_proximity'}",green triangle,green circle,green triangle,False,0.2155754350000052,distance_reasoning_error,True
ood_occlusion_000044_q04,ood_occlusion_000044,images/ood_occlusion/ood_occlusion_000044.png,Which object is between the green circle and the green triangle?,yellow circle,between,3,ood_occlusion,occlusion,"{'objects': ['obj_1', 'obj_3'], 'target': 'obj_2', 'relation': 'between'}",yellow triangle,yellow circle,yellow triangle,False,0.2181158849999747,object_confusion,True
ood_occlusion_000045_q01,ood_occlusion_000045,images/ood_occlusion/ood_occlusion_000045.png,Which object is both right of the yellow circle and above the red rectangle?,blue triangle,multi_hop,4,ood_occlusion,occlusion,"{'anchors': ['obj_1', 'obj_3'], 'target': 'obj_4', 'relations': ['right of', 'above']}",blue triangle,blue triangle,blue triangle,True,0.21665070400001696,,False
ood_occlusion_000045_q02,ood_occlusion_000045,images/ood_occlusion/ood_occlusion_000045.png,"Which object is closer to the center of the image, the green rectangle or the red rectangle?",green rectangle,center_proximity,2,ood_occlusion,occlusion,"{'objects': ['obj_2', 'obj_3'], 'target': 'obj_2', 'relation': 'center_proximity'}",red rectangle,green rectangle,red rectangle,False,0.2155428830000119,distance_reasoning_error,True
ood_occlusion_000045_q03,ood_occlusion_000045,images/ood_occlusion/ood_occlusion_000045.png,How many circle objects are in the image?,1,counting,1,ood_occlusion,occlusion,{'filter': {'shape': 'circle'}},1,1,1,True,0.1669223259999626,,False
ood_occlusion_000045_q04,ood_occlusion_000045,images/ood_occlusion/ood_occlusion_000045.png,Which object is the topmost in the image?,blue triangle,relative_ordering,2,ood_occlusion,occlusion,"{'target': 'obj_4', 'relation': 'topmost'}",triangle,blue triangle,triangle,False,0.16621896100002687,spatial_inversion,True
ood_occlusion_000046_q01,ood_occlusion_000046,images/ood_occlusion/ood_occlusion_000046.png,Which object is between the red rectangle and the yellow triangle?,red circle,between,3,ood_occlusion,occlusion,"{'objects': ['obj_2', 'obj_1'], 'target': 'obj_3', 'relation': 'between'}",circle,red circle,circle,False,0.16609077999999045,object_confusion,True
ood_occlusion_000046_q02,ood_occlusion_000046,images/ood_occlusion/ood_occlusion_000046.png,Which object is the rightmost in the image?,yellow triangle,relative_ordering,2,ood_occlusion,occlusion,"{'target': 'obj_1', 'relation': 'rightmost'}",circle,yellow triangle,circle,False,0.1662738380000519,spatial_inversion,True
ood_occlusion_000046_q03,ood_occlusion_000046,images/ood_occlusion/ood_occlusion_000046.png,Is the yellow triangle completely inside the red rectangle? Answer yes or no.,no,inside_outside,2,ood_occlusion,occlusion,"{'objects': ['obj_1', 'obj_2'], 'relation': 'inside'}",no,no,no,True,0.16583754500004488,,False
ood_occlusion_000046_q04,ood_occlusion_000046,images/ood_occlusion/ood_occlusion_000046.png,How many red objects are in the image?,2,counting,1,ood_occlusion,occlusion,{'filter': {'color': 'red'}},2,2,2,True,0.16572714300002644,,False
ood_occlusion_000047_q01,ood_occlusion_000047,images/ood_occlusion/ood_occlusion_000047.png,Which object is between the green rectangle and the green triangle?,blue triangle,between,3,ood_occlusion,occlusion,"{'objects': ['obj_1', 'obj_2'], 'target': 'obj_3', 'relation': 'between'}",blue triangle,blue triangle,blue triangle,True,0.2202873679999584,,False
ood_occlusion_000047_q02,ood_occlusion_000047,images/ood_occlusion/ood_occlusion_000047.png,Which object is immediately left of the green rectangle?,blue triangle,left_right,2,ood_occlusion,occlusion,"{'anchor': 'obj_1', 'target': 'obj_3', 'relation': 'left'}",triangle,blue triangle,triangle,False,0.1666225479999639,spatial_inversion,True
ood_occlusion_000047_q03,ood_occlusion_000047,images/ood_occlusion/ood_occlusion_000047.png,Which object is immediately below the green rectangle?,blue triangle,above_below,2,ood_occlusion,occlusion,"{'anchor': 'obj_1', 'target': 'obj_3', 'relation': 'below'}",triangle,blue triangle,triangle,False,0.16692684999998164,spatial_inversion,True
ood_occlusion_000047_q04,ood_occlusion_000047,images/ood_occlusion/ood_occlusion_000047.png,"Which object is closer to the center of the image, the green rectangle or the blue triangle?",blue triangle,center_proximity,2,ood_occlusion,occlusion,"{'objects': ['obj_1', 'obj_3'], 'target': 'obj_3', 'relation': 'center_proximity'}",blue triangle,blue triangle,blue triangle,True,0.2175968889999922,,False
ood_occlusion_000048_q01,ood_occlusion_000048,images/ood_occlusion/ood_occlusion_000048.png,Which object is farthest from the red rectangle?,blue circle,nearest_farthest,2,ood_occlusion,occlusion,"{'anchor': 'obj_2', 'target': 'obj_1', 'relation': 'farthest'}",blue circle,blue circle,blue circle,True,0.21608772799993403,,False
ood_occlusion_000048_q02,ood_occlusion_000048,images/ood_occlusion/ood_occlusion_000048.png,Which object is both below the red triangle and above the red rectangle?,blue circle,multi_hop,4,ood_occlusion,occlusion,"{'anchors': ['obj_3', 'obj_2'], 'target': 'obj_1', 'relations': ['below', 'above']}",blue circle,blue circle,blue circle,True,0.21655083699999977,,False
ood_occlusion_000048_q03,ood_occlusion_000048,images/ood_occlusion/ood_occlusion_000048.png,How many objects are above the red triangle?,0,counting,2,ood_occlusion,occlusion,"{'anchor': 'obj_3', 'relation': 'above'}",1,0,1,False,0.1665624629999911,counting_error,True
ood_occlusion_000048_q04,ood_occlusion_000048,images/ood_occlusion/ood_occlusion_000048.png,Which object is the rightmost in the image?,red rectangle,relative_ordering,2,ood_occlusion,occlusion,"{'target': 'obj_2', 'relation': 'rightmost'}",rectangle,red rectangle,rectangle,False,0.1680133360000582,spatial_inversion,True
ood_occlusion_000049_q01,ood_occlusion_000049,images/ood_occlusion/ood_occlusion_000049.png,How many yellow objects are in the image?,1,counting,1,ood_occlusion,occlusion,{'filter': {'color': 'yellow'}},1,1,1,True,0.16727747300001283,,False
ood_occlusion_000049_q02,ood_occlusion_000049,images/ood_occlusion/ood_occlusion_000049.png,Which object is farthest from the yellow circle?,green circle,nearest_farthest,2,ood_occlusion,occlusion,"{'anchor': 'obj_2', 'target': 'obj_4', 'relation': 'farthest'}",triangle,green circle,triangle,False,0.16670010899997578,distance_reasoning_error,True
ood_occlusion_000049_q03,ood_occlusion_000049,images/ood_occlusion/ood_occlusion_000049.png,Which object is both above the green circle and right of the blue triangle?,blue rectangle,multi_hop,4,ood_occlusion,occlusion,"{'anchors': ['obj_4', 'obj_5'], 'target': 'obj_1', 'relations': ['above', 'right of']}",yellow circle,blue rectangle,yellow circle,False,0.21671110099998714,relation_chain_failure,True
ood_occlusion_000049_q04,ood_occlusion_000049,images/ood_occlusion/ood_occlusion_000049.png,"Which object is closer to the center of the image, the blue rectangle or the green triangle?",green triangle,center_proximity,2,ood_occlusion,occlusion,"{'objects': ['obj_1', 'obj_3'], 'target': 'obj_3', 'relation': 'center_proximity'}",green triangle,green triangle,green triangle,True,0.21800160999998752,,False
